activity_id,activity_type,activity_date,user_id,lead_id,contact_id,account_id,opportunity_id,subject,outcome,completed_flag
ACT0000001,Call,2026-03-15 19:36:11,USR016,LEAD0001,,,,Initial outreach call,Connected,true
ACT0000002,Call,2026-04-02 02:36:33,USR016,LEAD0001,,,,Initial outreach call,No Response,true
ACT0000003,Email,2026-05-10 16:14:24,USR016,LEAD0001,,,,Next steps email,No Response,true
ACT0000004,Call,2026-06-02 06:19:52,USR016,LEAD0001,,,,Initial outreach call,Connected,true
ACT0000005,Call,2024-12-29 02:14:53,USR015,LEAD0002,,,,Stakeholder check-in,Left Voicemail,true
ACT0000006,Email,2025-01-15 14:38:06,USR015,LEAD0002,,,,Next steps email,Connected,true
ACT0000007,Meeting,2025-01-20 17:31:24,USR015,LEAD0002,,,,Executive check-in,Follow-Up Needed,true
ACT0000008,Email,2025-01-22 06:36:21,USR015,LEAD0002,,,,Proposal follow-up,No Response,true
ACT0000009,Email,2024-10-01 00:31:08,USR013,LEAD0003,,,,Meeting recap,No Response,true
ACT0000010,Call,2024-10-09 16:11:35,USR013,LEAD0003,,,,Follow-up call,No Response,true
ACT0000011,Call,2024-10-27 09:23:41,USR013,LEAD0003,,,,Stakeholder check-in,Follow-Up Needed,true
ACT0000012,Email,2024-11-22 03:36:38,USR013,LEAD0003,,,,Introductory email,No Response,true
ACT0000013,Email,2022-02-16 09:00:02,USR013,LEAD0004,,,,Introductory email,No Response,true
ACT0000014,Email,2022-03-10 07:35:20,USR013,LEAD0004,,,,Proposal follow-up,Connected,true
ACT0000015,Call,2026-05-24 02:41:42,USR015,LEAD0005,,,,Follow-up call,No Response,true
ACT0000016,Call,2026-06-05 13:13:44,USR015,LEAD0005,,,,Stakeholder check-in,Follow-Up Needed,true
ACT0000017,Email,2026-04-29 10:09:59,USR013,LEAD0006,,,,Proposal follow-up,Follow-Up Needed,true
ACT0000018,Call,2026-05-11 15:06:18,USR013,LEAD0006,,,,Stakeholder check-in,No Response,true
ACT0000019,Email,2026-05-18 08:03:51,USR013,LEAD0006,,,,Introductory email,Connected,true
ACT0000020,Email,2026-05-28 06:27:03,USR013,LEAD0006,,,,Follow-up email,Follow-Up Needed,true
ACT0000021,Email,2022-08-14 12:50:02,USR016,LEAD0007,,,,Proposal follow-up,No Response,true
ACT0000022,Email,2022-09-18 04:20:38,USR016,LEAD0007,,,,Meeting recap,Connected,true
ACT0000023,Call,2022-10-05 07:37:59,USR016,LEAD0007,,,,Stakeholder check-in,Left Voicemail,true
ACT0000024,Email,2022-10-16 00:58:29,USR016,LEAD0007,,,,Follow-up email,Follow-Up Needed,true
ACT0000025,Call,2024-07-30 08:21:23,USR013,LEAD0008,,,,Initial outreach call,Connected,true
ACT0000026,Call,2024-09-03 14:46:04,USR013,LEAD0008,,,,Initial outreach call,Left Voicemail,true
ACT0000027,Email,2021-11-11 21:31:02,USR016,LEAD0009,,,,Proposal follow-up,No Response,true
ACT0000028,Call,2022-01-03 06:00:45,USR016,LEAD0009,,,,Pricing follow-up,No Response,true
ACT0000029,Other,2022-01-15 13:07:27,USR016,LEAD0009,,,,Contract coordination,Other,true
ACT0000030,Email,2025-11-22 15:06:40,USR015,LEAD0010,,,,Follow-up email,No Response,true
ACT0000031,Email,2025-12-02 02:59:53,USR015,LEAD0010,,,,Follow-up email,No Response,true
ACT0000032,Email,2025-12-08 12:31:46,USR015,LEAD0010,,,,Introductory email,Follow-Up Needed,true
ACT0000033,Call,2023-04-10 20:47:25,USR014,LEAD0011,,,,Pricing follow-up,Left Voicemail,true
ACT0000034,Call,2023-04-15 18:37:43,USR014,LEAD0011,,,,Follow-up call,Connected,true
ACT0000035,Email,2023-04-27 18:48:37,USR014,LEAD0011,,,,Next steps email,Follow-Up Needed,true
ACT0000036,Call,2025-10-29 05:40:39,USR015,LEAD0012,,,,Qualification call,No Response,true
ACT0000037,Email,2025-11-18 16:05:35,USR015,LEAD0012,,,,Introductory email,No Response,true
ACT0000038,Call,2025-12-05 03:39:25,USR015,LEAD0012,,,,Stakeholder check-in,Follow-Up Needed,true
ACT0000039,Email,2024-10-14 15:55:43,USR014,LEAD0013,,,,Meeting recap,Follow-Up Needed,true
ACT0000040,Email,2024-10-25 13:46:57,USR014,LEAD0013,,,,Follow-up email,No Response,true
ACT0000041,Call,2024-11-02 20:49:44,USR014,LEAD0013,,,,Follow-up call,Left Voicemail,true
ACT0000042,Call,2024-11-13 20:21:59,USR014,LEAD0013,,,,Qualification call,Left Voicemail,true
ACT0000043,Call,2025-08-13 02:36:04,USR016,LEAD0014,,,,Initial outreach call,Connected,true
ACT0000044,Email,2025-08-13 10:42:42,USR016,LEAD0014,,,,Meeting recap,Follow-Up Needed,true
ACT0000045,Call,2025-09-16 11:06:24,USR016,LEAD0014,,,,Follow-up call,Left Voicemail,true
ACT0000046,Call,2024-10-16 12:44:40,USR016,LEAD0015,,,,Follow-up call,Connected,true
ACT0000047,Email,2024-10-17 22:21:45,USR016,LEAD0015,,,,Proposal follow-up,Connected,true
ACT0000048,Call,2024-10-27 06:31:09,USR016,LEAD0015,,,,Follow-up call,Follow-Up Needed,true
ACT0000049,Call,2024-06-08 03:58:24,USR013,LEAD0016,,,,Qualification call,Left Voicemail,true
ACT0000050,Call,2024-07-12 04:35:00,USR013,LEAD0016,,,,Qualification call,Left Voicemail,true
ACT0000051,Email,2024-07-21 05:55:53,USR013,LEAD0016,,,,Proposal follow-up,Follow-Up Needed,true
ACT0000052,Meeting,2024-08-21 17:39:57,USR013,LEAD0016,,,,Executive check-in,Follow-Up Needed,true
ACT0000053,Email,2025-02-03 09:48:11,USR016,LEAD0017,,,,Proposal follow-up,Follow-Up Needed,true
ACT0000054,Email,2025-02-08 03:05:05,USR016,LEAD0017,,,,Follow-up email,Connected,true
ACT0000055,Email,2025-02-18 15:01:39,USR016,LEAD0017,,,,Follow-up email,No Response,true
ACT0000056,Email,2025-02-18 21:32:56,USR016,LEAD0017,,,,Meeting recap,No Response,true
ACT0000057,Email,2025-03-12 19:40:37,USR016,LEAD0017,,,,Meeting recap,Follow-Up Needed,true
ACT0000058,Call,2026-03-09 22:30:17,USR013,LEAD0018,,,,Pricing follow-up,Connected,true
ACT0000059,Call,2026-05-02 20:38:26,USR013,LEAD0018,,,,Initial outreach call,Follow-Up Needed,true
ACT0000060,Call,2024-07-11 00:49:16,USR014,LEAD0019,,,,Follow-up call,Connected,true
ACT0000061,Email,2024-08-18 19:53:22,USR014,LEAD0019,,,,Proposal follow-up,Follow-Up Needed,true
ACT0000062,Call,2024-02-09 03:21:50,USR016,LEAD0020,,,,Pricing follow-up,Connected,true
ACT0000063,Email,2024-02-15 07:57:37,USR016,LEAD0020,,,,Introductory email,Connected,true
ACT0000064,Email,2024-02-23 15:49:48,USR016,LEAD0020,,,,Follow-up email,Connected,true
ACT0000065,Call,2024-02-29 18:28:18,USR016,LEAD0020,,,,Initial outreach call,Left Voicemail,true
ACT0000066,Email,2024-03-02 20:45:42,USR016,LEAD0020,,,,Follow-up email,Connected,true
ACT0000067,Call,2024-10-10 11:05:21,USR016,LEAD0021,,,,Pricing follow-up,Connected,true
ACT0000068,Call,2024-10-17 15:29:46,USR016,LEAD0021,,,,Stakeholder check-in,Follow-Up Needed,true
ACT0000069,Call,2024-10-31 20:16:42,USR016,LEAD0021,,,,Follow-up call,No Response,true
ACT0000070,Call,2024-11-04 16:30:01,USR016,LEAD0021,,,,Stakeholder check-in,No Response,true
ACT0000071,Email,2024-12-20 19:40:30,USR016,LEAD0021,,,,Next steps email,Follow-Up Needed,true
ACT0000072,Email,2023-04-14 22:41:28,USR016,LEAD0022,,,,Next steps email,No Response,true
ACT0000073,Email,2023-04-23 15:08:41,USR016,LEAD0022,,,,Meeting recap,No Response,true
ACT0000074,Other,2023-04-30 17:25:51,USR016,LEAD0022,,,,Procurement follow-up,Follow-Up Needed,true
ACT0000075,Other,2023-05-02 11:12:01,USR016,LEAD0022,,,,Procurement follow-up,Follow-Up Needed,true
ACT0000076,Email,2023-05-22 06:37:07,USR016,LEAD0022,,,,Follow-up email,No Response,true
ACT0000077,Call,2024-03-24 05:45:29,USR014,LEAD0023,,,,Initial outreach call,Connected,true
ACT0000078,Call,2024-03-30 02:21:06,USR014,LEAD0023,,,,Qualification call,No Response,true
ACT0000079,Call,2024-04-18 10:29:04,USR014,LEAD0023,,,,Follow-up call,Left Voicemail,true
ACT0000080,Call,2026-05-13 18:42:57,USR015,LEAD0024,,,,Follow-up call,Follow-Up Needed,true
ACT0000081,Meeting,2026-06-11 22:21:47,USR015,LEAD0024,,,,Discovery meeting,Rescheduled,true
ACT0000082,Meeting,2026-06-16 17:45:43,USR015,LEAD0024,,,,Executive check-in,Meeting Held,true
ACT0000083,Email,2026-02-15 09:02:48,USR015,LEAD0025,,,,Proposal follow-up,Connected,true
ACT0000084,Email,2026-03-16 05:24:09,USR015,LEAD0025,,,,Introductory email,No Response,true
ACT0000085,Email,2026-04-18 21:19:40,USR015,LEAD0025,,,,Follow-up email,No Response,true
ACT0000086,Demo,2026-04-29 15:54:32,USR015,LEAD0025,,,,Product demo,Follow-Up Needed,true
ACT0000087,Email,2026-05-05 05:15:39,USR015,LEAD0026,,,,Follow-up email,No Response,true
ACT0000088,Other,2026-05-17 12:57:25,USR015,LEAD0026,,,,Procurement follow-up,Follow-Up Needed,true
ACT0000089,Call,2026-05-20 19:08:19,USR015,LEAD0026,,,,Stakeholder check-in,No Response,true
ACT0000090,Meeting,2026-05-26 04:00:57,USR015,LEAD0026,,,,Stakeholder meeting,Rescheduled,true
ACT0000091,Email,2025-05-18 14:36:41,USR014,LEAD0027,,,,Meeting recap,No Response,true
ACT0000092,Email,2025-05-26 17:26:08,USR014,LEAD0027,,,,Follow-up email,Follow-Up Needed,true
ACT0000093,Call,2025-06-02 08:42:52,USR014,LEAD0027,,,,Pricing follow-up,Follow-Up Needed,true
ACT0000094,Email,2025-06-17 03:41:21,USR014,LEAD0027,,,,Proposal follow-up,Connected,true
ACT0000095,Call,2025-07-17 12:52:32,USR014,LEAD0027,,,,Initial outreach call,Follow-Up Needed,true
ACT0000096,Call,2024-12-06 11:25:45,USR014,LEAD0028,,,,Follow-up call,Left Voicemail,true
ACT0000097,Other,2024-12-12 16:25:24,USR014,LEAD0028,,,,Internal customer follow-up,Follow-Up Needed,true
ACT0000098,Email,2024-12-18 04:34:57,USR014,LEAD0028,,,,Proposal follow-up,No Response,true
ACT0000099,Call,2024-12-18 06:08:25,USR014,LEAD0028,,,,Stakeholder check-in,Left Voicemail,true
ACT0000100,Call,2025-11-26 15:10:45,USR016,LEAD0029,,,,Stakeholder check-in,Connected,true
ACT0000101,Email,2025-11-30 13:46:41,USR016,LEAD0029,,,,Follow-up email,No Response,true
ACT0000102,Email,2025-12-02 16:07:22,USR016,LEAD0029,,,,Next steps email,No Response,true
ACT0000103,Email,2026-01-07 11:15:49,USR016,LEAD0029,,,,Introductory email,Follow-Up Needed,true
ACT0000104,Call,2023-09-29 06:12:15,USR016,LEAD0030,,,,Pricing follow-up,No Response,true
ACT0000105,Email,2023-10-08 02:18:05,USR016,LEAD0030,,,,Proposal follow-up,Connected,true
ACT0000106,Demo,2023-11-14 13:07:03,USR016,LEAD0030,,,,Solution review,Rescheduled,true
ACT0000107,Call,2022-05-26 01:50:43,USR015,LEAD0031,,,,Pricing follow-up,No Response,true
ACT0000108,Call,2022-05-31 14:00:42,USR015,LEAD0031,,,,Pricing follow-up,Follow-Up Needed,true
ACT0000109,Email,2022-06-04 13:38:22,USR015,LEAD0031,,,,Introductory email,Follow-Up Needed,true
ACT0000110,Call,2022-06-09 08:33:52,USR015,LEAD0031,,,,Initial outreach call,Follow-Up Needed,true
ACT0000111,Call,2022-06-28 12:49:39,USR015,LEAD0031,,,,Follow-up call,No Response,true
ACT0000112,Email,2023-12-21 14:51:40,USR015,LEAD0032,,,,Next steps email,Connected,true
ACT0000113,Call,2024-01-10 12:53:01,USR015,LEAD0032,,,,Stakeholder check-in,Connected,true
ACT0000114,Email,2024-01-11 18:36:12,USR015,LEAD0032,,,,Introductory email,Follow-Up Needed,true
ACT0000115,Call,2024-02-02 00:25:37,USR015,LEAD0032,,,,Initial outreach call,Connected,true
ACT0000116,Email,2026-02-02 09:54:44,USR015,LEAD0033,,,,Meeting recap,Connected,true
ACT0000117,Email,2026-03-02 05:24:01,USR015,LEAD0033,,,,Meeting recap,No Response,true
ACT0000118,Call,2026-03-11 22:12:05,USR015,LEAD0033,,,,Pricing follow-up,No Response,true
ACT0000119,Meeting,2026-03-19 12:50:54,USR015,LEAD0033,,,,Commercial review,Follow-Up Needed,true
ACT0000120,Email,2026-03-23 15:42:31,USR015,LEAD0033,,,,Proposal follow-up,Connected,true
ACT0000121,Email,2022-04-02 05:10:13,USR015,LEAD0034,,,,Meeting recap,Connected,true
ACT0000122,Email,2022-05-09 05:16:35,USR015,LEAD0034,,,,Meeting recap,Follow-Up Needed,true
ACT0000123,Call,2022-06-01 11:43:09,USR015,LEAD0034,,,,Initial outreach call,Follow-Up Needed,true
ACT0000124,Call,2026-07-14 10:58:40,USR013,LEAD0035,,,,Initial outreach call,No Response,true
ACT0000125,Meeting,2026-07-31 17:47:24,USR013,LEAD0035,,,,Commercial review,Rescheduled,true
ACT0000126,Email,2026-08-09 16:23:36,USR013,LEAD0035,,,,Meeting recap,No Response,true
ACT0000127,Email,2022-03-29 03:37:53,USR016,LEAD0036,,,,Meeting recap,Connected,true
ACT0000128,Email,2022-04-05 02:12:35,USR016,LEAD0036,,,,Next steps email,Follow-Up Needed,true
ACT0000129,Email,2024-02-08 16:48:06,USR016,LEAD0037,,,,Introductory email,Connected,true
ACT0000130,Demo,2024-02-09 16:00:30,USR016,LEAD0037,,,,Product demo,Follow-Up Needed,true
ACT0000131,Meeting,2024-02-28 07:14:12,USR016,LEAD0037,,,,Requirements review,Rescheduled,true
ACT0000132,Meeting,2024-03-16 06:35:33,USR016,LEAD0037,,,,Discovery meeting,Rescheduled,true
ACT0000133,Email,2024-04-10 20:57:39,USR016,LEAD0037,,,,Introductory email,Connected,true
ACT0000134,Email,2022-08-28 16:28:27,USR013,LEAD0038,,,,Introductory email,Connected,true
ACT0000135,Demo,2022-09-20 05:40:05,USR013,LEAD0038,,,,Technical demo,Meeting Held,true
ACT0000136,Email,2025-04-28 17:14:46,USR015,LEAD0039,,,,Meeting recap,No Response,true
ACT0000137,Email,2025-05-05 14:50:55,USR015,LEAD0039,,,,Next steps email,Connected,true
ACT0000138,Call,2025-06-14 23:32:58,USR015,LEAD0039,,,,Follow-up call,Connected,true
ACT0000139,Call,2025-06-21 20:10:29,USR015,LEAD0039,,,,Qualification call,Follow-Up Needed,true
ACT0000140,Call,2026-07-09 06:25:56,USR016,LEAD0040,,,,Qualification call,Connected,true
ACT0000141,Call,2026-07-23 06:00:10,USR016,LEAD0040,,,,Qualification call,No Response,true
ACT0000142,Call,2026-07-23 19:26:34,USR016,LEAD0040,,,,Stakeholder check-in,Follow-Up Needed,true
ACT0000143,Call,2026-07-26 05:07:52,USR016,LEAD0040,,,,Stakeholder check-in,Follow-Up Needed,true
ACT0000144,Email,2026-08-03 16:48:01,USR016,LEAD0040,,,,Follow-up email,Connected,true
ACT0000145,Call,2025-06-17 17:56:37,USR014,LEAD0041,,,,Stakeholder check-in,No Response,true
ACT0000146,Meeting,2025-07-27 18:54:39,USR014,LEAD0041,,,,Requirements review,Follow-Up Needed,true
ACT0000147,Email,2023-07-28 05:26:09,USR014,LEAD0042,,,,Introductory email,No Response,true
ACT0000148,Call,2023-08-03 08:13:19,USR014,LEAD0042,,,,Qualification call,Connected,true
ACT0000149,Email,2023-08-11 03:10:40,USR014,LEAD0042,,,,Next steps email,Follow-Up Needed,true
ACT0000150,Email,2023-08-30 20:17:03,USR014,LEAD0042,,,,Follow-up email,Connected,true
ACT0000151,Meeting,2023-09-19 16:22:58,USR014,LEAD0042,,,,Requirements review,Follow-Up Needed,true
ACT0000152,Email,2024-08-22 21:58:03,USR013,LEAD0043,,,,Meeting recap,Connected,true
ACT0000153,Email,2024-08-25 05:19:17,USR013,LEAD0043,,,,Introductory email,No Response,true
ACT0000154,Call,2024-10-26 04:45:35,USR013,LEAD0043,,,,Qualification call,Follow-Up Needed,true
ACT0000155,Email,2024-06-02 01:51:49,USR015,LEAD0044,,,,Introductory email,Connected,true
ACT0000156,Call,2024-06-07 07:12:39,USR015,LEAD0044,,,,Initial outreach call,Connected,true
ACT0000157,Call,2026-05-09 20:22:54,USR016,LEAD0045,,,,Initial outreach call,No Response,true
ACT0000158,Call,2026-05-14 17:53:10,USR016,LEAD0045,,,,Initial outreach call,Follow-Up Needed,true
ACT0000159,Call,2026-05-16 16:35:12,USR016,LEAD0045,,,,Stakeholder check-in,No Response,true
ACT0000160,Call,2026-05-22 05:40:21,USR016,LEAD0045,,,,Pricing follow-up,Left Voicemail,true
ACT0000161,Other,2026-06-20 07:00:55,USR016,LEAD0045,,,,Contract coordination,Follow-Up Needed,true
ACT0000162,Email,2026-04-21 00:08:18,USR013,LEAD0046,,,,Follow-up email,Connected,true
ACT0000163,Call,2026-05-11 05:56:09,USR013,LEAD0046,,,,Initial outreach call,Connected,true
ACT0000164,Email,2026-06-18 00:39:07,USR013,LEAD0046,,,,Next steps email,Follow-Up Needed,true
ACT0000165,Call,2026-07-29 23:06:47,USR013,LEAD0046,,,,Qualification call,No Response,true
ACT0000166,Call,2023-11-09 03:55:31,USR015,LEAD0047,,,,Follow-up call,No Response,true
ACT0000167,Email,2023-11-10 05:53:58,USR015,LEAD0047,,,,Follow-up email,Connected,true
ACT0000168,Demo,2023-11-21 18:00:24,USR015,LEAD0047,,,,Technical demo,Follow-Up Needed,true
ACT0000169,Call,2023-11-24 03:09:23,USR015,LEAD0047,,,,Stakeholder check-in,Left Voicemail,true
ACT0000170,Meeting,2023-11-26 08:56:33,USR015,LEAD0047,,,,Commercial review,Follow-Up Needed,true
ACT0000171,Email,2022-11-11 08:26:22,USR015,LEAD0048,,,,Next steps email,Connected,true
ACT0000172,Call,2022-11-11 09:40:22,USR015,LEAD0048,,,,Stakeholder check-in,Follow-Up Needed,true
ACT0000173,Email,2022-11-16 10:56:26,USR015,LEAD0048,,,,Proposal follow-up,Connected,true
ACT0000174,Call,2022-11-17 09:40:57,USR015,LEAD0048,,,,Pricing follow-up,Follow-Up Needed,true
ACT0000175,Email,2025-10-10 05:05:59,USR016,LEAD0049,,,,Introductory email,No Response,true
ACT0000176,Call,2025-10-18 23:49:33,USR016,LEAD0049,,,,Qualification call,Follow-Up Needed,true
ACT0000177,Email,2025-11-19 19:45:26,USR016,LEAD0049,,,,Follow-up email,No Response,true
ACT0000178,Email,2025-11-25 13:09:50,USR016,LEAD0049,,,,Follow-up email,Connected,true
ACT0000179,Call,2025-12-19 20:12:30,USR016,LEAD0049,,,,Qualification call,Left Voicemail,true
ACT0000180,Call,2024-03-10 13:16:53,USR016,LEAD0050,,,,Follow-up call,Connected,true
ACT0000181,Email,2024-03-24 19:29:24,USR016,LEAD0050,,,,Meeting recap,Connected,true
ACT0000182,Email,2024-03-29 11:16:45,USR016,LEAD0050,,,,Meeting recap,No Response,true
ACT0000183,Email,2024-05-18 10:57:34,USR016,LEAD0050,,,,Introductory email,Follow-Up Needed,true
ACT0000184,Email,2024-05-24 09:40:24,USR015,LEAD0051,,,,Meeting recap,Connected,true
ACT0000185,Email,2024-05-28 03:12:05,USR015,LEAD0051,,,,Introductory email,Connected,true
ACT0000186,Demo,2024-05-31 02:49:47,USR015,LEAD0051,,,,Workflow demonstration,Rescheduled,true
ACT0000187,Email,2024-06-02 00:08:04,USR015,LEAD0051,,,,Next steps email,Connected,true
ACT0000188,Email,2024-06-10 16:57:25,USR015,LEAD0051,,,,Meeting recap,No Response,true
ACT0000189,Email,2022-02-27 03:22:45,USR015,LEAD0052,,,,Meeting recap,Follow-Up Needed,true
ACT0000190,Call,2022-03-02 04:39:33,USR015,LEAD0052,,,,Stakeholder check-in,Connected,true
ACT0000191,Meeting,2022-04-01 22:18:57,USR015,LEAD0052,,,,Discovery meeting,Follow-Up Needed,true
ACT0000192,Call,2026-05-21 05:51:14,USR016,LEAD0053,,,,Initial outreach call,Follow-Up Needed,true
ACT0000193,Email,2026-07-12 05:54:00,USR016,LEAD0053,,,,Introductory email,Connected,true
ACT0000194,Email,2025-01-25 11:35:26,USR016,LEAD0054,,,,Meeting recap,No Response,true
ACT0000195,Call,2025-03-02 22:13:53,USR016,LEAD0054,,,,Qualification call,Connected,true
ACT0000196,Email,2026-03-20 11:01:17,USR016,LEAD0055,,,,Meeting recap,Follow-Up Needed,true
ACT0000197,Other,2026-05-12 15:01:36,USR016,LEAD0055,,,,Internal customer follow-up,Other,true
ACT0000198,Email,2023-10-07 16:13:01,USR016,LEAD0056,,,,Proposal follow-up,No Response,true
ACT0000199,Call,2023-11-03 23:10:49,USR016,LEAD0056,,,,Initial outreach call,Left Voicemail,true
ACT0000200,Call,2023-11-17 07:10:01,USR016,LEAD0056,,,,Initial outreach call,Left Voicemail,true
ACT0000201,Call,2024-12-02 18:52:38,USR015,LEAD0057,,,,Initial outreach call,Follow-Up Needed,true
ACT0000202,Meeting,2024-12-10 07:14:22,USR015,LEAD0057,,,,Executive check-in,Rescheduled,true
ACT0000203,Demo,2024-12-23 01:45:52,USR015,LEAD0057,,,,Workflow demonstration,Follow-Up Needed,true
ACT0000204,Call,2024-12-23 11:41:21,USR015,LEAD0057,,,,Initial outreach call,Left Voicemail,true
ACT0000205,Email,2022-12-06 06:06:00,USR015,LEAD0058,,,,Next steps email,Connected,true
ACT0000206,Email,2023-03-11 07:23:39,USR015,LEAD0058,,,,Next steps email,No Response,true
ACT0000207,Email,2026-03-15 14:51:45,USR016,LEAD0059,,,,Proposal follow-up,Follow-Up Needed,true
ACT0000208,Email,2026-04-01 22:43:48,USR016,LEAD0059,,,,Next steps email,Connected,true
ACT0000209,Meeting,2026-05-08 07:52:34,USR016,LEAD0059,,,,Requirements review,Follow-Up Needed,true
ACT0000210,Call,2024-10-01 06:34:41,USR013,LEAD0060,,,,Qualification call,Follow-Up Needed,true
ACT0000211,Email,2024-10-02 21:11:17,USR013,LEAD0060,,,,Introductory email,Follow-Up Needed,true
ACT0000212,Call,2024-10-04 23:43:07,USR013,LEAD0060,,,,Qualification call,No Response,true
ACT0000213,Email,2024-10-09 02:02:55,USR013,LEAD0060,,,,Introductory email,Connected,true
ACT0000214,Demo,2024-10-11 01:51:43,USR013,LEAD0060,,,,Product demo,Meeting Held,true
ACT0000215,Email,2024-03-15 06:55:01,USR016,LEAD0061,,,,Next steps email,Connected,true
ACT0000216,Call,2024-04-09 20:19:16,USR016,LEAD0061,,,,Stakeholder check-in,Connected,true
ACT0000217,Email,2024-04-10 21:20:10,USR016,LEAD0061,,,,Proposal follow-up,Connected,true
ACT0000218,Meeting,2024-04-18 08:39:53,USR016,LEAD0061,,,,Executive check-in,Follow-Up Needed,true
ACT0000219,Call,2024-07-14 22:15:43,USR014,LEAD0062,,,,Pricing follow-up,Follow-Up Needed,true
ACT0000220,Email,2024-09-22 17:26:23,USR014,LEAD0062,,,,Meeting recap,Follow-Up Needed,true
ACT0000221,Call,2026-04-10 04:48:04,USR013,LEAD0063,,,,Pricing follow-up,Connected,true
ACT0000222,Email,2026-05-08 08:34:07,USR013,LEAD0063,,,,Meeting recap,Connected,true
ACT0000223,Call,2026-05-30 04:51:35,USR013,LEAD0063,,,,Qualification call,Connected,true
ACT0000224,Email,2023-04-22 04:12:54,USR016,LEAD0064,,,,Introductory email,Connected,true
ACT0000225,Meeting,2023-04-30 05:12:36,USR016,LEAD0064,,,,Requirements review,Rescheduled,true
ACT0000226,Meeting,2023-05-05 00:14:59,USR016,LEAD0064,,,,Commercial review,Meeting Held,true
ACT0000227,Demo,2023-05-13 19:10:00,USR016,LEAD0064,,,,Workflow demonstration,Follow-Up Needed,true
ACT0000228,Email,2023-06-03 20:50:22,USR016,LEAD0064,,,,Introductory email,Follow-Up Needed,true
ACT0000229,Email,2025-08-25 03:24:25,USR016,LEAD0065,,,,Follow-up email,Connected,true
ACT0000230,Email,2025-09-02 08:09:58,USR016,LEAD0065,,,,Introductory email,Follow-Up Needed,true
ACT0000231,Call,2025-09-12 10:43:21,USR016,LEAD0065,,,,Follow-up call,Left Voicemail,true
ACT0000232,Other,2025-10-26 09:32:36,USR016,LEAD0065,,,,Contract coordination,Follow-Up Needed,true
ACT0000233,Email,2025-03-25 10:32:45,USR016,LEAD0066,,,,Proposal follow-up,Follow-Up Needed,true
ACT0000234,Call,2025-05-13 07:38:36,USR016,LEAD0066,,,,Pricing follow-up,Connected,true
ACT0000235,Email,2026-06-12 14:52:10,USR015,LEAD0067,,,,Next steps email,No Response,true
ACT0000236,Meeting,2026-06-21 13:34:48,USR015,LEAD0067,,,,Stakeholder meeting,Meeting Held,true
ACT0000237,Call,2026-04-03 18:51:13,USR016,LEAD0068,,,,Stakeholder check-in,Left Voicemail,true
ACT0000238,Email,2026-04-14 19:30:09,USR016,LEAD0068,,,,Follow-up email,No Response,true
ACT0000239,Call,2026-06-08 00:07:52,USR016,LEAD0068,,,,Initial outreach call,Left Voicemail,true
ACT0000240,Call,2026-07-18 20:02:56,USR016,LEAD0068,,,,Qualification call,Left Voicemail,true
ACT0000241,Call,2025-10-01 00:02:08,USR013,LEAD0069,,,,Stakeholder check-in,Left Voicemail,true
ACT0000242,Email,2025-10-22 20:46:41,USR013,LEAD0069,,,,Next steps email,No Response,true
ACT0000243,Email,2025-10-29 11:24:05,USR013,LEAD0069,,,,Follow-up email,No Response,true
ACT0000244,Call,2025-11-02 03:31:06,USR013,LEAD0069,,,,Pricing follow-up,Follow-Up Needed,true
ACT0000245,Email,2023-04-29 17:37:31,USR015,LEAD0070,,,,Next steps email,No Response,true
ACT0000246,Call,2023-05-01 11:49:09,USR015,LEAD0070,,,,Follow-up call,No Response,true
ACT0000247,Call,2026-04-13 09:21:39,USR015,LEAD0071,,,,Initial outreach call,Connected,true
ACT0000248,Meeting,2026-04-15 12:07:55,USR015,LEAD0071,,,,Discovery meeting,Meeting Held,true
ACT0000249,Email,2026-05-04 04:41:59,USR015,LEAD0071,,,,Meeting recap,Connected,true
ACT0000250,Email,2026-07-28 14:19:59,USR015,LEAD0072,,,,Introductory email,Connected,true
ACT0000251,Email,2026-08-01 10:51:15,USR015,LEAD0072,,,,Meeting recap,Connected,true
ACT0000252,Email,2026-08-12 21:26:45,USR015,LEAD0072,,,,Next steps email,Connected,true
ACT0000253,Call,2026-08-14 21:48:21,USR015,LEAD0072,,,,Stakeholder check-in,No Response,true
ACT0000254,Call,2026-08-16 02:16:49,USR015,LEAD0072,,,,Follow-up call,Connected,true
ACT0000255,Email,2023-07-06 15:55:09,USR016,LEAD0073,,,,Introductory email,No Response,true
ACT0000256,Call,2023-07-10 01:42:15,USR016,LEAD0073,,,,Qualification call,No Response,true
ACT0000257,Email,2023-07-16 04:57:01,USR016,LEAD0073,,,,Meeting recap,Connected,true
ACT0000258,Meeting,2023-07-17 11:28:50,USR016,LEAD0073,,,,Commercial review,Rescheduled,true
ACT0000259,Call,2023-07-31 12:57:17,USR016,LEAD0073,,,,Initial outreach call,Connected,true
ACT0000260,Email,2024-12-13 10:54:47,USR014,LEAD0074,,,,Follow-up email,Connected,true
ACT0000261,Meeting,2025-01-15 01:33:04,USR014,LEAD0074,,,,Commercial review,Follow-Up Needed,true
ACT0000262,Call,2025-08-21 01:30:29,USR014,LEAD0075,,,,Pricing follow-up,No Response,true
ACT0000263,Other,2025-08-28 23:14:13,USR014,LEAD0075,,,,Internal customer follow-up,Connected,true
ACT0000264,Demo,2025-08-29 03:27:57,USR014,LEAD0075,,,,Product demo,Rescheduled,true
ACT0000265,Call,2025-01-23 10:51:04,USR016,LEAD0076,,,,Pricing follow-up,Follow-Up Needed,true
ACT0000266,Call,2025-02-26 14:20:12,USR016,LEAD0076,,,,Pricing follow-up,No Response,true
ACT0000267,Email,2025-05-29 05:41:02,USR016,LEAD0076,,,,Follow-up email,Connected,true
ACT0000268,Email,2026-06-29 15:50:26,USR016,LEAD0077,,,,Next steps email,Connected,true
ACT0000269,Call,2026-07-12 08:59:33,USR016,LEAD0077,,,,Initial outreach call,Left Voicemail,true
ACT0000270,Call,2024-06-29 05:49:07,USR014,LEAD0078,,,,Stakeholder check-in,Connected,true
ACT0000271,Call,2024-06-30 05:43:42,USR014,LEAD0078,,,,Follow-up call,Follow-Up Needed,true
ACT0000272,Email,2024-04-16 06:01:56,USR016,LEAD0079,,,,Next steps email,Follow-Up Needed,true
ACT0000273,Email,2024-05-12 18:30:14,USR016,LEAD0079,,,,Follow-up email,Connected,true
ACT0000274,Email,2024-05-26 04:24:45,USR016,LEAD0079,,,,Next steps email,Follow-Up Needed,true
ACT0000275,Call,2024-06-14 06:52:23,USR016,LEAD0079,,,,Qualification call,Follow-Up Needed,true
ACT0000276,Email,2025-02-20 15:45:06,USR015,LEAD0080,,,,Meeting recap,Follow-Up Needed,true
ACT0000277,Email,2025-02-25 19:51:44,USR015,LEAD0080,,,,Follow-up email,Connected,true
ACT0000278,Call,2025-03-14 00:42:14,USR015,LEAD0080,,,,Stakeholder check-in,Follow-Up Needed,true
ACT0000279,Email,2025-03-20 21:57:28,USR015,LEAD0080,,,,Introductory email,No Response,true
ACT0000280,Call,2025-09-13 17:35:03,USR015,LEAD0081,,,,Follow-up call,Connected,true
ACT0000281,Email,2025-09-16 19:09:30,USR015,LEAD0081,,,,Proposal follow-up,No Response,true
ACT0000282,Email,2025-09-18 12:33:14,USR015,LEAD0081,,,,Meeting recap,Follow-Up Needed,true
ACT0000283,Call,2025-10-04 18:12:59,USR015,LEAD0081,,,,Pricing follow-up,No Response,true
ACT0000284,Call,2025-10-19 16:51:27,USR015,LEAD0081,,,,Initial outreach call,Connected,true
ACT0000285,Call,2022-11-10 00:43:15,USR013,LEAD0082,,,,Follow-up call,No Response,true
ACT0000286,Call,2022-11-13 01:12:46,USR013,LEAD0082,,,,Initial outreach call,No Response,true
ACT0000287,Call,2022-11-20 09:41:23,USR013,LEAD0082,,,,Follow-up call,Connected,true
ACT0000288,Email,2023-02-22 09:03:40,USR013,LEAD0082,,,,Meeting recap,Follow-Up Needed,true
ACT0000289,Email,2023-02-26 18:50:37,USR013,LEAD0082,,,,Follow-up email,Follow-Up Needed,true
ACT0000290,Call,2026-05-15 00:38:36,USR014,LEAD0083,,,,Initial outreach call,Follow-Up Needed,true
ACT0000291,Email,2026-05-17 15:24:33,USR014,LEAD0083,,,,Introductory email,Follow-Up Needed,true
ACT0000292,Call,2026-06-12 14:31:25,USR014,LEAD0083,,,,Pricing follow-up,Left Voicemail,true
ACT0000293,Email,2026-06-13 01:39:45,USR014,LEAD0083,,,,Next steps email,No Response,true
ACT0000294,Email,2026-07-01 14:32:09,USR014,LEAD0083,,,,Next steps email,Connected,true
ACT0000295,Email,2024-01-27 05:03:37,USR013,LEAD0084,,,,Next steps email,No Response,true
ACT0000296,Email,2024-02-03 10:30:09,USR013,LEAD0084,,,,Follow-up email,Follow-Up Needed,true
ACT0000297,Email,2024-02-08 04:32:29,USR013,LEAD0084,,,,Meeting recap,No Response,true
ACT0000298,Meeting,2024-02-10 17:13:07,USR013,LEAD0084,,,,Executive check-in,Meeting Held,true
ACT0000299,Email,2024-02-26 01:22:59,USR013,LEAD0084,,,,Follow-up email,Connected,true
ACT0000300,Call,2026-07-02 14:42:42,USR015,LEAD0085,,,,Qualification call,Connected,true
ACT0000301,Call,2026-08-13 02:25:03,USR015,LEAD0085,,,,Initial outreach call,Left Voicemail,true
ACT0000302,Email,2026-04-15 03:48:52,USR015,LEAD0086,,,,Next steps email,Connected,true
ACT0000303,Email,2026-05-25 02:09:39,USR015,LEAD0086,,,,Introductory email,Connected,true
ACT0000304,Call,2026-06-15 09:48:31,USR015,LEAD0086,,,,Initial outreach call,No Response,true
ACT0000305,Email,2026-06-21 08:23:06,USR015,LEAD0086,,,,Meeting recap,No Response,true
ACT0000306,Email,2023-09-13 00:24:35,USR016,LEAD0087,,,,Introductory email,No Response,true
ACT0000307,Email,2023-11-11 22:39:49,USR016,LEAD0087,,,,Follow-up email,Follow-Up Needed,true
ACT0000308,Call,2023-11-26 12:32:45,USR016,LEAD0087,,,,Initial outreach call,Left Voicemail,true
ACT0000309,Email,2023-12-14 13:39:15,USR016,LEAD0087,,,,Follow-up email,No Response,true
ACT0000310,Email,2023-08-09 17:49:38,USR015,LEAD0088,,,,Next steps email,Connected,true
ACT0000311,Email,2023-08-10 23:40:25,USR015,LEAD0088,,,,Follow-up email,Connected,true
ACT0000312,Call,2025-08-21 13:58:29,USR016,LEAD0089,,,,Initial outreach call,Connected,true
ACT0000313,Demo,2025-09-24 00:59:57,USR016,LEAD0089,,,,Solution review,Meeting Held,true
ACT0000314,Email,2025-09-27 22:33:55,USR016,LEAD0089,,,,Meeting recap,Connected,true
ACT0000315,Email,2025-10-03 07:40:27,USR016,LEAD0089,,,,Proposal follow-up,No Response,true
ACT0000316,Call,2025-10-06 12:55:21,USR016,LEAD0089,,,,Pricing follow-up,Follow-Up Needed,true
ACT0000317,Call,2026-03-03 08:36:44,USR016,LEAD0090,,,,Initial outreach call,No Response,true
ACT0000318,Call,2026-03-09 15:13:00,USR016,LEAD0090,,,,Follow-up call,Follow-Up Needed,true
ACT0000319,Call,2026-03-20 06:27:31,USR016,LEAD0090,,,,Follow-up call,No Response,true
ACT0000320,Email,2026-04-02 13:44:31,USR016,LEAD0090,,,,Follow-up email,Connected,true
ACT0000321,Meeting,2026-04-22 23:06:08,USR016,LEAD0090,,,,Stakeholder meeting,Meeting Held,true
ACT0000322,Email,2026-02-16 12:17:04,USR016,LEAD0091,,,,Meeting recap,Connected,true
ACT0000323,Call,2026-03-26 17:52:24,USR016,LEAD0091,,,,Qualification call,No Response,true
ACT0000324,Email,2025-08-03 15:04:26,USR013,LEAD0092,,,,Follow-up email,Follow-Up Needed,true
ACT0000325,Demo,2025-08-08 01:13:59,USR013,LEAD0092,,,,Workflow demonstration,Rescheduled,true
ACT0000326,Meeting,2025-09-26 23:04:01,USR013,LEAD0092,,,,Stakeholder meeting,Meeting Held,true
ACT0000327,Call,2026-03-10 09:36:07,USR015,LEAD0093,,,,Qualification call,No Response,true
ACT0000328,Call,2026-05-19 00:50:58,USR015,LEAD0093,,,,Follow-up call,Left Voicemail,true
ACT0000329,Email,2026-05-26 11:53:56,USR015,LEAD0093,,,,Introductory email,Follow-Up Needed,true
ACT0000330,Call,2023-08-25 04:18:07,USR013,LEAD0094,,,,Stakeholder check-in,Follow-Up Needed,true
ACT0000331,Meeting,2023-08-31 02:01:39,USR013,LEAD0094,,,,Executive check-in,Meeting Held,true
ACT0000332,Email,2023-09-13 02:51:28,USR013,LEAD0094,,,,Follow-up email,No Response,true
ACT0000333,Call,2025-06-15 07:06:19,USR014,LEAD0095,,,,Qualification call,No Response,true
ACT0000334,Call,2025-07-10 02:32:54,USR014,LEAD0095,,,,Follow-up call,Follow-Up Needed,true
ACT0000335,Call,2025-07-14 01:33:52,USR014,LEAD0095,,,,Qualification call,Connected,true
ACT0000336,Email,2025-07-19 20:35:39,USR014,LEAD0095,,,,Follow-up email,Follow-Up Needed,true
ACT0000337,Email,2025-11-03 09:48:09,USR016,LEAD0096,,,,Next steps email,Connected,true
ACT0000338,Meeting,2026-01-07 11:52:57,USR016,LEAD0096,,,,Commercial review,Rescheduled,true
ACT0000339,Email,2026-02-17 17:33:43,USR016,LEAD0096,,,,Proposal follow-up,Follow-Up Needed,true
ACT0000340,Call,2023-07-18 20:34:06,USR013,LEAD0097,,,,Stakeholder check-in,Left Voicemail,true
ACT0000341,Demo,2023-08-07 02:15:02,USR013,LEAD0097,,,,Technical demo,Rescheduled,true
ACT0000342,Email,2023-08-17 18:02:21,USR013,LEAD0097,,,,Introductory email,Connected,true
ACT0000343,Meeting,2023-09-02 23:37:21,USR013,LEAD0097,,,,Commercial review,Follow-Up Needed,true
ACT0000344,Demo,2023-09-03 02:52:08,USR013,LEAD0097,,,,Workflow demonstration,Rescheduled,true
ACT0000345,Email,2024-08-23 16:34:53,USR014,LEAD0098,,,,Introductory email,Follow-Up Needed,true
ACT0000346,Email,2024-10-09 21:36:17,USR014,LEAD0098,,,,Next steps email,Follow-Up Needed,true
ACT0000347,Email,2024-10-23 23:22:27,USR014,LEAD0098,,,,Proposal follow-up,Connected,true
ACT0000348,Email,2024-11-14 13:45:06,USR014,LEAD0098,,,,Follow-up email,Follow-Up Needed,true
ACT0000349,Email,2024-11-21 06:13:03,USR014,LEAD0098,,,,Meeting recap,Follow-Up Needed,true
ACT0000350,Email,2026-06-27 08:27:16,USR015,LEAD0099,,,,Meeting recap,No Response,true
ACT0000351,Meeting,2026-07-02 11:32:33,USR015,LEAD0099,,,,Executive check-in,Follow-Up Needed,true
ACT0000352,Call,2026-07-23 22:48:19,USR015,LEAD0099,,,,Initial outreach call,Left Voicemail,true
ACT0000353,Email,2024-09-11 12:08:00,USR014,LEAD0100,,,,Next steps email,Connected,true
ACT0000354,Email,2024-09-29 11:45:22,USR014,LEAD0100,,,,Meeting recap,Follow-Up Needed,true
ACT0000355,Email,2024-10-01 15:10:26,USR014,LEAD0100,,,,Next steps email,Follow-Up Needed,true
ACT0000356,Meeting,2024-10-19 21:25:55,USR014,LEAD0100,,,,Discovery meeting,Meeting Held,true
ACT0000357,Email,2024-12-29 02:58:32,USR014,LEAD0100,,,,Follow-up email,Follow-Up Needed,true
ACT0000358,Email,2022-11-22 08:42:14,USR013,LEAD0101,,,,Meeting recap,Connected,true
ACT0000359,Email,2022-12-01 18:20:18,USR013,LEAD0101,,,,Next steps email,Connected,true
ACT0000360,Call,2024-03-16 07:30:56,USR016,LEAD0102,,,,Qualification call,Left Voicemail,true
ACT0000361,Email,2024-03-28 20:08:39,USR016,LEAD0102,,,,Proposal follow-up,No Response,true
ACT0000362,Demo,2024-05-05 09:24:04,USR016,LEAD0102,,,,Product demo,Rescheduled,true
ACT0000363,Call,2024-05-07 19:12:06,USR016,LEAD0102,,,,Stakeholder check-in,Connected,true
ACT0000364,Call,2024-06-06 09:41:32,USR016,LEAD0102,,,,Follow-up call,Connected,true
ACT0000365,Call,2024-02-20 10:48:12,USR014,LEAD0103,,,,Pricing follow-up,Connected,true
ACT0000366,Demo,2024-04-07 23:09:42,USR014,LEAD0103,,,,Technical demo,Meeting Held,true
ACT0000367,Email,2024-04-20 08:01:17,USR014,LEAD0103,,,,Meeting recap,Follow-Up Needed,true
ACT0000368,Email,2024-07-28 11:13:17,USR015,LEAD0104,,,,Proposal follow-up,Follow-Up Needed,true
ACT0000369,Call,2024-08-12 16:58:18,USR015,LEAD0104,,,,Stakeholder check-in,Left Voicemail,true
ACT0000370,Email,2024-08-13 10:21:23,USR015,LEAD0104,,,,Meeting recap,No Response,true
ACT0000371,Email,2023-07-13 02:41:00,USR013,LEAD0105,,,,Follow-up email,No Response,true
ACT0000372,Call,2023-08-31 08:51:26,USR013,LEAD0105,,,,Qualification call,No Response,true
ACT0000373,Email,2023-10-13 06:14:26,USR013,LEAD0105,,,,Introductory email,Connected,true
ACT0000374,Email,2026-03-23 15:31:37,USR014,LEAD0106,,,,Introductory email,Follow-Up Needed,true
ACT0000375,Demo,2026-04-08 15:41:03,USR014,LEAD0106,,,,Solution review,Meeting Held,true
ACT0000376,Call,2026-04-17 22:42:11,USR014,LEAD0106,,,,Stakeholder check-in,Left Voicemail,true
ACT0000377,Call,2026-04-28 23:28:22,USR014,LEAD0106,,,,Stakeholder check-in,No Response,true
ACT0000378,Email,2025-03-29 13:07:59,USR014,LEAD0107,,,,Next steps email,Follow-Up Needed,true
ACT0000379,Call,2025-04-08 23:38:53,USR014,LEAD0107,,,,Follow-up call,Connected,true
ACT0000380,Call,2025-04-14 06:17:51,USR014,LEAD0107,,,,Follow-up call,Follow-Up Needed,true
ACT0000381,Email,2026-03-04 10:25:05,USR014,LEAD0108,,,,Proposal follow-up,Follow-Up Needed,true
ACT0000382,Email,2026-04-21 20:22:09,USR014,LEAD0108,,,,Follow-up email,Follow-Up Needed,true
ACT0000383,Call,2026-05-05 07:40:57,USR014,LEAD0108,,,,Follow-up call,Follow-Up Needed,true
ACT0000384,Call,2026-04-28 01:42:19,USR016,LEAD0109,,,,Follow-up call,No Response,true
ACT0000385,Email,2026-05-24 01:42:49,USR016,LEAD0109,,,,Introductory email,Follow-Up Needed,true
ACT0000386,Email,2026-06-13 05:43:49,USR016,LEAD0109,,,,Follow-up email,Follow-Up Needed,true
ACT0000387,Call,2023-06-30 15:06:44,USR016,LEAD0110,,,,Initial outreach call,No Response,true
ACT0000388,Email,2023-07-29 18:45:39,USR016,LEAD0110,,,,Meeting recap,No Response,true
ACT0000389,Email,2023-08-25 16:17:26,USR016,LEAD0110,,,,Proposal follow-up,Connected,true
ACT0000390,Call,2026-03-10 14:47:01,USR015,LEAD0111,,,,Qualification call,No Response,true
ACT0000391,Other,2026-03-14 00:54:20,USR015,LEAD0111,,,,Procurement follow-up,Follow-Up Needed,true
ACT0000392,Other,2026-05-12 11:56:19,USR015,LEAD0111,,,,Internal customer follow-up,Other,true
ACT0000393,Email,2024-03-07 21:48:01,USR015,LEAD0112,,,,Introductory email,No Response,true
ACT0000394,Meeting,2024-03-10 07:13:49,USR015,LEAD0112,,,,Requirements review,Follow-Up Needed,true
ACT0000395,Call,2024-03-13 13:02:07,USR015,LEAD0112,,,,Pricing follow-up,Connected,true
ACT0000396,Meeting,2024-03-21 00:27:49,USR015,LEAD0112,,,,Requirements review,Meeting Held,true
ACT0000397,Other,2024-04-08 08:32:52,USR015,LEAD0112,,,,Contract coordination,Follow-Up Needed,true
ACT0000398,Email,2026-02-20 13:32:22,USR016,LEAD0113,,,,Proposal follow-up,Follow-Up Needed,true
ACT0000399,Call,2026-03-06 11:16:44,USR016,LEAD0113,,,,Stakeholder check-in,Connected,true
ACT0000400,Email,2026-03-06 19:21:31,USR016,LEAD0113,,,,Follow-up email,No Response,true
ACT0000401,Call,2026-03-08 07:24:20,USR016,LEAD0113,,,,Initial outreach call,Left Voicemail,true
ACT0000402,Call,2024-08-23 02:18:49,USR016,LEAD0114,,,,Stakeholder check-in,Connected,true
ACT0000403,Call,2024-10-02 12:07:22,USR016,LEAD0114,,,,Follow-up call,Connected,true
ACT0000404,Call,2021-12-29 05:03:53,USR013,LEAD0115,,,,Stakeholder check-in,Connected,true
ACT0000405,Call,2021-12-31 11:36:07,USR013,LEAD0115,,,,Follow-up call,No Response,true
ACT0000406,Call,2022-01-10 12:11:52,USR013,LEAD0115,,,,Pricing follow-up,No Response,true
ACT0000407,Call,2022-02-21 20:10:44,USR013,LEAD0115,,,,Pricing follow-up,Connected,true
ACT0000408,Call,2024-02-21 21:33:41,USR013,LEAD0116,,,,Pricing follow-up,Follow-Up Needed,true
ACT0000409,Other,2024-02-29 22:39:54,USR013,LEAD0116,,,,Procurement follow-up,Other,true
ACT0000410,Email,2024-03-02 04:36:12,USR013,LEAD0116,,,,Proposal follow-up,Follow-Up Needed,true
ACT0000411,Other,2024-03-05 17:36:54,USR013,LEAD0116,,,,Contract coordination,Connected,true
ACT0000412,Other,2024-03-07 14:13:56,USR013,LEAD0116,,,,Procurement follow-up,Connected,true
ACT0000413,Email,2024-01-30 12:26:58,USR013,LEAD0117,,,,Follow-up email,Follow-Up Needed,true
ACT0000414,Meeting,2024-02-29 14:31:04,USR013,LEAD0117,,,,Executive check-in,Follow-Up Needed,true
ACT0000415,Call,2024-03-01 03:19:10,USR013,LEAD0117,,,,Stakeholder check-in,Connected,true
ACT0000416,Other,2024-03-20 07:15:56,USR013,LEAD0117,,,,Contract coordination,Follow-Up Needed,true
ACT0000417,Email,2024-04-14 13:30:14,USR016,LEAD0118,,,,Next steps email,No Response,true
ACT0000418,Call,2024-05-23 02:54:07,USR016,LEAD0118,,,,Pricing follow-up,Connected,true
ACT0000419,Email,2024-06-09 18:02:23,USR016,LEAD0118,,,,Next steps email,Follow-Up Needed,true
ACT0000420,Email,2024-07-03 10:36:36,USR016,LEAD0118,,,,Meeting recap,No Response,true
ACT0000421,Email,2024-11-22 05:51:43,USR016,LEAD0119,,,,Meeting recap,No Response,true
ACT0000422,Call,2024-12-05 02:47:45,USR016,LEAD0119,,,,Qualification call,Left Voicemail,true
ACT0000423,Call,2025-02-26 23:33:13,USR014,LEAD0120,,,,Qualification call,No Response,true
ACT0000424,Meeting,2025-03-27 15:49:09,USR014,LEAD0120,,,,Executive check-in,Rescheduled,true
ACT0000425,Call,2025-04-13 03:43:31,USR014,LEAD0120,,,,Stakeholder check-in,Connected,true
ACT0000426,Call,2025-04-28 04:17:09,USR014,LEAD0120,,,,Initial outreach call,No Response,true
ACT0000427,Call,2025-06-03 13:49:35,USR014,LEAD0120,,,,Pricing follow-up,No Response,true
ACT0000428,Call,2023-05-03 10:35:47,USR015,LEAD0121,,,,Pricing follow-up,Left Voicemail,true
ACT0000429,Call,2023-06-24 17:08:39,USR015,LEAD0121,,,,Follow-up call,Connected,true
ACT0000430,Call,2025-04-09 23:31:51,USR015,LEAD0122,,,,Initial outreach call,No Response,true
ACT0000431,Call,2025-04-21 06:36:02,USR015,LEAD0122,,,,Stakeholder check-in,Follow-Up Needed,true
ACT0000432,Call,2025-04-26 17:55:31,USR015,LEAD0122,,,,Stakeholder check-in,Follow-Up Needed,true
ACT0000433,Call,2025-05-02 21:02:44,USR015,LEAD0122,,,,Qualification call,Left Voicemail,true
ACT0000434,Call,2026-02-12 05:11:21,USR014,LEAD0123,,,,Follow-up call,Follow-Up Needed,true
ACT0000435,Meeting,2026-03-20 16:27:21,USR014,LEAD0123,,,,Discovery meeting,Rescheduled,true
ACT0000436,Email,2026-03-22 17:13:10,USR014,LEAD0123,,,,Follow-up email,No Response,true
ACT0000437,Call,2026-05-01 03:10:31,USR014,LEAD0123,,,,Stakeholder check-in,No Response,true
ACT0000438,Call,2024-12-13 12:00:42,USR014,LEAD0124,,,,Stakeholder check-in,Connected,true
ACT0000439,Email,2024-12-15 01:51:11,USR014,LEAD0124,,,,Introductory email,Follow-Up Needed,true
ACT0000440,Email,2024-12-29 23:35:03,USR014,LEAD0124,,,,Proposal follow-up,No Response,true
ACT0000441,Email,2025-01-01 14:41:19,USR014,LEAD0124,,,,Proposal follow-up,Connected,true
ACT0000442,Call,2025-01-06 12:10:49,USR014,LEAD0124,,,,Qualification call,Follow-Up Needed,true
ACT0000443,Email,2026-06-09 02:51:58,USR016,LEAD0125,,,,Proposal follow-up,Follow-Up Needed,true
ACT0000444,Email,2026-07-09 16:39:44,USR016,LEAD0125,,,,Proposal follow-up,Follow-Up Needed,true
ACT0000445,Email,2026-07-19 02:16:48,USR016,LEAD0125,,,,Introductory email,No Response,true
ACT0000446,Call,2026-07-23 09:33:59,USR016,LEAD0125,,,,Initial outreach call,Left Voicemail,true
ACT0000447,Email,2024-08-27 06:58:20,USR014,LEAD0126,,,,Proposal follow-up,No Response,true
ACT0000448,Email,2024-09-20 12:36:13,USR014,LEAD0126,,,,Next steps email,Follow-Up Needed,true
ACT0000449,Meeting,2024-10-08 07:29:43,USR014,LEAD0126,,,,Stakeholder meeting,Follow-Up Needed,true
ACT0000450,Call,2025-05-12 21:09:53,USR015,LEAD0127,,,,Stakeholder check-in,No Response,true
ACT0000451,Call,2025-05-25 22:02:17,USR015,LEAD0127,,,,Pricing follow-up,No Response,true
ACT0000452,Email,2025-06-04 02:48:33,USR015,LEAD0127,,,,Next steps email,Connected,true
ACT0000453,Call,2025-06-07 10:03:57,USR015,LEAD0127,,,,Initial outreach call,Follow-Up Needed,true
ACT0000454,Email,2024-05-02 14:07:26,USR013,LEAD0128,,,,Proposal follow-up,Connected,true
ACT0000455,Meeting,2024-05-16 22:22:55,USR013,LEAD0128,,,,Executive check-in,Rescheduled,true
ACT0000456,Email,2023-10-04 05:38:33,USR016,LEAD0129,,,,Meeting recap,No Response,true
ACT0000457,Meeting,2023-10-16 20:26:44,USR016,LEAD0129,,,,Discovery meeting,Rescheduled,true
ACT0000458,Call,2023-10-20 04:03:38,USR016,LEAD0129,,,,Pricing follow-up,No Response,true
ACT0000459,Meeting,2023-11-27 09:48:33,USR016,LEAD0129,,,,Discovery meeting,Rescheduled,true
ACT0000460,Email,2023-12-05 10:20:52,USR016,LEAD0129,,,,Proposal follow-up,Follow-Up Needed,true
ACT0000461,Call,2024-05-10 03:04:43,USR014,LEAD0130,,,,Stakeholder check-in,Connected,true
ACT0000462,Email,2024-05-11 17:58:46,USR014,LEAD0130,,,,Proposal follow-up,Follow-Up Needed,true
ACT0000463,Other,2024-05-14 06:41:30,USR014,LEAD0130,,,,Procurement follow-up,Other,true
ACT0000464,Email,2024-05-14 13:38:17,USR014,LEAD0130,,,,Proposal follow-up,Follow-Up Needed,true
ACT0000465,Call,2024-05-26 21:18:49,USR014,LEAD0130,,,,Pricing follow-up,Left Voicemail,true
ACT0000466,Email,2026-04-14 18:43:50,USR015,LEAD0131,,,,Proposal follow-up,Connected,true
ACT0000467,Email,2026-05-07 05:38:07,USR015,LEAD0131,,,,Proposal follow-up,Follow-Up Needed,true
ACT0000468,Call,2026-06-10 00:11:00,USR015,LEAD0131,,,,Stakeholder check-in,Follow-Up Needed,true
ACT0000469,Call,2026-07-07 22:50:06,USR015,LEAD0131,,,,Pricing follow-up,Left Voicemail,true
ACT0000470,Email,2024-12-21 15:05:30,USR015,LEAD0132,,,,Follow-up email,Connected,true
ACT0000471,Call,2025-01-15 23:32:05,USR015,LEAD0132,,,,Initial outreach call,No Response,true
ACT0000472,Call,2025-02-06 03:51:39,USR015,LEAD0132,,,,Follow-up call,Left Voicemail,true
ACT0000473,Call,2025-02-22 15:58:57,USR015,LEAD0132,,,,Stakeholder check-in,Follow-Up Needed,true
ACT0000474,Call,2023-10-13 08:35:54,USR016,LEAD0133,,,,Initial outreach call,Follow-Up Needed,true
ACT0000475,Email,2023-10-19 14:10:15,USR016,LEAD0133,,,,Introductory email,Connected,true
ACT0000476,Call,2023-10-19 18:51:43,USR016,LEAD0133,,,,Follow-up call,Follow-Up Needed,true
ACT0000477,Email,2024-11-29 02:58:58,USR014,LEAD0134,,,,Meeting recap,Connected,true
ACT0000478,Email,2025-01-22 22:41:10,USR014,LEAD0134,,,,Proposal follow-up,No Response,true
ACT0000479,Call,2025-03-24 04:26:57,USR014,LEAD0134,,,,Stakeholder check-in,Left Voicemail,true
ACT0000480,Email,2025-03-14 19:46:26,USR015,LEAD0135,,,,Follow-up email,Connected,true
ACT0000481,Email,2025-03-15 15:05:06,USR015,LEAD0135,,,,Follow-up email,Connected,true
ACT0000482,Email,2025-04-28 22:50:08,USR015,LEAD0135,,,,Follow-up email,No Response,true
ACT0000483,Meeting,2025-05-24 03:48:21,USR015,LEAD0135,,,,Requirements review,Follow-Up Needed,true
ACT0000484,Meeting,2025-06-12 01:50:33,USR015,LEAD0135,,,,Requirements review,Meeting Held,true
ACT0000485,Email,2026-02-24 06:00:07,USR015,LEAD0136,,,,Meeting recap,Connected,true
ACT0000486,Email,2026-05-07 00:41:09,USR015,LEAD0136,,,,Introductory email,Connected,true
ACT0000487,Email,2025-05-24 21:43:47,USR015,LEAD0137,,,,Proposal follow-up,No Response,true
ACT0000488,Meeting,2025-06-05 13:04:01,USR015,LEAD0137,,,,Requirements review,Rescheduled,true
ACT0000489,Other,2025-06-22 02:34:17,USR015,LEAD0137,,,,Contract coordination,Follow-Up Needed,true
ACT0000490,Demo,2025-07-07 08:36:23,USR015,LEAD0137,,,,Solution review,Meeting Held,true
ACT0000491,Call,2025-09-29 05:26:04,USR015,LEAD0137,,,,Pricing follow-up,Left Voicemail,true
ACT0000492,Email,2026-07-16 10:02:41,USR015,LEAD0138,,,,Introductory email,Connected,true
ACT0000493,Meeting,2026-07-16 13:13:29,USR015,LEAD0138,,,,Executive check-in,Follow-Up Needed,true
ACT0000494,Call,2026-07-23 13:16:28,USR015,LEAD0138,,,,Follow-up call,Follow-Up Needed,true
ACT0000495,Email,2026-08-08 12:05:47,USR015,LEAD0138,,,,Introductory email,No Response,true
ACT0000496,Call,2026-03-31 13:52:39,USR016,LEAD0139,,,,Follow-up call,Left Voicemail,true
ACT0000497,Email,2026-05-20 05:43:52,USR016,LEAD0139,,,,Proposal follow-up,Follow-Up Needed,true
ACT0000498,Other,2026-05-22 20:45:39,USR016,LEAD0139,,,,Internal customer follow-up,Other,true
ACT0000499,Email,2026-06-07 00:39:25,USR016,LEAD0139,,,,Next steps email,Connected,true
ACT0000500,Call,2022-06-02 18:08:34,USR015,LEAD0140,,,,Initial outreach call,Connected,true
ACT0000501,Call,2022-06-06 03:56:27,USR015,LEAD0140,,,,Pricing follow-up,Follow-Up Needed,true
ACT0000502,Email,2022-06-07 20:17:48,USR015,LEAD0140,,,,Follow-up email,Follow-Up Needed,true
ACT0000503,Email,2023-06-18 00:59:04,USR013,LEAD0141,,,,Follow-up email,No Response,true
ACT0000504,Email,2023-07-06 16:27:30,USR013,LEAD0141,,,,Meeting recap,Follow-Up Needed,true
ACT0000505,Email,2023-07-14 01:11:22,USR013,LEAD0141,,,,Next steps email,Connected,true
ACT0000506,Call,2023-11-04 14:21:54,USR015,LEAD0142,,,,Pricing follow-up,Left Voicemail,true
ACT0000507,Call,2023-11-14 17:47:29,USR015,LEAD0142,,,,Stakeholder check-in,Left Voicemail,true
ACT0000508,Email,2023-11-14 20:06:33,USR015,LEAD0142,,,,Proposal follow-up,Follow-Up Needed,true
ACT0000509,Meeting,2023-11-23 14:13:35,USR015,LEAD0142,,,,Executive check-in,Follow-Up Needed,true
ACT0000510,Email,2023-05-17 19:19:15,USR014,LEAD0143,,,,Proposal follow-up,Follow-Up Needed,true
ACT0000511,Email,2023-05-19 01:29:45,USR014,LEAD0143,,,,Next steps email,Connected,true
ACT0000512,Email,2023-06-19 03:47:29,USR014,LEAD0143,,,,Next steps email,Connected,true
ACT0000513,Email,2023-07-05 18:09:15,USR014,LEAD0143,,,,Proposal follow-up,No Response,true
ACT0000514,Call,2022-08-30 14:47:55,USR015,LEAD0144,,,,Follow-up call,No Response,true
ACT0000515,Email,2022-09-01 15:54:36,USR015,LEAD0144,,,,Next steps email,Connected,true
ACT0000516,Call,2022-10-16 12:21:32,USR015,LEAD0144,,,,Pricing follow-up,Follow-Up Needed,true
ACT0000517,Meeting,2022-10-19 14:09:50,USR015,LEAD0144,,,,Stakeholder meeting,Rescheduled,true
ACT0000518,Call,2022-11-20 11:20:23,USR015,LEAD0144,,,,Initial outreach call,Connected,true
ACT0000519,Call,2023-07-06 07:33:14,USR016,LEAD0145,,,,Stakeholder check-in,Follow-Up Needed,true
ACT0000520,Demo,2023-08-28 05:17:20,USR016,LEAD0145,,,,Technical demo,Rescheduled,true
ACT0000521,Meeting,2023-08-30 00:54:51,USR016,LEAD0145,,,,Requirements review,Rescheduled,true
ACT0000522,Call,2026-02-06 03:15:04,USR016,LEAD0146,,,,Pricing follow-up,Follow-Up Needed,true
ACT0000523,Other,2026-02-28 14:34:35,USR016,LEAD0146,,,,Contract coordination,Connected,true
ACT0000524,Email,2026-04-10 10:34:30,USR016,LEAD0146,,,,Follow-up email,Connected,true
ACT0000525,Email,2026-02-23 08:08:15,USR016,LEAD0147,,,,Next steps email,No Response,true
ACT0000526,Call,2026-02-27 05:18:32,USR016,LEAD0147,,,,Follow-up call,No Response,true
ACT0000527,Demo,2026-03-03 02:21:19,USR016,LEAD0147,,,,Workflow demonstration,Follow-Up Needed,true
ACT0000528,Email,2026-03-21 06:53:52,USR016,LEAD0147,,,,Proposal follow-up,Follow-Up Needed,true
ACT0000529,Email,2026-03-26 16:21:45,USR016,LEAD0147,,,,Follow-up email,Follow-Up Needed,true
ACT0000530,Call,2023-08-01 01:26:04,USR015,LEAD0148,,,,Stakeholder check-in,Left Voicemail,true
ACT0000531,Call,2023-09-05 10:21:49,USR015,LEAD0148,,,,Qualification call,No Response,true
ACT0000532,Email,2023-09-08 00:23:23,USR013,LEAD0149,,,,Introductory email,Connected,true
ACT0000533,Email,2023-09-27 00:32:56,USR013,LEAD0149,,,,Introductory email,Follow-Up Needed,true
ACT0000534,Call,2023-09-27 18:41:22,USR013,LEAD0149,,,,Stakeholder check-in,Connected,true
ACT0000535,Call,2023-10-27 15:37:23,USR013,LEAD0149,,,,Pricing follow-up,No Response,true
ACT0000536,Email,2023-12-08 09:10:35,USR013,LEAD0149,,,,Next steps email,Follow-Up Needed,true
ACT0000537,Call,2026-04-14 10:47:51,USR014,LEAD0150,,,,Initial outreach call,Connected,true
ACT0000538,Email,2026-06-03 05:16:05,USR014,LEAD0150,,,,Introductory email,Connected,true
ACT0000539,Other,2024-11-05 00:50:57,USR015,LEAD0151,,,,Internal customer follow-up,Connected,true
ACT0000540,Email,2024-11-07 00:11:02,USR015,LEAD0151,,,,Follow-up email,Follow-Up Needed,true
ACT0000541,Email,2024-12-11 10:33:48,USR015,LEAD0151,,,,Follow-up email,Connected,true
ACT0000542,Call,2026-01-30 22:44:13,USR013,LEAD0152,,,,Initial outreach call,No Response,true
ACT0000543,Meeting,2026-02-05 20:59:48,USR013,LEAD0152,,,,Stakeholder meeting,Follow-Up Needed,true
ACT0000544,Email,2026-02-11 17:19:36,USR013,LEAD0152,,,,Next steps email,No Response,true
ACT0000545,Call,2026-02-21 22:55:57,USR013,LEAD0152,,,,Stakeholder check-in,No Response,true
ACT0000546,Call,2024-02-13 01:56:36,USR016,LEAD0153,,,,Initial outreach call,Follow-Up Needed,true
ACT0000547,Email,2024-02-17 20:01:56,USR016,LEAD0153,,,,Introductory email,Connected,true
ACT0000548,Call,2024-03-08 13:04:32,USR016,LEAD0153,,,,Pricing follow-up,Connected,true
ACT0000549,Meeting,2024-04-11 23:08:28,USR016,LEAD0153,,,,Executive check-in,Follow-Up Needed,true
ACT0000550,Other,2024-05-09 23:33:45,USR016,LEAD0153,,,,Internal customer follow-up,Other,true
ACT0000551,Call,2023-01-24 17:47:46,USR015,LEAD0154,,,,Follow-up call,Left Voicemail,true
ACT0000552,Call,2023-01-28 00:34:55,USR015,LEAD0154,,,,Stakeholder check-in,No Response,true
ACT0000553,Meeting,2023-01-28 02:28:13,USR015,LEAD0154,,,,Executive check-in,Rescheduled,true
ACT0000554,Email,2023-01-31 12:24:05,USR015,LEAD0154,,,,Follow-up email,No Response,true
ACT0000555,Email,2023-02-06 07:17:18,USR015,LEAD0154,,,,Introductory email,No Response,true
ACT0000556,Email,2023-08-07 20:04:15,USR016,LEAD0155,,,,Introductory email,Connected,true
ACT0000557,Demo,2023-08-12 01:06:08,USR016,LEAD0155,,,,Technical demo,Follow-Up Needed,true
ACT0000558,Email,2023-07-16 13:08:52,USR016,LEAD0156,,,,Next steps email,Follow-Up Needed,true
ACT0000559,Email,2023-08-05 10:13:07,USR016,LEAD0156,,,,Introductory email,Connected,true
ACT0000560,Email,2023-09-13 10:31:39,USR016,LEAD0156,,,,Next steps email,Connected,true
ACT0000561,Demo,2024-09-30 01:40:59,USR015,LEAD0157,,,,Workflow demonstration,Meeting Held,true
ACT0000562,Call,2024-10-02 16:07:22,USR015,LEAD0157,,,,Follow-up call,Left Voicemail,true
ACT0000563,Meeting,2024-10-10 18:51:50,USR015,LEAD0157,,,,Discovery meeting,Follow-Up Needed,true
ACT0000564,Call,2024-10-13 06:35:00,USR015,LEAD0157,,,,Pricing follow-up,Connected,true
ACT0000565,Call,2024-10-23 15:43:31,USR015,LEAD0157,,,,Stakeholder check-in,Connected,true
ACT0000566,Email,2025-06-01 17:06:09,USR016,LEAD0158,,,,Follow-up email,Follow-Up Needed,true
ACT0000567,Email,2025-06-06 20:06:15,USR016,LEAD0158,,,,Introductory email,Follow-Up Needed,true
ACT0000568,Email,2025-06-12 18:21:35,USR016,LEAD0158,,,,Proposal follow-up,Connected,true
ACT0000569,Email,2026-02-01 01:39:37,USR016,LEAD0159,,,,Follow-up email,Follow-Up Needed,true
ACT0000570,Call,2026-02-12 00:29:46,USR016,LEAD0159,,,,Stakeholder check-in,Follow-Up Needed,true
ACT0000571,Meeting,2026-02-20 16:36:23,USR016,LEAD0159,,,,Requirements review,Rescheduled,true
ACT0000572,Email,2025-09-23 22:40:51,USR015,LEAD0160,,,,Proposal follow-up,Follow-Up Needed,true
ACT0000573,Email,2025-10-17 20:34:49,USR015,LEAD0160,,,,Proposal follow-up,No Response,true
ACT0000574,Call,2025-11-09 14:59:04,USR015,LEAD0160,,,,Pricing follow-up,Left Voicemail,true
ACT0000575,Email,2022-10-18 10:13:07,USR016,LEAD0161,,,,Proposal follow-up,No Response,true
ACT0000576,Email,2022-12-04 06:16:01,USR016,LEAD0161,,,,Next steps email,No Response,true
ACT0000577,Email,2023-06-16 21:24:17,USR014,LEAD0162,,,,Meeting recap,Connected,true
ACT0000578,Email,2023-07-12 12:06:45,USR014,LEAD0162,,,,Proposal follow-up,Follow-Up Needed,true
ACT0000579,Email,2023-07-19 11:24:34,USR014,LEAD0162,,,,Introductory email,Follow-Up Needed,true
ACT0000580,Call,2023-08-01 14:21:16,USR014,LEAD0162,,,,Follow-up call,Follow-Up Needed,true
ACT0000581,Call,2023-08-09 01:25:27,USR014,LEAD0162,,,,Initial outreach call,Connected,true
ACT0000582,Email,2024-08-17 17:06:52,USR013,LEAD0163,,,,Follow-up email,No Response,true
ACT0000583,Call,2024-08-24 07:51:07,USR013,LEAD0163,,,,Initial outreach call,Connected,true
ACT0000584,Email,2024-09-03 04:15:41,USR013,LEAD0163,,,,Meeting recap,Connected,true
ACT0000585,Email,2024-09-14 14:09:28,USR013,LEAD0163,,,,Next steps email,No Response,true
ACT0000586,Call,2026-05-12 07:12:33,USR015,LEAD0164,,,,Stakeholder check-in,Follow-Up Needed,true
ACT0000587,Other,2026-05-29 23:09:50,USR015,LEAD0164,,,,Contract coordination,Other,true
ACT0000588,Demo,2026-06-19 23:42:38,USR015,LEAD0164,,,,Product demo,Meeting Held,true
ACT0000589,Email,2026-07-05 07:27:33,USR015,LEAD0164,,,,Meeting recap,Follow-Up Needed,true
ACT0000590,Call,2026-05-06 13:47:00,USR015,LEAD0165,,,,Follow-up call,No Response,true
ACT0000591,Email,2026-05-11 08:27:10,USR015,LEAD0165,,,,Meeting recap,Connected,true
ACT0000592,Demo,2026-05-26 22:19:06,USR015,LEAD0165,,,,Product demo,Meeting Held,true
ACT0000593,Call,2026-06-18 05:27:09,USR015,LEAD0165,,,,Stakeholder check-in,Follow-Up Needed,true
ACT0000594,Email,2026-07-02 22:43:42,USR015,LEAD0165,,,,Proposal follow-up,No Response,true
ACT0000595,Call,2023-09-10 02:44:48,USR013,LEAD0166,,,,Initial outreach call,Connected,true
ACT0000596,Email,2023-09-30 08:55:37,USR013,LEAD0166,,,,Next steps email,Connected,true
ACT0000597,Email,2023-10-11 23:08:08,USR013,LEAD0166,,,,Follow-up email,No Response,true
ACT0000598,Email,2023-10-16 18:51:43,USR013,LEAD0166,,,,Follow-up email,Connected,true
ACT0000599,Call,2024-11-16 06:07:03,USR015,LEAD0167,,,,Initial outreach call,Connected,true
ACT0000600,Email,2024-11-18 07:04:52,USR015,LEAD0167,,,,Meeting recap,Connected,true
ACT0000601,Email,2024-11-20 19:56:28,USR015,LEAD0167,,,,Next steps email,Follow-Up Needed,true
ACT0000602,Call,2026-04-26 03:51:58,USR016,LEAD0168,,,,Follow-up call,Left Voicemail,true
ACT0000603,Call,2026-05-31 19:16:49,USR016,LEAD0168,,,,Initial outreach call,Left Voicemail,true
ACT0000604,Email,2025-03-29 07:39:47,USR016,LEAD0169,,,,Proposal follow-up,No Response,true
ACT0000605,Meeting,2025-05-03 22:38:54,USR016,LEAD0169,,,,Discovery meeting,Meeting Held,true
ACT0000606,Demo,2025-06-07 02:14:59,USR016,LEAD0169,,,,Product demo,Meeting Held,true
ACT0000607,Email,2025-06-26 07:31:56,USR016,LEAD0169,,,,Proposal follow-up,No Response,true
ACT0000608,Email,2024-03-12 22:42:55,USR016,LEAD0170,,,,Next steps email,Follow-Up Needed,true
ACT0000609,Call,2024-04-29 16:34:45,USR016,LEAD0170,,,,Follow-up call,No Response,true
ACT0000610,Call,2024-06-20 06:32:59,USR016,LEAD0170,,,,Stakeholder check-in,Follow-Up Needed,true
ACT0000611,Call,2023-08-03 16:23:18,USR016,LEAD0171,,,,Stakeholder check-in,Follow-Up Needed,true
ACT0000612,Email,2023-08-09 07:53:35,USR016,LEAD0171,,,,Proposal follow-up,Connected,true
ACT0000613,Call,2026-04-03 07:18:36,USR015,LEAD0172,,,,Stakeholder check-in,Left Voicemail,true
ACT0000614,Call,2026-05-15 02:49:34,USR015,LEAD0172,,,,Qualification call,Left Voicemail,true
ACT0000615,Email,2026-06-03 09:25:31,USR015,LEAD0172,,,,Next steps email,Connected,true
ACT0000616,Email,2026-03-22 19:32:33,USR014,LEAD0173,,,,Follow-up email,Follow-Up Needed,true
ACT0000617,Email,2026-04-03 15:05:58,USR014,LEAD0173,,,,Meeting recap,No Response,true
ACT0000618,Call,2026-04-11 07:25:36,USR014,LEAD0173,,,,Stakeholder check-in,Left Voicemail,true
ACT0000619,Email,2026-04-23 11:21:58,USR014,LEAD0173,,,,Next steps email,Follow-Up Needed,true
ACT0000620,Call,2026-05-05 07:30:28,USR014,LEAD0173,,,,Qualification call,Connected,true
ACT0000621,Email,2026-08-05 12:00:27,USR013,LEAD0174,,,,Introductory email,Follow-Up Needed,true
ACT0000622,Call,2026-08-05 15:02:10,USR013,LEAD0174,,,,Follow-up call,Follow-Up Needed,true
ACT0000623,Meeting,2026-08-06 04:33:28,USR013,LEAD0174,,,,Requirements review,Rescheduled,true
ACT0000624,Demo,2026-08-14 02:49:56,USR013,LEAD0174,,,,Solution review,Follow-Up Needed,true
ACT0000625,Email,2022-08-15 14:00:06,USR016,LEAD0175,,,,Proposal follow-up,Connected,true
ACT0000626,Call,2022-08-20 14:25:57,USR016,LEAD0175,,,,Follow-up call,Connected,true
ACT0000627,Email,2022-08-27 21:30:43,USR016,LEAD0175,,,,Follow-up email,No Response,true
ACT0000628,Call,2022-08-28 16:49:01,USR016,LEAD0175,,,,Initial outreach call,Left Voicemail,true
ACT0000629,Call,2025-12-18 04:24:27,USR014,LEAD0176,,,,Stakeholder check-in,No Response,true
ACT0000630,Email,2026-02-03 10:52:35,USR014,LEAD0176,,,,Proposal follow-up,Connected,true
ACT0000631,Call,2026-02-09 11:40:44,USR014,LEAD0176,,,,Stakeholder check-in,Left Voicemail,true
ACT0000632,Call,2026-02-27 12:18:44,USR014,LEAD0176,,,,Pricing follow-up,No Response,true
ACT0000633,Call,2022-12-08 11:33:23,USR014,LEAD0177,,,,Stakeholder check-in,Follow-Up Needed,true
ACT0000634,Call,2023-01-16 10:13:19,USR014,LEAD0177,,,,Stakeholder check-in,No Response,true
ACT0000635,Email,2025-11-27 01:21:06,USR015,LEAD0178,,,,Proposal follow-up,Follow-Up Needed,true
ACT0000636,Email,2025-12-17 13:51:04,USR015,LEAD0178,,,,Proposal follow-up,Connected,true
ACT0000637,Email,2024-05-05 10:08:00,USR013,LEAD0179,,,,Next steps email,Follow-Up Needed,true
ACT0000638,Email,2024-05-20 23:30:00,USR013,LEAD0179,,,,Next steps email,No Response,true
ACT0000639,Call,2024-05-24 10:03:47,USR013,LEAD0179,,,,Qualification call,Left Voicemail,true
ACT0000640,Email,2024-06-26 04:35:44,USR013,LEAD0179,,,,Proposal follow-up,Follow-Up Needed,true
ACT0000641,Call,2023-05-15 13:35:32,USR016,LEAD0180,,,,Follow-up call,No Response,true
ACT0000642,Email,2023-06-12 08:36:17,USR016,LEAD0180,,,,Next steps email,No Response,true
ACT0000643,Email,2023-06-19 03:26:42,USR016,LEAD0180,,,,Proposal follow-up,Follow-Up Needed,true
ACT0000644,Email,2023-07-03 22:38:38,USR016,LEAD0180,,,,Next steps email,Connected,true
ACT0000645,Email,2023-07-08 14:21:16,USR016,LEAD0180,,,,Meeting recap,Connected,true
ACT0000646,Email,2026-07-14 21:03:53,USR016,LEAD0181,,,,Introductory email,Connected,true
ACT0000647,Email,2026-07-16 17:05:45,USR016,LEAD0181,,,,Introductory email,Follow-Up Needed,true
ACT0000648,Email,2026-08-01 06:03:08,USR016,LEAD0181,,,,Meeting recap,Connected,true
ACT0000649,Email,2026-08-19 07:06:48,USR016,LEAD0181,,,,Meeting recap,No Response,true
ACT0000650,Meeting,2026-08-22 09:23:53,USR016,LEAD0181,,,,Discovery meeting,Follow-Up Needed,true
ACT0000651,Call,2023-09-02 21:46:21,USR013,LEAD0182,,,,Qualification call,Left Voicemail,true
ACT0000652,Call,2023-09-04 22:27:54,USR013,LEAD0182,,,,Pricing follow-up,Connected,true
ACT0000653,Other,2023-09-26 02:31:03,USR013,LEAD0182,,,,Procurement follow-up,Follow-Up Needed,true
ACT0000654,Email,2023-03-02 08:54:34,USR014,LEAD0183,,,,Follow-up email,No Response,true
ACT0000655,Demo,2023-03-18 11:44:37,USR014,LEAD0183,,,,Product demo,Follow-Up Needed,true
ACT0000656,Email,2023-03-27 11:35:46,USR014,LEAD0183,,,,Introductory email,Connected,true
ACT0000657,Call,2026-02-02 21:04:46,USR014,LEAD0184,,,,Stakeholder check-in,Left Voicemail,true
ACT0000658,Meeting,2026-03-27 08:42:47,USR014,LEAD0184,,,,Executive check-in,Rescheduled,true
ACT0000659,Meeting,2026-04-01 19:59:26,USR014,LEAD0184,,,,Commercial review,Meeting Held,true
ACT0000660,Call,2023-06-17 09:03:34,USR013,LEAD0185,,,,Initial outreach call,Follow-Up Needed,true
ACT0000661,Email,2023-07-17 02:52:18,USR013,LEAD0185,,,,Follow-up email,Follow-Up Needed,true
ACT0000662,Email,2023-08-09 19:50:48,USR013,LEAD0185,,,,Proposal follow-up,No Response,true
ACT0000663,Email,2023-09-02 10:05:19,USR013,LEAD0185,,,,Introductory email,No Response,true
ACT0000664,Email,2024-03-04 22:47:29,USR014,LEAD0186,,,,Introductory email,Connected,true
ACT0000665,Demo,2024-04-04 17:26:26,USR014,LEAD0186,,,,Technical demo,Meeting Held,true
ACT0000666,Call,2026-02-09 09:25:59,USR013,LEAD0187,,,,Stakeholder check-in,Left Voicemail,true
ACT0000667,Call,2026-03-11 20:44:26,USR013,LEAD0187,,,,Stakeholder check-in,Left Voicemail,true
ACT0000668,Email,2026-03-12 12:48:48,USR013,LEAD0187,,,,Follow-up email,Follow-Up Needed,true
ACT0000669,Other,2026-03-23 23:04:34,USR013,LEAD0187,,,,Internal customer follow-up,Connected,true
ACT0000670,Other,2026-05-09 10:53:19,USR013,LEAD0187,,,,Contract coordination,Follow-Up Needed,true
ACT0000671,Call,2024-05-15 17:26:53,USR015,LEAD0188,,,,Follow-up call,Left Voicemail,true
ACT0000672,Call,2024-05-21 16:04:14,USR015,LEAD0188,,,,Qualification call,Left Voicemail,true
ACT0000673,Call,2024-05-24 00:37:27,USR015,LEAD0188,,,,Follow-up call,Left Voicemail,true
ACT0000674,Email,2024-05-29 02:03:35,USR015,LEAD0188,,,,Proposal follow-up,Connected,true
ACT0000675,Email,2022-05-28 17:57:56,USR015,LEAD0189,,,,Next steps email,Follow-Up Needed,true
ACT0000676,Email,2022-05-30 08:53:22,USR015,LEAD0189,,,,Follow-up email,Follow-Up Needed,true
ACT0000677,Email,2022-06-25 11:17:23,USR015,LEAD0189,,,,Meeting recap,No Response,true
ACT0000678,Email,2026-06-01 11:58:36,USR015,LEAD0190,,,,Proposal follow-up,Connected,true
ACT0000679,Call,2026-08-21 17:59:16,USR015,LEAD0190,,,,Initial outreach call,Connected,true
ACT0000680,Call,2023-01-21 23:14:18,USR016,LEAD0191,,,,Pricing follow-up,Follow-Up Needed,true
ACT0000681,Call,2023-01-24 11:26:55,USR016,LEAD0191,,,,Stakeholder check-in,Connected,true
ACT0000682,Call,2023-01-31 12:54:39,USR016,LEAD0191,,,,Pricing follow-up,Left Voicemail,true
ACT0000683,Call,2023-11-23 02:17:04,USR016,LEAD0192,,,,Stakeholder check-in,No Response,true
ACT0000684,Email,2023-11-24 22:08:24,USR016,LEAD0192,,,,Follow-up email,No Response,true
ACT0000685,Call,2025-02-03 14:59:44,USR015,LEAD0193,,,,Initial outreach call,No Response,true
ACT0000686,Meeting,2025-02-08 14:42:48,USR015,LEAD0193,,,,Commercial review,Meeting Held,true
ACT0000687,Email,2024-07-26 19:36:42,USR014,LEAD0194,,,,Proposal follow-up,Connected,true
ACT0000688,Email,2024-08-04 04:56:16,USR014,LEAD0194,,,,Introductory email,Connected,true
ACT0000689,Meeting,2024-08-06 16:41:37,USR014,LEAD0194,,,,Stakeholder meeting,Rescheduled,true
ACT0000690,Email,2025-11-14 13:37:05,USR016,LEAD0195,,,,Proposal follow-up,Connected,true
ACT0000691,Email,2025-12-19 09:03:14,USR016,LEAD0195,,,,Meeting recap,Connected,true
ACT0000692,Email,2025-05-19 04:08:41,USR013,LEAD0196,,,,Proposal follow-up,Connected,true
ACT0000693,Email,2025-06-03 21:57:26,USR013,LEAD0196,,,,Introductory email,Connected,true
ACT0000694,Call,2025-06-12 17:45:55,USR013,LEAD0196,,,,Stakeholder check-in,No Response,true
ACT0000695,Email,2025-10-24 17:17:00,USR014,LEAD0197,,,,Follow-up email,Connected,true
ACT0000696,Call,2025-11-11 06:23:38,USR014,LEAD0197,,,,Follow-up call,No Response,true
ACT0000697,Call,2025-12-11 04:17:47,USR014,LEAD0197,,,,Qualification call,No Response,true
ACT0000698,Call,2025-12-17 05:38:48,USR014,LEAD0197,,,,Follow-up call,Follow-Up Needed,true
ACT0000699,Email,2023-10-24 12:39:34,USR013,LEAD0198,,,,Proposal follow-up,Connected,true
ACT0000700,Meeting,2023-11-25 11:24:06,USR013,LEAD0198,,,,Executive check-in,Follow-Up Needed,true
ACT0000701,Other,2025-05-13 00:51:01,USR014,LEAD0199,,,,Procurement follow-up,Follow-Up Needed,true
ACT0000702,Call,2025-05-13 18:07:18,USR014,LEAD0199,,,,Qualification call,No Response,true
ACT0000703,Email,2025-05-14 10:21:17,USR014,LEAD0199,,,,Proposal follow-up,Follow-Up Needed,true
ACT0000704,Meeting,2025-05-18 07:34:02,USR014,LEAD0199,,,,Stakeholder meeting,Follow-Up Needed,true
ACT0000705,Email,2025-05-24 14:25:46,USR014,LEAD0199,,,,Meeting recap,Connected,true
ACT0000706,Email,2025-05-05 02:21:36,USR016,LEAD0200,,,,Follow-up email,Connected,true
ACT0000707,Email,2025-05-21 16:34:39,USR016,LEAD0200,,,,Next steps email,Connected,true
ACT0000708,Email,2025-06-07 01:05:44,USR016,LEAD0200,,,,Next steps email,No Response,true
ACT0000709,Email,2025-06-13 09:21:13,USR016,LEAD0200,,,,Meeting recap,Connected,true
ACT0000710,Email,2026-03-26 07:28:15,USR013,LEAD0201,,,,Meeting recap,Connected,true
ACT0000711,Email,2026-04-01 08:49:20,USR013,LEAD0201,,,,Next steps email,Connected,true
ACT0000712,Call,2026-04-26 02:19:12,USR013,LEAD0201,,,,Follow-up call,Follow-Up Needed,true
ACT0000713,Call,2026-05-01 22:17:49,USR013,LEAD0201,,,,Stakeholder check-in,Follow-Up Needed,true
ACT0000714,Meeting,2026-06-15 19:11:53,USR013,LEAD0201,,,,Commercial review,Rescheduled,true
ACT0000715,Email,2025-02-08 02:58:51,USR014,LEAD0202,,,,Next steps email,Follow-Up Needed,true
ACT0000716,Call,2025-03-24 11:16:33,USR014,LEAD0202,,,,Pricing follow-up,Connected,true
ACT0000717,Call,2025-11-16 23:03:50,USR013,LEAD0203,,,,Stakeholder check-in,Left Voicemail,true
ACT0000718,Call,2025-11-22 00:13:48,USR013,LEAD0203,,,,Pricing follow-up,Left Voicemail,true
ACT0000719,Email,2025-12-22 03:50:31,USR013,LEAD0203,,,,Follow-up email,Connected,true
ACT0000720,Email,2025-12-29 23:55:51,USR013,LEAD0203,,,,Proposal follow-up,No Response,true
ACT0000721,Email,2026-04-19 06:48:58,USR013,LEAD0204,,,,Meeting recap,No Response,true
ACT0000722,Other,2026-04-26 02:52:37,USR013,LEAD0204,,,,Procurement follow-up,Connected,true
ACT0000723,Call,2026-05-31 19:29:36,USR013,LEAD0204,,,,Initial outreach call,Connected,true
ACT0000724,Email,2026-06-25 08:55:39,USR015,LEAD0205,,,,Next steps email,Connected,true
ACT0000725,Call,2026-06-28 16:26:46,USR015,LEAD0205,,,,Follow-up call,No Response,true
ACT0000726,Call,2026-07-04 04:33:45,USR015,LEAD0205,,,,Stakeholder check-in,Left Voicemail,true
ACT0000727,Email,2024-09-13 02:55:22,USR013,LEAD0206,,,,Proposal follow-up,Follow-Up Needed,true
ACT0000728,Meeting,2024-10-11 17:56:20,USR013,LEAD0206,,,,Discovery meeting,Follow-Up Needed,true
ACT0000729,Email,2024-10-14 17:26:20,USR013,LEAD0206,,,,Proposal follow-up,Connected,true
ACT0000730,Email,2023-04-11 07:08:14,USR013,LEAD0207,,,,Introductory email,Connected,true
ACT0000731,Other,2023-04-17 05:29:05,USR013,LEAD0207,,,,Contract coordination,Other,true
ACT0000732,Email,2026-07-15 00:14:13,USR015,LEAD0208,,,,Follow-up email,Connected,true
ACT0000733,Email,2026-07-15 03:32:49,USR015,LEAD0208,,,,Meeting recap,No Response,true
ACT0000734,Email,2026-08-09 18:33:14,USR015,LEAD0208,,,,Next steps email,Follow-Up Needed,true
ACT0000735,Email,2026-02-10 15:48:28,USR014,LEAD0209,,,,Proposal follow-up,No Response,true
ACT0000736,Email,2026-03-15 19:41:31,USR014,LEAD0209,,,,Introductory email,Connected,true
ACT0000737,Other,2026-03-16 22:27:45,USR014,LEAD0209,,,,Contract coordination,Follow-Up Needed,true
ACT0000738,Email,2026-02-23 05:10:23,USR015,LEAD0210,,,,Proposal follow-up,Connected,true
ACT0000739,Email,2026-02-24 20:12:12,USR015,LEAD0210,,,,Follow-up email,Connected,true
ACT0000740,Meeting,2026-03-09 21:10:23,USR015,LEAD0210,,,,Commercial review,Meeting Held,true
ACT0000741,Meeting,2026-03-30 07:57:41,USR015,LEAD0210,,,,Commercial review,Rescheduled,true
ACT0000742,Meeting,2026-04-22 04:35:06,USR015,LEAD0210,,,,Executive check-in,Follow-Up Needed,true
ACT0000743,Email,2023-06-15 12:02:09,USR014,LEAD0211,,,,Proposal follow-up,Connected,true
ACT0000744,Email,2023-07-09 07:02:22,USR014,LEAD0211,,,,Introductory email,No Response,true
ACT0000745,Meeting,2023-09-03 15:53:58,USR014,LEAD0211,,,,Stakeholder meeting,Meeting Held,true
ACT0000746,Call,2026-05-24 10:11:32,USR015,LEAD0212,,,,Qualification call,Connected,true
ACT0000747,Email,2026-09-07 23:18:50,USR015,LEAD0212,,,,Next steps email,No Response,true
ACT0000748,Call,2024-09-21 18:20:33,USR013,LEAD0213,,,,Pricing follow-up,Left Voicemail,true
ACT0000749,Email,2024-10-03 07:13:34,USR013,LEAD0213,,,,Meeting recap,Follow-Up Needed,true
ACT0000750,Call,2024-10-25 16:12:31,USR013,LEAD0213,,,,Initial outreach call,Follow-Up Needed,true
ACT0000751,Call,2024-04-12 16:11:18,USR016,LEAD0214,,,,Initial outreach call,Connected,true
ACT0000752,Email,2024-04-14 22:46:27,USR016,LEAD0214,,,,Next steps email,Follow-Up Needed,true
ACT0000753,Email,2024-04-21 13:13:05,USR016,LEAD0214,,,,Proposal follow-up,No Response,true
ACT0000754,Call,2024-05-19 05:26:19,USR016,LEAD0214,,,,Stakeholder check-in,Connected,true
ACT0000755,Other,2026-01-05 16:00:58,USR013,LEAD0215,,,,Procurement follow-up,Connected,true
ACT0000756,Call,2026-01-07 05:36:06,USR013,LEAD0215,,,,Initial outreach call,Connected,true
ACT0000757,Call,2026-02-02 08:54:51,USR013,LEAD0215,,,,Follow-up call,No Response,true
ACT0000758,Call,2026-02-05 16:09:44,USR013,LEAD0215,,,,Follow-up call,Follow-Up Needed,true
ACT0000759,Call,2024-09-15 21:25:28,USR016,LEAD0216,,,,Stakeholder check-in,Connected,true
ACT0000760,Email,2024-09-17 18:41:06,USR016,LEAD0216,,,,Introductory email,Follow-Up Needed,true
ACT0000761,Call,2024-10-07 11:35:40,USR016,LEAD0216,,,,Pricing follow-up,No Response,true
ACT0000762,Call,2024-05-12 09:53:20,USR013,LEAD0217,,,,Qualification call,Left Voicemail,true
ACT0000763,Meeting,2024-05-13 04:19:35,USR013,LEAD0217,,,,Discovery meeting,Follow-Up Needed,true
ACT0000764,Email,2024-05-15 11:18:54,USR013,LEAD0217,,,,Introductory email,Follow-Up Needed,true
ACT0000765,Call,2024-05-30 21:23:50,USR013,LEAD0217,,,,Follow-up call,Connected,true
ACT0000766,Email,2024-06-09 07:36:17,USR013,LEAD0217,,,,Follow-up email,Follow-Up Needed,true
ACT0000767,Call,2025-07-25 00:17:07,USR013,LEAD0218,,,,Initial outreach call,Connected,true
ACT0000768,Email,2025-08-02 13:58:56,USR013,LEAD0218,,,,Proposal follow-up,Connected,true
ACT0000769,Meeting,2025-08-03 19:28:59,USR013,LEAD0218,,,,Requirements review,Rescheduled,true
ACT0000770,Call,2025-08-10 08:15:31,USR013,LEAD0218,,,,Pricing follow-up,Connected,true
ACT0000771,Call,2025-08-18 00:38:47,USR013,LEAD0218,,,,Follow-up call,Left Voicemail,true
ACT0000772,Call,2023-02-12 09:28:40,USR013,LEAD0219,,,,Initial outreach call,Left Voicemail,true
ACT0000773,Call,2023-03-26 21:53:53,USR013,LEAD0219,,,,Qualification call,Connected,true
ACT0000774,Call,2025-01-20 23:05:18,USR015,LEAD0220,,,,Pricing follow-up,Left Voicemail,true
ACT0000775,Call,2025-02-09 18:46:44,USR015,LEAD0220,,,,Pricing follow-up,Left Voicemail,true
ACT0000776,Call,2025-02-15 10:09:38,USR015,LEAD0220,,,,Follow-up call,No Response,true
ACT0000777,Email,2026-01-28 06:42:47,USR015,LEAD0221,,,,Proposal follow-up,Follow-Up Needed,true
ACT0000778,Email,2026-01-29 11:42:39,USR015,LEAD0221,,,,Meeting recap,Connected,true
ACT0000779,Call,2024-05-14 01:32:29,USR016,LEAD0222,,,,Follow-up call,Follow-Up Needed,true
ACT0000780,Call,2024-05-15 17:18:23,USR016,LEAD0222,,,,Follow-up call,Left Voicemail,true
ACT0000781,Meeting,2024-06-23 23:50:17,USR016,LEAD0222,,,,Discovery meeting,Follow-Up Needed,true
ACT0000782,Demo,2024-07-30 02:43:48,USR016,LEAD0222,,,,Technical demo,Follow-Up Needed,true
ACT0000783,Email,2025-08-11 11:08:32,USR016,LEAD0223,,,,Proposal follow-up,Follow-Up Needed,true
ACT0000784,Email,2025-08-20 17:23:55,USR016,LEAD0223,,,,Proposal follow-up,Follow-Up Needed,true
ACT0000785,Call,2023-08-20 00:58:47,USR015,LEAD0224,,,,Qualification call,Connected,true
ACT0000786,Meeting,2023-09-15 04:30:18,USR015,LEAD0224,,,,Requirements review,Meeting Held,true
ACT0000787,Email,2023-09-20 11:19:01,USR015,LEAD0224,,,,Proposal follow-up,No Response,true
ACT0000788,Email,2023-10-13 13:24:44,USR015,LEAD0224,,,,Introductory email,Follow-Up Needed,true
ACT0000789,Email,2023-11-13 14:40:45,USR016,LEAD0225,,,,Proposal follow-up,No Response,true
ACT0000790,Other,2023-11-17 19:59:26,USR016,LEAD0225,,,,Procurement follow-up,Connected,true
ACT0000791,Meeting,2023-11-29 14:02:29,USR016,LEAD0225,,,,Discovery meeting,Follow-Up Needed,true
ACT0000792,Email,2023-12-02 10:15:17,USR016,LEAD0225,,,,Introductory email,No Response,true
ACT0000793,Other,2023-12-11 11:02:36,USR016,LEAD0225,,,,Procurement follow-up,Connected,true
ACT0000794,Call,2024-06-28 18:52:50,USR016,LEAD0226,,,,Follow-up call,Follow-Up Needed,true
ACT0000795,Other,2024-07-20 14:05:41,USR016,LEAD0226,,,,Internal customer follow-up,Other,true
ACT0000796,Meeting,2024-08-05 17:22:18,USR016,LEAD0226,,,,Executive check-in,Follow-Up Needed,true
ACT0000797,Call,2026-05-09 10:55:27,USR015,LEAD0227,,,,Stakeholder check-in,Left Voicemail,true
ACT0000798,Meeting,2026-08-09 23:23:50,USR015,LEAD0227,,,,Commercial review,Rescheduled,true
ACT0000799,Call,2023-03-27 07:50:36,USR016,LEAD0228,,,,Follow-up call,Connected,true
ACT0000800,Other,2023-04-07 12:05:35,USR016,LEAD0228,,,,Procurement follow-up,Follow-Up Needed,true
ACT0000801,Email,2026-01-04 15:05:54,USR015,LEAD0229,,,,Next steps email,Follow-Up Needed,true
ACT0000802,Email,2026-01-28 03:43:24,USR015,LEAD0229,,,,Follow-up email,Follow-Up Needed,true
ACT0000803,Meeting,2026-02-28 22:20:35,USR015,LEAD0229,,,,Stakeholder meeting,Meeting Held,true
ACT0000804,Email,2025-11-28 22:28:06,USR015,LEAD0230,,,,Next steps email,No Response,true
ACT0000805,Email,2025-12-11 07:35:23,USR015,LEAD0230,,,,Proposal follow-up,Connected,true
ACT0000806,Call,2025-12-20 04:33:23,USR015,LEAD0230,,,,Qualification call,Connected,true
ACT0000807,Email,2024-03-10 06:06:06,USR016,LEAD0231,,,,Meeting recap,Connected,true
ACT0000808,Email,2024-04-23 17:17:20,USR016,LEAD0231,,,,Meeting recap,Follow-Up Needed,true
ACT0000809,Email,2024-05-19 16:08:01,USR016,LEAD0231,,,,Next steps email,Follow-Up Needed,true
ACT0000810,Call,2025-11-28 12:03:34,USR014,LEAD0232,,,,Follow-up call,Connected,true
ACT0000811,Email,2025-12-20 03:23:17,USR014,LEAD0232,,,,Proposal follow-up,Follow-Up Needed,true
ACT0000812,Meeting,2026-01-04 06:34:32,USR014,LEAD0232,,,,Stakeholder meeting,Meeting Held,true
ACT0000813,Email,2026-01-23 17:38:29,USR014,LEAD0232,,,,Introductory email,No Response,true
ACT0000814,Email,2026-02-10 18:56:32,USR014,LEAD0232,,,,Proposal follow-up,Connected,true
ACT0000815,Email,2025-06-04 05:28:11,USR015,LEAD0233,,,,Introductory email,Follow-Up Needed,true
ACT0000816,Call,2025-06-12 21:59:22,USR015,LEAD0233,,,,Follow-up call,Left Voicemail,true
ACT0000817,Email,2025-07-12 03:29:33,USR015,LEAD0233,,,,Introductory email,No Response,true
ACT0000818,Email,2025-09-13 13:53:17,USR015,LEAD0233,,,,Introductory email,Connected,true
ACT0000819,Other,2023-12-24 00:46:16,USR015,LEAD0234,,,,Internal customer follow-up,Connected,true
ACT0000820,Call,2023-12-25 02:07:13,USR015,LEAD0234,,,,Pricing follow-up,Left Voicemail,true
ACT0000821,Other,2023-12-26 15:13:11,USR015,LEAD0234,,,,Contract coordination,Follow-Up Needed,true
ACT0000822,Meeting,2023-12-27 21:54:58,USR015,LEAD0234,,,,Executive check-in,Follow-Up Needed,true
ACT0000823,Call,2024-01-14 22:48:29,USR015,LEAD0234,,,,Initial outreach call,Left Voicemail,true
ACT0000824,Email,2024-09-15 16:27:18,USR013,LEAD0235,,,,Proposal follow-up,No Response,true
ACT0000825,Email,2024-09-17 21:08:17,USR013,LEAD0235,,,,Follow-up email,Connected,true
ACT0000826,Call,2024-09-24 04:26:36,USR013,LEAD0235,,,,Follow-up call,Left Voicemail,true
ACT0000827,Call,2024-09-27 02:27:19,USR013,LEAD0235,,,,Pricing follow-up,Connected,true
ACT0000828,Email,2024-07-12 04:27:36,USR014,LEAD0236,,,,Follow-up email,No Response,true
ACT0000829,Call,2024-07-27 17:10:49,USR014,LEAD0236,,,,Follow-up call,Follow-Up Needed,true
ACT0000830,Call,2024-02-16 19:46:23,USR015,LEAD0237,,,,Qualification call,Follow-Up Needed,true
ACT0000831,Email,2024-02-17 23:21:52,USR015,LEAD0237,,,,Proposal follow-up,Connected,true
ACT0000832,Call,2024-03-02 15:01:27,USR015,LEAD0237,,,,Qualification call,Follow-Up Needed,true
ACT0000833,Email,2025-07-01 11:50:50,USR013,LEAD0238,,,,Meeting recap,Connected,true
ACT0000834,Call,2025-07-01 20:44:34,USR013,LEAD0238,,,,Follow-up call,No Response,true
ACT0000835,Email,2025-07-05 03:55:39,USR013,LEAD0238,,,,Meeting recap,No Response,true
ACT0000836,Email,2025-07-18 03:32:42,USR013,LEAD0238,,,,Next steps email,Connected,true
ACT0000837,Call,2025-07-28 06:11:09,USR013,LEAD0238,,,,Pricing follow-up,Connected,true
ACT0000838,Email,2026-04-29 09:55:18,USR016,LEAD0239,,,,Next steps email,Follow-Up Needed,true
ACT0000839,Call,2026-04-30 22:55:09,USR016,LEAD0239,,,,Qualification call,Connected,true
ACT0000840,Call,2026-05-30 02:21:27,USR016,LEAD0239,,,,Stakeholder check-in,Connected,true
ACT0000841,Call,2026-06-24 20:47:46,USR016,LEAD0239,,,,Stakeholder check-in,Connected,true
ACT0000842,Call,2026-07-06 04:32:00,USR016,LEAD0239,,,,Pricing follow-up,No Response,true
ACT0000843,Email,2024-03-04 10:05:20,USR015,LEAD0240,,,,Follow-up email,Follow-Up Needed,true
ACT0000844,Other,2024-04-07 14:33:46,USR015,LEAD0240,,,,Internal customer follow-up,Follow-Up Needed,true
ACT0000845,Demo,2024-06-29 19:10:36,USR015,LEAD0240,,,,Workflow demonstration,Rescheduled,true
ACT0000846,Email,2024-04-16 00:22:57,USR013,LEAD0241,,,,Proposal follow-up,No Response,true
ACT0000847,Email,2024-04-20 12:58:45,USR013,LEAD0241,,,,Next steps email,No Response,true
ACT0000848,Email,2024-05-10 12:36:01,USR013,LEAD0241,,,,Proposal follow-up,Follow-Up Needed,true
ACT0000849,Call,2024-04-08 20:23:47,USR015,LEAD0242,,,,Qualification call,No Response,true
ACT0000850,Call,2024-04-18 03:54:53,USR015,LEAD0242,,,,Stakeholder check-in,Left Voicemail,true
ACT0000851,Call,2024-04-19 22:15:55,USR015,LEAD0242,,,,Qualification call,No Response,true
ACT0000852,Call,2022-11-04 06:16:12,USR016,LEAD0243,,,,Qualification call,Connected,true
ACT0000853,Email,2022-11-05 22:33:40,USR016,LEAD0243,,,,Follow-up email,No Response,true
ACT0000854,Email,2025-05-01 06:34:30,USR014,LEAD0244,,,,Next steps email,Follow-Up Needed,true
ACT0000855,Call,2025-05-01 12:23:17,USR014,LEAD0244,,,,Stakeholder check-in,Left Voicemail,true
ACT0000856,Email,2025-05-02 13:36:52,USR014,LEAD0244,,,,Proposal follow-up,Follow-Up Needed,true
ACT0000857,Demo,2025-05-09 13:27:12,USR014,LEAD0244,,,,Product demo,Meeting Held,true
ACT0000858,Call,2025-05-17 12:33:56,USR014,LEAD0244,,,,Follow-up call,Left Voicemail,true
ACT0000859,Email,2025-12-10 15:51:31,USR016,LEAD0245,,,,Meeting recap,Follow-Up Needed,true
ACT0000860,Email,2025-12-24 01:05:20,USR016,LEAD0245,,,,Next steps email,Follow-Up Needed,true
ACT0000861,Call,2026-03-12 07:54:02,USR016,LEAD0245,,,,Qualification call,Connected,true
ACT0000862,Email,2023-03-09 22:15:05,USR014,LEAD0246,,,,Proposal follow-up,Follow-Up Needed,true
ACT0000863,Meeting,2023-04-10 20:00:02,USR014,LEAD0246,,,,Discovery meeting,Rescheduled,true
ACT0000864,Email,2023-05-10 19:15:22,USR014,LEAD0246,,,,Introductory email,Connected,true
ACT0000865,Call,2023-05-16 14:20:10,USR014,LEAD0246,,,,Follow-up call,Follow-Up Needed,true
ACT0000866,Call,2023-05-24 02:39:50,USR014,LEAD0246,,,,Follow-up call,Left Voicemail,true
ACT0000867,Email,2024-01-17 00:04:38,USR013,LEAD0247,,,,Meeting recap,Connected,true
ACT0000868,Call,2024-01-23 05:14:05,USR013,LEAD0247,,,,Pricing follow-up,Follow-Up Needed,true
ACT0000869,Call,2024-10-29 12:08:27,USR015,LEAD0248,,,,Follow-up call,Connected,true
ACT0000870,Email,2024-12-08 12:17:23,USR015,LEAD0248,,,,Follow-up email,No Response,true
ACT0000871,Other,2025-01-01 19:40:31,USR015,LEAD0248,,,,Procurement follow-up,Connected,true
ACT0000872,Email,2025-05-26 12:11:21,USR015,LEAD0249,,,,Next steps email,Follow-Up Needed,true
ACT0000873,Call,2025-07-15 16:10:40,USR015,LEAD0249,,,,Initial outreach call,Follow-Up Needed,true
ACT0000874,Email,2025-08-12 21:07:59,USR015,LEAD0249,,,,Proposal follow-up,No Response,true
ACT0000875,Call,2025-06-01 16:06:55,USR014,LEAD0250,,,,Qualification call,Follow-Up Needed,true
ACT0000876,Email,2025-07-18 03:46:18,USR014,LEAD0250,,,,Proposal follow-up,Connected,true
ACT0000877,Call,2025-07-24 15:16:11,USR014,LEAD0250,,,,Pricing follow-up,Connected,true
ACT0000878,Meeting,2025-08-25 19:55:18,USR014,LEAD0250,,,,Executive check-in,Follow-Up Needed,true
ACT0000879,Call,2023-01-03 19:23:44,USR015,LEAD0251,,,,Pricing follow-up,Follow-Up Needed,true
ACT0000880,Email,2023-01-08 05:56:29,USR015,LEAD0251,,,,Proposal follow-up,No Response,true
ACT0000881,Demo,2023-02-21 16:22:03,USR015,LEAD0251,,,,Product demo,Rescheduled,true
ACT0000882,Email,2025-12-31 10:02:52,USR015,LEAD0252,,,,Proposal follow-up,No Response,true
ACT0000883,Meeting,2026-01-15 01:13:12,USR015,LEAD0252,,,,Executive check-in,Meeting Held,true
ACT0000884,Call,2026-02-22 22:52:12,USR015,LEAD0252,,,,Stakeholder check-in,Follow-Up Needed,true
ACT0000885,Call,2026-02-28 23:32:22,USR015,LEAD0252,,,,Qualification call,Connected,true
ACT0000886,Call,2025-10-16 01:55:45,USR015,LEAD0253,,,,Qualification call,No Response,true
ACT0000887,Email,2025-11-08 23:33:00,USR015,LEAD0253,,,,Proposal follow-up,No Response,true
ACT0000888,Email,2025-12-20 23:06:50,USR015,LEAD0253,,,,Introductory email,Connected,true
ACT0000889,Meeting,2026-02-06 14:42:57,USR015,LEAD0253,,,,Discovery meeting,Rescheduled,true
ACT0000890,Email,2024-08-07 17:48:08,USR013,LEAD0254,,,,Introductory email,Connected,true
ACT0000891,Call,2024-08-30 07:15:36,USR013,LEAD0254,,,,Stakeholder check-in,No Response,true
ACT0000892,Call,2025-07-29 15:37:28,USR014,LEAD0255,,,,Stakeholder check-in,Left Voicemail,true
ACT0000893,Demo,2025-08-01 11:49:04,USR014,LEAD0255,,,,Workflow demonstration,Rescheduled,true
ACT0000894,Email,2025-08-30 05:37:51,USR014,LEAD0255,,,,Next steps email,Follow-Up Needed,true
ACT0000895,Email,2026-05-23 22:11:40,USR016,LEAD0256,,,,Follow-up email,No Response,true
ACT0000896,Meeting,2026-05-26 19:44:39,USR016,LEAD0256,,,,Stakeholder meeting,Meeting Held,true
ACT0000897,Meeting,2026-06-05 11:43:06,USR016,LEAD0256,,,,Stakeholder meeting,Follow-Up Needed,true
ACT0000898,Email,2026-06-11 11:38:45,USR016,LEAD0256,,,,Introductory email,No Response,true
ACT0000899,Meeting,2026-08-02 18:51:36,USR016,LEAD0256,,,,Discovery meeting,Follow-Up Needed,true
ACT0000900,Email,2024-06-03 22:19:15,USR015,LEAD0257,,,,Proposal follow-up,Follow-Up Needed,true
ACT0000901,Demo,2024-07-02 13:25:35,USR015,LEAD0257,,,,Product demo,Follow-Up Needed,true
ACT0000902,Email,2026-02-13 00:54:36,USR014,LEAD0258,,,,Follow-up email,Connected,true
ACT0000903,Call,2026-02-17 22:25:45,USR014,LEAD0258,,,,Qualification call,Left Voicemail,true
ACT0000904,Email,2026-03-05 16:46:39,USR014,LEAD0258,,,,Meeting recap,No Response,true
ACT0000905,Demo,2026-03-11 23:22:32,USR014,LEAD0258,,,,Product demo,Meeting Held,true
ACT0000906,Email,2024-02-11 01:12:41,USR015,LEAD0259,,,,Introductory email,Connected,true
ACT0000907,Email,2024-02-21 20:38:19,USR015,LEAD0259,,,,Proposal follow-up,Connected,true
ACT0000908,Call,2024-03-13 10:01:30,USR015,LEAD0259,,,,Qualification call,Connected,true
ACT0000909,Other,2024-03-14 14:58:27,USR015,LEAD0259,,,,Procurement follow-up,Connected,true
ACT0000910,Email,2025-10-24 01:16:42,USR014,LEAD0260,,,,Meeting recap,No Response,true
ACT0000911,Email,2025-11-03 18:53:11,USR014,LEAD0260,,,,Next steps email,Follow-Up Needed,true
ACT0000912,Call,2025-11-13 17:44:00,USR014,LEAD0260,,,,Initial outreach call,Left Voicemail,true
ACT0000913,Call,2022-06-27 04:45:45,USR016,LEAD0261,,,,Initial outreach call,Follow-Up Needed,true
ACT0000914,Call,2022-07-03 02:34:49,USR016,LEAD0261,,,,Follow-up call,Left Voicemail,true
ACT0000915,Call,2022-07-13 06:58:14,USR016,LEAD0261,,,,Qualification call,Follow-Up Needed,true
ACT0000916,Email,2022-07-17 22:42:09,USR016,LEAD0261,,,,Introductory email,Follow-Up Needed,true
ACT0000917,Meeting,2022-07-29 19:28:56,USR016,LEAD0261,,,,Commercial review,Rescheduled,true
ACT0000918,Email,2024-01-17 05:53:59,USR016,LEAD0262,,,,Next steps email,Follow-Up Needed,true
ACT0000919,Email,2024-02-14 20:08:00,USR016,LEAD0262,,,,Proposal follow-up,Follow-Up Needed,true
ACT0000920,Email,2025-12-02 02:08:50,USR016,LEAD0263,,,,Proposal follow-up,Connected,true
ACT0000921,Call,2025-12-06 09:01:30,USR016,LEAD0263,,,,Follow-up call,Connected,true
ACT0000922,Email,2025-12-11 15:41:04,USR016,LEAD0263,,,,Next steps email,No Response,true
ACT0000923,Email,2025-12-31 02:39:21,USR016,LEAD0263,,,,Meeting recap,Follow-Up Needed,true
ACT0000924,Call,2023-04-02 12:03:22,USR013,LEAD0264,,,,Follow-up call,Connected,true
ACT0000925,Call,2023-04-03 02:08:28,USR013,LEAD0264,,,,Follow-up call,Connected,true
ACT0000926,Call,2022-10-22 05:21:43,USR015,LEAD0265,,,,Initial outreach call,Left Voicemail,true
ACT0000927,Email,2022-10-24 10:21:59,USR015,LEAD0265,,,,Follow-up email,Follow-Up Needed,true
ACT0000928,Email,2022-11-19 02:46:54,USR015,LEAD0265,,,,Meeting recap,Connected,true
ACT0000929,Email,2023-04-13 20:11:11,USR016,LEAD0266,,,,Proposal follow-up,Follow-Up Needed,true
ACT0000930,Other,2023-05-23 12:07:55,USR016,LEAD0266,,,,Procurement follow-up,Other,true
ACT0000931,Email,2023-06-14 21:55:39,USR016,LEAD0266,,,,Next steps email,Follow-Up Needed,true
ACT0000932,Call,2026-06-30 09:31:20,USR014,LEAD0267,,,,Follow-up call,Follow-Up Needed,true
ACT0000933,Call,2026-07-02 00:30:52,USR014,LEAD0267,,,,Pricing follow-up,Follow-Up Needed,true
ACT0000934,Email,2026-08-08 08:12:55,USR014,LEAD0267,,,,Next steps email,Connected,true
ACT0000935,Email,2022-12-06 05:17:16,USR013,LEAD0268,,,,Meeting recap,Follow-Up Needed,true
ACT0000936,Call,2022-12-11 19:49:09,USR013,LEAD0268,,,,Pricing follow-up,No Response,true
ACT0000937,Call,2022-12-21 13:12:14,USR013,LEAD0268,,,,Initial outreach call,Left Voicemail,true
ACT0000938,Meeting,2023-01-20 10:49:24,USR013,LEAD0268,,,,Executive check-in,Rescheduled,true
ACT0000939,Email,2023-02-13 23:25:45,USR013,LEAD0268,,,,Meeting recap,Connected,true
ACT0000940,Email,2023-10-19 18:33:23,USR014,LEAD0269,,,,Meeting recap,Connected,true
ACT0000941,Call,2023-10-28 11:21:18,USR014,LEAD0269,,,,Stakeholder check-in,Connected,true
ACT0000942,Call,2023-10-28 21:22:55,USR014,LEAD0269,,,,Stakeholder check-in,Follow-Up Needed,true
ACT0000943,Call,2025-10-20 12:27:44,USR015,LEAD0270,,,,Qualification call,Left Voicemail,true
ACT0000944,Email,2025-10-22 09:30:40,USR015,LEAD0270,,,,Next steps email,Connected,true
ACT0000945,Email,2025-10-30 12:46:44,USR015,LEAD0270,,,,Follow-up email,Connected,true
ACT0000946,Call,2025-11-13 20:48:36,USR015,LEAD0270,,,,Initial outreach call,Left Voicemail,true
ACT0000947,Email,2025-11-22 19:18:07,USR015,LEAD0270,,,,Follow-up email,No Response,true
ACT0000948,Email,2026-04-25 05:24:53,USR015,LEAD0271,,,,Meeting recap,No Response,true
ACT0000949,Meeting,2026-05-29 12:34:54,USR015,LEAD0271,,,,Discovery meeting,Meeting Held,true
ACT0000950,Email,2023-10-28 05:25:53,USR014,LEAD0272,,,,Next steps email,Follow-Up Needed,true
ACT0000951,Email,2023-12-28 03:17:21,USR014,LEAD0272,,,,Next steps email,Connected,true
ACT0000952,Demo,2024-02-04 03:25:39,USR014,LEAD0272,,,,Workflow demonstration,Rescheduled,true
ACT0000953,Demo,2024-02-16 20:08:35,USR014,LEAD0272,,,,Product demo,Follow-Up Needed,true
ACT0000954,Email,2026-03-12 00:28:23,USR015,LEAD0273,,,,Introductory email,No Response,true
ACT0000955,Call,2026-03-17 17:21:14,USR015,LEAD0273,,,,Stakeholder check-in,Follow-Up Needed,true
ACT0000956,Meeting,2026-03-22 11:18:55,USR015,LEAD0273,,,,Requirements review,Meeting Held,true
ACT0000957,Demo,2026-03-30 17:10:13,USR015,LEAD0273,,,,Workflow demonstration,Meeting Held,true
ACT0000958,Email,2026-04-02 23:22:36,USR015,LEAD0273,,,,Introductory email,No Response,true
ACT0000959,Email,2026-03-26 22:56:55,USR013,LEAD0274,,,,Next steps email,Follow-Up Needed,true
ACT0000960,Meeting,2026-04-06 13:32:08,USR013,LEAD0274,,,,Stakeholder meeting,Follow-Up Needed,true
ACT0000961,Email,2025-06-17 08:10:19,USR013,LEAD0275,,,,Proposal follow-up,No Response,true
ACT0000962,Email,2025-06-21 02:58:21,USR013,LEAD0275,,,,Next steps email,No Response,true
ACT0000963,Email,2025-07-28 11:30:39,USR013,LEAD0275,,,,Meeting recap,No Response,true
ACT0000964,Email,2025-08-13 03:11:39,USR013,LEAD0275,,,,Meeting recap,Follow-Up Needed,true
ACT0000965,Call,2025-08-19 22:56:52,USR013,LEAD0275,,,,Follow-up call,Follow-Up Needed,true
ACT0000966,Email,2026-07-09 17:12:24,USR015,LEAD0276,,,,Meeting recap,No Response,true
ACT0000967,Email,2026-07-26 01:44:44,USR015,LEAD0276,,,,Follow-up email,Connected,true
ACT0000968,Email,2026-07-26 12:22:45,USR015,LEAD0276,,,,Meeting recap,Follow-Up Needed,true
ACT0000969,Other,2026-07-29 21:12:18,USR015,LEAD0276,,,,Contract coordination,Other,true
ACT0000970,Call,2026-08-08 22:30:36,USR015,LEAD0276,,,,Qualification call,Follow-Up Needed,true
ACT0000971,Call,2023-12-04 00:54:44,USR014,LEAD0277,,,,Pricing follow-up,Follow-Up Needed,true
ACT0000972,Email,2023-12-07 16:24:36,USR014,LEAD0277,,,,Introductory email,Connected,true
ACT0000973,Meeting,2023-12-21 01:50:55,USR014,LEAD0277,,,,Stakeholder meeting,Rescheduled,true
ACT0000974,Email,2023-12-23 08:04:21,USR014,LEAD0277,,,,Introductory email,Follow-Up Needed,true
ACT0000975,Other,2024-01-26 14:28:35,USR014,LEAD0277,,,,Procurement follow-up,Connected,true
ACT0000976,Email,2026-04-19 15:29:16,USR016,LEAD0278,,,,Next steps email,No Response,true
ACT0000977,Meeting,2026-05-26 16:59:38,USR016,LEAD0278,,,,Stakeholder meeting,Rescheduled,true
ACT0000978,Meeting,2025-03-13 17:15:22,USR015,LEAD0279,,,,Requirements review,Follow-Up Needed,true
ACT0000979,Email,2025-03-15 14:33:59,USR015,LEAD0279,,,,Proposal follow-up,Connected,true
ACT0000980,Email,2025-04-17 02:09:14,USR015,LEAD0279,,,,Proposal follow-up,No Response,true
ACT0000981,Call,2025-09-04 09:40:38,USR015,LEAD0280,,,,Qualification call,Follow-Up Needed,true
ACT0000982,Email,2025-09-11 13:41:23,USR015,LEAD0280,,,,Proposal follow-up,Follow-Up Needed,true
ACT0000983,Meeting,2025-09-12 06:27:02,USR015,LEAD0280,,,,Stakeholder meeting,Rescheduled,true
ACT0000984,Call,2025-12-09 07:35:04,USR016,LEAD0281,,,,Follow-up call,No Response,true
ACT0000985,Email,2025-12-29 19:20:31,USR016,LEAD0281,,,,Introductory email,No Response,true
ACT0000986,Call,2026-01-15 18:04:25,USR016,LEAD0281,,,,Initial outreach call,Connected,true
ACT0000987,Call,2025-02-12 09:20:49,USR016,LEAD0282,,,,Follow-up call,Follow-Up Needed,true
ACT0000988,Call,2025-03-08 12:46:07,USR016,LEAD0282,,,,Stakeholder check-in,Left Voicemail,true
ACT0000989,Meeting,2025-04-14 14:21:05,USR016,LEAD0282,,,,Executive check-in,Rescheduled,true
ACT0000990,Email,2025-04-23 05:19:44,USR016,LEAD0282,,,,Proposal follow-up,Follow-Up Needed,true
ACT0000991,Email,2025-07-27 10:46:50,USR016,LEAD0283,,,,Introductory email,Follow-Up Needed,true
ACT0000992,Email,2025-09-24 05:55:47,USR016,LEAD0283,,,,Introductory email,No Response,true
ACT0000993,Email,2025-09-24 11:21:37,USR016,LEAD0283,,,,Proposal follow-up,No Response,true
ACT0000994,Call,2025-10-14 21:31:06,USR016,LEAD0283,,,,Pricing follow-up,Left Voicemail,true
ACT0000995,Other,2025-11-10 20:21:35,USR016,LEAD0283,,,,Internal customer follow-up,Follow-Up Needed,true
ACT0000996,Email,2026-03-09 10:46:59,USR013,LEAD0284,,,,Follow-up email,Connected,true
ACT0000997,Call,2026-03-11 03:19:40,USR013,LEAD0284,,,,Stakeholder check-in,Follow-Up Needed,true
ACT0000998,Call,2022-06-18 05:33:08,USR016,LEAD0285,,,,Qualification call,Left Voicemail,true
ACT0000999,Email,2022-07-04 19:26:54,USR016,LEAD0285,,,,Follow-up email,No Response,true
ACT0001000,Call,2022-07-20 18:02:32,USR016,LEAD0285,,,,Pricing follow-up,No Response,true
ACT0001001,Call,2022-09-15 13:40:52,USR016,LEAD0285,,,,Follow-up call,Follow-Up Needed,true
ACT0001002,Email,2024-12-16 18:28:02,USR014,LEAD0286,,,,Next steps email,Connected,true
ACT0001003,Email,2025-01-20 18:48:13,USR014,LEAD0286,,,,Meeting recap,No Response,true
ACT0001004,Call,2025-07-23 19:00:41,USR014,LEAD0287,,,,Pricing follow-up,Left Voicemail,true
ACT0001005,Other,2025-08-31 08:06:13,USR014,LEAD0287,,,,Procurement follow-up,Follow-Up Needed,true
ACT0001006,Email,2025-01-02 16:14:10,USR016,LEAD0288,,,,Meeting recap,No Response,true
ACT0001007,Email,2025-03-09 09:23:29,USR016,LEAD0288,,,,Meeting recap,No Response,true
ACT0001008,Call,2024-09-02 12:57:43,USR015,LEAD0289,,,,Initial outreach call,Follow-Up Needed,true
ACT0001009,Email,2024-09-28 21:49:35,USR015,LEAD0289,,,,Follow-up email,Connected,true
ACT0001010,Email,2026-02-05 03:09:03,USR014,LEAD0290,,,,Next steps email,No Response,true
ACT0001011,Meeting,2026-02-17 09:03:38,USR014,LEAD0290,,,,Requirements review,Follow-Up Needed,true
ACT0001012,Email,2026-04-09 04:35:39,USR014,LEAD0290,,,,Introductory email,Follow-Up Needed,true
ACT0001013,Call,2024-09-24 17:06:57,USR016,LEAD0291,,,,Stakeholder check-in,Connected,true
ACT0001014,Email,2024-10-19 18:07:48,USR016,LEAD0291,,,,Next steps email,Follow-Up Needed,true
ACT0001015,Other,2024-10-20 02:58:49,USR016,LEAD0291,,,,Internal customer follow-up,Follow-Up Needed,true
ACT0001016,Email,2023-05-06 09:35:51,USR016,LEAD0292,,,,Introductory email,Connected,true
ACT0001017,Meeting,2023-05-12 06:46:40,USR016,LEAD0292,,,,Executive check-in,Rescheduled,true
ACT0001018,Meeting,2023-05-30 08:30:12,USR016,LEAD0292,,,,Stakeholder meeting,Follow-Up Needed,true
ACT0001019,Email,2024-04-20 11:25:08,USR013,LEAD0293,,,,Follow-up email,Connected,true
ACT0001020,Call,2024-04-21 21:39:02,USR013,LEAD0293,,,,Stakeholder check-in,Connected,true
ACT0001021,Demo,2024-07-20 12:30:05,USR013,LEAD0293,,,,Solution review,Follow-Up Needed,true
ACT0001022,Call,2026-04-11 04:16:53,USR016,LEAD0294,,,,Qualification call,No Response,true
ACT0001023,Call,2026-04-28 08:21:48,USR016,LEAD0294,,,,Qualification call,No Response,true
ACT0001024,Email,2026-05-26 09:31:12,USR016,LEAD0294,,,,Meeting recap,Follow-Up Needed,true
ACT0001025,Email,2025-11-20 05:31:28,USR016,LEAD0295,,,,Proposal follow-up,Connected,true
ACT0001026,Call,2025-11-21 04:38:20,USR016,LEAD0295,,,,Stakeholder check-in,No Response,true
ACT0001027,Call,2025-11-24 06:34:57,USR016,LEAD0295,,,,Initial outreach call,Connected,true
ACT0001028,Call,2025-12-16 23:45:16,USR016,LEAD0295,,,,Follow-up call,No Response,true
ACT0001029,Email,2023-05-24 14:31:48,USR016,LEAD0296,,,,Introductory email,Connected,true
ACT0001030,Call,2023-06-01 16:01:59,USR016,LEAD0296,,,,Qualification call,Connected,true
ACT0001031,Email,2023-06-26 07:16:40,USR016,LEAD0296,,,,Meeting recap,Connected,true
ACT0001032,Email,2026-04-11 16:18:49,USR015,LEAD0297,,,,Proposal follow-up,Follow-Up Needed,true
ACT0001033,Call,2026-04-19 14:24:33,USR015,LEAD0297,,,,Stakeholder check-in,Follow-Up Needed,true
ACT0001034,Email,2026-06-24 22:14:26,USR015,LEAD0297,,,,Proposal follow-up,Connected,true
ACT0001035,Email,2023-01-23 22:28:03,USR015,LEAD0298,,,,Next steps email,No Response,true
ACT0001036,Email,2023-03-19 11:37:41,USR015,LEAD0298,,,,Follow-up email,Connected,true
ACT0001037,Meeting,2023-03-28 06:46:57,USR015,LEAD0298,,,,Discovery meeting,Rescheduled,true
ACT0001038,Call,2026-05-30 11:56:19,USR013,LEAD0299,,,,Pricing follow-up,No Response,true
ACT0001039,Call,2026-07-25 14:54:37,USR013,LEAD0299,,,,Follow-up call,No Response,true
ACT0001040,Call,2025-02-23 04:23:07,USR015,LEAD0300,,,,Stakeholder check-in,No Response,true
ACT0001041,Call,2025-02-27 08:20:40,USR015,LEAD0300,,,,Qualification call,Follow-Up Needed,true
ACT0001042,Meeting,2025-03-17 14:48:19,USR015,LEAD0300,,,,Requirements review,Follow-Up Needed,true
ACT0001043,Call,2025-03-17 18:49:31,USR015,LEAD0300,,,,Follow-up call,Left Voicemail,true
ACT0001044,Call,2024-03-12 05:58:03,USR013,LEAD0301,,,,Qualification call,No Response,true
ACT0001045,Other,2025-03-21 10:02:07,USR013,LEAD0301,,,,Internal customer follow-up,Follow-Up Needed,true
ACT0001046,Email,2025-09-12 19:28:52,USR013,LEAD0301,,,,Follow-up email,Connected,true
ACT0001047,Call,2026-01-08 07:32:02,USR014,LEAD0302,,,,Follow-up call,Left Voicemail,true
ACT0001048,Email,2024-02-27 11:49:11,USR015,LEAD0303,,,,Meeting recap,Follow-Up Needed,true
ACT0001049,Call,2024-09-18 02:35:37,USR015,LEAD0303,,,,Pricing follow-up,Left Voicemail,true
ACT0001050,Email,2026-04-24 19:06:05,USR014,LEAD0304,,,,Next steps email,No Response,true
ACT0001051,Email,2024-02-18 21:25:57,USR013,LEAD0305,,,,Introductory email,No Response,true
ACT0001052,Meeting,2025-08-25 18:01:19,USR013,LEAD0306,,,,Discovery meeting,Follow-Up Needed,true
ACT0001053,Email,2025-12-20 03:25:28,USR013,LEAD0306,,,,Meeting recap,No Response,true
ACT0001054,Email,2026-05-20 05:40:19,USR013,LEAD0306,,,,Meeting recap,Follow-Up Needed,true
ACT0001055,Email,2025-09-02 19:24:41,USR014,LEAD0307,,,,Next steps email,Follow-Up Needed,true
ACT0001056,Email,2025-03-07 06:58:58,USR013,LEAD0308,,,,Next steps email,Connected,true
ACT0001057,Email,2025-03-17 13:25:49,USR014,LEAD0309,,,,Meeting recap,Follow-Up Needed,true
ACT0001058,Meeting,2025-06-21 15:01:43,USR014,LEAD0309,,,,Commercial review,Meeting Held,true
ACT0001059,Demo,2025-11-02 07:50:33,USR014,LEAD0309,,,,Technical demo,Follow-Up Needed,true
ACT0001060,Email,2026-02-23 16:01:57,USR014,LEAD0309,,,,Proposal follow-up,No Response,true
ACT0001061,Email,2025-01-15 04:50:02,USR015,LEAD0310,,,,Proposal follow-up,Connected,true
ACT0001062,Email,2025-04-29 12:51:06,USR015,LEAD0310,,,,Follow-up email,Connected,true
ACT0001063,Call,2025-09-02 02:31:29,USR013,LEAD0311,,,,Stakeholder check-in,Connected,true
ACT0001064,Call,2025-12-16 00:08:44,USR013,LEAD0311,,,,Stakeholder check-in,Follow-Up Needed,true
ACT0001065,Email,2026-02-25 00:03:54,USR013,LEAD0312,,,,Meeting recap,Connected,true
ACT0001066,Call,2026-06-20 14:47:35,USR013,LEAD0312,,,,Pricing follow-up,Follow-Up Needed,true
ACT0001067,Email,2024-06-21 19:26:13,USR016,LEAD0313,,,,Meeting recap,No Response,true
ACT0001068,Call,2024-09-30 00:57:39,USR016,LEAD0313,,,,Initial outreach call,Left Voicemail,true
ACT0001069,Email,2024-12-27 06:55:39,USR016,LEAD0313,,,,Meeting recap,Follow-Up Needed,true
ACT0001070,Email,2025-08-09 05:40:59,USR016,LEAD0313,,,,Introductory email,Follow-Up Needed,true
ACT0001071,Email,2025-10-10 03:09:35,USR016,LEAD0313,,,,Proposal follow-up,No Response,true
ACT0001072,Email,2025-01-25 02:58:08,USR014,LEAD0314,,,,Next steps email,No Response,true
ACT0001073,Email,2025-01-09 14:52:11,USR015,LEAD0315,,,,Next steps email,No Response,true
ACT0001074,Call,2026-02-06 11:42:27,USR015,LEAD0315,,,,Stakeholder check-in,No Response,true
ACT0001075,Call,2026-07-25 19:25:17,USR016,LEAD0317,,,,Initial outreach call,Left Voicemail,true
ACT0001076,Meeting,2026-08-10 21:51:32,USR016,LEAD0317,,,,Commercial review,Rescheduled,true
ACT0001077,Other,2026-08-12 06:20:21,USR016,LEAD0317,,,,Contract coordination,Connected,true
ACT0001078,Call,2026-08-23 18:42:21,USR016,LEAD0317,,,,Stakeholder check-in,Left Voicemail,true
ACT0001079,Email,2025-05-08 23:31:37,USR015,LEAD0318,,,,Next steps email,Follow-Up Needed,true
ACT0001080,Meeting,2026-01-06 16:27:31,USR015,LEAD0318,,,,Requirements review,Rescheduled,true
ACT0001081,Call,2026-01-31 01:25:16,USR015,LEAD0318,,,,Stakeholder check-in,No Response,true
ACT0001082,Email,2026-08-11 02:36:20,USR014,LEAD0319,,,,Next steps email,No Response,true
ACT0001083,Email,2025-10-04 19:05:18,USR015,LEAD0320,,,,Follow-up email,No Response,true
ACT0001084,Email,2026-03-04 11:31:19,USR015,LEAD0320,,,,Follow-up email,No Response,true
ACT0001085,Call,2026-03-05 17:22:16,USR015,LEAD0320,,,,Stakeholder check-in,Left Voicemail,true
ACT0001086,Email,2024-12-21 16:28:35,USR015,LEAD0321,,,,Follow-up email,No Response,true
ACT0001087,Meeting,2025-01-10 11:41:27,USR015,LEAD0321,,,,Commercial review,Rescheduled,true
ACT0001088,Call,2025-11-12 00:17:51,USR015,LEAD0321,,,,Initial outreach call,Follow-Up Needed,true
ACT0001089,Email,2026-05-19 04:23:30,USR015,LEAD0321,,,,Follow-up email,Follow-Up Needed,true
ACT0001090,Email,2026-04-14 03:50:57,USR014,LEAD0322,,,,Follow-up email,No Response,true
ACT0001091,Email,2026-05-28 18:11:28,USR014,LEAD0322,,,,Follow-up email,No Response,true
ACT0001092,Email,2026-06-18 07:14:35,USR014,LEAD0322,,,,Introductory email,Connected,true
ACT0001093,Email,2025-11-10 20:45:56,USR016,LEAD0323,,,,Next steps email,No Response,true
ACT0001094,Email,2025-03-12 10:23:17,USR014,LEAD0324,,,,Meeting recap,Connected,true
ACT0001095,Email,2024-04-24 15:10:41,USR015,LEAD0325,,,,Follow-up email,No Response,true
ACT0001096,Email,2024-07-21 07:51:03,USR015,LEAD0325,,,,Follow-up email,Connected,true
ACT0001097,Demo,2025-03-02 17:41:31,USR015,LEAD0325,,,,Workflow demonstration,Follow-Up Needed,true
ACT0001098,Email,2026-05-25 02:01:46,USR015,LEAD0325,,,,Meeting recap,Follow-Up Needed,true
ACT0001099,Email,2026-07-08 15:39:03,USR015,LEAD0325,,,,Proposal follow-up,Connected,true
ACT0001100,Call,2024-03-22 17:47:05,USR014,LEAD0326,,,,Pricing follow-up,No Response,true
ACT0001101,Call,2025-02-08 22:55:03,USR014,LEAD0326,,,,Initial outreach call,No Response,true
ACT0001102,Call,2025-05-03 05:08:42,USR014,LEAD0326,,,,Pricing follow-up,Connected,true
ACT0001103,Call,2025-09-15 19:38:56,USR014,LEAD0327,,,,Follow-up call,No Response,true
ACT0001104,Meeting,2025-11-21 01:25:14,USR014,LEAD0327,,,,Executive check-in,Rescheduled,true
ACT0001105,Call,2026-01-26 14:05:51,USR014,LEAD0327,,,,Qualification call,Connected,true
ACT0001106,Meeting,2026-01-30 14:38:43,USR014,LEAD0327,,,,Commercial review,Rescheduled,true
ACT0001107,Email,2026-03-04 15:13:36,USR014,LEAD0327,,,,Introductory email,No Response,true
ACT0001108,Call,2025-09-19 22:53:14,USR016,LEAD0328,,,,Pricing follow-up,Follow-Up Needed,true
ACT0001109,Email,2025-03-10 11:33:59,USR016,LEAD0329,,,,Meeting recap,Connected,true
ACT0001110,Email,2024-08-17 09:46:27,USR014,LEAD0330,,,,Introductory email,Connected,true
ACT0001111,Email,2024-10-10 04:14:14,USR014,LEAD0330,,,,Meeting recap,Follow-Up Needed,true
ACT0001112,Call,2025-01-04 22:28:42,USR014,LEAD0331,,,,Qualification call,Connected,true
ACT0001113,Call,2025-04-13 20:15:01,USR014,LEAD0331,,,,Stakeholder check-in,Left Voicemail,true
ACT0001114,Call,2025-09-07 15:18:11,USR014,LEAD0331,,,,Initial outreach call,No Response,true
ACT0001115,Email,2026-03-18 05:32:42,USR014,LEAD0331,,,,Introductory email,No Response,true
ACT0001116,Call,2026-05-11 13:45:25,USR016,LEAD0333,,,,Stakeholder check-in,Connected,true
ACT0001117,Email,2026-07-18 18:33:19,USR016,LEAD0333,,,,Follow-up email,No Response,true
ACT0001118,Email,2026-07-31 04:43:02,USR016,LEAD0333,,,,Next steps email,Connected,true
ACT0001119,Email,2025-05-16 00:31:21,USR014,LEAD0334,,,,Meeting recap,Follow-Up Needed,true
ACT0001120,Meeting,2025-05-23 22:20:48,USR014,LEAD0334,,,,Discovery meeting,Follow-Up Needed,true
ACT0001121,Call,2025-06-09 15:28:02,USR014,LEAD0334,,,,Follow-up call,Left Voicemail,true
ACT0001122,Meeting,2025-07-15 20:40:48,USR014,LEAD0334,,,,Discovery meeting,Rescheduled,true
ACT0001123,Email,2026-06-16 17:42:45,USR013,LEAD0335,,,,Proposal follow-up,Follow-Up Needed,true
ACT0001124,Email,2026-06-26 01:43:20,USR013,LEAD0335,,,,Proposal follow-up,No Response,true
ACT0001125,Call,2024-12-05 04:22:50,USR013,LEAD0336,,,,Qualification call,Follow-Up Needed,true
ACT0001126,Call,2025-02-24 06:53:26,USR013,LEAD0336,,,,Qualification call,No Response,true
ACT0001127,Demo,2025-04-16 11:26:19,USR013,LEAD0336,,,,Technical demo,Meeting Held,true
ACT0001128,Email,2025-07-23 12:24:57,USR013,LEAD0336,,,,Next steps email,No Response,true
ACT0001129,Email,2025-01-20 17:23:24,USR013,LEAD0338,,,,Next steps email,No Response,true
ACT0001130,Email,2025-12-09 20:58:54,USR013,LEAD0338,,,,Proposal follow-up,No Response,true
ACT0001131,Email,2026-02-10 05:33:19,USR015,LEAD0339,,,,Meeting recap,Connected,true
ACT0001132,Call,2026-03-11 10:01:05,USR015,LEAD0339,,,,Initial outreach call,Left Voicemail,true
ACT0001133,Email,2026-06-13 07:41:22,USR015,LEAD0339,,,,Meeting recap,No Response,true
ACT0001134,Call,2024-07-25 03:05:08,USR014,LEAD0340,,,,Stakeholder check-in,No Response,true
ACT0001135,Call,2024-09-16 06:22:11,USR014,LEAD0340,,,,Follow-up call,Connected,true
ACT0001136,Call,2026-03-29 22:43:42,USR015,LEAD0341,,,,Initial outreach call,Connected,true
ACT0001137,Meeting,2026-05-20 14:14:34,USR015,LEAD0341,,,,Requirements review,Meeting Held,true
ACT0001138,Email,2025-09-12 00:59:16,USR014,LEAD0342,,,,Introductory email,Follow-Up Needed,true
ACT0001139,Call,2025-10-03 00:26:03,USR014,LEAD0342,,,,Stakeholder check-in,No Response,true
ACT0001140,Demo,2025-11-14 21:17:58,USR014,LEAD0342,,,,Workflow demonstration,Follow-Up Needed,true
ACT0001141,Email,2026-05-28 04:02:18,USR014,LEAD0342,,,,Introductory email,Connected,true
ACT0001142,Call,2024-11-07 12:37:11,USR013,LEAD0343,,,,Follow-up call,No Response,true
ACT0001143,Email,2025-06-20 13:00:33,USR013,LEAD0343,,,,Next steps email,Follow-Up Needed,true
ACT0001144,Call,2026-03-11 20:32:10,USR014,LEAD0344,,,,Follow-up call,Follow-Up Needed,true
ACT0001145,Email,2026-05-05 14:34:33,USR014,LEAD0344,,,,Follow-up email,No Response,true
ACT0001146,Email,2024-09-18 16:15:32,USR015,LEAD0345,,,,Follow-up email,No Response,true
ACT0001147,Call,2025-03-21 22:15:18,USR015,LEAD0345,,,,Initial outreach call,Connected,true
ACT0001148,Email,2026-01-25 08:23:50,USR015,LEAD0346,,,,Next steps email,Connected,true
ACT0001149,Email,2025-08-09 20:32:18,USR016,LEAD0347,,,,Proposal follow-up,Connected,true
ACT0001150,Demo,2025-09-06 00:35:00,USR016,LEAD0347,,,,Workflow demonstration,Follow-Up Needed,true
ACT0001151,Call,2025-11-03 04:16:10,USR016,LEAD0347,,,,Follow-up call,Left Voicemail,true
ACT0001152,Call,2026-06-19 15:43:16,USR015,LEAD0348,,,,Initial outreach call,No Response,true
ACT0001153,Call,2025-04-02 13:06:31,USR015,LEAD0349,,,,Pricing follow-up,Connected,true
ACT0001154,Other,2025-05-12 14:54:56,USR015,LEAD0349,,,,Procurement follow-up,Follow-Up Needed,true
ACT0001155,Email,2024-02-27 15:47:24,USR016,LEAD0350,,,,Follow-up email,Connected,true
ACT0001156,Demo,2024-07-04 01:10:01,USR016,LEAD0350,,,,Product demo,Rescheduled,true
ACT0001157,Call,2026-04-02 13:49:52,USR016,LEAD0351,,,,Pricing follow-up,Connected,true
ACT0001158,Meeting,2026-06-11 23:55:49,USR016,LEAD0351,,,,Executive check-in,Follow-Up Needed,true
ACT0001159,Email,2026-06-14 04:34:42,USR016,LEAD0351,,,,Follow-up email,No Response,true
ACT0001160,Email,2024-10-21 02:35:45,USR016,LEAD0352,,,,Next steps email,Follow-Up Needed,true
ACT0001161,Email,2026-01-05 00:20:32,USR016,LEAD0352,,,,Follow-up email,Follow-Up Needed,true
ACT0001162,Email,2026-09-03 07:56:12,USR015,LEAD0353,,,,Introductory email,No Response,true
ACT0001163,Email,2026-09-08 16:10:47,USR015,LEAD0353,,,,Follow-up email,Connected,true
ACT0001164,Call,2024-12-06 05:35:49,USR015,LEAD0354,,,,Pricing follow-up,Connected,true
ACT0001165,Email,2024-12-14 00:46:21,USR016,LEAD0355,,,,Meeting recap,Connected,true
ACT0001166,Email,2025-10-13 17:56:45,USR016,LEAD0355,,,,Follow-up email,Follow-Up Needed,true
ACT0001167,Email,2025-12-16 10:16:01,USR016,LEAD0355,,,,Next steps email,Follow-Up Needed,true
ACT0001168,Call,2025-12-30 20:41:52,USR016,LEAD0355,,,,Pricing follow-up,Follow-Up Needed,true
ACT0001169,Call,2024-10-04 05:33:36,USR013,LEAD0356,,,,Stakeholder check-in,Follow-Up Needed,true
ACT0001170,Email,2025-12-06 15:27:04,USR013,LEAD0356,,,,Meeting recap,Follow-Up Needed,true
ACT0001171,Email,2026-04-17 19:44:22,USR013,LEAD0356,,,,Proposal follow-up,No Response,true
ACT0001172,Email,2024-01-11 21:58:36,USR015,LEAD0357,,,,Introductory email,Connected,true
ACT0001173,Email,2024-06-11 08:46:55,USR015,LEAD0357,,,,Follow-up email,Connected,true
ACT0001174,Email,2025-10-21 01:20:34,USR015,LEAD0357,,,,Next steps email,Connected,true
ACT0001175,Meeting,2025-12-27 15:11:02,USR014,LEAD0359,,,,Discovery meeting,Meeting Held,true
ACT0001176,Other,2026-05-05 02:26:11,USR014,LEAD0359,,,,Internal customer follow-up,Follow-Up Needed,true
ACT0001177,Call,2024-05-26 08:32:09,USR013,LEAD0360,,,,Initial outreach call,No Response,true
ACT0001178,Email,2024-10-28 01:49:33,USR013,LEAD0360,,,,Meeting recap,Connected,true
ACT0001179,Call,2025-11-11 17:26:15,USR014,LEAD0361,,,,Follow-up call,Follow-Up Needed,true
ACT0001180,Call,2024-11-16 20:46:51,USR015,LEAD0362,,,,Qualification call,Connected,true
ACT0001181,Demo,2025-03-01 15:26:09,USR015,LEAD0362,,,,Product demo,Rescheduled,true
ACT0001182,Call,2025-04-30 21:21:48,USR015,LEAD0362,,,,Initial outreach call,Left Voicemail,true
ACT0001183,Email,2025-12-25 22:32:03,USR015,LEAD0362,,,,Follow-up email,Connected,true
ACT0001184,Call,2025-03-29 15:27:48,USR015,LEAD0363,,,,Follow-up call,Connected,true
ACT0001185,Email,2025-04-18 20:02:17,USR015,LEAD0363,,,,Proposal follow-up,No Response,true
ACT0001186,Meeting,2025-09-18 23:57:58,USR015,LEAD0363,,,,Stakeholder meeting,Meeting Held,true
ACT0001187,Call,2025-05-13 17:21:26,USR013,LEAD0364,,,,Pricing follow-up,Left Voicemail,true
ACT0001188,Call,2025-10-11 13:28:08,USR016,LEAD0365,,,,Pricing follow-up,Connected,true
ACT0001189,Demo,2026-07-10 10:18:30,USR016,LEAD0365,,,,Workflow demonstration,Rescheduled,true
ACT0001190,Call,2026-08-03 16:34:21,USR016,LEAD0365,,,,Qualification call,No Response,true
ACT0001191,Email,2026-03-20 18:32:45,USR013,LEAD0366,,,,Meeting recap,Follow-Up Needed,true
ACT0001192,Email,2025-04-20 17:10:36,USR014,LEAD0367,,,,Meeting recap,Follow-Up Needed,true
ACT0001193,Call,2024-07-23 15:27:24,USR014,LEAD0368,,,,Qualification call,Follow-Up Needed,true
ACT0001194,Email,2025-03-19 07:44:36,USR014,LEAD0368,,,,Follow-up email,Follow-Up Needed,true
ACT0001195,Email,2025-05-15 20:39:42,USR014,LEAD0368,,,,Follow-up email,No Response,true
ACT0001196,Call,2026-06-09 04:13:38,USR014,LEAD0369,,,,Qualification call,Left Voicemail,true
ACT0001197,Call,2025-08-21 03:02:21,USR014,LEAD0370,,,,Follow-up call,Left Voicemail,true
ACT0001198,Email,2025-12-09 15:01:32,USR014,LEAD0370,,,,Next steps email,Follow-Up Needed,true
ACT0001199,Email,2026-08-05 03:52:12,USR016,LEAD0371,,,,Meeting recap,Connected,true
ACT0001200,Email,2026-08-19 00:02:14,USR016,LEAD0371,,,,Meeting recap,Follow-Up Needed,true
ACT0001201,Call,2026-08-26 18:06:45,USR016,LEAD0371,,,,Initial outreach call,Connected,true
ACT0001202,Call,2025-10-12 07:10:39,USR015,LEAD0372,,,,Stakeholder check-in,Left Voicemail,true
ACT0001203,Call,2026-01-31 13:24:37,USR015,LEAD0372,,,,Stakeholder check-in,Connected,true
ACT0001204,Call,2025-12-21 23:03:49,USR013,LEAD0373,,,,Qualification call,No Response,true
ACT0001205,Call,2025-02-02 08:35:40,USR015,LEAD0374,,,,Pricing follow-up,No Response,true
ACT0001206,Meeting,2025-09-15 06:40:18,USR015,LEAD0374,,,,Stakeholder meeting,Follow-Up Needed,true
ACT0001207,Email,2025-10-23 00:10:05,USR016,LEAD0375,,,,Meeting recap,Follow-Up Needed,true
ACT0001208,Email,2026-06-25 17:48:51,USR013,LEAD0376,,,,Follow-up email,No Response,true
ACT0001209,Email,2026-01-30 19:49:39,USR014,LEAD0377,,,,Proposal follow-up,Connected,true
ACT0001210,Email,2026-03-20 03:39:00,USR014,LEAD0377,,,,Proposal follow-up,No Response,true
ACT0001211,Call,2026-05-24 16:00:31,USR014,LEAD0377,,,,Initial outreach call,Left Voicemail,true
ACT0001212,Call,2026-06-12 04:55:56,USR014,LEAD0377,,,,Pricing follow-up,No Response,true
ACT0001213,Email,2026-06-17 09:00:44,USR013,LEAD0378,,,,Meeting recap,Follow-Up Needed,true
ACT0001214,Demo,2026-08-12 04:44:25,USR013,LEAD0378,,,,Solution review,Rescheduled,true
ACT0001215,Call,2026-08-16 19:22:36,USR013,LEAD0378,,,,Follow-up call,Left Voicemail,true
ACT0001216,Call,2024-09-29 09:14:33,USR015,LEAD0380,,,,Follow-up call,Connected,true
ACT0001217,Call,2025-09-11 21:36:00,USR015,LEAD0380,,,,Stakeholder check-in,No Response,true
ACT0001218,Email,2026-07-21 14:23:57,USR013,LEAD0381,,,,Follow-up email,No Response,true
ACT0001219,Email,2026-09-04 20:51:35,USR013,LEAD0381,,,,Introductory email,Connected,true
ACT0001220,Email,2025-12-07 21:10:03,USR015,LEAD0382,,,,Follow-up email,Follow-Up Needed,true
ACT0001221,Call,2025-04-19 01:15:11,USR014,LEAD0383,,,,Qualification call,Follow-Up Needed,true
ACT0001222,Email,2025-10-16 09:58:32,USR014,LEAD0383,,,,Next steps email,Connected,true
ACT0001223,Email,2026-06-11 04:21:55,USR014,LEAD0383,,,,Next steps email,No Response,true
ACT0001224,Call,2024-08-08 09:02:13,USR016,LEAD0384,,,,Stakeholder check-in,No Response,true
ACT0001225,Email,2024-11-16 12:41:00,USR016,LEAD0384,,,,Follow-up email,No Response,true
ACT0001226,Email,2025-06-22 20:24:46,USR016,LEAD0384,,,,Proposal follow-up,Follow-Up Needed,true
ACT0001227,Email,2024-01-25 20:36:37,USR016,LEAD0386,,,,Introductory email,No Response,true
ACT0001228,Call,2024-10-03 01:26:52,USR016,LEAD0386,,,,Initial outreach call,No Response,true
ACT0001229,Email,2025-06-04 07:10:01,USR016,LEAD0386,,,,Next steps email,No Response,true
ACT0001230,Call,2025-06-04 02:18:13,USR014,LEAD0387,,,,Initial outreach call,Left Voicemail,true
ACT0001231,Call,2025-09-05 07:50:37,USR014,LEAD0387,,,,Initial outreach call,Left Voicemail,true
ACT0001232,Meeting,2026-04-10 03:12:37,USR014,LEAD0387,,,,Executive check-in,Rescheduled,true
ACT0001233,Call,2025-05-23 03:12:37,USR013,LEAD0388,,,,Follow-up call,Connected,true
ACT0001234,Email,2025-06-27 17:01:40,USR016,LEAD0389,,,,Meeting recap,Follow-Up Needed,true
ACT0001235,Email,2025-10-23 05:44:27,USR016,LEAD0389,,,,Next steps email,No Response,true
ACT0001236,Email,2025-10-27 15:34:22,USR016,LEAD0389,,,,Proposal follow-up,No Response,true
ACT0001237,Call,2025-05-30 20:01:34,USR013,LEAD0390,,,,Stakeholder check-in,Follow-Up Needed,true
ACT0001238,Email,2025-12-24 12:33:35,USR013,LEAD0390,,,,Introductory email,No Response,true
ACT0001239,Call,2024-06-12 13:55:43,USR013,LEAD0391,,,,Qualification call,Connected,true
ACT0001240,Call,2025-09-30 15:42:41,USR013,LEAD0392,,,,Qualification call,Left Voicemail,true
ACT0001241,Meeting,2026-04-08 12:03:44,USR013,LEAD0392,,,,Commercial review,Follow-Up Needed,true
ACT0001242,Call,2026-09-19 01:59:35,USR014,LEAD0393,,,,Initial outreach call,Follow-Up Needed,true
ACT0001243,Email,2026-09-19 22:52:39,USR014,LEAD0393,,,,Next steps email,No Response,true
ACT0001244,Email,2026-09-20 20:17:25,USR014,LEAD0393,,,,Next steps email,Connected,true
ACT0001245,Call,2026-02-15 08:34:17,USR014,LEAD0394,,,,Follow-up call,Left Voicemail,true
ACT0001246,Call,2026-02-25 09:07:38,USR014,LEAD0394,,,,Qualification call,Left Voicemail,true
ACT0001247,Call,2026-08-05 10:50:43,USR014,LEAD0394,,,,Pricing follow-up,Follow-Up Needed,true
ACT0001248,Call,2024-10-07 13:42:35,USR014,LEAD0395,,,,Pricing follow-up,Left Voicemail,true
ACT0001249,Call,2026-05-08 18:27:16,USR016,LEAD0396,,,,Stakeholder check-in,Follow-Up Needed,true
ACT0001250,Email,2026-06-11 05:20:15,USR016,LEAD0396,,,,Introductory email,Connected,true
ACT0001251,Demo,2024-07-18 03:59:00,USR013,LEAD0397,,,,Product demo,Meeting Held,true
ACT0001252,Email,2025-03-23 18:21:34,USR013,LEAD0397,,,,Proposal follow-up,Follow-Up Needed,true
ACT0001253,Meeting,2025-08-02 09:26:58,USR013,LEAD0397,,,,Stakeholder meeting,Follow-Up Needed,true
ACT0001254,Call,2026-01-08 05:24:10,USR013,LEAD0397,,,,Stakeholder check-in,No Response,true
ACT0001255,Email,2024-02-12 09:33:04,USR016,LEAD0398,,,,Meeting recap,No Response,true
ACT0001256,Call,2025-01-13 03:58:07,USR016,LEAD0398,,,,Pricing follow-up,Left Voicemail,true
ACT0001257,Email,2025-04-18 21:59:00,USR016,LEAD0398,,,,Meeting recap,Connected,true
ACT0001258,Call,2025-08-26 05:22:52,USR016,LEAD0398,,,,Stakeholder check-in,Left Voicemail,true
ACT0001259,Email,2025-08-04 13:25:05,USR014,LEAD0399,,,,Proposal follow-up,Follow-Up Needed,true
ACT0001260,Call,2024-09-08 22:13:55,USR015,LEAD0400,,,,Qualification call,Left Voicemail,true
ACT0001261,Email,2025-10-31 00:47:42,USR015,LEAD0400,,,,Proposal follow-up,No Response,true
ACT0001262,Email,2025-12-25 21:58:56,USR015,LEAD0400,,,,Follow-up email,Connected,true
ACT0001263,Email,2025-09-06 23:52:55,USR015,LEAD0401,,,,Proposal follow-up,Connected,true
ACT0001264,Email,2025-08-09 00:29:12,USR015,LEAD0402,,,,Meeting recap,Follow-Up Needed,true
ACT0001265,Email,2026-07-30 02:13:28,USR016,LEAD0403,,,,Proposal follow-up,No Response,true
ACT0001266,Demo,2026-08-22 03:09:49,USR016,LEAD0403,,,,Workflow demonstration,Meeting Held,true
ACT0001267,Email,2026-08-30 17:19:36,USR016,LEAD0403,,,,Proposal follow-up,No Response,true
ACT0001268,Call,2025-11-27 09:10:26,USR016,LEAD0404,,,,Follow-up call,No Response,true
ACT0001269,Call,2026-01-07 18:41:52,USR016,LEAD0404,,,,Stakeholder check-in,Connected,true
ACT0001270,Call,2026-02-23 09:35:08,USR016,LEAD0404,,,,Pricing follow-up,No Response,true
ACT0001271,Demo,2026-04-30 16:41:15,USR016,LEAD0404,,,,Technical demo,Rescheduled,true
ACT0001272,Call,2025-06-14 18:25:04,USR014,LEAD0405,,,,Qualification call,Left Voicemail,true
ACT0001273,Email,2025-10-19 03:47:15,USR014,LEAD0405,,,,Proposal follow-up,No Response,true
ACT0001274,Call,2026-04-26 20:29:55,USR015,LEAD0406,,,,Initial outreach call,Follow-Up Needed,true
ACT0001275,Email,2026-06-22 21:37:05,USR015,LEAD0406,,,,Proposal follow-up,Connected,true
ACT0001276,Email,2024-05-08 11:08:10,USR015,LEAD0407,,,,Meeting recap,Follow-Up Needed,true
ACT0001277,Call,2026-02-10 07:36:27,USR013,LEAD0408,,,,Pricing follow-up,Follow-Up Needed,true
ACT0001278,Call,2026-03-22 03:10:50,USR013,LEAD0408,,,,Qualification call,Follow-Up Needed,true
ACT0001279,Demo,2026-04-10 12:09:47,USR013,LEAD0408,,,,Product demo,Rescheduled,true
ACT0001280,Call,2025-10-25 19:20:55,USR014,LEAD0410,,,,Qualification call,Follow-Up Needed,true
ACT0001281,Email,2025-10-08 14:51:30,USR013,LEAD0411,,,,Introductory email,Connected,true
ACT0001282,Email,2024-03-05 06:49:03,USR014,LEAD0412,,,,Meeting recap,Follow-Up Needed,true
ACT0001283,Other,2025-10-15 06:17:37,USR014,LEAD0412,,,,Contract coordination,Other,true
ACT0001284,Email,2026-02-17 01:43:26,USR015,LEAD0413,,,,Proposal follow-up,Connected,true
ACT0001285,Call,2025-03-03 14:50:04,USR013,LEAD0414,,,,Qualification call,Connected,true
ACT0001286,Email,2026-01-24 00:27:37,USR013,LEAD0414,,,,Introductory email,No Response,true
ACT0001287,Email,2026-09-02 01:33:12,USR016,LEAD0415,,,,Introductory email,No Response,true
ACT0001288,Email,2024-09-13 22:03:28,USR014,LEAD0416,,,,Meeting recap,No Response,true
ACT0001289,Meeting,2025-08-11 05:36:02,USR014,LEAD0416,,,,Commercial review,Meeting Held,true
ACT0001290,Email,2025-10-28 20:46:35,USR016,LEAD0417,,,,Follow-up email,No Response,true
ACT0001291,Email,2025-11-21 14:46:22,USR016,LEAD0417,,,,Introductory email,Follow-Up Needed,true
ACT0001292,Call,2025-11-29 08:45:12,USR016,LEAD0417,,,,Follow-up call,No Response,true
ACT0001293,Call,2024-08-08 16:37:41,USR013,LEAD0418,,,,Initial outreach call,Connected,true
ACT0001294,Email,2025-10-03 03:03:24,USR013,LEAD0418,,,,Meeting recap,Connected,true
ACT0001295,Email,2024-02-23 18:19:39,USR015,LEAD0419,,,,Meeting recap,Follow-Up Needed,true
ACT0001296,Email,2024-03-13 18:01:04,USR015,LEAD0419,,,,Introductory email,No Response,true
ACT0001297,Call,2024-06-07 16:12:05,USR013,LEAD0420,,,,Follow-up call,Follow-Up Needed,true
ACT0001298,Email,2025-07-09 13:40:14,USR013,LEAD0420,,,,Introductory email,Follow-Up Needed,true
ACT0001299,Email,2024-09-14 07:51:42,USR013,LEAD0421,,,,Introductory email,Follow-Up Needed,true
ACT0001300,Call,2025-08-30 08:44:35,USR013,LEAD0422,,,,Qualification call,Left Voicemail,true
ACT0001301,Email,2025-09-14 14:58:33,USR013,LEAD0422,,,,Proposal follow-up,Follow-Up Needed,true
ACT0001302,Meeting,2025-10-03 06:01:00,USR013,LEAD0422,,,,Discovery meeting,Meeting Held,true
ACT0001303,Call,2026-02-12 04:30:04,USR013,LEAD0422,,,,Follow-up call,No Response,true
ACT0001304,Call,2026-04-07 00:48:10,USR016,LEAD0424,,,,Initial outreach call,Follow-Up Needed,true
ACT0001305,Email,2025-01-24 16:34:34,USR015,LEAD0425,,,,Follow-up email,Connected,true
ACT0001306,Meeting,2025-09-10 12:49:22,USR015,LEAD0425,,,,Commercial review,Rescheduled,true
ACT0001307,Demo,2025-09-16 07:54:24,USR015,LEAD0425,,,,Product demo,Follow-Up Needed,true
ACT0001308,Email,2026-06-10 18:41:38,USR015,LEAD0426,,,,Follow-up email,Connected,true
ACT0001309,Email,2026-07-09 13:12:44,USR015,LEAD0426,,,,Proposal follow-up,Connected,true
ACT0001310,Call,2026-07-22 05:37:47,USR015,LEAD0426,,,,Follow-up call,Follow-Up Needed,true
ACT0001311,Call,2025-10-26 21:10:20,USR015,LEAD0427,,,,Stakeholder check-in,Connected,true
ACT0001312,Email,2025-12-12 06:27:52,USR015,LEAD0427,,,,Next steps email,Connected,true
ACT0001313,Call,2026-03-11 11:50:43,USR015,LEAD0427,,,,Pricing follow-up,Left Voicemail,true
ACT0001314,Call,2024-03-02 18:09:38,USR016,LEAD0428,,,,Follow-up call,Follow-Up Needed,true
ACT0001315,Call,2026-05-04 07:21:47,USR013,LEAD0429,,,,Stakeholder check-in,Connected,true
ACT0001316,Call,2025-09-30 16:50:21,USR013,LEAD0430,,,,Initial outreach call,Left Voicemail,true
ACT0001317,Email,2025-11-22 05:44:23,USR013,LEAD0430,,,,Proposal follow-up,No Response,true
ACT0001318,Email,2025-06-28 15:04:25,USR014,LEAD0431,,,,Follow-up email,No Response,true
ACT0001319,Meeting,2026-03-15 09:27:50,USR014,LEAD0431,,,,Executive check-in,Meeting Held,true
ACT0001320,Call,2026-03-19 09:20:37,USR014,LEAD0431,,,,Stakeholder check-in,No Response,true
ACT0001321,Email,2026-06-05 21:08:25,USR014,LEAD0431,,,,Next steps email,No Response,true
ACT0001322,Email,2024-08-26 04:28:51,USR013,LEAD0432,,,,Follow-up email,Follow-Up Needed,true
ACT0001323,Email,2025-12-04 02:11:34,USR014,LEAD0433,,,,Next steps email,Follow-Up Needed,true
ACT0001324,Call,2026-06-26 23:25:45,USR014,LEAD0434,,,,Initial outreach call,No Response,true
ACT0001325,Other,2026-06-29 02:35:48,USR014,LEAD0434,,,,Internal customer follow-up,Other,true
ACT0001326,Email,2026-07-31 20:28:50,USR014,LEAD0434,,,,Follow-up email,No Response,true
ACT0001327,Call,2025-03-19 08:24:54,USR013,LEAD0435,,,,Qualification call,Follow-Up Needed,true
ACT0001328,Email,2025-08-20 00:13:30,USR013,LEAD0435,,,,Proposal follow-up,No Response,true
ACT0001329,Email,2025-09-13 20:30:35,USR013,LEAD0435,,,,Introductory email,Follow-Up Needed,true
ACT0001330,Demo,2025-12-16 02:57:33,USR013,LEAD0435,,,,Product demo,Follow-Up Needed,true
ACT0001331,Email,2024-12-25 04:52:12,USR016,LEAD0437,,,,Proposal follow-up,Follow-Up Needed,true
ACT0001332,Email,2025-07-23 22:58:08,USR014,LEAD0438,,,,Next steps email,No Response,true
ACT0001333,Call,2025-10-25 01:57:07,USR014,LEAD0438,,,,Initial outreach call,No Response,true
ACT0001334,Call,2026-08-15 09:07:08,USR014,LEAD0439,,,,Follow-up call,No Response,true
ACT0001335,Email,2026-08-17 19:14:58,USR014,LEAD0439,,,,Meeting recap,Follow-Up Needed,true
ACT0001336,Call,2026-08-27 00:10:28,USR014,LEAD0439,,,,Initial outreach call,Follow-Up Needed,true
ACT0001337,Meeting,2026-08-31 05:14:47,USR014,LEAD0439,,,,Discovery meeting,Rescheduled,true
ACT0001338,Call,2026-09-07 03:23:41,USR014,LEAD0439,,,,Initial outreach call,Connected,true
ACT0001339,Email,2025-04-10 14:39:44,USR013,LEAD0440,,,,Meeting recap,No Response,true
ACT0001340,Email,2025-06-19 16:29:30,USR013,LEAD0440,,,,Follow-up email,Connected,true
ACT0001341,Call,2025-08-07 22:21:04,USR016,LEAD0441,,,,Follow-up call,Connected,true
ACT0001342,Call,2025-10-06 22:40:27,USR016,LEAD0441,,,,Follow-up call,Follow-Up Needed,true
ACT0001343,Email,2024-02-19 12:38:32,USR016,LEAD0443,,,,Follow-up email,Connected,true
ACT0001344,Call,2024-04-08 23:42:17,USR016,LEAD0443,,,,Qualification call,Connected,true
ACT0001345,Call,2025-06-08 05:37:03,USR013,LEAD0444,,,,Pricing follow-up,Connected,true
ACT0001346,Email,2026-03-19 00:34:11,USR014,LEAD0445,,,,Proposal follow-up,No Response,true
ACT0001347,Email,2026-05-20 04:06:44,USR014,LEAD0445,,,,Follow-up email,Follow-Up Needed,true
ACT0001348,Call,2024-10-27 12:10:46,USR016,LEAD0446,,,,Qualification call,Left Voicemail,true
ACT0001349,Call,2025-05-07 03:50:26,USR016,LEAD0446,,,,Stakeholder check-in,Left Voicemail,true
ACT0001350,Email,2025-06-23 09:00:26,USR016,LEAD0446,,,,Meeting recap,Connected,true
ACT0001351,Call,2024-02-10 04:55:36,USR013,LEAD0447,,,,Stakeholder check-in,No Response,true
ACT0001352,Call,2025-03-06 16:00:11,USR013,LEAD0447,,,,Pricing follow-up,No Response,true
ACT0001353,Call,2026-02-28 01:11:12,USR015,LEAD0448,,,,Pricing follow-up,No Response,true
ACT0001354,Email,2026-04-24 16:11:18,USR015,LEAD0448,,,,Meeting recap,Connected,true
ACT0001355,Call,2024-11-22 23:55:32,USR013,LEAD0449,,,,Qualification call,No Response,true
ACT0001356,Call,2025-06-13 06:18:12,USR015,LEAD0450,,,,Stakeholder check-in,No Response,true
ACT0001357,Email,2026-08-13 20:26:54,USR016,LEAD0451,,,,Proposal follow-up,Follow-Up Needed,true
ACT0001358,Meeting,2026-08-16 11:33:30,USR016,LEAD0451,,,,Stakeholder meeting,Meeting Held,true
ACT0001359,Meeting,2026-08-19 06:20:07,USR016,LEAD0451,,,,Requirements review,Follow-Up Needed,true
ACT0001360,Email,2026-08-24 08:01:07,USR016,LEAD0451,,,,Proposal follow-up,Follow-Up Needed,true
ACT0001361,Call,2024-11-29 19:47:54,USR013,LEAD0452,,,,Follow-up call,No Response,true
ACT0001362,Email,2025-03-19 14:12:42,USR013,LEAD0452,,,,Proposal follow-up,No Response,true
ACT0001363,Call,2026-08-17 06:14:59,USR015,LEAD0453,,,,Stakeholder check-in,No Response,true
ACT0001364,Email,2026-08-27 22:37:14,USR015,LEAD0453,,,,Meeting recap,Connected,true
ACT0001365,Email,2026-08-31 08:33:44,USR015,LEAD0453,,,,Meeting recap,Follow-Up Needed,true
ACT0001366,Call,2026-05-20 00:18:56,USR016,LEAD0454,,,,Initial outreach call,Follow-Up Needed,true
ACT0001367,Demo,2026-05-29 23:05:51,USR016,LEAD0454,,,,Technical demo,Meeting Held,true
ACT0001368,Email,2026-06-05 06:12:49,USR016,LEAD0454,,,,Proposal follow-up,Follow-Up Needed,true
ACT0001369,Meeting,2026-06-21 23:40:47,USR016,LEAD0454,,,,Requirements review,Follow-Up Needed,true
ACT0001370,Email,2026-05-28 10:46:15,USR014,LEAD0455,,,,Next steps email,Follow-Up Needed,true
ACT0001371,Call,2026-06-16 21:46:12,USR014,LEAD0455,,,,Initial outreach call,No Response,true
ACT0001372,Call,2025-08-12 05:51:28,USR016,LEAD0456,,,,Pricing follow-up,No Response,true
ACT0001373,Call,2024-02-08 09:49:01,USR016,LEAD0457,,,,Stakeholder check-in,Left Voicemail,true
ACT0001374,Demo,2024-08-12 22:19:59,USR016,LEAD0457,,,,Technical demo,Rescheduled,true
ACT0001375,Demo,2025-11-25 03:13:07,USR016,LEAD0457,,,,Workflow demonstration,Follow-Up Needed,true
ACT0001376,Call,2026-03-06 21:14:49,USR014,LEAD0458,,,,Pricing follow-up,Follow-Up Needed,true
ACT0001377,Call,2024-07-24 08:45:47,USR016,LEAD0459,,,,Qualification call,Follow-Up Needed,true
ACT0001378,Email,2024-08-15 10:12:25,USR016,LEAD0459,,,,Proposal follow-up,Follow-Up Needed,true
ACT0001379,Call,2025-10-12 14:47:01,USR014,LEAD0460,,,,Follow-up call,No Response,true
ACT0001380,Email,2026-03-21 21:47:09,USR014,LEAD0460,,,,Proposal follow-up,Follow-Up Needed,true
ACT0001381,Email,2026-04-06 18:17:35,USR014,LEAD0460,,,,Follow-up email,No Response,true
ACT0001382,Call,2025-06-04 15:33:09,USR014,LEAD0461,,,,Initial outreach call,Follow-Up Needed,true
ACT0001383,Call,2026-02-28 21:13:52,USR014,LEAD0461,,,,Follow-up call,Left Voicemail,true
ACT0001384,Call,2026-04-07 00:40:43,USR014,LEAD0461,,,,Initial outreach call,Left Voicemail,true
ACT0001385,Email,2025-10-13 04:25:35,USR016,LEAD0462,,,,Next steps email,Connected,true
ACT0001386,Meeting,2025-11-30 11:43:03,USR016,LEAD0462,,,,Stakeholder meeting,Rescheduled,true
ACT0001387,Call,2026-01-14 20:41:42,USR016,LEAD0462,,,,Initial outreach call,Connected,true
ACT0001388,Call,2025-11-08 04:09:43,USR016,LEAD0463,,,,Pricing follow-up,Follow-Up Needed,true
ACT0001389,Email,2026-02-17 20:50:40,USR016,LEAD0463,,,,Proposal follow-up,Connected,true
ACT0001390,Email,2026-03-04 22:22:39,USR016,LEAD0463,,,,Meeting recap,Follow-Up Needed,true
ACT0001391,Email,2026-06-04 13:06:51,USR016,LEAD0463,,,,Introductory email,Follow-Up Needed,true
ACT0001392,Email,2026-07-04 07:42:28,USR014,LEAD0464,,,,Follow-up email,No Response,true
ACT0001393,Email,2026-07-05 16:42:18,USR014,LEAD0464,,,,Next steps email,Connected,true
ACT0001394,Email,2026-07-10 08:03:33,USR014,LEAD0464,,,,Next steps email,Follow-Up Needed,true
ACT0001395,Call,2026-07-25 22:09:15,USR014,LEAD0464,,,,Initial outreach call,Connected,true
ACT0001396,Email,2025-06-08 13:17:43,USR014,LEAD0465,,,,Follow-up email,No Response,true
ACT0001397,Call,2025-06-19 22:48:12,USR014,LEAD0465,,,,Pricing follow-up,Connected,true
ACT0001398,Email,2025-10-26 23:07:55,USR014,LEAD0465,,,,Meeting recap,Follow-Up Needed,true
ACT0001399,Other,2025-11-14 05:48:58,USR014,LEAD0465,,,,Procurement follow-up,Other,true
ACT0001400,Call,2026-09-20 14:22:12,USR013,LEAD0466,,,,Initial outreach call,Follow-Up Needed,true
ACT0001401,Call,2026-02-04 17:17:00,USR013,LEAD0467,,,,Stakeholder check-in,Follow-Up Needed,true
ACT0001402,Email,2025-11-23 23:40:05,USR015,LEAD0468,,,,Proposal follow-up,Follow-Up Needed,true
ACT0001403,Call,2026-03-18 12:16:51,USR015,LEAD0468,,,,Pricing follow-up,No Response,true
ACT0001404,Call,2026-05-02 19:38:00,USR015,LEAD0468,,,,Stakeholder check-in,Left Voicemail,true
ACT0001405,Call,2026-01-12 16:32:58,USR013,LEAD0469,,,,Pricing follow-up,Left Voicemail,true
ACT0001406,Meeting,2026-03-30 09:42:40,USR013,LEAD0469,,,,Commercial review,Rescheduled,true
ACT0001407,Call,2026-02-28 21:40:47,USR013,LEAD0470,,,,Follow-up call,Connected,true
ACT0001408,Email,2026-07-15 22:02:03,USR013,LEAD0470,,,,Follow-up email,No Response,true
ACT0001409,Call,2024-10-03 04:14:14,USR015,LEAD0472,,,,Follow-up call,No Response,true
ACT0001410,Call,2025-08-15 14:52:48,USR015,LEAD0472,,,,Stakeholder check-in,Left Voicemail,true
ACT0001411,Call,2026-02-07 18:52:07,USR015,LEAD0472,,,,Follow-up call,Connected,true
ACT0001412,Email,2026-05-03 16:00:16,USR015,LEAD0472,,,,Introductory email,Follow-Up Needed,true
ACT0001413,Email,2026-08-17 16:14:40,USR014,LEAD0473,,,,Proposal follow-up,Connected,true
ACT0001414,Call,2026-06-16 03:22:05,USR016,LEAD0474,,,,Pricing follow-up,Follow-Up Needed,true
ACT0001415,Email,2024-05-25 15:54:26,USR013,LEAD0475,,,,Follow-up email,Follow-Up Needed,true
ACT0001416,Email,2024-12-23 05:45:00,USR013,LEAD0475,,,,Follow-up email,No Response,true
ACT0001417,Call,2025-09-14 14:01:27,USR013,LEAD0476,,,,Qualification call,Connected,true
ACT0001418,Email,2026-02-13 07:49:23,USR013,LEAD0476,,,,Meeting recap,Follow-Up Needed,true
ACT0001419,Call,2026-04-07 13:38:56,USR013,LEAD0476,,,,Qualification call,No Response,true
ACT0001420,Call,2026-08-09 16:45:04,USR013,LEAD0477,,,,Follow-up call,Left Voicemail,true
ACT0001421,Demo,2026-09-01 23:05:51,USR013,LEAD0477,,,,Solution review,Follow-Up Needed,true
ACT0001422,Email,2025-12-14 22:42:39,USR013,LEAD0478,,,,Follow-up email,Follow-Up Needed,true
ACT0001423,Demo,2026-03-03 11:24:32,USR013,LEAD0478,,,,Product demo,Follow-Up Needed,true
ACT0001424,Call,2025-01-28 22:32:54,USR014,LEAD0479,,,,Follow-up call,Connected,true
ACT0001425,Email,2025-02-03 15:57:24,USR014,LEAD0479,,,,Proposal follow-up,No Response,true
ACT0001426,Email,2025-04-03 23:40:58,USR014,LEAD0479,,,,Follow-up email,Follow-Up Needed,true
ACT0001427,Email,2025-07-28 14:12:20,USR014,LEAD0479,,,,Proposal follow-up,Connected,true
ACT0001428,Email,2025-11-03 15:05:36,USR014,LEAD0479,,,,Meeting recap,Connected,true
ACT0001429,Email,2026-07-30 16:57:03,USR015,LEAD0480,,,,Introductory email,Follow-Up Needed,true
ACT0001430,Call,2026-01-20 03:10:56,USR014,LEAD0481,,,,Follow-up call,Connected,true
ACT0001431,Email,2026-03-14 12:36:04,USR014,LEAD0481,,,,Follow-up email,Follow-Up Needed,true
ACT0001432,Email,2026-05-12 01:21:30,USR014,LEAD0481,,,,Follow-up email,Connected,true
ACT0001433,Call,2026-05-27 16:41:03,USR014,LEAD0481,,,,Qualification call,Connected,true
ACT0001434,Email,2026-09-09 03:31:23,USR013,LEAD0482,,,,Meeting recap,No Response,true
ACT0001435,Call,2026-09-10 13:45:27,USR013,LEAD0482,,,,Initial outreach call,Left Voicemail,true
ACT0001436,Email,2026-09-14 05:03:12,USR013,LEAD0482,,,,Next steps email,Connected,true
ACT0001437,Other,2026-09-14 05:28:43,USR013,LEAD0482,,,,Internal customer follow-up,Other,true
ACT0001438,Call,2025-09-12 05:44:51,USR016,LEAD0483,,,,Stakeholder check-in,Connected,true
ACT0001439,Email,2026-03-26 11:36:22,USR016,LEAD0483,,,,Meeting recap,Follow-Up Needed,true
ACT0001440,Demo,2025-02-05 05:27:04,USR016,LEAD0484,,,,Product demo,Rescheduled,true
ACT0001441,Call,2025-02-05 18:55:12,USR016,LEAD0484,,,,Initial outreach call,Connected,true
ACT0001442,Email,2026-03-17 05:13:10,USR013,LEAD0485,,,,Follow-up email,Follow-Up Needed,true
ACT0001443,Email,2025-04-01 18:35:37,USR014,LEAD0486,,,,Follow-up email,Follow-Up Needed,true
ACT0001444,Call,2025-05-15 08:09:10,USR014,LEAD0486,,,,Follow-up call,Follow-Up Needed,true
ACT0001445,Call,2025-08-14 16:43:02,USR015,LEAD0487,,,,Qualification call,Follow-Up Needed,true
ACT0001446,Call,2025-12-26 14:41:15,USR013,LEAD0488,,,,Stakeholder check-in,Left Voicemail,true
ACT0001447,Call,2024-09-10 16:40:12,USR016,LEAD0489,,,,Pricing follow-up,Follow-Up Needed,true
ACT0001448,Email,2025-01-15 01:44:07,USR016,LEAD0489,,,,Proposal follow-up,No Response,true
ACT0001449,Call,2025-05-31 18:28:45,USR016,LEAD0489,,,,Initial outreach call,Connected,true
ACT0001450,Email,2025-07-01 11:34:17,USR016,LEAD0489,,,,Follow-up email,Connected,true
ACT0001451,Call,2024-12-17 05:27:41,USR016,LEAD0490,,,,Initial outreach call,Left Voicemail,true
ACT0001452,Other,2025-10-03 20:26:44,USR016,LEAD0490,,,,Contract coordination,Other,true
ACT0001453,Call,2025-12-17 08:22:02,USR016,LEAD0490,,,,Pricing follow-up,Connected,true
ACT0001454,Email,2026-07-04 03:27:49,USR016,LEAD0491,,,,Next steps email,Connected,true
ACT0001455,Call,2025-10-25 18:12:02,USR016,LEAD0492,,,,Follow-up call,No Response,true
ACT0001456,Email,2026-03-20 13:15:59,USR016,LEAD0492,,,,Introductory email,No Response,true
ACT0001457,Call,2026-03-26 15:18:11,USR016,LEAD0492,,,,Stakeholder check-in,Left Voicemail,true
ACT0001458,Email,2026-05-21 06:03:13,USR016,LEAD0492,,,,Introductory email,No Response,true
ACT0001459,Email,2026-05-21 15:08:23,USR016,LEAD0492,,,,Proposal follow-up,No Response,true
ACT0001460,Email,2025-11-27 03:10:00,USR014,LEAD0493,,,,Proposal follow-up,No Response,true
ACT0001461,Email,2026-04-29 21:16:39,USR014,LEAD0493,,,,Introductory email,No Response,true
ACT0001462,Demo,2024-12-31 07:27:34,USR014,LEAD0494,,,,Solution review,Rescheduled,true
ACT0001463,Call,2024-10-18 04:42:37,USR016,LEAD0495,,,,Stakeholder check-in,No Response,true
ACT0001464,Call,2025-10-02 13:19:12,USR016,LEAD0495,,,,Follow-up call,Connected,true
ACT0001465,Call,2025-11-26 16:56:23,USR016,LEAD0495,,,,Follow-up call,No Response,true
ACT0001466,Meeting,2026-01-24 12:44:56,USR016,LEAD0495,,,,Executive check-in,Meeting Held,true
ACT0001467,Demo,2025-04-27 00:39:47,USR014,LEAD0496,,,,Solution review,Meeting Held,true
ACT0001468,Email,2024-12-18 06:05:29,USR016,LEAD0497,,,,Follow-up email,Connected,true
ACT0001469,Email,2025-04-23 20:50:41,USR016,LEAD0497,,,,Follow-up email,Connected,true
ACT0001470,Meeting,2025-02-08 07:11:57,USR014,LEAD0498,,,,Requirements review,Rescheduled,true
ACT0001471,Email,2025-03-15 14:31:14,USR014,LEAD0500,,,,Proposal follow-up,Connected,true
ACT0001472,Meeting,2025-07-10 11:16:06,USR014,LEAD0500,,,,Requirements review,Follow-Up Needed,true
ACT0001473,Call,2024-02-13 22:13:31,USR013,LEAD0501,,,,Qualification call,Connected,true
ACT0001474,Meeting,2024-08-04 17:24:17,USR013,LEAD0501,,,,Executive check-in,Meeting Held,true
ACT0001475,Email,2025-12-20 05:28:16,USR014,LEAD0502,,,,Next steps email,No Response,true
ACT0001476,Call,2026-08-21 03:15:13,USR014,LEAD0503,,,,Qualification call,Left Voicemail,true
ACT0001477,Call,2026-09-03 20:16:35,USR014,LEAD0503,,,,Qualification call,Connected,true
ACT0001478,Call,2025-01-28 06:59:45,USR015,LEAD0504,,,,Pricing follow-up,Connected,true
ACT0001479,Call,2025-08-06 11:24:02,USR015,LEAD0504,,,,Stakeholder check-in,No Response,true
ACT0001480,Call,2026-05-14 01:30:02,USR015,LEAD0505,,,,Qualification call,Follow-Up Needed,true
ACT0001481,Demo,2026-05-21 07:37:03,USR015,LEAD0505,,,,Workflow demonstration,Meeting Held,true
ACT0001482,Email,2026-06-06 04:45:53,USR015,LEAD0505,,,,Introductory email,Follow-Up Needed,true
ACT0001483,Other,2026-06-11 00:47:46,USR015,LEAD0505,,,,Internal customer follow-up,Follow-Up Needed,true
ACT0001484,Call,2024-10-04 10:05:59,USR013,LEAD0506,,,,Qualification call,Follow-Up Needed,true
ACT0001485,Email,2024-11-23 06:57:31,USR013,LEAD0506,,,,Meeting recap,Connected,true
ACT0001486,Email,2025-04-07 01:19:01,USR014,LEAD0507,,,,Follow-up email,Connected,true
ACT0001487,Call,2026-05-15 11:08:09,USR016,LEAD0508,,,,Follow-up call,Left Voicemail,true
ACT0001488,Email,2026-05-29 21:58:57,USR016,LEAD0508,,,,Introductory email,Follow-Up Needed,true
ACT0001489,Email,2024-02-25 21:58:25,USR013,LEAD0509,,,,Meeting recap,Connected,true
ACT0001490,Email,2024-04-23 05:37:16,USR013,LEAD0509,,,,Next steps email,No Response,true
ACT0001491,Email,2024-06-03 07:04:36,USR013,LEAD0509,,,,Introductory email,Follow-Up Needed,true
ACT0001492,Email,2024-11-23 23:22:51,USR015,LEAD0510,,,,Next steps email,Follow-Up Needed,true
ACT0001493,Call,2025-07-17 00:57:50,USR015,LEAD0510,,,,Follow-up call,Connected,true
ACT0001494,Other,2025-12-19 18:20:54,USR015,LEAD0510,,,,Internal customer follow-up,Connected,true
ACT0001495,Email,2026-04-13 21:43:16,USR014,LEAD0511,,,,Meeting recap,Follow-Up Needed,true
ACT0001496,Call,2026-05-05 23:16:50,USR014,LEAD0511,,,,Qualification call,Follow-Up Needed,true
ACT0001497,Meeting,2026-06-15 22:52:37,USR014,LEAD0511,,,,Requirements review,Meeting Held,true
ACT0001498,Email,2026-06-16 00:54:29,USR014,LEAD0511,,,,Next steps email,No Response,true
ACT0001499,Email,2026-01-09 21:01:47,USR015,LEAD0512,,,,Introductory email,No Response,true
ACT0001500,Email,2024-08-08 05:14:58,USR013,LEAD0513,,,,Next steps email,Follow-Up Needed,true
ACT0001501,Email,2025-04-26 09:33:31,USR013,LEAD0513,,,,Follow-up email,Connected,true
ACT0001502,Email,2024-01-14 16:54:35,USR015,LEAD0514,,,,Introductory email,Follow-Up Needed,true
ACT0001503,Email,2024-04-09 09:49:51,USR015,LEAD0514,,,,Introductory email,Connected,true
ACT0001504,Email,2024-03-10 22:28:42,USR015,LEAD0515,,,,Follow-up email,No Response,true
ACT0001505,Call,2024-09-29 21:43:19,USR015,LEAD0515,,,,Initial outreach call,No Response,true
ACT0001506,Email,2024-12-04 07:41:39,USR015,LEAD0515,,,,Proposal follow-up,Follow-Up Needed,true
ACT0001507,Email,2026-07-12 10:39:12,USR016,LEAD0516,,,,Proposal follow-up,Follow-Up Needed,true
ACT0001508,Email,2024-11-05 09:15:57,USR013,LEAD0517,,,,Introductory email,Connected,true
ACT0001509,Email,2024-11-21 05:25:31,USR013,LEAD0517,,,,Next steps email,No Response,true
ACT0001510,Call,2025-07-12 15:02:56,USR013,LEAD0517,,,,Stakeholder check-in,No Response,true
ACT0001511,Call,2025-05-04 23:35:11,USR014,LEAD0518,,,,Follow-up call,Follow-Up Needed,true
ACT0001512,Call,2025-06-26 14:59:05,USR014,LEAD0518,,,,Follow-up call,Left Voicemail,true
ACT0001513,Email,2025-08-07 21:36:32,USR014,LEAD0518,,,,Proposal follow-up,Follow-Up Needed,true
ACT0001514,Call,2025-12-12 19:16:46,USR014,LEAD0518,,,,Pricing follow-up,Follow-Up Needed,true
ACT0001515,Call,2024-03-26 17:40:02,USR015,LEAD0519,,,,Follow-up call,Connected,true
ACT0001516,Call,2024-12-14 10:38:37,USR015,LEAD0519,,,,Pricing follow-up,Connected,true
ACT0001517,Call,2026-01-23 17:38:58,USR013,LEAD0520,,,,Pricing follow-up,Follow-Up Needed,true
ACT0001518,Email,2025-02-08 12:07:40,USR016,LEAD0521,,,,Meeting recap,No Response,true
ACT0001519,Demo,2025-09-04 22:38:50,USR016,LEAD0521,,,,Solution review,Meeting Held,true
ACT0001520,Email,2024-10-22 08:40:29,USR014,LEAD0522,,,,Follow-up email,No Response,true
ACT0001521,Call,2025-05-01 04:27:25,USR014,LEAD0522,,,,Initial outreach call,Connected,true
ACT0001522,Call,2025-05-13 09:27:04,USR014,LEAD0522,,,,Follow-up call,Left Voicemail,true
ACT0001523,Call,2025-11-06 05:28:01,USR014,LEAD0522,,,,Follow-up call,Left Voicemail,true
ACT0001524,Email,2025-02-18 00:27:33,USR015,LEAD0523,,,,Next steps email,No Response,true
ACT0001525,Call,2024-09-30 08:42:30,USR016,LEAD0524,,,,Stakeholder check-in,No Response,true
ACT0001526,Call,2026-07-08 07:51:18,USR015,LEAD0525,,,,Follow-up call,Follow-Up Needed,true
ACT0001527,Call,2026-08-29 13:01:22,USR015,LEAD0525,,,,Initial outreach call,Left Voicemail,true
ACT0001528,Email,2025-10-04 14:46:30,USR013,LEAD0526,,,,Next steps email,No Response,true
ACT0001529,Call,2025-10-03 17:29:59,USR016,LEAD0527,,,,Pricing follow-up,Left Voicemail,true
ACT0001530,Call,2025-10-15 14:22:43,USR016,LEAD0527,,,,Initial outreach call,No Response,true
ACT0001531,Other,2026-08-31 22:44:43,USR013,LEAD0528,,,,Procurement follow-up,Other,true
ACT0001532,Email,2026-09-23 11:02:01,USR013,LEAD0528,,,,Introductory email,Connected,true
ACT0001533,Email,2024-02-23 15:38:44,USR015,LEAD0530,,,,Introductory email,Connected,true
ACT0001534,Meeting,2024-09-30 03:31:07,USR015,LEAD0530,,,,Stakeholder meeting,Meeting Held,true
ACT0001535,Email,2024-11-07 09:56:25,USR016,LEAD0531,,,,Next steps email,Connected,true
ACT0001536,Email,2025-07-05 01:06:06,USR016,LEAD0531,,,,Follow-up email,Connected,true
ACT0001537,Call,2025-07-11 13:42:49,USR016,LEAD0531,,,,Follow-up call,No Response,true
ACT0001538,Email,2025-12-18 14:11:58,USR016,LEAD0531,,,,Next steps email,Connected,true
ACT0001539,Call,2024-02-26 17:38:33,USR015,LEAD0532,,,,Follow-up call,Follow-Up Needed,true
ACT0001540,Email,2024-03-26 21:45:47,USR015,LEAD0532,,,,Meeting recap,No Response,true
ACT0001541,Call,2025-01-24 19:47:42,USR015,LEAD0532,,,,Initial outreach call,Follow-Up Needed,true
ACT0001542,Call,2025-05-26 12:15:12,USR014,LEAD0533,,,,Qualification call,No Response,true
ACT0001543,Call,2024-01-27 03:08:39,USR014,LEAD0534,,,,Pricing follow-up,Connected,true
ACT0001544,Email,2025-03-25 17:27:29,USR014,LEAD0534,,,,Follow-up email,No Response,true
ACT0001545,Email,2025-08-23 20:20:42,USR014,LEAD0535,,,,Introductory email,Connected,true
ACT0001546,Call,2026-06-17 00:57:55,USR014,LEAD0535,,,,Pricing follow-up,Left Voicemail,true
ACT0001547,Call,2025-10-07 23:04:14,USR016,LEAD0536,,,,Qualification call,No Response,true
ACT0001548,Meeting,2025-02-02 01:03:59,USR016,LEAD0537,,,,Stakeholder meeting,Follow-Up Needed,true
ACT0001549,Email,2025-07-28 13:29:57,USR016,LEAD0537,,,,Meeting recap,Follow-Up Needed,true
ACT0001550,Call,2026-06-17 07:13:32,USR014,LEAD0538,,,,Stakeholder check-in,Left Voicemail,true
ACT0001551,Call,2026-06-21 21:39:41,USR014,LEAD0538,,,,Follow-up call,Connected,true
ACT0001552,Other,2026-08-11 08:21:10,USR014,LEAD0538,,,,Procurement follow-up,Other,true
ACT0001553,Call,2024-07-18 11:02:42,USR016,LEAD0539,,,,Initial outreach call,Connected,true
ACT0001554,Call,2024-09-15 04:21:44,USR016,LEAD0539,,,,Stakeholder check-in,Follow-Up Needed,true
ACT0001555,Other,2026-06-08 08:57:35,USR016,LEAD0540,,,,Internal customer follow-up,Connected,true
ACT0001556,Call,2025-06-21 20:26:59,USR014,LEAD0541,,,,Pricing follow-up,Left Voicemail,true
ACT0001557,Email,2025-08-20 02:53:27,USR013,LEAD0542,,,,Introductory email,Connected,true
ACT0001558,Email,2026-02-14 13:07:11,USR013,LEAD0542,,,,Introductory email,Connected,true
ACT0001559,Email,2026-03-10 05:18:15,USR014,LEAD0543,,,,Meeting recap,Connected,true
ACT0001560,Meeting,2026-07-02 02:07:19,USR014,LEAD0543,,,,Requirements review,Follow-Up Needed,true
ACT0001561,Call,2026-03-27 01:31:44,USR013,LEAD0544,,,,Qualification call,No Response,true
ACT0001562,Email,2025-12-08 00:49:02,USR013,LEAD0545,,,,Meeting recap,No Response,true
ACT0001563,Email,2026-04-21 04:33:41,USR013,LEAD0545,,,,Proposal follow-up,Follow-Up Needed,true
ACT0001564,Email,2024-02-05 14:51:46,USR015,LEAD0546,,,,Meeting recap,Follow-Up Needed,true
ACT0001565,Call,2024-11-01 00:11:35,USR015,LEAD0546,,,,Follow-up call,No Response,true
ACT0001566,Call,2025-07-29 15:45:52,USR015,LEAD0546,,,,Stakeholder check-in,Follow-Up Needed,true
ACT0001567,Email,2025-10-17 20:53:46,USR014,LEAD0547,,,,Proposal follow-up,Follow-Up Needed,true
ACT0001568,Call,2026-01-20 07:09:08,USR014,LEAD0547,,,,Qualification call,Connected,true
ACT0001569,Call,2025-06-12 00:56:25,USR014,LEAD0548,,,,Follow-up call,Left Voicemail,true
ACT0001570,Email,2026-03-10 10:42:35,USR014,LEAD0548,,,,Next steps email,Connected,true
ACT0001571,Email,2025-07-02 20:57:23,USR015,LEAD0549,,,,Proposal follow-up,Follow-Up Needed,true
ACT0001572,Meeting,2025-10-23 21:25:43,USR015,LEAD0549,,,,Requirements review,Meeting Held,true
ACT0001573,Email,2025-01-14 06:29:54,USR014,LEAD0550,,,,Follow-up email,No Response,true
ACT0001574,Call,2025-04-17 05:56:20,USR014,LEAD0550,,,,Stakeholder check-in,Connected,true
ACT0001575,Email,2025-06-27 11:38:33,USR014,LEAD0550,,,,Proposal follow-up,Connected,true
ACT0001576,Call,2025-12-09 08:20:11,USR014,LEAD0550,,,,Follow-up call,Left Voicemail,true
ACT0001577,Email,2024-10-26 01:45:40,USR015,LEAD0551,,,,Proposal follow-up,Connected,true
ACT0001578,Call,2025-03-11 18:00:32,USR015,LEAD0551,,,,Qualification call,Connected,true
ACT0001579,Call,2026-04-13 02:28:32,USR014,LEAD0552,,,,Pricing follow-up,Connected,true
ACT0001580,Email,2026-04-14 16:19:11,USR014,LEAD0552,,,,Follow-up email,Follow-Up Needed,true
ACT0001581,Email,2026-06-08 01:17:37,USR014,LEAD0552,,,,Next steps email,No Response,true
ACT0001582,Other,2026-07-02 11:21:09,USR014,LEAD0552,,,,Internal customer follow-up,Other,true
ACT0001583,Call,2026-04-23 17:58:18,USR014,LEAD0553,,,,Initial outreach call,Follow-Up Needed,true
ACT0001584,Meeting,2026-05-07 06:55:42,USR014,LEAD0553,,,,Executive check-in,Rescheduled,true
ACT0001585,Email,2026-08-08 02:10:49,USR014,LEAD0553,,,,Proposal follow-up,Connected,true
ACT0001586,Email,2026-05-21 00:14:46,USR013,LEAD0554,,,,Meeting recap,Connected,true
ACT0001587,Email,2026-07-18 13:39:16,USR013,LEAD0554,,,,Introductory email,No Response,true
ACT0001588,Call,2024-03-29 07:26:20,USR016,LEAD0555,,,,Pricing follow-up,Connected,true
ACT0001589,Email,2024-07-07 17:12:12,USR013,LEAD0556,,,,Next steps email,No Response,true
ACT0001590,Call,2024-09-03 20:24:57,USR015,LEAD0557,,,,Initial outreach call,No Response,true
ACT0001591,Demo,2026-06-16 19:12:36,USR015,LEAD0558,,,,Solution review,Meeting Held,true
ACT0001592,Email,2026-08-04 00:27:13,USR015,LEAD0558,,,,Follow-up email,No Response,true
ACT0001593,Email,2025-11-24 04:09:05,USR016,LEAD0559,,,,Follow-up email,Connected,true
ACT0001594,Call,2025-12-10 15:51:11,USR016,LEAD0559,,,,Stakeholder check-in,Left Voicemail,true
ACT0001595,Email,2025-11-25 17:39:56,USR016,LEAD0560,,,,Introductory email,Follow-Up Needed,true
ACT0001596,Call,2026-05-28 13:39:35,USR016,LEAD0560,,,,Pricing follow-up,Connected,true
ACT0001597,Meeting,2026-06-30 08:47:50,USR016,LEAD0560,,,,Discovery meeting,Follow-Up Needed,true
ACT0001598,Call,2025-04-06 22:10:33,USR014,LEAD0561,,,,Initial outreach call,Follow-Up Needed,true
ACT0001599,Call,2026-01-30 16:45:45,USR014,LEAD0561,,,,Initial outreach call,Follow-Up Needed,true
ACT0001600,Email,2024-07-24 23:08:53,USR013,LEAD0562,,,,Next steps email,Connected,true
ACT0001601,Other,2025-06-28 15:24:54,USR013,LEAD0562,,,,Procurement follow-up,Connected,true
ACT0001602,Email,2025-09-18 19:03:41,USR013,LEAD0562,,,,Proposal follow-up,Follow-Up Needed,true
ACT0001603,Email,2025-06-19 04:19:13,USR015,LEAD0563,,,,Proposal follow-up,No Response,true
ACT0001604,Email,2025-10-20 06:41:47,USR015,LEAD0563,,,,Introductory email,No Response,true
ACT0001605,Email,2025-12-09 14:53:20,USR015,LEAD0563,,,,Follow-up email,Connected,true
ACT0001606,Email,2024-07-10 01:36:45,USR016,LEAD0564,,,,Follow-up email,No Response,true
ACT0001607,Email,2024-11-29 14:14:00,USR016,LEAD0564,,,,Introductory email,No Response,true
ACT0001608,Email,2025-03-15 09:20:34,USR016,LEAD0564,,,,Follow-up email,Connected,true
ACT0001609,Call,2026-03-14 10:22:38,USR013,LEAD0565,,,,Initial outreach call,Follow-Up Needed,true
ACT0001610,Call,2026-04-03 16:31:39,USR016,LEAD0566,,,,Initial outreach call,Left Voicemail,true
ACT0001611,Email,2026-05-15 17:50:37,USR016,LEAD0566,,,,Follow-up email,Follow-Up Needed,true
ACT0001612,Email,2026-06-01 22:30:03,USR016,LEAD0566,,,,Introductory email,No Response,true
ACT0001613,Email,2024-07-28 09:55:45,USR016,LEAD0567,,,,Next steps email,Connected,true
ACT0001614,Demo,2025-08-26 06:12:10,USR016,LEAD0567,,,,Technical demo,Rescheduled,true
ACT0001615,Meeting,2025-09-18 18:55:38,USR016,LEAD0567,,,,Discovery meeting,Follow-Up Needed,true
ACT0001616,Call,2025-11-17 14:27:59,USR014,LEAD0568,,,,Follow-up call,Connected,true
ACT0001617,Email,2026-04-24 10:04:56,USR014,LEAD0568,,,,Introductory email,Connected,true
ACT0001618,Call,2025-05-04 12:39:57,USR013,LEAD0569,,,,Pricing follow-up,Connected,true
ACT0001619,Meeting,2025-07-01 04:58:43,USR013,LEAD0569,,,,Discovery meeting,Follow-Up Needed,true
ACT0001620,Call,2025-09-02 03:09:44,USR013,LEAD0569,,,,Initial outreach call,No Response,true
ACT0001621,Email,2025-07-24 11:54:25,USR014,LEAD0570,,,,Meeting recap,Connected,true
ACT0001622,Call,2025-11-16 05:00:06,USR014,LEAD0570,,,,Qualification call,Follow-Up Needed,true
ACT0001623,Demo,2025-11-30 12:10:34,USR014,LEAD0570,,,,Solution review,Meeting Held,true
ACT0001624,Call,2026-04-17 02:49:51,USR014,LEAD0570,,,,Initial outreach call,Connected,true
ACT0001625,Call,2026-08-21 06:46:04,USR013,LEAD0571,,,,Pricing follow-up,Connected,true
ACT0001626,Call,2026-08-31 23:35:52,USR013,LEAD0571,,,,Follow-up call,Follow-Up Needed,true
ACT0001627,Email,2026-09-10 12:48:46,USR013,LEAD0571,,,,Introductory email,Connected,true
ACT0001628,Email,2024-11-26 04:24:55,USR013,LEAD0572,,,,Introductory email,Connected,true
ACT0001629,Meeting,2025-12-22 16:00:34,USR013,LEAD0572,,,,Stakeholder meeting,Follow-Up Needed,true
ACT0001630,Demo,2025-06-16 15:44:13,USR016,LEAD0573,,,,Solution review,Follow-Up Needed,true
ACT0001631,Email,2026-04-27 08:49:20,USR013,LEAD0574,,,,Proposal follow-up,Follow-Up Needed,true
ACT0001632,Call,2026-05-26 03:15:16,USR013,LEAD0574,,,,Stakeholder check-in,Left Voicemail,true
ACT0001633,Call,2026-06-02 09:54:06,USR013,LEAD0574,,,,Pricing follow-up,Follow-Up Needed,true
ACT0001634,Call,2026-07-31 19:07:42,USR013,LEAD0574,,,,Follow-up call,Left Voicemail,true
ACT0001635,Meeting,2025-06-15 07:06:40,USR013,LEAD0575,,,,Commercial review,Rescheduled,true
ACT0001636,Call,2025-07-06 20:06:38,USR013,LEAD0575,,,,Follow-up call,Follow-Up Needed,true
ACT0001637,Email,2025-10-03 06:31:27,USR013,LEAD0575,,,,Introductory email,Connected,true
ACT0001638,Email,2025-12-12 19:45:51,USR014,LEAD0576,,,,Next steps email,Follow-Up Needed,true
ACT0001639,Call,2026-06-04 00:05:17,USR015,LEAD0577,,,,Follow-up call,Connected,true
ACT0001640,Email,2026-04-15 07:17:39,USR015,LEAD0578,,,,Introductory email,Connected,true
ACT0001641,Demo,2026-05-13 22:22:28,USR015,LEAD0578,,,,Workflow demonstration,Meeting Held,true
ACT0001642,Email,2024-06-08 06:07:16,USR015,LEAD0579,,,,Follow-up email,No Response,true
ACT0001643,Email,2024-12-31 06:20:34,USR015,LEAD0579,,,,Follow-up email,Connected,true
ACT0001644,Email,2024-07-26 18:52:30,USR013,LEAD0581,,,,Proposal follow-up,Connected,true
ACT0001645,Meeting,2025-01-04 13:08:09,USR013,LEAD0581,,,,Requirements review,Meeting Held,true
ACT0001646,Call,2026-08-30 23:19:46,USR013,LEAD0582,,,,Stakeholder check-in,Left Voicemail,true
ACT0001647,Email,2026-09-06 11:33:36,USR013,LEAD0582,,,,Follow-up email,Follow-Up Needed,true
ACT0001648,Call,2026-09-09 08:06:38,USR013,LEAD0582,,,,Stakeholder check-in,Connected,true
ACT0001649,Email,2026-09-12 00:51:22,USR013,LEAD0582,,,,Introductory email,Connected,true
ACT0001650,Call,2024-07-26 14:31:04,USR014,LEAD0583,,,,Initial outreach call,Follow-Up Needed,true
ACT0001651,Other,2024-09-22 19:03:07,USR014,LEAD0583,,,,Contract coordination,Connected,true
ACT0001652,Email,2025-01-02 14:34:09,USR014,LEAD0583,,,,Introductory email,No Response,true
ACT0001653,Email,2025-12-25 06:12:40,USR014,LEAD0584,,,,Proposal follow-up,Follow-Up Needed,true
ACT0001654,Demo,2026-02-21 13:22:51,USR014,LEAD0584,,,,Workflow demonstration,Meeting Held,true
ACT0001655,Email,2026-05-31 02:31:12,USR014,LEAD0584,,,,Next steps email,Follow-Up Needed,true
ACT0001656,Other,2026-07-05 05:29:19,USR014,LEAD0584,,,,Contract coordination,Follow-Up Needed,true
ACT0001657,Call,2025-10-20 08:21:02,USR013,LEAD0585,,,,Stakeholder check-in,Left Voicemail,true
ACT0001658,Email,2026-03-06 18:58:07,USR013,LEAD0585,,,,Next steps email,No Response,true
ACT0001659,Email,2026-07-06 17:48:05,USR013,LEAD0585,,,,Next steps email,Connected,true
ACT0001660,Email,2025-09-04 23:24:01,USR014,LEAD0586,,,,Next steps email,Connected,true
ACT0001661,Call,2025-10-10 04:40:19,USR014,LEAD0586,,,,Pricing follow-up,Connected,true
ACT0001662,Email,2025-11-04 13:03:05,USR014,LEAD0586,,,,Meeting recap,Connected,true
ACT0001663,Email,2025-11-10 19:13:06,USR014,LEAD0586,,,,Introductory email,No Response,true
ACT0001664,Email,2026-02-25 19:30:53,USR014,LEAD0586,,,,Proposal follow-up,Follow-Up Needed,true
ACT0001665,Call,2025-12-27 01:42:35,USR013,LEAD0587,,,,Stakeholder check-in,No Response,true
ACT0001666,Call,2025-07-28 14:42:20,USR013,LEAD0588,,,,Follow-up call,No Response,true
ACT0001667,Meeting,2025-10-11 21:12:06,USR013,LEAD0588,,,,Discovery meeting,Meeting Held,true
ACT0001668,Email,2026-06-22 14:11:27,USR013,LEAD0588,,,,Follow-up email,Follow-Up Needed,true
ACT0001669,Other,2026-06-29 17:59:56,USR013,LEAD0588,,,,Internal customer follow-up,Connected,true
ACT0001670,Call,2026-04-19 05:38:30,USR015,LEAD0589,,,,Qualification call,Connected,true
ACT0001671,Email,2026-09-05 02:55:57,USR013,LEAD0590,,,,Follow-up email,Connected,true
ACT0001672,Meeting,2026-09-17 02:49:43,USR013,LEAD0590,,,,Discovery meeting,Follow-Up Needed,true
ACT0001673,Email,2025-11-07 21:54:09,USR016,LEAD0591,,,,Meeting recap,Follow-Up Needed,true
ACT0001674,Call,2026-01-04 11:31:35,USR016,LEAD0591,,,,Follow-up call,No Response,true
ACT0001675,Email,2026-05-21 17:51:06,USR016,LEAD0591,,,,Follow-up email,No Response,true
ACT0001676,Email,2026-06-18 20:58:20,USR016,LEAD0591,,,,Introductory email,Connected,true
ACT0001677,Call,2025-04-13 01:50:49,USR013,LEAD0592,,,,Initial outreach call,No Response,true
ACT0001678,Email,2025-07-12 18:42:55,USR013,LEAD0592,,,,Meeting recap,Connected,true
ACT0001679,Other,2025-12-30 04:48:25,USR013,LEAD0592,,,,Procurement follow-up,Connected,true
ACT0001680,Email,2024-04-22 05:33:51,USR016,LEAD0593,,,,Meeting recap,No Response,true
ACT0001681,Call,2026-02-16 04:26:19,USR016,LEAD0594,,,,Stakeholder check-in,Left Voicemail,true
ACT0001682,Meeting,2026-03-31 22:50:30,USR016,LEAD0594,,,,Discovery meeting,Rescheduled,true
ACT0001683,Email,2026-04-25 18:30:12,USR016,LEAD0594,,,,Proposal follow-up,Connected,true
ACT0001684,Email,2026-05-27 17:50:42,USR016,LEAD0594,,,,Introductory email,Follow-Up Needed,true
ACT0001685,Email,2026-07-16 02:29:12,USR016,LEAD0594,,,,Follow-up email,Connected,true
ACT0001686,Call,2025-06-05 17:20:48,USR015,LEAD0595,,,,Follow-up call,No Response,true
ACT0001687,Call,2024-11-04 20:58:05,USR013,LEAD0597,,,,Follow-up call,Connected,true
ACT0001688,Email,2026-04-19 00:21:57,USR013,LEAD0598,,,,Next steps email,No Response,true
ACT0001689,Email,2026-06-02 00:47:38,USR013,LEAD0598,,,,Next steps email,Connected,true
ACT0001690,Email,2024-01-07 10:56:30,USR016,LEAD0601,,,,Proposal follow-up,No Response,true
ACT0001691,Call,2024-09-25 06:06:58,USR016,LEAD0601,,,,Initial outreach call,Follow-Up Needed,true
ACT0001692,Email,2024-12-19 13:19:54,USR016,LEAD0601,,,,Next steps email,Follow-Up Needed,true
ACT0001693,Call,2026-07-26 01:20:02,USR016,LEAD0601,,,,Initial outreach call,No Response,true
ACT0001694,Email,2024-10-27 04:48:30,USR013,LEAD0602,,,,Introductory email,No Response,true
ACT0001695,Call,2025-10-18 13:20:23,USR013,LEAD0602,,,,Initial outreach call,Follow-Up Needed,true
ACT0001696,Call,2024-02-18 06:08:38,USR013,LEAD0603,,,,Qualification call,Follow-Up Needed,true
ACT0001697,Meeting,2025-07-29 21:42:14,USR013,LEAD0603,,,,Executive check-in,Rescheduled,true
ACT0001698,Call,2025-12-28 09:28:49,USR016,LEAD0604,,,,Pricing follow-up,No Response,true
ACT0001699,Call,2025-02-05 02:26:12,USR013,LEAD0605,,,,Initial outreach call,Connected,true
ACT0001700,Email,2025-05-24 00:33:21,USR013,LEAD0605,,,,Next steps email,Connected,true
ACT0001701,Call,2026-03-20 09:22:25,USR013,LEAD0605,,,,Qualification call,Left Voicemail,true
ACT0001702,Email,2024-10-30 12:38:07,USR016,LEAD0607,,,,Follow-up email,Connected,true
ACT0001703,Call,2024-12-04 16:55:44,USR016,LEAD0607,,,,Stakeholder check-in,Connected,true
ACT0001704,Meeting,2025-06-04 04:44:26,USR016,LEAD0607,,,,Stakeholder meeting,Rescheduled,true
ACT0001705,Call,2026-03-23 22:13:22,USR016,LEAD0607,,,,Qualification call,Follow-Up Needed,true
ACT0001706,Email,2024-10-22 06:58:26,USR014,LEAD0608,,,,Proposal follow-up,Connected,true
ACT0001707,Call,2025-01-11 11:50:07,USR014,LEAD0608,,,,Follow-up call,Follow-Up Needed,true
ACT0001708,Call,2025-04-28 02:10:26,USR014,LEAD0608,,,,Stakeholder check-in,Follow-Up Needed,true
ACT0001709,Call,2024-07-07 11:40:17,USR014,LEAD0609,,,,Pricing follow-up,Follow-Up Needed,true
ACT0001710,Meeting,2024-09-17 13:43:51,USR014,LEAD0609,,,,Commercial review,Meeting Held,true
ACT0001711,Call,2025-05-22 01:05:35,USR014,LEAD0609,,,,Follow-up call,Connected,true
ACT0001712,Email,2025-09-04 14:36:56,USR014,LEAD0610,,,,Introductory email,No Response,true
ACT0001713,Call,2024-10-09 01:06:06,USR013,LEAD0611,,,,Follow-up call,Connected,true
ACT0001714,Email,2025-09-14 03:33:39,USR014,LEAD0612,,,,Proposal follow-up,Follow-Up Needed,true
ACT0001715,Email,2026-03-14 22:34:20,USR014,LEAD0612,,,,Follow-up email,Connected,true
ACT0001716,Call,2026-04-30 22:44:58,USR014,LEAD0613,,,,Stakeholder check-in,Follow-Up Needed,true
ACT0001717,Email,2024-06-26 17:13:50,USR014,LEAD0614,,,,Meeting recap,No Response,true
ACT0001718,Call,2026-08-13 19:18:06,USR015,LEAD0615,,,,Follow-up call,Connected,true
ACT0001719,Call,2026-08-22 22:51:24,USR015,LEAD0615,,,,Pricing follow-up,No Response,true
ACT0001720,Email,2024-03-04 14:24:47,USR014,LEAD0616,,,,Meeting recap,Follow-Up Needed,true
ACT0001721,Email,2024-08-09 00:46:58,USR014,LEAD0616,,,,Meeting recap,Follow-Up Needed,true
ACT0001722,Email,2024-11-29 21:17:22,USR014,LEAD0617,,,,Meeting recap,No Response,true
ACT0001723,Call,2025-10-01 04:04:26,USR014,LEAD0617,,,,Stakeholder check-in,No Response,true
ACT0001724,Other,2026-01-26 14:34:56,USR014,LEAD0617,,,,Contract coordination,Connected,true
ACT0001725,Email,2026-06-11 01:20:45,USR014,LEAD0617,,,,Proposal follow-up,Follow-Up Needed,true
ACT0001726,Email,2026-02-11 20:50:26,USR016,LEAD0618,,,,Meeting recap,Connected,true
ACT0001727,Email,2026-04-04 02:05:10,USR016,LEAD0618,,,,Proposal follow-up,Follow-Up Needed,true
ACT0001728,Call,2026-06-13 03:56:00,USR016,LEAD0618,,,,Stakeholder check-in,Left Voicemail,true
ACT0001729,Call,2024-01-13 09:21:58,USR016,LEAD0619,,,,Stakeholder check-in,Follow-Up Needed,true
ACT0001730,Call,2024-09-21 13:53:33,USR016,LEAD0619,,,,Follow-up call,Follow-Up Needed,true
ACT0001731,Email,2025-08-30 04:46:43,USR016,LEAD0620,,,,Proposal follow-up,Connected,true
ACT0001732,Call,2026-06-14 19:59:42,USR016,LEAD0620,,,,Qualification call,Connected,true
ACT0001733,Call,2026-03-26 10:52:19,USR014,LEAD0621,,,,Initial outreach call,Connected,true
ACT0001734,Call,2026-05-18 01:33:07,USR014,LEAD0621,,,,Qualification call,No Response,true
ACT0001735,Call,2026-03-30 09:56:37,USR014,LEAD0622,,,,Stakeholder check-in,Left Voicemail,true
ACT0001736,Other,2026-08-22 13:30:46,USR014,LEAD0622,,,,Contract coordination,Connected,true
ACT0001737,Call,2024-09-08 03:36:05,USR016,LEAD0623,,,,Initial outreach call,No Response,true
ACT0001738,Other,2025-01-27 13:05:37,USR016,LEAD0623,,,,Contract coordination,Other,true
ACT0001739,Call,2026-08-29 11:57:41,USR013,LEAD0624,,,,Pricing follow-up,No Response,true
ACT0001740,Email,2025-11-27 04:19:59,USR015,LEAD0626,,,,Meeting recap,No Response,true
ACT0001741,Email,2026-09-02 08:13:08,USR013,LEAD0627,,,,Follow-up email,Connected,true
ACT0001742,Demo,2026-09-07 20:10:02,USR013,LEAD0627,,,,Product demo,Rescheduled,true
ACT0001743,Email,2026-09-21 11:22:04,USR013,LEAD0627,,,,Follow-up email,No Response,true
ACT0001744,Call,2024-03-29 17:19:03,USR016,LEAD0628,,,,Qualification call,Connected,true
ACT0001745,Call,2025-07-21 09:52:08,USR013,LEAD0629,,,,Initial outreach call,Follow-Up Needed,true
ACT0001746,Call,2026-01-11 05:26:22,USR013,LEAD0629,,,,Qualification call,No Response,true
ACT0001747,Call,2026-06-12 23:20:33,USR013,LEAD0629,,,,Follow-up call,No Response,true
ACT0001748,Email,2025-08-26 14:16:05,USR014,LEAD0630,,,,Next steps email,No Response,true
ACT0001749,Email,2024-02-05 23:44:36,USR016,LEAD0631,,,,Introductory email,Follow-Up Needed,true
ACT0001750,Call,2024-06-30 00:09:57,USR015,LEAD0632,,,,Qualification call,No Response,true
ACT0001751,Email,2026-03-16 06:27:35,USR015,LEAD0633,,,,Meeting recap,No Response,true
ACT0001752,Call,2026-05-16 17:25:25,USR015,LEAD0633,,,,Pricing follow-up,No Response,true
ACT0001753,Email,2025-11-23 05:08:54,USR014,LEAD0634,,,,Follow-up email,Connected,true
ACT0001754,Email,2025-12-06 16:02:45,USR014,LEAD0634,,,,Follow-up email,Follow-Up Needed,true
ACT0001755,Call,2024-02-14 04:41:55,USR016,LEAD0635,,,,Follow-up call,Left Voicemail,true
ACT0001756,Email,2025-03-10 20:37:55,USR016,LEAD0637,,,,Proposal follow-up,Connected,true
ACT0001757,Meeting,2025-09-01 21:00:20,USR016,LEAD0637,,,,Stakeholder meeting,Follow-Up Needed,true
ACT0001758,Meeting,2025-09-18 17:05:00,USR014,LEAD0638,,,,Requirements review,Rescheduled,true
ACT0001759,Email,2026-01-21 05:28:16,USR014,LEAD0638,,,,Meeting recap,Connected,true
ACT0001760,Call,2024-12-07 18:51:01,USR015,LEAD0639,,,,Follow-up call,Follow-Up Needed,true
ACT0001761,Email,2025-03-11 04:30:18,USR014,LEAD0640,,,,Meeting recap,No Response,true
ACT0001762,Email,2025-06-02 04:45:22,USR014,LEAD0640,,,,Introductory email,Follow-Up Needed,true
ACT0001763,Email,2025-07-25 22:15:35,USR013,LEAD0641,,,,Introductory email,No Response,true
ACT0001764,Email,2026-01-30 20:26:09,USR013,LEAD0641,,,,Meeting recap,No Response,true
ACT0001765,Call,2025-10-06 10:58:09,USR016,LEAD0642,,,,Stakeholder check-in,Connected,true
ACT0001766,Other,2025-12-10 12:01:52,USR016,LEAD0642,,,,Internal customer follow-up,Other,true
ACT0001767,Email,2024-04-12 07:21:37,USR014,LEAD0643,,,,Meeting recap,Follow-Up Needed,true
ACT0001768,Email,2026-06-14 14:38:46,USR016,LEAD0644,,,,Proposal follow-up,No Response,true
ACT0001769,Email,2025-09-04 15:43:29,USR016,LEAD0646,,,,Proposal follow-up,Follow-Up Needed,true
ACT0001770,Demo,2025-12-12 11:25:45,USR016,LEAD0646,,,,Workflow demonstration,Follow-Up Needed,true
ACT0001771,Call,2024-11-30 14:20:36,USR016,LEAD0647,,,,Pricing follow-up,Follow-Up Needed,true
ACT0001772,Call,2025-10-22 07:09:48,USR016,LEAD0647,,,,Pricing follow-up,No Response,true
ACT0001773,Email,2024-11-11 21:45:49,USR016,LEAD0648,,,,Meeting recap,No Response,true
ACT0001774,Email,2025-01-07 18:11:39,USR016,LEAD0648,,,,Follow-up email,Follow-Up Needed,true
ACT0001775,Email,2025-09-23 00:39:07,USR016,LEAD0648,,,,Meeting recap,No Response,true
ACT0001776,Call,2025-10-14 17:19:20,USR016,LEAD0648,,,,Pricing follow-up,No Response,true
ACT0001777,Email,2024-09-12 16:31:11,USR014,LEAD0649,,,,Proposal follow-up,Follow-Up Needed,true
ACT0001778,Call,2025-12-16 14:03:26,USR014,LEAD0649,,,,Qualification call,Left Voicemail,true
ACT0001779,Email,2025-05-21 04:46:43,USR013,LEAD0650,,,,Follow-up email,Connected,true
ACT0001780,Call,2024-11-23 18:38:54,USR013,LEAD0652,,,,Stakeholder check-in,Left Voicemail,true
ACT0001781,Demo,2025-02-10 14:29:07,USR013,LEAD0652,,,,Technical demo,Meeting Held,true
ACT0001782,Other,2025-07-03 23:43:08,USR013,LEAD0652,,,,Procurement follow-up,Connected,true
ACT0001783,Email,2026-01-18 17:18:38,USR013,LEAD0652,,,,Follow-up email,Connected,true
ACT0001784,Email,2026-03-20 23:58:23,USR016,LEAD0653,,,,Introductory email,Follow-Up Needed,true
ACT0001785,Email,2026-02-28 19:53:01,USR016,LEAD0654,,,,Meeting recap,No Response,true
ACT0001786,Other,2026-03-14 06:54:17,USR016,LEAD0654,,,,Internal customer follow-up,Other,true
ACT0001787,Email,2024-12-23 07:26:55,USR016,LEAD0655,,,,Proposal follow-up,No Response,true
ACT0001788,Call,2025-08-26 01:53:40,USR013,LEAD0656,,,,Pricing follow-up,Follow-Up Needed,true
ACT0001789,Call,2024-12-29 18:42:31,USR015,LEAD0657,,,,Initial outreach call,Connected,true
ACT0001790,Call,2025-10-07 13:39:43,USR015,LEAD0657,,,,Qualification call,Follow-Up Needed,true
ACT0001791,Call,2026-09-02 22:12:42,USR013,LEAD0658,,,,Follow-up call,Left Voicemail,true
ACT0001792,Email,2026-09-09 15:53:39,USR013,LEAD0658,,,,Follow-up email,Connected,true
ACT0001793,Email,2026-09-12 08:26:21,USR013,LEAD0658,,,,Introductory email,Connected,true
ACT0001794,Call,2026-07-17 18:50:44,USR013,LEAD0659,,,,Stakeholder check-in,Connected,true
ACT0001795,Call,2024-06-19 14:12:48,USR015,LEAD0660,,,,Qualification call,Connected,true
ACT0001796,Meeting,2024-11-27 21:00:27,USR015,LEAD0660,,,,Requirements review,Follow-Up Needed,true
ACT0001797,Call,2025-05-28 13:12:28,USR013,LEAD0661,,,,Qualification call,Left Voicemail,true
ACT0001798,Email,2025-08-07 03:30:24,USR013,LEAD0661,,,,Meeting recap,Connected,true
ACT0001799,Email,2025-10-23 16:17:29,USR013,LEAD0661,,,,Meeting recap,Connected,true
ACT0001800,Demo,2026-01-01 10:40:10,USR013,LEAD0661,,,,Solution review,Follow-Up Needed,true
ACT0001801,Call,2026-04-27 13:32:22,USR013,LEAD0661,,,,Initial outreach call,No Response,true
ACT0001802,Call,2024-06-08 19:47:25,USR014,LEAD0662,,,,Qualification call,Follow-Up Needed,true
ACT0001803,Call,2025-08-04 15:41:07,USR015,LEAD0663,,,,Initial outreach call,Connected,true
ACT0001804,Call,2025-05-21 03:32:06,USR014,LEAD0664,,,,Initial outreach call,Left Voicemail,true
ACT0001805,Email,2025-08-10 16:38:49,USR016,LEAD0665,,,,Next steps email,No Response,true
ACT0001806,Call,2026-05-09 22:59:27,USR016,LEAD0665,,,,Follow-up call,No Response,true
ACT0001807,Call,2024-03-18 01:24:13,USR015,LEAD0666,,,,Initial outreach call,No Response,true
ACT0001808,Email,2024-06-01 18:12:07,USR015,LEAD0666,,,,Follow-up email,No Response,true
ACT0001809,Other,2025-01-05 12:55:44,USR015,LEAD0666,,,,Procurement follow-up,Connected,true
ACT0001810,Email,2025-01-27 18:40:05,USR016,LEAD0667,,,,Meeting recap,Follow-Up Needed,true
ACT0001811,Demo,2025-02-20 04:51:45,USR016,LEAD0667,,,,Technical demo,Follow-Up Needed,true
ACT0001812,Call,2025-09-02 00:00:59,USR016,LEAD0667,,,,Pricing follow-up,Left Voicemail,true
ACT0001813,Meeting,2026-03-01 17:49:29,USR016,LEAD0667,,,,Executive check-in,Meeting Held,true
ACT0001814,Email,2024-06-28 22:52:19,USR014,LEAD0668,,,,Next steps email,Follow-Up Needed,true
ACT0001815,Email,2024-12-06 01:51:23,USR014,LEAD0668,,,,Meeting recap,Connected,true
ACT0001816,Call,2025-08-04 01:16:56,USR014,LEAD0668,,,,Pricing follow-up,No Response,true
ACT0001817,Call,2025-10-12 14:18:43,USR014,LEAD0668,,,,Initial outreach call,Left Voicemail,true
ACT0001818,Call,2026-04-01 18:38:44,USR013,LEAD0669,,,,Follow-up call,No Response,true
ACT0001819,Call,2025-05-05 01:14:59,USR015,LEAD0670,,,,Initial outreach call,Follow-Up Needed,true
ACT0001820,Email,2024-05-14 09:56:19,USR015,LEAD0671,,,,Follow-up email,Connected,true
ACT0001821,Email,2024-10-17 21:12:09,USR015,LEAD0671,,,,Follow-up email,No Response,true
ACT0001822,Email,2025-07-23 01:21:29,USR014,LEAD0672,,,,Follow-up email,No Response,true
ACT0001823,Call,2025-07-28 01:00:39,USR015,LEAD0673,,,,Pricing follow-up,No Response,true
ACT0001824,Call,2026-01-06 22:53:04,USR013,LEAD0674,,,,Follow-up call,Left Voicemail,true
ACT0001825,Email,2026-07-26 08:18:53,USR013,LEAD0674,,,,Meeting recap,Connected,true
ACT0001826,Email,2025-01-07 07:58:09,USR016,LEAD0675,,,,Meeting recap,Follow-Up Needed,true
ACT0001827,Call,2025-05-13 07:18:42,USR016,LEAD0675,,,,Pricing follow-up,Left Voicemail,true
ACT0001828,Email,2025-11-18 19:09:32,USR016,LEAD0675,,,,Proposal follow-up,No Response,true
ACT0001829,Email,2025-06-16 09:57:29,USR014,LEAD0676,,,,Follow-up email,Connected,true
ACT0001830,Email,2026-07-08 11:59:11,USR013,LEAD0677,,,,Introductory email,Connected,true
ACT0001831,Call,2025-04-28 16:01:54,USR016,LEAD0678,,,,Follow-up call,Left Voicemail,true
ACT0001832,Email,2025-10-03 03:42:19,USR016,LEAD0678,,,,Meeting recap,No Response,true
ACT0001833,Email,2025-11-13 03:57:57,USR014,LEAD0679,,,,Next steps email,Connected,true
ACT0001834,Demo,2025-12-15 19:43:25,USR014,LEAD0679,,,,Product demo,Follow-Up Needed,true
ACT0001835,Call,2026-03-25 01:25:17,USR014,LEAD0679,,,,Pricing follow-up,Connected,true
ACT0001836,Email,2024-04-30 17:49:36,USR015,LEAD0680,,,,Introductory email,Connected,true
ACT0001837,Other,2024-06-28 01:18:26,USR015,LEAD0680,,,,Internal customer follow-up,Other,true
ACT0001838,Call,2025-02-07 16:46:51,USR014,LEAD0681,,,,Qualification call,Left Voicemail,true
ACT0001839,Call,2025-04-23 12:40:24,USR015,LEAD0682,,,,Stakeholder check-in,Connected,true
ACT0001840,Call,2025-08-11 14:37:08,USR015,LEAD0682,,,,Follow-up call,Left Voicemail,true
ACT0001841,Call,2025-01-10 07:58:27,USR014,LEAD0683,,,,Pricing follow-up,Connected,true
ACT0001842,Call,2025-08-28 04:15:34,USR014,LEAD0683,,,,Initial outreach call,Left Voicemail,true
ACT0001843,Call,2024-06-18 14:40:04,USR014,LEAD0684,,,,Follow-up call,Follow-Up Needed,true
ACT0001844,Call,2024-12-25 07:29:41,USR014,LEAD0684,,,,Stakeholder check-in,Follow-Up Needed,true
ACT0001845,Email,2025-10-26 09:56:22,USR015,LEAD0685,,,,Next steps email,No Response,true
ACT0001846,Call,2026-01-08 01:41:13,USR015,LEAD0685,,,,Initial outreach call,No Response,true
ACT0001847,Other,2026-07-02 05:54:19,USR015,LEAD0685,,,,Internal customer follow-up,Follow-Up Needed,true
ACT0001848,Email,2026-09-01 09:40:55,USR015,LEAD0685,,,,Next steps email,Connected,true
ACT0001849,Email,2025-05-31 08:52:56,USR016,LEAD0686,,,,Proposal follow-up,No Response,true
ACT0001850,Call,2025-07-17 13:26:33,USR016,LEAD0686,,,,Qualification call,No Response,true
ACT0001851,Call,2025-09-11 20:47:43,USR016,LEAD0686,,,,Pricing follow-up,Connected,true
ACT0001852,Call,2026-06-10 21:29:31,USR013,LEAD0687,,,,Pricing follow-up,Left Voicemail,true
ACT0001853,Call,2025-04-01 19:52:47,USR013,LEAD0688,,,,Stakeholder check-in,Connected,true
ACT0001854,Meeting,2025-11-08 01:03:02,USR013,LEAD0688,,,,Requirements review,Rescheduled,true
ACT0001855,Other,2026-07-03 21:44:04,USR013,LEAD0688,,,,Procurement follow-up,Connected,true
ACT0001856,Call,2026-05-22 09:18:58,USR016,LEAD0689,,,,Stakeholder check-in,Left Voicemail,true
ACT0001857,Demo,2026-05-24 15:38:12,USR016,LEAD0689,,,,Product demo,Rescheduled,true
ACT0001858,Email,2026-07-23 23:45:10,USR016,LEAD0689,,,,Next steps email,No Response,true
ACT0001859,Call,2026-09-12 12:28:36,USR014,LEAD0690,,,,Qualification call,Left Voicemail,true
ACT0001860,Email,2026-09-13 13:17:58,USR014,LEAD0690,,,,Proposal follow-up,Connected,true
ACT0001861,Email,2026-09-15 15:25:34,USR014,LEAD0690,,,,Follow-up email,Follow-Up Needed,true
ACT0001862,Email,2025-07-20 05:32:12,USR016,LEAD0691,,,,Introductory email,Connected,true
ACT0001863,Email,2025-09-29 13:12:16,USR014,LEAD0692,,,,Introductory email,Connected,true
ACT0001864,Call,2025-12-24 06:58:35,USR014,LEAD0692,,,,Pricing follow-up,No Response,true
ACT0001865,Call,2026-08-28 05:35:58,USR014,LEAD0692,,,,Follow-up call,Connected,true
ACT0001866,Email,2025-08-07 06:01:47,USR015,LEAD0693,,,,Introductory email,No Response,true
ACT0001867,Call,2025-11-07 08:25:14,USR015,LEAD0693,,,,Stakeholder check-in,No Response,true
ACT0001868,Call,2026-05-11 14:37:50,USR013,LEAD0694,,,,Qualification call,Connected,true
ACT0001869,Call,2026-05-11 23:24:10,USR013,LEAD0694,,,,Stakeholder check-in,No Response,true
ACT0001870,Call,2026-07-27 06:42:13,USR013,LEAD0694,,,,Initial outreach call,Connected,true
ACT0001871,Email,2025-02-26 12:45:57,USR013,LEAD0695,,,,Follow-up email,No Response,true
ACT0001872,Email,2025-04-07 19:25:08,USR013,LEAD0695,,,,Follow-up email,No Response,true
ACT0001873,Meeting,2026-01-13 14:43:25,USR014,LEAD0696,,,,Stakeholder meeting,Meeting Held,true
ACT0001874,Demo,2026-03-25 05:15:01,USR014,LEAD0696,,,,Solution review,Meeting Held,true
ACT0001875,Email,2024-09-12 16:22:17,USR016,LEAD0697,,,,Introductory email,Follow-Up Needed,true
ACT0001876,Email,2024-10-11 18:48:11,USR016,LEAD0697,,,,Follow-up email,Connected,true
ACT0001877,Email,2024-12-13 11:51:31,USR016,LEAD0697,,,,Meeting recap,Follow-Up Needed,true
ACT0001878,Meeting,2025-09-22 18:39:58,USR016,LEAD0697,,,,Executive check-in,Meeting Held,true
ACT0001879,Call,2024-12-23 10:01:00,USR015,LEAD0698,,,,Initial outreach call,Follow-Up Needed,true
ACT0001880,Email,2025-12-27 12:09:27,USR014,LEAD0699,,,,Meeting recap,Connected,true
ACT0001881,Email,2026-01-19 14:34:51,USR015,LEAD0701,,,,Introductory email,Connected,true
ACT0001882,Meeting,2026-06-23 19:01:42,USR015,LEAD0701,,,,Stakeholder meeting,Follow-Up Needed,true
ACT0001883,Call,2024-09-10 23:38:25,USR013,LEAD0702,,,,Stakeholder check-in,Connected,true
ACT0001884,Call,2025-04-06 01:42:43,USR013,LEAD0702,,,,Pricing follow-up,Left Voicemail,true
ACT0001885,Call,2025-08-25 02:03:31,USR013,LEAD0702,,,,Stakeholder check-in,Left Voicemail,true
ACT0001886,Call,2025-05-07 19:39:18,USR013,LEAD0703,,,,Qualification call,Connected,true
ACT0001887,Email,2024-07-07 07:17:23,USR014,LEAD0704,,,,Introductory email,Connected,true
ACT0001888,Other,2025-08-02 21:32:55,USR014,LEAD0704,,,,Internal customer follow-up,Follow-Up Needed,true
ACT0001889,Meeting,2026-02-23 10:43:37,USR013,LEAD0705,,,,Requirements review,Follow-Up Needed,true
ACT0001890,Call,2026-05-11 08:59:56,USR013,LEAD0705,,,,Qualification call,No Response,true
ACT0001891,Email,2025-11-17 19:55:04,USR015,LEAD0706,,,,Next steps email,Follow-Up Needed,true
ACT0001892,Email,2026-01-03 08:02:53,USR015,LEAD0706,,,,Proposal follow-up,Follow-Up Needed,true
ACT0001893,Meeting,2026-01-23 18:27:29,USR015,LEAD0706,,,,Executive check-in,Rescheduled,true
ACT0001894,Other,2026-06-19 17:31:15,USR015,LEAD0706,,,,Procurement follow-up,Connected,true
ACT0001895,Call,2025-11-21 09:51:49,USR013,LEAD0707,,,,Follow-up call,Follow-Up Needed,true
ACT0001896,Email,2026-08-05 12:23:13,USR014,LEAD0708,,,,Next steps email,No Response,true
ACT0001897,Call,2025-01-16 03:54:42,USR016,LEAD0709,,,,Follow-up call,Follow-Up Needed,true
ACT0001898,Call,2025-03-03 06:37:30,USR016,LEAD0709,,,,Initial outreach call,Left Voicemail,true
ACT0001899,Call,2025-05-31 02:43:29,USR016,LEAD0709,,,,Initial outreach call,Left Voicemail,true
ACT0001900,Call,2025-01-13 08:12:10,USR015,LEAD0710,,,,Pricing follow-up,No Response,true
ACT0001901,Call,2025-06-20 04:53:05,USR015,LEAD0710,,,,Initial outreach call,Left Voicemail,true
ACT0001902,Email,2026-01-15 09:47:31,USR016,LEAD0711,,,,Proposal follow-up,No Response,true
ACT0001903,Call,2026-04-23 01:18:30,USR016,LEAD0711,,,,Qualification call,Left Voicemail,true
ACT0001904,Meeting,2026-07-02 05:03:27,USR016,LEAD0711,,,,Commercial review,Follow-Up Needed,true
ACT0001905,Meeting,2026-07-02 17:09:24,USR016,LEAD0711,,,,Commercial review,Follow-Up Needed,true
ACT0001906,Call,2026-04-16 17:18:18,USR015,LEAD0712,,,,Initial outreach call,Connected,true
ACT0001907,Email,2026-05-19 11:46:42,USR015,LEAD0712,,,,Proposal follow-up,Connected,true
ACT0001908,Email,2026-06-01 08:29:20,USR015,LEAD0712,,,,Proposal follow-up,Connected,true
ACT0001909,Call,2026-06-15 03:56:56,USR015,LEAD0712,,,,Initial outreach call,Follow-Up Needed,true
ACT0001910,Call,2024-01-20 14:04:51,USR013,LEAD0713,,,,Initial outreach call,Left Voicemail,true
ACT0001911,Email,2024-05-07 14:35:26,USR014,LEAD0714,,,,Meeting recap,Connected,true
ACT0001912,Call,2025-03-04 10:58:27,USR014,LEAD0714,,,,Pricing follow-up,Follow-Up Needed,true
ACT0001913,Meeting,2025-04-04 11:26:53,USR014,LEAD0714,,,,Requirements review,Meeting Held,true
ACT0001914,Call,2026-05-09 23:16:21,USR013,LEAD0715,,,,Follow-up call,Connected,true
ACT0001915,Call,2026-05-24 18:18:06,USR013,LEAD0715,,,,Follow-up call,Left Voicemail,true
ACT0001916,Email,2026-07-10 14:29:33,USR013,LEAD0715,,,,Introductory email,Connected,true
ACT0001917,Call,2025-02-21 11:52:57,USR014,LEAD0716,,,,Stakeholder check-in,No Response,true
ACT0001918,Email,2025-10-05 16:55:36,USR014,LEAD0716,,,,Proposal follow-up,No Response,true
ACT0001919,Call,2025-10-21 10:28:19,USR014,LEAD0716,,,,Follow-up call,Follow-Up Needed,true
ACT0001920,Demo,2025-11-18 00:55:08,USR014,LEAD0716,,,,Solution review,Rescheduled,true
ACT0001921,Meeting,2025-12-03 23:44:42,USR014,LEAD0716,,,,Executive check-in,Follow-Up Needed,true
ACT0001922,Other,2026-04-26 23:02:15,USR015,LEAD0717,,,,Internal customer follow-up,Follow-Up Needed,true
ACT0001923,Email,2026-07-13 17:41:25,USR015,LEAD0717,,,,Meeting recap,No Response,true
ACT0001924,Demo,2025-10-19 18:24:52,USR015,LEAD0718,,,,Technical demo,Follow-Up Needed,true
ACT0001925,Email,2026-03-28 11:00:28,USR015,LEAD0718,,,,Proposal follow-up,Follow-Up Needed,true
ACT0001926,Call,2026-06-06 02:45:23,USR015,LEAD0718,,,,Follow-up call,Left Voicemail,true
ACT0001927,Call,2024-10-13 12:43:48,USR016,LEAD0719,,,,Follow-up call,No Response,true
ACT0001928,Demo,2025-05-05 10:03:15,USR016,LEAD0719,,,,Solution review,Follow-Up Needed,true
ACT0001929,Email,2025-06-22 01:51:06,USR016,LEAD0719,,,,Next steps email,No Response,true
ACT0001930,Other,2025-06-18 14:40:01,USR016,LEAD0720,,,,Procurement follow-up,Connected,true
ACT0001931,Call,2025-09-03 13:43:22,USR016,LEAD0720,,,,Stakeholder check-in,Left Voicemail,true
ACT0001932,Call,2025-09-27 16:44:36,USR016,LEAD0720,,,,Pricing follow-up,No Response,true
ACT0001933,Meeting,2025-11-05 22:23:17,USR016,LEAD0720,,,,Discovery meeting,Follow-Up Needed,true
ACT0001934,Email,2025-11-30 19:25:33,USR016,LEAD0720,,,,Follow-up email,No Response,true
ACT0001935,Email,2026-03-04 18:42:36,USR016,LEAD0721,,,,Proposal follow-up,Follow-Up Needed,true
ACT0001936,Call,2026-05-19 02:07:28,USR016,LEAD0721,,,,Initial outreach call,No Response,true
ACT0001937,Call,2026-08-12 11:59:32,USR016,LEAD0721,,,,Stakeholder check-in,Left Voicemail,true
ACT0001938,Email,2025-03-20 05:23:32,USR013,LEAD0722,,,,Introductory email,Follow-Up Needed,true
ACT0001939,Other,2025-12-02 17:25:37,USR013,LEAD0722,,,,Contract coordination,Connected,true
ACT0001940,Email,2024-09-07 19:07:17,USR016,LEAD0723,,,,Meeting recap,No Response,true
ACT0001941,Email,2025-01-24 11:53:37,USR016,LEAD0723,,,,Introductory email,No Response,true
ACT0001942,Email,2026-08-19 23:45:52,USR016,LEAD0724,,,,Follow-up email,No Response,true
ACT0001943,Call,2026-08-22 19:44:37,USR016,LEAD0724,,,,Pricing follow-up,Left Voicemail,true
ACT0001944,Email,2026-08-25 08:55:07,USR016,LEAD0724,,,,Follow-up email,No Response,true
ACT0001945,Email,2026-08-25 21:55:36,USR016,LEAD0724,,,,Introductory email,Follow-Up Needed,true
ACT0001946,Call,2026-09-01 00:29:28,USR016,LEAD0724,,,,Pricing follow-up,Connected,true
ACT0001947,Call,2025-09-09 16:49:01,USR016,LEAD0726,,,,Qualification call,Left Voicemail,true
ACT0001948,Call,2025-11-26 12:57:16,USR016,LEAD0726,,,,Initial outreach call,No Response,true
ACT0001949,Call,2025-06-16 02:02:02,USR015,LEAD0727,,,,Stakeholder check-in,Left Voicemail,true
ACT0001950,Meeting,2024-09-16 13:48:51,USR016,LEAD0728,,,,Stakeholder meeting,Follow-Up Needed,true
ACT0001951,Call,2025-01-22 19:30:01,USR016,LEAD0728,,,,Follow-up call,Follow-Up Needed,true
ACT0001952,Call,2026-01-23 03:12:59,USR015,LEAD0729,,,,Stakeholder check-in,No Response,true
ACT0001953,Email,2026-03-31 12:43:51,USR015,LEAD0729,,,,Proposal follow-up,Follow-Up Needed,true
ACT0001954,Call,2026-08-04 22:00:17,USR015,LEAD0729,,,,Qualification call,Left Voicemail,true
ACT0001955,Email,2024-10-16 05:04:23,USR014,LEAD0730,,,,Next steps email,No Response,true
ACT0001956,Call,2026-03-16 15:37:12,USR014,LEAD0730,,,,Stakeholder check-in,Left Voicemail,true
ACT0001957,Email,2025-04-23 00:52:31,USR014,LEAD0731,,,,Proposal follow-up,No Response,true
ACT0001958,Call,2025-10-13 05:39:26,USR014,LEAD0731,,,,Qualification call,Connected,true
ACT0001959,Call,2025-12-15 18:55:20,USR014,LEAD0731,,,,Initial outreach call,No Response,true
ACT0001960,Email,2024-09-30 22:35:13,USR016,LEAD0732,,,,Introductory email,Follow-Up Needed,true
ACT0001961,Email,2025-12-16 01:48:47,USR016,LEAD0732,,,,Meeting recap,Connected,true
ACT0001962,Call,2024-08-01 21:33:14,USR016,LEAD0733,,,,Initial outreach call,Left Voicemail,true
ACT0001963,Email,2024-08-22 14:12:37,USR015,LEAD0734,,,,Follow-up email,Connected,true
ACT0001964,Email,2025-12-02 11:34:20,USR013,LEAD0735,,,,Follow-up email,Connected,true
ACT0001965,Call,2026-01-12 15:25:24,USR013,LEAD0735,,,,Pricing follow-up,No Response,true
ACT0001966,Call,2026-02-02 11:48:26,USR013,LEAD0735,,,,Pricing follow-up,Connected,true
ACT0001967,Meeting,2026-04-03 01:44:54,USR014,LEAD0736,,,,Discovery meeting,Rescheduled,true
ACT0001968,Call,2025-07-18 16:01:48,USR013,LEAD0737,,,,Qualification call,Follow-Up Needed,true
ACT0001969,Meeting,2025-10-12 01:03:40,USR013,LEAD0737,,,,Stakeholder meeting,Follow-Up Needed,true
ACT0001970,Call,2026-06-27 22:35:50,USR013,LEAD0738,,,,Qualification call,Follow-Up Needed,true
ACT0001971,Meeting,2026-07-23 11:03:19,USR013,LEAD0738,,,,Executive check-in,Meeting Held,true
ACT0001972,Email,2026-08-27 03:37:35,USR013,LEAD0738,,,,Introductory email,Connected,true
ACT0001973,Email,2024-05-29 06:28:32,USR016,LEAD0739,,,,Next steps email,No Response,true
ACT0001974,Email,2025-04-12 10:09:33,USR016,LEAD0739,,,,Follow-up email,Connected,true
ACT0001975,Email,2025-10-27 06:54:16,USR016,LEAD0739,,,,Next steps email,Follow-Up Needed,true
ACT0001976,Email,2024-07-11 21:19:25,USR015,LEAD0741,,,,Proposal follow-up,Follow-Up Needed,true
ACT0001977,Email,2024-12-25 15:08:27,USR015,LEAD0741,,,,Next steps email,Connected,true
ACT0001978,Call,2025-02-13 20:25:55,USR015,LEAD0741,,,,Pricing follow-up,Left Voicemail,true
ACT0001979,Meeting,2025-10-10 14:48:32,USR015,LEAD0741,,,,Executive check-in,Rescheduled,true
ACT0001980,Email,2026-04-26 09:45:22,USR015,LEAD0741,,,,Next steps email,Connected,true
ACT0001981,Call,2026-09-11 08:38:30,USR013,LEAD0742,,,,Pricing follow-up,Connected,true
ACT0001982,Email,2026-09-12 03:29:37,USR013,LEAD0742,,,,Next steps email,Connected,true
ACT0001983,Email,2026-09-19 03:19:45,USR013,LEAD0742,,,,Next steps email,No Response,true
ACT0001984,Call,2025-12-14 00:38:06,USR015,LEAD0743,,,,Qualification call,Left Voicemail,true
ACT0001985,Email,2026-01-29 16:27:04,USR015,LEAD0743,,,,Introductory email,No Response,true
ACT0001986,Email,2025-06-18 19:16:46,USR015,LEAD0744,,,,Proposal follow-up,No Response,true
ACT0001987,Email,2026-07-05 04:37:00,USR015,LEAD0744,,,,Meeting recap,No Response,true
ACT0001988,Call,2026-02-20 05:06:25,USR016,LEAD0745,,,,Initial outreach call,Left Voicemail,true
ACT0001989,Email,2026-03-18 02:38:35,USR016,LEAD0745,,,,Proposal follow-up,No Response,true
ACT0001990,Call,2026-05-15 05:58:15,USR016,LEAD0745,,,,Stakeholder check-in,No Response,true
ACT0001991,Call,2024-07-01 08:22:28,USR015,LEAD0746,,,,Follow-up call,Follow-Up Needed,true
ACT0001992,Meeting,2024-09-03 00:54:51,USR015,LEAD0746,,,,Stakeholder meeting,Rescheduled,true
ACT0001993,Email,2025-01-03 08:22:50,USR015,LEAD0746,,,,Follow-up email,No Response,true
ACT0001994,Call,2025-04-14 01:17:55,USR015,LEAD0746,,,,Stakeholder check-in,Left Voicemail,true
ACT0001995,Meeting,2025-06-11 00:26:09,USR015,LEAD0746,,,,Requirements review,Follow-Up Needed,true
ACT0001996,Call,2024-11-25 00:50:38,USR015,LEAD0747,,,,Follow-up call,Follow-Up Needed,true
ACT0001997,Call,2026-05-11 12:00:20,USR013,LEAD0748,,,,Qualification call,Follow-Up Needed,true
ACT0001998,Meeting,2026-05-27 03:41:06,USR013,LEAD0748,,,,Stakeholder meeting,Meeting Held,true
ACT0001999,Call,2026-07-13 10:03:19,USR013,LEAD0748,,,,Follow-up call,Connected,true
ACT0002000,Email,2026-03-04 09:11:01,USR015,LEAD0749,,,,Meeting recap,Connected,true
ACT0002001,Email,2026-04-12 05:42:38,USR015,LEAD0749,,,,Follow-up email,No Response,true
ACT0002002,Call,2026-05-13 12:21:41,USR015,LEAD0749,,,,Follow-up call,Connected,true
ACT0002003,Call,2026-05-16 10:36:06,USR015,LEAD0749,,,,Stakeholder check-in,Follow-Up Needed,true
ACT0002004,Email,2025-04-23 13:43:25,USR016,LEAD0751,,,,Follow-up email,Connected,true
ACT0002005,Email,2025-12-26 07:46:47,USR014,LEAD0752,,,,Introductory email,Connected,true
ACT0002006,Email,2026-03-02 21:51:20,USR014,LEAD0752,,,,Meeting recap,Connected,true
ACT0002007,Call,2024-05-26 22:30:19,USR016,LEAD0753,,,,Pricing follow-up,Follow-Up Needed,true
ACT0002008,Call,2024-10-23 02:07:57,USR016,LEAD0753,,,,Initial outreach call,No Response,true
ACT0002009,Call,2025-02-18 12:19:25,USR015,LEAD0754,,,,Pricing follow-up,Follow-Up Needed,true
ACT0002010,Call,2025-07-08 02:35:42,USR015,LEAD0754,,,,Pricing follow-up,Connected,true
ACT0002011,Email,2026-08-04 02:22:56,USR014,LEAD0755,,,,Proposal follow-up,No Response,true
ACT0002012,Demo,2026-08-29 04:00:15,USR014,LEAD0755,,,,Workflow demonstration,Meeting Held,true
ACT0002013,Call,2024-07-30 14:52:54,USR015,LEAD0756,,,,Follow-up call,No Response,true
ACT0002014,Call,2026-01-24 08:51:24,USR015,LEAD0756,,,,Qualification call,Follow-Up Needed,true
ACT0002015,Call,2024-10-17 10:47:02,USR013,LEAD0758,,,,Stakeholder check-in,No Response,true
ACT0002016,Call,2025-05-08 11:38:38,USR013,LEAD0758,,,,Follow-up call,Follow-Up Needed,true
ACT0002017,Meeting,2025-05-27 05:52:02,USR013,LEAD0758,,,,Executive check-in,Rescheduled,true
ACT0002018,Meeting,2025-11-14 12:12:08,USR013,LEAD0758,,,,Commercial review,Meeting Held,true
ACT0002019,Email,2025-12-06 15:59:02,USR013,LEAD0758,,,,Introductory email,Connected,true
ACT0002020,Call,2024-09-25 23:19:18,USR014,LEAD0759,,,,Follow-up call,Connected,true
ACT0002021,Email,2026-03-04 07:04:49,USR014,LEAD0759,,,,Proposal follow-up,Follow-Up Needed,true
ACT0002022,Call,2025-07-07 02:01:16,USR016,LEAD0760,,,,Qualification call,Follow-Up Needed,true
ACT0002023,Email,2024-04-19 19:08:22,USR014,LEAD0761,,,,Follow-up email,No Response,true
ACT0002024,Email,2026-09-06 06:03:11,USR015,LEAD0762,,,,Next steps email,Connected,true
ACT0002025,Call,2026-03-30 00:49:43,USR016,LEAD0763,,,,Pricing follow-up,No Response,true
ACT0002026,Email,2026-04-02 21:15:09,USR016,LEAD0763,,,,Introductory email,Connected,true
ACT0002027,Call,2026-06-05 13:07:34,USR013,LEAD0764,,,,Stakeholder check-in,No Response,true
ACT0002028,Call,2025-07-06 11:50:36,USR013,LEAD0765,,,,Pricing follow-up,Follow-Up Needed,true
ACT0002029,Email,2026-05-12 11:41:02,USR016,LEAD0766,,,,Meeting recap,No Response,true
ACT0002030,Demo,2025-05-19 00:59:08,USR015,LEAD0767,,,,Technical demo,Follow-Up Needed,true
ACT0002031,Call,2025-08-26 10:58:14,USR014,LEAD0768,,,,Follow-up call,No Response,true
ACT0002032,Email,2026-01-28 15:17:03,USR014,LEAD0768,,,,Next steps email,Connected,true
ACT0002033,Meeting,2026-02-13 11:14:51,USR014,LEAD0768,,,,Discovery meeting,Rescheduled,true
ACT0002034,Call,2026-03-05 06:39:33,USR014,LEAD0768,,,,Pricing follow-up,Connected,true
ACT0002035,Email,2026-04-23 10:08:19,USR014,LEAD0768,,,,Proposal follow-up,Follow-Up Needed,true
ACT0002036,Call,2025-07-03 09:17:42,USR014,LEAD0769,,,,Initial outreach call,Connected,true
ACT0002037,Email,2024-02-27 15:46:14,USR014,LEAD0770,,,,Introductory email,No Response,true
ACT0002038,Email,2025-05-18 10:15:48,USR014,LEAD0770,,,,Meeting recap,Follow-Up Needed,true
ACT0002039,Email,2025-01-16 23:05:06,USR015,LEAD0771,,,,Introductory email,Follow-Up Needed,true
ACT0002040,Call,2024-05-13 22:07:09,USR014,LEAD0772,,,,Initial outreach call,Follow-Up Needed,true
ACT0002041,Other,2025-03-08 15:29:45,USR014,LEAD0772,,,,Contract coordination,Connected,true
ACT0002042,Call,2025-06-09 06:05:34,USR014,LEAD0772,,,,Pricing follow-up,No Response,true
ACT0002043,Call,2024-01-27 15:04:52,USR013,LEAD0773,,,,Qualification call,Connected,true
ACT0002044,Call,2024-11-11 02:09:49,USR013,LEAD0773,,,,Pricing follow-up,Follow-Up Needed,true
ACT0002045,Meeting,2025-01-19 00:35:33,USR013,LEAD0773,,,,Commercial review,Rescheduled,true
ACT0002046,Meeting,2026-06-29 11:25:35,USR013,LEAD0775,,,,Executive check-in,Follow-Up Needed,true
ACT0002047,Call,2025-05-28 20:55:18,USR014,LEAD0776,,,,Pricing follow-up,Connected,true
ACT0002048,Meeting,2025-10-08 21:42:49,USR014,LEAD0776,,,,Commercial review,Meeting Held,true
ACT0002049,Email,2026-08-26 19:11:46,USR015,LEAD0777,,,,Follow-up email,No Response,true
ACT0002050,Email,2026-06-16 08:26:52,USR014,LEAD0778,,,,Proposal follow-up,Follow-Up Needed,true
ACT0002051,Call,2026-07-01 04:26:28,USR014,LEAD0778,,,,Pricing follow-up,Left Voicemail,true
ACT0002052,Email,2024-07-14 08:58:13,USR013,LEAD0779,,,,Introductory email,Connected,true
ACT0002053,Email,2024-12-16 18:56:54,USR013,LEAD0779,,,,Follow-up email,No Response,true
ACT0002054,Email,2025-02-11 10:37:25,USR013,LEAD0779,,,,Introductory email,No Response,true
ACT0002055,Call,2024-07-11 10:37:19,USR016,LEAD0780,,,,Initial outreach call,No Response,true
ACT0002056,Email,2024-08-01 23:18:54,USR016,LEAD0780,,,,Meeting recap,Follow-Up Needed,true
ACT0002057,Other,2025-07-14 18:53:55,USR016,LEAD0780,,,,Contract coordination,Follow-Up Needed,true
ACT0002058,Call,2024-09-23 08:19:51,USR013,LEAD0781,,,,Stakeholder check-in,Follow-Up Needed,true
ACT0002059,Meeting,2024-10-17 08:13:56,USR013,LEAD0781,,,,Commercial review,Meeting Held,true
ACT0002060,Call,2025-03-15 22:29:34,USR013,LEAD0781,,,,Follow-up call,Left Voicemail,true
ACT0002061,Call,2025-11-18 08:00:33,USR013,LEAD0781,,,,Pricing follow-up,No Response,true
ACT0002062,Call,2024-08-24 16:06:35,USR015,LEAD0782,,,,Follow-up call,Left Voicemail,true
ACT0002063,Call,2025-10-11 10:07:45,USR015,LEAD0782,,,,Qualification call,Connected,true
ACT0002064,Demo,2026-03-23 06:35:57,USR015,LEAD0782,,,,Product demo,Rescheduled,true
ACT0002065,Email,2024-02-17 01:06:24,USR015,LEAD0783,,,,Proposal follow-up,Follow-Up Needed,true
ACT0002066,Call,2024-09-27 16:32:14,USR014,LEAD0784,,,,Initial outreach call,No Response,true
ACT0002067,Meeting,2026-01-25 14:01:16,USR014,LEAD0784,,,,Executive check-in,Rescheduled,true
ACT0002068,Email,2025-07-09 15:46:43,USR013,LEAD0785,,,,Meeting recap,Follow-Up Needed,true
ACT0002069,Email,2025-09-15 11:48:58,USR013,LEAD0785,,,,Meeting recap,No Response,true
ACT0002070,Call,2025-08-06 17:39:12,USR014,LEAD0786,,,,Pricing follow-up,Connected,true
ACT0002071,Call,2025-09-02 13:08:59,USR014,LEAD0786,,,,Pricing follow-up,Follow-Up Needed,true
ACT0002072,Call,2025-11-21 08:25:06,USR014,LEAD0786,,,,Initial outreach call,No Response,true
ACT0002073,Call,2026-01-30 22:24:27,USR014,LEAD0786,,,,Follow-up call,Follow-Up Needed,true
ACT0002074,Call,2024-12-03 17:30:54,USR016,LEAD0787,,,,Pricing follow-up,Left Voicemail,true
ACT0002075,Meeting,2025-01-20 11:52:56,USR016,LEAD0787,,,,Requirements review,Follow-Up Needed,true
ACT0002076,Call,2025-04-20 19:09:14,USR016,LEAD0787,,,,Pricing follow-up,Connected,true
ACT0002077,Email,2026-04-26 09:00:52,USR016,LEAD0787,,,,Introductory email,No Response,true
ACT0002078,Email,2025-04-13 01:42:45,USR014,LEAD0788,,,,Introductory email,No Response,true
ACT0002079,Call,2025-08-17 02:38:37,USR014,LEAD0788,,,,Follow-up call,Connected,true
ACT0002080,Email,2026-01-16 05:04:55,USR014,LEAD0788,,,,Follow-up email,Connected,true
ACT0002081,Call,2026-03-19 12:44:10,USR015,LEAD0789,,,,Initial outreach call,No Response,true
ACT0002082,Email,2026-05-20 08:23:10,USR015,LEAD0789,,,,Introductory email,Connected,true
ACT0002083,Call,2026-08-13 22:49:52,USR015,LEAD0789,,,,Pricing follow-up,Connected,true
ACT0002084,Call,2026-02-03 06:50:50,USR015,LEAD0790,,,,Pricing follow-up,No Response,true
ACT0002085,Call,2026-03-21 09:14:34,USR015,LEAD0790,,,,Initial outreach call,No Response,true
ACT0002086,Email,2026-03-27 06:45:17,USR015,LEAD0790,,,,Proposal follow-up,Connected,true
ACT0002087,Call,2025-11-17 00:56:23,USR014,LEAD0791,,,,Qualification call,No Response,true
ACT0002088,Email,2024-10-23 20:24:34,USR013,LEAD0792,,,,Next steps email,Connected,true
ACT0002089,Email,2024-11-27 16:42:08,USR013,LEAD0792,,,,Next steps email,Connected,true
ACT0002090,Call,2025-10-09 10:52:16,USR013,LEAD0792,,,,Stakeholder check-in,Left Voicemail,true
ACT0002091,Email,2025-06-21 03:13:43,USR013,LEAD0793,,,,Next steps email,Follow-Up Needed,true
ACT0002092,Email,2025-08-29 11:50:16,USR013,LEAD0793,,,,Meeting recap,Follow-Up Needed,true
ACT0002093,Email,2026-03-27 02:14:07,USR013,LEAD0793,,,,Follow-up email,No Response,true
ACT0002094,Call,2025-04-23 09:03:02,USR014,LEAD0794,,,,Pricing follow-up,Follow-Up Needed,true
ACT0002095,Meeting,2026-05-15 13:52:56,USR014,LEAD0794,,,,Executive check-in,Meeting Held,true
ACT0002096,Email,2025-02-15 02:22:08,USR015,LEAD0795,,,,Next steps email,Follow-Up Needed,true
ACT0002097,Call,2025-07-18 19:17:31,USR015,LEAD0795,,,,Follow-up call,Follow-Up Needed,true
ACT0002098,Email,2026-04-14 10:59:54,USR015,LEAD0796,,,,Follow-up email,No Response,true
ACT0002099,Call,2026-04-22 03:20:57,USR015,LEAD0796,,,,Follow-up call,No Response,true
ACT0002100,Email,2026-07-16 21:20:26,USR015,LEAD0797,,,,Follow-up email,Follow-Up Needed,true
ACT0002101,Call,2024-09-01 16:29:05,USR013,LEAD0798,,,,Initial outreach call,No Response,true
ACT0002102,Email,2024-10-07 06:38:47,USR016,LEAD0799,,,,Follow-up email,No Response,true
ACT0002103,Call,2025-04-03 03:36:13,USR013,LEAD0800,,,,Qualification call,Left Voicemail,true
ACT0002104,Call,2025-06-27 23:28:26,USR013,LEAD0800,,,,Pricing follow-up,Left Voicemail,true
ACT0002105,Email,2025-10-25 10:35:23,USR013,LEAD0800,,,,Introductory email,Follow-Up Needed,true
ACT0002106,Other,2026-03-26 09:23:16,USR013,LEAD0800,,,,Procurement follow-up,Connected,true
ACT0002107,Email,2025-09-23 06:18:49,USR014,LEAD0801,,,,Proposal follow-up,Connected,true
ACT0002108,Call,2025-12-29 09:19:25,USR014,LEAD0801,,,,Initial outreach call,Follow-Up Needed,true
ACT0002109,Call,2026-01-21 10:06:21,USR014,LEAD0801,,,,Follow-up call,No Response,true
ACT0002110,Email,2024-09-05 01:33:23,USR013,LEAD0802,,,,Proposal follow-up,No Response,true
ACT0002111,Call,2024-01-09 16:01:49,USR014,LEAD0803,,,,Initial outreach call,No Response,true
ACT0002112,Call,2024-10-30 04:52:49,USR016,LEAD0804,,,,Initial outreach call,Follow-Up Needed,true
ACT0002113,Call,2026-01-19 04:23:18,USR016,LEAD0804,,,,Follow-up call,No Response,true
ACT0002114,Call,2026-03-10 05:09:06,USR014,LEAD0806,,,,Qualification call,Follow-Up Needed,true
ACT0002115,Call,2026-05-21 13:37:49,USR014,LEAD0806,,,,Initial outreach call,Connected,true
ACT0002116,Call,2026-07-23 16:23:23,USR014,LEAD0806,,,,Initial outreach call,No Response,true
ACT0002117,Call,2025-08-20 10:04:10,USR013,LEAD0807,,,,Follow-up call,Connected,true
ACT0002118,Email,2024-11-23 04:56:18,USR016,LEAD0808,,,,Next steps email,Connected,true
ACT0002119,Email,2025-06-08 16:41:07,USR016,LEAD0808,,,,Introductory email,No Response,true
ACT0002120,Demo,2025-08-24 13:20:47,USR016,LEAD0808,,,,Product demo,Rescheduled,true
ACT0002121,Other,2026-01-22 17:57:29,USR016,LEAD0808,,,,Internal customer follow-up,Connected,true
ACT0002122,Email,2024-09-07 12:36:52,USR013,LEAD0809,,,,Next steps email,No Response,true
ACT0002123,Call,2025-10-11 05:56:16,USR013,LEAD0809,,,,Qualification call,Follow-Up Needed,true
ACT0002124,Call,2025-05-06 05:58:38,USR013,LEAD0810,,,,Stakeholder check-in,Left Voicemail,true
ACT0002125,Call,2025-09-21 21:28:42,USR013,LEAD0810,,,,Qualification call,Follow-Up Needed,true
ACT0002126,Call,2024-10-23 20:53:44,USR014,LEAD0811,,,,Initial outreach call,Left Voicemail,true
ACT0002127,Call,2025-03-31 09:34:00,USR014,LEAD0811,,,,Qualification call,Left Voicemail,true
ACT0002128,Email,2026-02-11 09:17:28,USR014,LEAD0811,,,,Follow-up email,Follow-Up Needed,true
ACT0002129,Email,2024-03-15 08:54:40,USR016,LEAD0812,,,,Proposal follow-up,Follow-Up Needed,true
ACT0002130,Email,2024-08-02 16:39:21,USR016,LEAD0812,,,,Meeting recap,Connected,true
ACT0002131,Email,2024-09-14 01:44:53,USR016,LEAD0812,,,,Meeting recap,No Response,true
ACT0002132,Call,2025-07-24 00:09:50,USR016,LEAD0812,,,,Follow-up call,Left Voicemail,true
ACT0002133,Call,2026-03-19 01:30:19,USR013,LEAD0813,,,,Initial outreach call,Left Voicemail,true
ACT0002134,Email,2026-04-01 23:45:00,USR013,LEAD0813,,,,Follow-up email,Follow-Up Needed,true
ACT0002135,Demo,2026-07-02 07:07:38,USR013,LEAD0813,,,,Product demo,Meeting Held,true
ACT0002136,Email,2024-02-12 19:37:45,USR016,LEAD0814,,,,Follow-up email,No Response,true
ACT0002137,Call,2024-06-09 14:44:46,USR016,LEAD0814,,,,Follow-up call,Left Voicemail,true
ACT0002138,Call,2025-05-04 13:04:08,USR013,LEAD0815,,,,Follow-up call,No Response,true
ACT0002139,Email,2024-01-26 04:30:28,USR015,LEAD0816,,,,Introductory email,Connected,true
ACT0002140,Meeting,2024-09-15 08:25:11,USR015,LEAD0816,,,,Requirements review,Rescheduled,true
ACT0002141,Email,2024-12-14 06:03:05,USR015,LEAD0816,,,,Next steps email,No Response,true
ACT0002142,Call,2026-02-25 11:16:02,USR015,LEAD0816,,,,Stakeholder check-in,No Response,true
ACT0002143,Email,2026-05-24 02:42:11,USR013,LEAD0817,,,,Meeting recap,Connected,true
ACT0002144,Call,2026-06-02 07:09:15,USR013,LEAD0817,,,,Pricing follow-up,Connected,true
ACT0002145,Email,2025-09-16 23:15:26,USR015,LEAD0818,,,,Proposal follow-up,Follow-Up Needed,true
ACT0002146,Call,2025-10-11 23:44:31,USR015,LEAD0818,,,,Pricing follow-up,Follow-Up Needed,true
ACT0002147,Call,2025-12-30 22:07:29,USR014,LEAD0819,,,,Initial outreach call,Left Voicemail,true
ACT0002148,Email,2026-06-15 00:34:03,USR014,LEAD0819,,,,Introductory email,No Response,true
ACT0002149,Email,2024-08-15 18:03:00,USR014,LEAD0820,,,,Follow-up email,No Response,true
ACT0002150,Email,2025-03-16 16:32:36,USR014,LEAD0820,,,,Next steps email,No Response,true
ACT0002151,Email,2025-04-07 14:35:48,USR014,LEAD0820,,,,Follow-up email,Follow-Up Needed,true
ACT0002152,Email,2025-09-07 15:23:02,USR014,LEAD0820,,,,Meeting recap,Follow-Up Needed,true
ACT0002153,Email,2024-04-03 23:42:03,USR014,LEAD0821,,,,Next steps email,No Response,true
ACT0002154,Demo,2025-01-04 21:18:33,USR014,LEAD0821,,,,Product demo,Follow-Up Needed,true
ACT0002155,Call,2025-05-10 04:41:50,USR015,LEAD0822,,,,Qualification call,Follow-Up Needed,true
ACT0002156,Call,2025-07-15 18:27:21,USR015,LEAD0822,,,,Follow-up call,Left Voicemail,true
ACT0002157,Demo,2025-12-05 08:54:54,USR015,LEAD0822,,,,Workflow demonstration,Follow-Up Needed,true
ACT0002158,Call,2026-03-25 10:14:06,USR015,LEAD0822,,,,Qualification call,Follow-Up Needed,true
ACT0002159,Call,2026-02-26 05:37:25,USR013,LEAD0823,,,,Pricing follow-up,Connected,true
ACT0002160,Meeting,2026-05-21 03:06:23,USR013,LEAD0823,,,,Executive check-in,Rescheduled,true
ACT0002161,Other,2026-08-30 22:34:01,USR013,LEAD0824,,,,Procurement follow-up,Other,true
ACT0002162,Email,2026-09-10 10:21:00,USR013,LEAD0824,,,,Next steps email,Follow-Up Needed,true
ACT0002163,Call,2026-03-22 04:28:52,USR015,LEAD0825,,,,Follow-up call,Left Voicemail,true
ACT0002164,Call,2024-10-11 04:14:34,USR016,LEAD0826,,,,Qualification call,Connected,true
ACT0002165,Email,2026-02-14 18:23:10,USR016,LEAD0826,,,,Meeting recap,No Response,true
ACT0002166,Email,2026-07-26 07:03:48,USR014,LEAD0827,,,,Follow-up email,No Response,true
ACT0002167,Call,2026-08-01 00:29:40,USR014,LEAD0827,,,,Initial outreach call,Follow-Up Needed,true
ACT0002168,Call,2026-08-29 19:39:28,USR014,LEAD0827,,,,Stakeholder check-in,No Response,true
ACT0002169,Call,2026-08-31 08:46:59,USR014,LEAD0827,,,,Initial outreach call,Left Voicemail,true
ACT0002170,Email,2025-09-19 12:38:15,USR014,LEAD0828,,,,Meeting recap,Follow-Up Needed,true
ACT0002171,Meeting,2025-11-28 01:06:33,USR014,LEAD0828,,,,Commercial review,Rescheduled,true
ACT0002172,Demo,2025-10-16 00:29:44,USR014,LEAD0829,,,,Product demo,Follow-Up Needed,true
ACT0002173,Email,2026-01-08 02:49:47,USR014,LEAD0829,,,,Meeting recap,Connected,true
ACT0002174,Email,2025-07-01 00:00:27,USR016,LEAD0830,,,,Meeting recap,Connected,true
ACT0002175,Call,2025-12-23 23:02:34,USR016,LEAD0831,,,,Qualification call,No Response,true
ACT0002176,Call,2024-03-26 07:00:17,USR013,LEAD0832,,,,Pricing follow-up,No Response,true
ACT0002177,Call,2025-02-13 16:48:32,USR013,LEAD0832,,,,Qualification call,Follow-Up Needed,true
ACT0002178,Other,2025-09-08 11:01:44,USR013,LEAD0832,,,,Procurement follow-up,Other,true
ACT0002179,Call,2026-01-17 21:01:30,USR013,LEAD0832,,,,Initial outreach call,Follow-Up Needed,true
ACT0002180,Call,2026-03-05 14:21:43,USR015,LEAD0833,,,,Follow-up call,Follow-Up Needed,true
ACT0002181,Email,2026-07-05 16:13:55,USR015,LEAD0833,,,,Introductory email,No Response,true
ACT0002182,Call,2026-07-24 05:40:07,USR015,LEAD0833,,,,Pricing follow-up,Left Voicemail,true
ACT0002183,Email,2025-01-23 02:34:10,USR014,LEAD0834,,,,Introductory email,No Response,true
ACT0002184,Email,2026-09-16 05:26:31,USR016,LEAD0835,,,,Follow-up email,No Response,true
ACT0002185,Email,2026-09-16 23:54:41,USR016,LEAD0835,,,,Follow-up email,Connected,true
ACT0002186,Meeting,2026-09-18 18:10:33,USR016,LEAD0835,,,,Requirements review,Follow-Up Needed,true
ACT0002187,Email,2026-09-19 03:32:53,USR016,LEAD0835,,,,Follow-up email,Connected,true
ACT0002188,Email,2026-08-25 16:36:07,USR016,LEAD0836,,,,Meeting recap,Connected,true
ACT0002189,Meeting,2026-08-28 13:34:22,USR016,LEAD0836,,,,Executive check-in,Follow-Up Needed,true
ACT0002190,Call,2024-08-06 16:31:15,USR015,LEAD0837,,,,Pricing follow-up,Follow-Up Needed,true
ACT0002191,Email,2025-09-06 11:39:36,USR015,LEAD0837,,,,Proposal follow-up,Follow-Up Needed,true
ACT0002192,Call,2025-08-01 07:57:17,USR015,LEAD0838,,,,Stakeholder check-in,Connected,true
ACT0002193,Meeting,2025-12-13 08:29:32,USR015,LEAD0838,,,,Executive check-in,Rescheduled,true
ACT0002194,Email,2026-01-07 21:37:55,USR015,LEAD0839,,,,Proposal follow-up,Follow-Up Needed,true
ACT0002195,Email,2026-02-02 21:16:20,USR016,LEAD0840,,,,Introductory email,Connected,true
ACT0002196,Email,2026-04-11 00:04:36,USR016,LEAD0840,,,,Follow-up email,Follow-Up Needed,true
ACT0002197,Email,2025-06-20 17:44:10,USR013,LEAD0841,,,,Follow-up email,Follow-Up Needed,true
ACT0002198,Call,2025-06-05 19:09:55,USR015,LEAD0842,,,,Follow-up call,No Response,true
ACT0002199,Meeting,2025-09-02 05:00:42,USR015,LEAD0842,,,,Commercial review,Meeting Held,true
ACT0002200,Call,2026-04-22 11:47:32,USR015,LEAD0842,,,,Qualification call,Left Voicemail,true
ACT0002201,Call,2026-02-12 03:45:08,USR014,LEAD0843,,,,Follow-up call,Left Voicemail,true
ACT0002202,Email,2026-02-23 09:59:10,USR014,LEAD0843,,,,Proposal follow-up,Connected,true
ACT0002203,Other,2026-08-12 05:16:52,USR014,LEAD0843,,,,Internal customer follow-up,Follow-Up Needed,true
ACT0002204,Email,2024-11-11 09:55:50,USR014,LEAD0844,,,,Introductory email,Connected,true
ACT0002205,Email,2025-05-09 10:07:10,USR014,LEAD0844,,,,Meeting recap,Connected,true
ACT0002206,Call,2026-02-05 02:24:09,USR014,LEAD0845,,,,Qualification call,Connected,true
ACT0002207,Call,2026-04-20 16:29:09,USR014,LEAD0845,,,,Follow-up call,Connected,true
ACT0002208,Email,2026-06-24 05:32:24,USR014,LEAD0845,,,,Follow-up email,Follow-Up Needed,true
ACT0002209,Call,2024-10-16 21:17:11,USR015,LEAD0846,,,,Follow-up call,Follow-Up Needed,true
ACT0002210,Call,2024-12-08 14:16:05,USR015,LEAD0846,,,,Stakeholder check-in,Connected,true
ACT0002211,Call,2025-05-07 18:02:24,USR013,LEAD0847,,,,Stakeholder check-in,Connected,true
ACT0002212,Call,2025-05-26 22:59:37,USR013,LEAD0847,,,,Follow-up call,Left Voicemail,true
ACT0002213,Email,2025-07-22 18:17:07,USR013,LEAD0847,,,,Next steps email,No Response,true
ACT0002214,Email,2026-05-06 10:56:07,USR013,LEAD0847,,,,Next steps email,Connected,true
ACT0002215,Email,2024-05-12 01:27:16,USR013,LEAD0848,,,,Next steps email,No Response,true
ACT0002216,Email,2025-03-15 00:03:09,USR013,LEAD0848,,,,Meeting recap,Follow-Up Needed,true
ACT0002217,Call,2025-04-28 13:00:44,USR013,LEAD0848,,,,Pricing follow-up,No Response,true
ACT0002218,Call,2025-07-16 21:08:12,USR013,LEAD0848,,,,Qualification call,Left Voicemail,true
ACT0002219,Call,2026-01-06 09:38:43,USR015,LEAD0849,,,,Stakeholder check-in,Left Voicemail,true
ACT0002220,Email,2026-02-01 06:09:59,USR015,LEAD0849,,,,Follow-up email,Follow-Up Needed,true
ACT0002221,Email,2026-03-19 00:56:05,USR015,LEAD0849,,,,Proposal follow-up,Connected,true
ACT0002222,Call,2024-09-24 07:35:35,USR016,LEAD0850,,,,Qualification call,Left Voicemail,true
ACT0002223,Other,2026-03-20 10:24:56,USR016,LEAD0850,,,,Procurement follow-up,Other,true
ACT0002224,Email,2025-06-21 12:46:39,USR015,LEAD0851,,,,Meeting recap,Follow-Up Needed,true
ACT0002225,Call,2025-07-25 12:46:51,USR015,LEAD0851,,,,Qualification call,No Response,true
ACT0002226,Email,2025-09-06 10:31:07,USR015,LEAD0851,,,,Next steps email,Connected,true
ACT0002227,Call,2024-12-17 16:19:27,USR015,LEAD0852,,,,Pricing follow-up,Left Voicemail,true
ACT0002228,Email,2025-05-21 03:36:55,USR015,LEAD0852,,,,Meeting recap,Connected,true
ACT0002229,Call,2024-03-08 05:52:41,USR016,LEAD0853,,,,Follow-up call,Left Voicemail,true
ACT0002230,Call,2024-08-09 06:05:33,USR016,LEAD0853,,,,Follow-up call,No Response,true
ACT0002231,Demo,2025-12-20 17:18:05,USR016,LEAD0853,,,,Workflow demonstration,Rescheduled,true
ACT0002232,Call,2025-06-20 16:06:49,USR016,LEAD0854,,,,Initial outreach call,Connected,true
ACT0002233,Call,2026-07-05 13:29:43,USR013,LEAD0855,,,,Qualification call,Follow-Up Needed,true
ACT0002234,Email,2026-07-21 21:26:17,USR013,LEAD0855,,,,Introductory email,Follow-Up Needed,true
ACT0002235,Email,2026-07-24 02:02:44,USR013,LEAD0855,,,,Introductory email,Connected,true
ACT0002236,Email,2025-06-06 16:31:50,USR014,LEAD0856,,,,Introductory email,Follow-Up Needed,true
ACT0002237,Other,2025-08-01 06:51:38,USR014,LEAD0856,,,,Contract coordination,Follow-Up Needed,true
ACT0002238,Email,2025-11-07 12:17:11,USR014,LEAD0856,,,,Meeting recap,Follow-Up Needed,true
ACT0002239,Email,2024-04-27 10:22:11,USR014,LEAD0858,,,,Proposal follow-up,Connected,true
ACT0002240,Call,2024-08-24 04:18:16,USR014,LEAD0858,,,,Qualification call,Connected,true
ACT0002241,Email,2026-05-26 17:24:26,USR014,LEAD0858,,,,Follow-up email,Connected,true
ACT0002242,Call,2026-09-02 21:16:27,USR014,LEAD0859,,,,Stakeholder check-in,Follow-Up Needed,true
ACT0002243,Call,2026-09-05 23:27:03,USR014,LEAD0859,,,,Follow-up call,No Response,true
ACT0002244,Call,2026-09-12 09:29:35,USR014,LEAD0859,,,,Follow-up call,Left Voicemail,true
ACT0002245,Call,2025-03-28 06:42:14,USR013,LEAD0860,,,,Follow-up call,Left Voicemail,true
ACT0002246,Call,2025-08-03 04:12:27,USR013,LEAD0860,,,,Qualification call,Follow-Up Needed,true
ACT0002247,Email,2026-03-18 18:17:52,USR013,LEAD0860,,,,Proposal follow-up,No Response,true
ACT0002248,Call,2026-04-18 01:59:23,USR013,LEAD0860,,,,Stakeholder check-in,No Response,true
ACT0002249,Email,2025-10-05 04:58:44,USR013,LEAD0861,,,,Next steps email,Follow-Up Needed,true
ACT0002250,Email,2026-08-14 01:34:20,USR013,LEAD0861,,,,Follow-up email,Follow-Up Needed,true
ACT0002251,Email,2025-09-16 01:27:09,USR016,LEAD0862,,,,Introductory email,Follow-Up Needed,true
ACT0002252,Email,2026-02-25 12:11:27,USR016,LEAD0862,,,,Follow-up email,No Response,true
ACT0002253,Email,2026-03-03 09:14:15,USR016,LEAD0862,,,,Proposal follow-up,Connected,true
ACT0002254,Call,2026-01-16 22:56:17,USR016,LEAD0863,,,,Initial outreach call,Left Voicemail,true
ACT0002255,Call,2026-01-25 17:09:05,USR016,LEAD0863,,,,Qualification call,Connected,true
ACT0002256,Email,2026-05-04 22:39:48,USR016,LEAD0863,,,,Next steps email,No Response,true
ACT0002257,Call,2025-06-11 09:48:50,USR014,LEAD0864,,,,Stakeholder check-in,Follow-Up Needed,true
ACT0002258,Meeting,2025-08-30 11:09:01,USR014,LEAD0864,,,,Executive check-in,Meeting Held,true
ACT0002259,Demo,2026-04-17 10:41:11,USR014,LEAD0864,,,,Workflow demonstration,Meeting Held,true
ACT0002260,Email,2026-05-02 05:15:54,USR016,LEAD0865,,,,Follow-up email,Follow-Up Needed,true
ACT0002261,Email,2026-07-28 02:57:11,USR016,LEAD0865,,,,Next steps email,No Response,true
ACT0002262,Other,2026-08-30 13:40:32,USR016,LEAD0865,,,,Procurement follow-up,Other,true
ACT0002263,Call,2025-03-05 09:31:45,USR015,LEAD0866,,,,Follow-up call,No Response,true
ACT0002264,Demo,2025-05-07 11:23:22,USR015,LEAD0866,,,,Solution review,Meeting Held,true
ACT0002265,Meeting,2026-01-30 09:56:31,USR015,LEAD0866,,,,Discovery meeting,Rescheduled,true
ACT0002266,Email,2025-10-24 15:09:22,USR015,LEAD0867,,,,Proposal follow-up,Connected,true
ACT0002267,Email,2026-02-24 15:18:33,USR015,LEAD0867,,,,Follow-up email,Follow-Up Needed,true
ACT0002268,Email,2026-08-23 11:26:30,USR015,LEAD0867,,,,Next steps email,Follow-Up Needed,true
ACT0002269,Call,2024-04-11 06:50:06,USR015,LEAD0868,,,,Initial outreach call,Follow-Up Needed,true
ACT0002270,Other,2026-02-22 22:56:12,USR015,LEAD0868,,,,Internal customer follow-up,Follow-Up Needed,true
ACT0002271,Call,2026-05-09 12:49:16,USR014,LEAD0869,,,,Stakeholder check-in,No Response,true
ACT0002272,Call,2025-07-01 14:11:48,USR013,LEAD0870,,,,Follow-up call,Follow-Up Needed,true
ACT0002273,Email,2025-08-18 19:13:07,USR013,LEAD0870,,,,Meeting recap,Connected,true
ACT0002274,Email,2026-01-20 22:29:05,USR013,LEAD0870,,,,Next steps email,Connected,true
ACT0002275,Call,2025-04-05 12:15:25,USR016,LEAD0871,,,,Pricing follow-up,Left Voicemail,true
ACT0002276,Meeting,2026-01-10 08:23:34,USR016,LEAD0871,,,,Executive check-in,Meeting Held,true
ACT0002277,Email,2024-07-23 17:24:16,USR013,LEAD0872,,,,Introductory email,Follow-Up Needed,true
ACT0002278,Email,2024-10-05 22:51:04,USR013,LEAD0872,,,,Introductory email,No Response,true
ACT0002279,Email,2024-12-05 14:49:51,USR014,LEAD0873,,,,Introductory email,No Response,true
ACT0002280,Email,2025-06-16 04:29:47,USR014,LEAD0873,,,,Follow-up email,No Response,true
ACT0002281,Email,2025-08-28 16:58:03,USR014,LEAD0873,,,,Proposal follow-up,Connected,true
ACT0002282,Call,2026-02-01 06:09:44,USR014,LEAD0873,,,,Qualification call,Left Voicemail,true
ACT0002283,Email,2026-03-11 13:51:01,USR014,LEAD0873,,,,Proposal follow-up,Connected,true
ACT0002284,Call,2025-05-24 12:25:08,USR013,LEAD0874,,,,Follow-up call,Connected,true
ACT0002285,Call,2025-06-19 13:52:46,USR013,LEAD0874,,,,Stakeholder check-in,Connected,true
ACT0002286,Email,2026-02-15 08:25:36,USR013,LEAD0875,,,,Introductory email,Connected,true
ACT0002287,Call,2024-04-01 19:01:52,USR014,LEAD0876,,,,Initial outreach call,No Response,true
ACT0002288,Call,2024-06-05 15:46:12,USR014,LEAD0876,,,,Pricing follow-up,Connected,true
ACT0002289,Call,2026-09-13 17:29:08,USR016,LEAD0877,,,,Initial outreach call,Connected,true
ACT0002290,Call,2024-08-14 00:29:56,USR013,LEAD0878,,,,Initial outreach call,Connected,true
ACT0002291,Call,2025-01-22 19:08:46,USR013,LEAD0879,,,,Pricing follow-up,No Response,true
ACT0002292,Email,2025-06-08 15:00:50,USR013,LEAD0879,,,,Next steps email,Connected,true
ACT0002293,Email,2025-09-16 11:30:36,USR013,LEAD0879,,,,Meeting recap,No Response,true
ACT0002294,Other,2026-03-09 01:04:43,USR013,LEAD0879,,,,Procurement follow-up,Connected,true
ACT0002295,Email,2026-07-15 23:41:23,USR013,LEAD0879,,,,Proposal follow-up,No Response,true
ACT0002296,Email,2026-08-02 18:57:26,USR014,LEAD0880,,,,Follow-up email,No Response,true
ACT0002297,Call,2024-06-24 22:30:58,USR016,LEAD0881,,,,Follow-up call,No Response,true
ACT0002298,Email,2024-04-20 12:57:20,USR016,LEAD0882,,,,Meeting recap,Follow-Up Needed,true
ACT0002299,Demo,2024-04-27 09:51:20,USR016,LEAD0882,,,,Workflow demonstration,Meeting Held,true
ACT0002300,Meeting,2024-09-14 23:44:07,USR016,LEAD0882,,,,Commercial review,Rescheduled,true
ACT0002301,Call,2025-05-09 01:42:26,USR015,LEAD0883,,,,Initial outreach call,Left Voicemail,true
ACT0002302,Call,2026-07-18 09:17:32,USR016,LEAD0884,,,,Initial outreach call,Follow-Up Needed,true
ACT0002303,Call,2026-08-04 16:18:39,USR016,LEAD0884,,,,Stakeholder check-in,Follow-Up Needed,true
ACT0002304,Email,2026-08-26 07:07:55,USR016,LEAD0884,,,,Follow-up email,No Response,true
ACT0002305,Email,2025-12-22 21:40:15,USR016,LEAD0885,,,,Meeting recap,Connected,true
ACT0002306,Email,2026-01-29 17:27:24,USR016,LEAD0885,,,,Proposal follow-up,Follow-Up Needed,true
ACT0002307,Email,2026-03-21 09:12:33,USR016,LEAD0885,,,,Next steps email,Follow-Up Needed,true
ACT0002308,Email,2026-03-30 23:02:29,USR016,LEAD0885,,,,Follow-up email,Connected,true
ACT0002309,Call,2026-04-28 19:23:25,USR016,LEAD0885,,,,Initial outreach call,Left Voicemail,true
ACT0002310,Email,2025-12-27 13:24:46,USR013,LEAD0886,,,,Follow-up email,Connected,true
ACT0002311,Meeting,2026-01-25 01:56:52,USR013,LEAD0886,,,,Requirements review,Rescheduled,true
ACT0002312,Email,2026-05-02 04:18:33,USR013,LEAD0886,,,,Next steps email,No Response,true
ACT0002313,Email,2025-05-01 17:42:00,USR014,LEAD0887,,,,Introductory email,Connected,true
ACT0002314,Call,2025-10-19 17:44:43,USR014,LEAD0887,,,,Qualification call,Follow-Up Needed,true
ACT0002315,Email,2024-11-24 15:40:53,USR013,LEAD0888,,,,Introductory email,Follow-Up Needed,true
ACT0002316,Call,2024-12-23 11:46:36,USR013,LEAD0888,,,,Pricing follow-up,Follow-Up Needed,true
ACT0002317,Email,2025-10-28 01:38:07,USR013,LEAD0888,,,,Introductory email,No Response,true
ACT0002318,Email,2025-11-01 14:00:33,USR013,LEAD0888,,,,Meeting recap,Follow-Up Needed,true
ACT0002319,Email,2026-09-02 10:11:50,USR015,LEAD0889,,,,Meeting recap,Connected,true
ACT0002320,Email,2025-02-05 23:28:25,USR016,LEAD0890,,,,Introductory email,Follow-Up Needed,true
ACT0002321,Email,2025-06-12 15:08:57,USR016,LEAD0890,,,,Introductory email,No Response,true
ACT0002322,Email,2025-09-04 00:40:35,USR013,LEAD0891,,,,Next steps email,Connected,true
ACT0002323,Call,2025-04-14 23:25:23,USR014,LEAD0892,,,,Pricing follow-up,Connected,true
ACT0002324,Email,2025-09-06 23:43:41,USR015,LEAD0893,,,,Introductory email,Connected,true
ACT0002325,Call,2025-10-18 09:32:31,USR015,LEAD0893,,,,Qualification call,No Response,true
ACT0002326,Call,2026-06-19 22:39:33,USR016,LEAD0894,,,,Pricing follow-up,Follow-Up Needed,true
ACT0002327,Call,2026-07-21 21:41:54,USR016,LEAD0894,,,,Initial outreach call,Follow-Up Needed,true
ACT0002328,Email,2024-09-16 21:43:51,USR014,LEAD0895,,,,Meeting recap,Follow-Up Needed,true
ACT0002329,Call,2026-01-22 16:43:40,USR015,LEAD0896,,,,Initial outreach call,Connected,true
ACT0002330,Call,2026-02-21 20:37:20,USR015,LEAD0896,,,,Qualification call,Follow-Up Needed,true
ACT0002331,Email,2026-05-08 07:55:28,USR015,LEAD0896,,,,Next steps email,No Response,true
ACT0002332,Meeting,2025-06-03 19:21:50,USR014,LEAD0897,,,,Requirements review,Meeting Held,true
ACT0002333,Call,2025-09-02 03:41:22,USR014,LEAD0898,,,,Pricing follow-up,Connected,true
ACT0002334,Email,2025-06-08 20:10:40,USR016,LEAD0899,,,,Follow-up email,Follow-Up Needed,true
ACT0002335,Email,2025-09-07 00:33:36,USR016,LEAD0899,,,,Introductory email,No Response,true
ACT0002336,Email,2026-06-08 05:03:05,USR016,LEAD0899,,,,Follow-up email,Follow-Up Needed,true
ACT0002337,Email,2026-02-18 23:01:58,USR013,LEAD0900,,,,Meeting recap,Connected,true
ACT0002338,Email,2026-03-21 08:37:53,USR013,LEAD0900,,,,Follow-up email,Connected,true
ACT0002339,Email,2026-04-23 06:59:55,USR013,LEAD0900,,,,Proposal follow-up,Follow-Up Needed,true
ACT0002340,Call,2025-01-06 13:32:15,USR013,LEAD0901,,,,Initial outreach call,No Response,true
ACT0002341,Other,2025-12-01 04:13:10,USR013,LEAD0901,,,,Internal customer follow-up,Connected,true
ACT0002342,Email,2024-01-17 10:45:19,USR013,LEAD0902,,,,Follow-up email,No Response,true
ACT0002343,Email,2025-05-07 14:42:50,USR013,LEAD0902,,,,Next steps email,No Response,true
ACT0002344,Email,2026-04-12 00:45:56,USR013,LEAD0902,,,,Proposal follow-up,Follow-Up Needed,true
ACT0002345,Call,2024-08-14 14:44:51,USR013,LEAD0903,,,,Follow-up call,Follow-Up Needed,true
ACT0002346,Call,2026-07-04 01:28:28,USR013,LEAD0904,,,,Pricing follow-up,No Response,true
ACT0002347,Call,2026-07-07 00:10:49,USR013,LEAD0904,,,,Pricing follow-up,Connected,true
ACT0002348,Email,2026-02-11 12:20:41,USR015,LEAD0905,,,,Follow-up email,Follow-Up Needed,true
ACT0002349,Demo,2026-02-17 20:01:47,USR015,LEAD0905,,,,Solution review,Rescheduled,true
ACT0002350,Email,2026-03-13 14:38:00,USR015,LEAD0905,,,,Introductory email,No Response,true
ACT0002351,Email,2026-04-22 14:11:08,USR015,LEAD0905,,,,Proposal follow-up,Connected,true
ACT0002352,Email,2026-07-10 11:23:45,USR015,LEAD0905,,,,Meeting recap,Connected,true
ACT0002353,Call,2026-03-01 19:43:52,USR013,LEAD0906,,,,Qualification call,Follow-Up Needed,true
ACT0002354,Call,2026-05-04 16:10:25,USR013,LEAD0906,,,,Qualification call,Follow-Up Needed,true
ACT0002355,Demo,2026-05-14 04:21:23,USR013,LEAD0906,,,,Product demo,Rescheduled,true
ACT0002356,Call,2026-07-02 15:26:34,USR013,LEAD0906,,,,Stakeholder check-in,Left Voicemail,true
ACT0002357,Email,2026-02-11 02:09:32,USR014,LEAD0907,,,,Proposal follow-up,Connected,true
ACT0002358,Meeting,2026-02-15 15:54:52,USR014,LEAD0907,,,,Commercial review,Meeting Held,true
ACT0002359,Email,2026-04-10 20:40:48,USR014,LEAD0907,,,,Introductory email,Connected,true
ACT0002360,Other,2026-05-22 16:26:26,USR014,LEAD0907,,,,Contract coordination,Other,true
ACT0002361,Call,2026-05-18 02:06:20,USR013,LEAD0908,,,,Stakeholder check-in,Left Voicemail,true
ACT0002362,Call,2025-10-18 07:27:44,USR016,LEAD0909,,,,Follow-up call,Follow-Up Needed,true
ACT0002363,Meeting,2025-12-05 04:37:41,USR016,LEAD0909,,,,Requirements review,Rescheduled,true
ACT0002364,Email,2026-03-09 06:30:40,USR016,LEAD0909,,,,Next steps email,Follow-Up Needed,true
ACT0002365,Email,2026-04-25 17:48:50,USR016,LEAD0909,,,,Meeting recap,Connected,true
ACT0002366,Call,2026-06-05 11:24:21,USR016,LEAD0909,,,,Follow-up call,Follow-Up Needed,true
ACT0002367,Call,2024-12-10 06:58:42,USR016,LEAD0910,,,,Stakeholder check-in,No Response,true
ACT0002368,Other,2026-03-06 10:49:46,USR016,LEAD0910,,,,Contract coordination,Follow-Up Needed,true
ACT0002369,Email,2026-05-16 11:32:59,USR015,LEAD0911,,,,Follow-up email,No Response,true
ACT0002370,Meeting,2026-07-07 19:15:19,USR015,LEAD0911,,,,Executive check-in,Follow-Up Needed,true
ACT0002371,Email,2026-07-13 05:52:25,USR015,LEAD0911,,,,Follow-up email,No Response,true
ACT0002372,Call,2024-02-17 01:11:23,USR014,LEAD0913,,,,Qualification call,Left Voicemail,true
ACT0002373,Call,2024-09-28 21:27:50,USR013,LEAD0914,,,,Initial outreach call,Follow-Up Needed,true
ACT0002374,Demo,2026-01-04 07:28:25,USR013,LEAD0914,,,,Workflow demonstration,Follow-Up Needed,true
ACT0002375,Call,2024-01-17 03:49:56,USR014,LEAD0915,,,,Initial outreach call,Connected,true
ACT0002376,Call,2025-06-06 19:26:26,USR014,LEAD0915,,,,Follow-up call,Follow-Up Needed,true
ACT0002377,Email,2025-11-14 22:39:13,USR016,LEAD0916,,,,Proposal follow-up,Follow-Up Needed,true
ACT0002378,Call,2025-12-03 07:00:33,USR016,LEAD0916,,,,Pricing follow-up,Left Voicemail,true
ACT0002379,Email,2026-01-30 03:43:20,USR016,LEAD0916,,,,Follow-up email,Follow-Up Needed,true
ACT0002380,Email,2026-08-15 15:17:09,USR016,LEAD0916,,,,Follow-up email,Connected,true
ACT0002381,Email,2025-07-26 04:24:26,USR014,LEAD0917,,,,Proposal follow-up,Connected,true
ACT0002382,Call,2026-06-11 09:05:08,USR014,LEAD0917,,,,Stakeholder check-in,Follow-Up Needed,true
ACT0002383,Email,2024-09-01 21:22:26,USR014,LEAD0918,,,,Introductory email,Follow-Up Needed,true
ACT0002384,Call,2026-08-09 22:52:21,USR013,LEAD0919,,,,Follow-up call,Follow-Up Needed,true
ACT0002385,Email,2026-09-06 04:41:07,USR013,LEAD0919,,,,Introductory email,Connected,true
ACT0002386,Call,2024-08-07 03:04:21,USR015,LEAD0920,,,,Initial outreach call,No Response,true
ACT0002387,Call,2025-10-04 15:36:50,USR015,LEAD0920,,,,Stakeholder check-in,No Response,true
ACT0002388,Demo,2025-11-25 08:44:03,USR015,LEAD0920,,,,Technical demo,Meeting Held,true
ACT0002389,Other,2026-09-09 07:04:50,USR016,LEAD0921,,,,Contract coordination,Connected,true
ACT0002390,Demo,2026-09-10 01:40:29,USR016,LEAD0921,,,,Product demo,Follow-Up Needed,true
ACT0002391,Call,2026-09-16 09:05:55,USR016,LEAD0921,,,,Initial outreach call,Left Voicemail,true
ACT0002392,Meeting,2026-09-16 09:17:19,USR016,LEAD0921,,,,Executive check-in,Follow-Up Needed,true
ACT0002393,Email,2025-11-15 16:07:25,USR014,LEAD0922,,,,Introductory email,Connected,true
ACT0002394,Meeting,2026-02-04 02:51:46,USR014,LEAD0922,,,,Stakeholder meeting,Rescheduled,true
ACT0002395,Email,2026-02-21 03:01:45,USR014,LEAD0922,,,,Proposal follow-up,Connected,true
ACT0002396,Call,2025-06-01 19:18:44,USR016,LEAD0923,,,,Stakeholder check-in,Follow-Up Needed,true
ACT0002397,Call,2025-06-28 17:34:15,USR016,LEAD0924,,,,Follow-up call,Left Voicemail,true
ACT0002398,Other,2025-07-13 20:22:03,USR016,LEAD0924,,,,Internal customer follow-up,Other,true
ACT0002399,Meeting,2025-09-17 10:50:34,USR016,LEAD0924,,,,Requirements review,Meeting Held,true
ACT0002400,Meeting,2025-09-26 20:40:00,USR016,LEAD0924,,,,Executive check-in,Follow-Up Needed,true
ACT0002401,Email,2024-07-18 02:12:37,USR016,LEAD0925,,,,Introductory email,Follow-Up Needed,true
ACT0002402,Call,2024-08-30 16:32:05,USR016,LEAD0925,,,,Pricing follow-up,No Response,true
ACT0002403,Call,2025-08-23 06:26:00,USR013,LEAD0926,,,,Pricing follow-up,Left Voicemail,true
ACT0002404,Call,2025-09-30 20:41:06,USR013,LEAD0926,,,,Pricing follow-up,Left Voicemail,true
ACT0002405,Email,2025-11-26 00:46:38,USR013,LEAD0926,,,,Proposal follow-up,Connected,true
ACT0002406,Email,2026-01-17 16:27:05,USR013,LEAD0926,,,,Next steps email,No Response,true
ACT0002407,Call,2024-01-02 17:25:31,USR014,LEAD0927,,,,Initial outreach call,No Response,true
ACT0002408,Call,2024-09-21 07:47:15,USR014,LEAD0927,,,,Pricing follow-up,Left Voicemail,true
ACT0002409,Meeting,2026-09-10 15:24:48,USR013,LEAD0928,,,,Discovery meeting,Rescheduled,true
ACT0002410,Email,2026-09-14 06:24:23,USR013,LEAD0928,,,,Next steps email,Connected,true
ACT0002411,Email,2026-09-14 09:05:04,USR013,LEAD0928,,,,Follow-up email,No Response,true
ACT0002412,Email,2026-09-18 18:42:30,USR013,LEAD0928,,,,Meeting recap,Connected,true
ACT0002413,Email,2024-03-09 05:23:41,USR016,LEAD0929,,,,Meeting recap,No Response,true
ACT0002414,Call,2024-12-10 11:05:10,USR016,LEAD0929,,,,Pricing follow-up,Connected,true
ACT0002415,Email,2025-11-01 09:42:54,USR016,LEAD0929,,,,Meeting recap,Connected,true
ACT0002416,Call,2025-01-09 08:20:06,USR013,LEAD0930,,,,Qualification call,Connected,true
ACT0002417,Email,2026-05-16 00:16:01,USR013,LEAD0930,,,,Introductory email,Connected,true
ACT0002418,Call,2025-07-29 23:43:59,USR013,LEAD0931,,,,Pricing follow-up,Follow-Up Needed,true
ACT0002419,Other,2025-04-13 02:30:28,USR014,LEAD0932,,,,Internal customer follow-up,Follow-Up Needed,true
ACT0002420,Email,2025-09-12 05:52:13,USR014,LEAD0932,,,,Proposal follow-up,Connected,true
ACT0002421,Email,2025-02-17 09:35:46,USR013,LEAD0933,,,,Meeting recap,Connected,true
ACT0002422,Email,2025-05-17 20:02:57,USR013,LEAD0933,,,,Follow-up email,Follow-Up Needed,true
ACT0002423,Call,2025-08-11 22:13:32,USR013,LEAD0933,,,,Qualification call,No Response,true
ACT0002424,Email,2026-03-13 05:54:32,USR013,LEAD0933,,,,Next steps email,Connected,true
ACT0002425,Email,2025-12-09 12:22:45,USR013,LEAD0934,,,,Introductory email,No Response,true
ACT0002426,Meeting,2026-05-18 04:18:00,USR013,LEAD0934,,,,Executive check-in,Rescheduled,true
ACT0002427,Email,2026-05-31 22:39:26,USR013,LEAD0934,,,,Introductory email,Follow-Up Needed,true
ACT0002428,Call,2026-06-27 09:50:11,USR013,LEAD0934,,,,Pricing follow-up,Connected,true
ACT0002429,Call,2026-07-15 09:49:01,USR013,LEAD0934,,,,Pricing follow-up,Connected,true
ACT0002430,Email,2024-05-14 12:32:57,USR015,LEAD0935,,,,Introductory email,Follow-Up Needed,true
ACT0002431,Email,2024-07-23 22:59:05,USR015,LEAD0935,,,,Proposal follow-up,No Response,true
ACT0002432,Other,2025-07-23 12:17:04,USR015,LEAD0935,,,,Contract coordination,Connected,true
ACT0002433,Call,2025-09-27 20:38:53,USR015,LEAD0935,,,,Stakeholder check-in,Follow-Up Needed,true
ACT0002434,Call,2024-02-25 20:45:13,USR015,LEAD0936,,,,Pricing follow-up,Left Voicemail,true
ACT0002435,Email,2024-09-11 20:20:55,USR015,LEAD0936,,,,Next steps email,Follow-Up Needed,true
ACT0002436,Email,2024-10-13 18:19:16,USR015,LEAD0936,,,,Next steps email,No Response,true
ACT0002437,Call,2024-07-29 12:04:17,USR015,LEAD0937,,,,Stakeholder check-in,Connected,true
ACT0002438,Call,2025-05-25 02:34:11,USR015,LEAD0937,,,,Qualification call,Left Voicemail,true
ACT0002439,Meeting,2025-12-25 22:42:28,USR015,LEAD0937,,,,Executive check-in,Follow-Up Needed,true
ACT0002440,Call,2024-11-02 21:46:27,USR014,LEAD0938,,,,Initial outreach call,Follow-Up Needed,true
ACT0002441,Call,2025-01-28 06:07:50,USR015,LEAD0939,,,,Pricing follow-up,No Response,true
ACT0002442,Call,2025-07-05 19:51:37,USR016,LEAD0940,,,,Follow-up call,Follow-Up Needed,true
ACT0002443,Call,2025-08-16 02:27:10,USR016,LEAD0940,,,,Pricing follow-up,Follow-Up Needed,true
ACT0002444,Email,2025-07-23 04:45:38,USR013,LEAD0941,,,,Meeting recap,Follow-Up Needed,true
ACT0002445,Email,2026-04-20 22:41:28,USR013,LEAD0941,,,,Next steps email,No Response,true
ACT0002446,Email,2025-12-11 16:43:00,USR014,LEAD0942,,,,Meeting recap,No Response,true
ACT0002447,Call,2026-01-14 13:12:30,USR014,LEAD0942,,,,Initial outreach call,Follow-Up Needed,true
ACT0002448,Meeting,2026-03-24 01:40:37,USR014,LEAD0942,,,,Requirements review,Follow-Up Needed,true
ACT0002449,Meeting,2026-04-28 02:15:47,USR014,LEAD0942,,,,Requirements review,Rescheduled,true
ACT0002450,Call,2025-04-16 03:14:50,USR014,LEAD0943,,,,Stakeholder check-in,Left Voicemail,true
ACT0002451,Call,2025-06-08 04:12:29,USR014,LEAD0943,,,,Stakeholder check-in,No Response,true
ACT0002452,Email,2025-07-02 04:39:31,USR016,LEAD0944,,,,Follow-up email,Follow-Up Needed,true
ACT0002453,Email,2025-09-28 09:27:50,USR016,LEAD0944,,,,Introductory email,Follow-Up Needed,true
ACT0002454,Demo,2026-03-22 22:25:03,USR016,LEAD0944,,,,Technical demo,Follow-Up Needed,true
ACT0002455,Email,2024-08-03 09:29:52,USR015,LEAD0946,,,,Follow-up email,No Response,true
ACT0002456,Call,2025-05-25 00:55:39,USR015,LEAD0947,,,,Pricing follow-up,Follow-Up Needed,true
ACT0002457,Email,2025-08-01 13:03:42,USR015,LEAD0947,,,,Follow-up email,Follow-Up Needed,true
ACT0002458,Call,2026-02-26 18:38:55,USR015,LEAD0947,,,,Initial outreach call,No Response,true
ACT0002459,Email,2024-05-02 07:24:43,USR014,LEAD0948,,,,Meeting recap,Connected,true
ACT0002460,Call,2025-08-13 10:50:51,USR014,LEAD0948,,,,Initial outreach call,Left Voicemail,true
ACT0002461,Call,2026-05-16 09:04:12,USR016,LEAD0949,,,,Follow-up call,Follow-Up Needed,true
ACT0002462,Email,2026-06-27 13:55:24,USR016,LEAD0949,,,,Next steps email,Follow-Up Needed,true
ACT0002463,Call,2026-01-02 21:18:01,USR016,LEAD0950,,,,Initial outreach call,Connected,true
ACT0002464,Call,2026-02-28 15:59:22,USR016,LEAD0950,,,,Pricing follow-up,No Response,true
ACT0002465,Email,2026-05-05 10:45:02,USR014,LEAD0951,,,,Next steps email,Connected,true
ACT0002466,Email,2026-06-07 06:44:34,USR014,LEAD0951,,,,Introductory email,Connected,true
ACT0002467,Email,2026-06-20 14:33:17,USR014,LEAD0951,,,,Proposal follow-up,Follow-Up Needed,true
ACT0002468,Call,2026-06-30 23:05:46,USR014,LEAD0951,,,,Initial outreach call,No Response,true
ACT0002469,Email,2025-07-09 23:17:14,USR015,LEAD0952,,,,Follow-up email,Connected,true
ACT0002470,Email,2025-04-25 21:40:45,USR014,LEAD0953,,,,Meeting recap,No Response,true
ACT0002471,Email,2026-03-21 18:40:35,USR016,LEAD0954,,,,Follow-up email,Connected,true
ACT0002472,Email,2026-04-06 23:57:26,USR016,LEAD0954,,,,Next steps email,Connected,true
ACT0002473,Meeting,2026-05-19 12:36:30,USR016,LEAD0954,,,,Stakeholder meeting,Follow-Up Needed,true
ACT0002474,Email,2026-06-30 23:45:19,USR016,LEAD0954,,,,Introductory email,No Response,true
ACT0002475,Other,2026-09-09 05:23:05,USR014,LEAD0955,,,,Internal customer follow-up,Follow-Up Needed,true
ACT0002476,Call,2026-09-11 12:12:12,USR014,LEAD0955,,,,Follow-up call,Connected,true
ACT0002477,Call,2026-01-12 08:53:14,USR013,LEAD0956,,,,Qualification call,No Response,true
ACT0002478,Call,2025-07-25 02:43:48,USR013,LEAD0958,,,,Qualification call,Follow-Up Needed,true
ACT0002479,Call,2025-10-01 21:17:39,USR013,LEAD0958,,,,Follow-up call,Left Voicemail,true
ACT0002480,Call,2026-04-22 18:42:00,USR013,LEAD0958,,,,Stakeholder check-in,Connected,true
ACT0002481,Call,2024-06-24 18:59:10,USR014,LEAD0959,,,,Qualification call,Connected,true
ACT0002482,Email,2024-08-31 09:55:37,USR014,LEAD0959,,,,Next steps email,Follow-Up Needed,true
ACT0002483,Meeting,2025-05-16 08:47:35,USR014,LEAD0959,,,,Stakeholder meeting,Meeting Held,true
ACT0002484,Call,2025-07-14 02:41:42,USR014,LEAD0959,,,,Initial outreach call,No Response,true
ACT0002485,Email,2026-05-04 06:50:03,USR014,LEAD0960,,,,Proposal follow-up,Connected,true
ACT0002486,Call,2025-01-09 02:17:29,USR014,LEAD0961,,,,Qualification call,No Response,true
ACT0002487,Email,2025-05-25 02:00:22,USR014,LEAD0961,,,,Follow-up email,Follow-Up Needed,true
ACT0002488,Email,2026-01-29 07:35:15,USR014,LEAD0962,,,,Proposal follow-up,Connected,true
ACT0002489,Other,2026-06-04 12:23:17,USR014,LEAD0962,,,,Contract coordination,Follow-Up Needed,true
ACT0002490,Email,2025-02-03 13:16:05,USR016,LEAD0963,,,,Next steps email,No Response,true
ACT0002491,Call,2025-11-23 23:04:12,USR016,LEAD0963,,,,Qualification call,Connected,true
ACT0002492,Call,2026-07-20 06:29:14,USR016,LEAD0963,,,,Stakeholder check-in,Connected,true
ACT0002493,Email,2025-12-13 16:20:40,USR014,LEAD0964,,,,Meeting recap,No Response,true
ACT0002494,Call,2026-02-22 19:54:08,USR014,LEAD0964,,,,Stakeholder check-in,Follow-Up Needed,true
ACT0002495,Meeting,2026-05-13 22:05:29,USR014,LEAD0964,,,,Commercial review,Follow-Up Needed,true
ACT0002496,Demo,2026-06-17 06:17:05,USR014,LEAD0964,,,,Product demo,Follow-Up Needed,true
ACT0002497,Meeting,2026-07-17 17:16:47,USR014,LEAD0964,,,,Requirements review,Meeting Held,true
ACT0002498,Call,2024-11-19 01:51:08,USR013,LEAD0965,,,,Pricing follow-up,Left Voicemail,true
ACT0002499,Call,2025-05-30 06:55:46,USR013,LEAD0965,,,,Initial outreach call,Left Voicemail,true
ACT0002500,Call,2026-08-13 14:09:38,USR015,LEAD0966,,,,Follow-up call,No Response,true
ACT0002501,Call,2026-08-19 15:33:48,USR015,LEAD0966,,,,Initial outreach call,Follow-Up Needed,true
ACT0002502,Call,2026-08-21 13:45:16,USR015,LEAD0966,,,,Follow-up call,Connected,true
ACT0002503,Call,2026-09-07 18:58:53,USR015,LEAD0966,,,,Qualification call,Follow-Up Needed,true
ACT0002504,Call,2026-09-08 04:38:54,USR015,LEAD0966,,,,Stakeholder check-in,Connected,true
ACT0002505,Email,2026-09-17 13:19:16,USR016,LEAD0967,,,,Proposal follow-up,Connected,true
ACT0002506,Email,2024-04-22 16:09:37,USR013,LEAD0968,,,,Next steps email,No Response,true
ACT0002507,Call,2024-01-20 08:17:23,USR016,LEAD0969,,,,Initial outreach call,Follow-Up Needed,true
ACT0002508,Email,2024-02-07 14:38:47,USR016,LEAD0969,,,,Meeting recap,Follow-Up Needed,true
ACT0002509,Email,2024-02-21 14:51:15,USR013,LEAD0970,,,,Meeting recap,No Response,true
ACT0002510,Email,2024-04-01 11:12:33,USR013,LEAD0970,,,,Follow-up email,No Response,true
ACT0002511,Email,2024-09-08 12:06:07,USR013,LEAD0970,,,,Proposal follow-up,No Response,true
ACT0002512,Email,2026-07-22 14:18:37,USR016,LEAD0971,,,,Proposal follow-up,Connected,true
ACT0002513,Email,2026-08-07 07:08:20,USR016,LEAD0971,,,,Proposal follow-up,No Response,true
ACT0002514,Email,2024-11-20 04:13:52,USR014,LEAD0972,,,,Meeting recap,Connected,true
ACT0002515,Call,2025-04-11 11:08:04,USR014,LEAD0972,,,,Follow-up call,Connected,true
ACT0002516,Call,2025-08-27 04:32:28,USR014,LEAD0973,,,,Stakeholder check-in,No Response,true
ACT0002517,Email,2026-01-16 09:27:22,USR014,LEAD0973,,,,Proposal follow-up,Follow-Up Needed,true
ACT0002518,Call,2024-03-01 04:29:27,USR016,LEAD0974,,,,Initial outreach call,Follow-Up Needed,true
ACT0002519,Email,2024-06-24 05:20:43,USR016,LEAD0974,,,,Introductory email,No Response,true
ACT0002520,Call,2025-01-29 20:18:57,USR016,LEAD0975,,,,Stakeholder check-in,No Response,true
ACT0002521,Call,2025-05-12 01:58:01,USR016,LEAD0975,,,,Pricing follow-up,Connected,true
ACT0002522,Email,2025-10-19 01:44:55,USR016,LEAD0975,,,,Follow-up email,Follow-Up Needed,true
ACT0002523,Meeting,2025-10-30 16:52:27,USR016,LEAD0975,,,,Stakeholder meeting,Follow-Up Needed,true
ACT0002524,Email,2026-06-07 11:34:21,USR016,LEAD0976,,,,Next steps email,No Response,true
ACT0002525,Email,2026-04-09 05:48:38,USR013,LEAD0977,,,,Next steps email,Connected,true
ACT0002526,Call,2025-08-27 02:09:35,USR015,LEAD0978,,,,Initial outreach call,No Response,true
ACT0002527,Email,2025-11-13 01:09:36,USR015,LEAD0978,,,,Next steps email,Follow-Up Needed,true
ACT0002528,Call,2026-01-18 08:21:36,USR015,LEAD0978,,,,Follow-up call,No Response,true
ACT0002529,Call,2026-01-27 13:59:19,USR015,LEAD0978,,,,Initial outreach call,Connected,true
ACT0002530,Call,2026-06-20 14:51:16,USR015,LEAD0979,,,,Follow-up call,Follow-Up Needed,true
ACT0002531,Email,2024-04-10 16:46:56,USR013,LEAD0981,,,,Follow-up email,No Response,true
ACT0002532,Email,2025-01-17 03:46:29,USR013,LEAD0981,,,,Next steps email,Follow-Up Needed,true
ACT0002533,Email,2025-06-12 18:45:05,USR013,LEAD0981,,,,Meeting recap,No Response,true
ACT0002534,Other,2026-04-04 21:58:06,USR013,LEAD0981,,,,Contract coordination,Connected,true
ACT0002535,Call,2025-10-19 07:39:58,USR013,LEAD0982,,,,Follow-up call,Follow-Up Needed,true
ACT0002536,Meeting,2025-11-22 06:31:52,USR013,LEAD0982,,,,Discovery meeting,Rescheduled,true
ACT0002537,Call,2026-01-25 02:20:31,USR013,LEAD0982,,,,Initial outreach call,Connected,true
ACT0002538,Call,2025-02-11 12:19:43,USR015,LEAD0983,,,,Qualification call,Follow-Up Needed,true
ACT0002539,Email,2026-07-15 02:32:22,USR015,LEAD0983,,,,Meeting recap,Connected,true
ACT0002540,Demo,2025-12-15 23:24:06,USR013,LEAD0984,,,,Product demo,Meeting Held,true
ACT0002541,Other,2025-08-10 05:53:28,USR015,LEAD0985,,,,Procurement follow-up,Other,true
ACT0002542,Call,2026-04-16 18:40:44,USR015,LEAD0985,,,,Qualification call,Left Voicemail,true
ACT0002543,Email,2026-09-18 16:45:01,USR013,LEAD0986,,,,Proposal follow-up,Follow-Up Needed,true
ACT0002544,Call,2026-09-21 10:56:49,USR013,LEAD0986,,,,Initial outreach call,Left Voicemail,true
ACT0002545,Email,2025-11-06 10:41:49,USR013,LEAD0987,,,,Meeting recap,Follow-Up Needed,true
ACT0002546,Email,2024-08-13 15:22:44,USR016,LEAD0988,,,,Follow-up email,Follow-Up Needed,true
ACT0002547,Email,2025-04-16 18:07:44,USR016,LEAD0988,,,,Proposal follow-up,No Response,true
ACT0002548,Email,2026-04-04 15:15:03,USR013,LEAD0989,,,,Next steps email,No Response,true
ACT0002549,Email,2025-08-26 22:12:21,USR015,LEAD0990,,,,Follow-up email,Connected,true
ACT0002550,Call,2026-08-08 02:13:30,USR015,LEAD0990,,,,Qualification call,No Response,true
ACT0002551,Email,2025-10-08 23:08:16,USR013,LEAD0991,,,,Proposal follow-up,Follow-Up Needed,true
ACT0002552,Call,2025-11-18 06:26:44,USR015,LEAD0992,,,,Initial outreach call,Connected,true
ACT0002553,Meeting,2025-12-05 11:47:50,USR015,LEAD0992,,,,Commercial review,Rescheduled,true
ACT0002554,Demo,2024-05-27 23:35:31,USR016,LEAD0993,,,,Technical demo,Rescheduled,true
ACT0002555,Email,2026-01-15 09:42:50,USR013,LEAD0994,,,,Follow-up email,Connected,true
ACT0002556,Call,2024-12-04 10:22:50,USR015,LEAD0995,,,,Qualification call,Left Voicemail,true
ACT0002557,Other,2025-02-19 06:46:59,USR015,LEAD0995,,,,Procurement follow-up,Follow-Up Needed,true
ACT0002558,Email,2025-04-30 12:28:17,USR015,LEAD0995,,,,Follow-up email,Follow-Up Needed,true
ACT0002559,Email,2025-06-30 04:00:55,USR015,LEAD0995,,,,Next steps email,Follow-Up Needed,true
ACT0002560,Email,2026-01-30 09:51:11,USR015,LEAD0995,,,,Meeting recap,Follow-Up Needed,true
ACT0002561,Email,2024-11-26 08:56:46,USR015,LEAD0996,,,,Next steps email,Connected,true
ACT0002562,Email,2026-04-27 15:08:36,USR013,LEAD0997,,,,Next steps email,No Response,true
ACT0002563,Other,2026-05-02 01:31:06,USR013,LEAD0997,,,,Contract coordination,Other,true
ACT0002564,Call,2026-06-16 18:24:40,USR013,LEAD0997,,,,Pricing follow-up,No Response,true
ACT0002565,Email,2026-08-16 00:55:32,USR013,LEAD0997,,,,Next steps email,Follow-Up Needed,true
ACT0002566,Email,2024-12-05 13:51:45,USR016,LEAD0999,,,,Follow-up email,No Response,true
ACT0002567,Email,2025-04-09 07:12:45,USR016,LEAD0999,,,,Next steps email,Connected,true
ACT0002568,Demo,2026-05-17 08:20:52,USR016,LEAD0999,,,,Workflow demonstration,Meeting Held,true
ACT0002569,Email,2025-11-02 04:49:32,USR013,LEAD1000,,,,Follow-up email,Follow-Up Needed,true
ACT0002570,Email,2026-03-16 22:21:23,USR013,LEAD1000,,,,Proposal follow-up,Follow-Up Needed,true
ACT0002571,Call,2024-06-10 01:11:24,USR014,LEAD1001,,,,Stakeholder check-in,No Response,true
ACT0002572,Email,2024-07-06 23:29:15,USR014,LEAD1001,,,,Meeting recap,No Response,true
ACT0002573,Call,2024-08-07 22:15:44,USR015,LEAD1002,,,,Pricing follow-up,Left Voicemail,true
ACT0002574,Call,2025-02-20 21:55:56,USR015,LEAD1002,,,,Initial outreach call,Follow-Up Needed,true
ACT0002575,Demo,2025-05-19 04:58:20,USR015,LEAD1002,,,,Solution review,Meeting Held,true
ACT0002576,Email,2025-08-31 05:28:42,USR015,LEAD1002,,,,Proposal follow-up,No Response,true
ACT0002577,Email,2024-03-17 20:44:47,USR015,LEAD1003,,,,Proposal follow-up,Connected,true
ACT0002578,Call,2024-12-28 07:39:00,USR015,LEAD1003,,,,Follow-up call,No Response,true
ACT0002579,Call,2025-02-27 00:45:28,USR015,LEAD1003,,,,Follow-up call,Follow-Up Needed,true
ACT0002580,Email,2025-05-06 04:59:29,USR015,LEAD1003,,,,Proposal follow-up,Follow-Up Needed,true
ACT0002581,Email,2025-11-06 02:52:07,USR015,LEAD1003,,,,Introductory email,Follow-Up Needed,true
ACT0002582,Call,2024-08-02 02:39:53,USR013,LEAD1004,,,,Initial outreach call,Left Voicemail,true
ACT0002583,Call,2024-09-24 19:58:33,USR013,LEAD1004,,,,Follow-up call,Left Voicemail,true
ACT0002584,Email,2024-08-01 16:31:06,USR013,LEAD1005,,,,Follow-up email,Follow-Up Needed,true
ACT0002585,Demo,2025-05-06 20:11:43,USR013,LEAD1005,,,,Workflow demonstration,Follow-Up Needed,true
ACT0002586,Call,2025-11-06 23:27:30,USR013,LEAD1005,,,,Stakeholder check-in,Connected,true
ACT0002587,Call,2026-03-10 23:37:55,USR013,LEAD1005,,,,Qualification call,Connected,true
ACT0002588,Email,2025-11-01 04:28:10,USR016,LEAD1006,,,,Introductory email,Connected,true
ACT0002589,Email,2025-11-12 06:40:19,USR016,LEAD1006,,,,Introductory email,No Response,true
ACT0002590,Call,2026-01-23 08:30:03,USR016,LEAD1006,,,,Initial outreach call,No Response,true
ACT0002591,Email,2026-04-26 02:31:45,USR016,LEAD1006,,,,Next steps email,No Response,true
ACT0002592,Call,2025-07-22 17:44:01,USR016,LEAD1007,,,,Initial outreach call,Connected,true
ACT0002593,Email,2026-03-01 21:42:49,USR016,LEAD1007,,,,Follow-up email,Follow-Up Needed,true
ACT0002594,Call,2026-07-28 01:41:50,USR013,LEAD1008,,,,Stakeholder check-in,Left Voicemail,true
ACT0002595,Email,2026-08-12 06:19:23,USR013,LEAD1008,,,,Next steps email,No Response,true
ACT0002596,Call,2026-08-25 12:40:47,USR013,LEAD1008,,,,Initial outreach call,Left Voicemail,true
ACT0002597,Other,2026-09-03 13:15:37,USR013,LEAD1008,,,,Internal customer follow-up,Connected,true
ACT0002598,Email,2026-09-07 21:39:51,USR013,LEAD1008,,,,Meeting recap,Follow-Up Needed,true
ACT0002599,Call,2025-05-04 11:04:41,USR015,LEAD1009,,,,Pricing follow-up,Left Voicemail,true
ACT0002600,Email,2025-04-22 18:25:42,USR014,LEAD1010,,,,Next steps email,No Response,true
ACT0002601,Call,2026-03-24 16:25:59,USR014,LEAD1010,,,,Follow-up call,Left Voicemail,true
ACT0002602,Call,2025-04-06 11:56:40,USR013,LEAD1011,,,,Initial outreach call,Follow-Up Needed,true
ACT0002603,Email,2025-08-29 07:41:37,USR013,LEAD1011,,,,Meeting recap,Follow-Up Needed,true
ACT0002604,Email,2026-01-04 11:39:04,USR013,LEAD1011,,,,Meeting recap,Follow-Up Needed,true
ACT0002605,Call,2025-05-31 18:54:54,USR013,LEAD1012,,,,Follow-up call,No Response,true
ACT0002606,Call,2025-11-17 17:26:00,USR013,LEAD1012,,,,Initial outreach call,Follow-Up Needed,true
ACT0002607,Call,2024-10-28 12:22:23,USR015,LEAD1013,,,,Pricing follow-up,Connected,true
ACT0002608,Call,2025-01-12 07:58:32,USR015,LEAD1013,,,,Initial outreach call,Follow-Up Needed,true
ACT0002609,Call,2025-11-18 00:17:10,USR015,LEAD1013,,,,Qualification call,Connected,true
ACT0002610,Email,2025-11-10 10:00:03,USR014,LEAD1014,,,,Follow-up email,Follow-Up Needed,true
ACT0002611,Other,2026-04-22 16:10:58,USR014,LEAD1014,,,,Internal customer follow-up,Connected,true
ACT0002612,Call,2026-08-27 20:53:14,USR014,LEAD1015,,,,Initial outreach call,Connected,true
ACT0002613,Call,2026-09-02 23:47:23,USR014,LEAD1015,,,,Follow-up call,Connected,true
ACT0002614,Call,2026-09-12 04:42:44,USR014,LEAD1015,,,,Qualification call,Left Voicemail,true
ACT0002615,Email,2025-10-06 07:29:39,USR013,LEAD1016,,,,Introductory email,Follow-Up Needed,true
ACT0002616,Call,2025-11-26 00:30:18,USR013,LEAD1016,,,,Qualification call,Connected,true
ACT0002617,Call,2024-03-17 12:08:13,USR015,LEAD1017,,,,Follow-up call,Connected,true
ACT0002618,Email,2024-04-27 20:10:15,USR015,LEAD1017,,,,Introductory email,Follow-Up Needed,true
ACT0002619,Other,2024-07-03 08:42:14,USR015,LEAD1017,,,,Contract coordination,Other,true
ACT0002620,Call,2025-09-15 07:41:56,USR014,LEAD1018,,,,Pricing follow-up,No Response,true
ACT0002621,Email,2026-05-03 00:49:44,USR014,LEAD1018,,,,Meeting recap,Connected,true
ACT0002622,Call,2026-03-25 12:15:24,USR016,LEAD1019,,,,Stakeholder check-in,Left Voicemail,true
ACT0002623,Email,2026-05-03 10:03:40,USR016,LEAD1019,,,,Follow-up email,Connected,true
ACT0002624,Call,2026-05-16 03:10:49,USR016,LEAD1019,,,,Follow-up call,Connected,true
ACT0002625,Demo,2026-08-06 16:27:58,USR016,LEAD1019,,,,Technical demo,Rescheduled,true
ACT0002626,Call,2025-05-16 01:43:58,USR014,LEAD1020,,,,Pricing follow-up,Connected,true
ACT0002627,Call,2025-01-23 22:31:26,USR015,LEAD1022,,,,Initial outreach call,Follow-Up Needed,true
ACT0002628,Demo,2026-04-11 19:01:51,USR015,LEAD1022,,,,Workflow demonstration,Rescheduled,true
ACT0002629,Call,2026-02-16 21:48:40,USR014,LEAD1023,,,,Initial outreach call,Follow-Up Needed,true
ACT0002630,Call,2026-07-05 11:24:53,USR014,LEAD1023,,,,Follow-up call,Connected,true
ACT0002631,Email,2025-07-06 20:25:37,USR016,LEAD1024,,,,Follow-up email,Connected,true
ACT0002632,Meeting,2026-06-11 19:30:36,USR016,LEAD1024,,,,Discovery meeting,Follow-Up Needed,true
ACT0002633,Email,2024-09-01 17:23:01,USR013,LEAD1025,,,,Meeting recap,Follow-Up Needed,true
ACT0002634,Call,2024-12-19 05:51:36,USR013,LEAD1025,,,,Follow-up call,Connected,true
ACT0002635,Email,2025-06-02 21:17:52,USR013,LEAD1025,,,,Proposal follow-up,No Response,true
ACT0002636,Email,2025-08-20 09:39:42,USR013,LEAD1025,,,,Follow-up email,Follow-Up Needed,true
ACT0002637,Email,2026-05-27 15:54:02,USR013,LEAD1025,,,,Proposal follow-up,Follow-Up Needed,true
ACT0002638,Call,2025-06-24 17:11:11,USR013,LEAD1026,,,,Pricing follow-up,No Response,true
ACT0002639,Email,2025-09-24 13:16:35,USR013,LEAD1026,,,,Follow-up email,No Response,true
ACT0002640,Call,2025-07-12 17:55:24,USR015,LEAD1027,,,,Initial outreach call,No Response,true
ACT0002641,Call,2026-03-21 15:20:43,USR016,LEAD1028,,,,Qualification call,Left Voicemail,true
ACT0002642,Call,2026-04-24 07:01:09,USR016,LEAD1028,,,,Initial outreach call,Follow-Up Needed,true
ACT0002643,Call,2024-06-11 22:30:44,USR015,LEAD1029,,,,Stakeholder check-in,No Response,true
ACT0002644,Call,2025-05-12 10:03:10,USR015,LEAD1029,,,,Initial outreach call,Follow-Up Needed,true
ACT0002645,Email,2025-07-08 00:39:01,USR015,LEAD1029,,,,Meeting recap,No Response,true
ACT0002646,Call,2025-07-12 08:27:32,USR015,LEAD1029,,,,Initial outreach call,Follow-Up Needed,true
ACT0002647,Meeting,2026-05-02 04:28:13,USR015,LEAD1029,,,,Requirements review,Meeting Held,true
ACT0002648,Email,2026-08-22 02:54:05,USR015,LEAD1030,,,,Next steps email,Follow-Up Needed,true
ACT0002649,Demo,2026-01-24 06:29:50,USR016,LEAD1031,,,,Solution review,Meeting Held,true
ACT0002650,Call,2026-09-02 16:53:51,USR015,LEAD1032,,,,Initial outreach call,Left Voicemail,true
ACT0002651,Call,2026-09-06 15:38:08,USR015,LEAD1032,,,,Qualification call,Follow-Up Needed,true
ACT0002652,Email,2026-09-11 22:53:41,USR015,LEAD1032,,,,Next steps email,No Response,true
ACT0002653,Call,2026-09-15 00:22:06,USR015,LEAD1032,,,,Follow-up call,Connected,true
ACT0002654,Email,2024-02-18 09:00:41,USR013,LEAD1033,,,,Meeting recap,No Response,true
ACT0002655,Meeting,2026-04-09 20:40:59,USR013,LEAD1033,,,,Stakeholder meeting,Follow-Up Needed,true
ACT0002656,Email,2024-10-24 00:42:16,USR013,LEAD1034,,,,Proposal follow-up,No Response,true
ACT0002657,Call,2024-02-05 09:26:59,USR015,LEAD1035,,,,Stakeholder check-in,Connected,true
ACT0002658,Call,2024-11-03 16:32:28,USR015,LEAD1035,,,,Stakeholder check-in,No Response,true
ACT0002659,Call,2024-08-08 18:32:38,USR013,LEAD1036,,,,Initial outreach call,Follow-Up Needed,true
ACT0002660,Email,2025-04-02 09:11:14,USR013,LEAD1036,,,,Next steps email,No Response,true
ACT0002661,Email,2025-09-15 19:53:09,USR013,LEAD1036,,,,Next steps email,No Response,true
ACT0002662,Email,2024-11-22 22:22:33,USR013,LEAD1037,,,,Meeting recap,Follow-Up Needed,true
ACT0002663,Call,2026-03-13 15:16:18,USR013,LEAD1038,,,,Follow-up call,Connected,true
ACT0002664,Call,2026-06-25 08:50:28,USR013,LEAD1038,,,,Qualification call,No Response,true
ACT0002665,Call,2026-07-13 02:20:02,USR013,LEAD1038,,,,Stakeholder check-in,Follow-Up Needed,true
ACT0002666,Call,2025-05-21 21:38:57,USR014,LEAD1039,,,,Qualification call,Follow-Up Needed,true
ACT0002667,Email,2024-05-21 04:45:02,USR013,LEAD1040,,,,Proposal follow-up,No Response,true
ACT0002668,Email,2024-07-04 17:13:08,USR015,LEAD1041,,,,Introductory email,No Response,true
ACT0002669,Meeting,2024-12-21 14:21:28,USR016,LEAD1042,,,,Executive check-in,Meeting Held,true
ACT0002670,Email,2026-03-14 06:58:35,USR016,LEAD1042,,,,Proposal follow-up,Follow-Up Needed,true
ACT0002671,Call,2026-04-25 23:45:41,USR013,LEAD1043,,,,Qualification call,No Response,true
ACT0002672,Call,2026-06-07 17:35:51,USR013,LEAD1043,,,,Pricing follow-up,Connected,true
ACT0002673,Email,2026-06-10 04:34:42,USR013,LEAD1043,,,,Proposal follow-up,Connected,true
ACT0002674,Email,2025-07-26 06:55:33,USR014,LEAD1044,,,,Follow-up email,Follow-Up Needed,true
ACT0002675,Meeting,2025-06-11 04:45:21,USR015,LEAD1045,,,,Discovery meeting,Rescheduled,true
ACT0002676,Other,2025-07-02 04:39:15,USR015,LEAD1045,,,,Internal customer follow-up,Follow-Up Needed,true
ACT0002677,Call,2024-02-06 20:49:04,USR015,LEAD1046,,,,Initial outreach call,No Response,true
ACT0002678,Email,2024-07-17 08:20:13,USR015,LEAD1047,,,,Proposal follow-up,Connected,true
ACT0002679,Call,2025-03-29 21:39:55,USR015,LEAD1048,,,,Pricing follow-up,Connected,true
ACT0002680,Demo,2025-05-26 08:10:01,USR015,LEAD1048,,,,Technical demo,Rescheduled,true
ACT0002681,Demo,2025-06-22 12:31:50,USR015,LEAD1048,,,,Solution review,Follow-Up Needed,true
ACT0002682,Email,2025-09-16 22:28:39,USR015,LEAD1048,,,,Next steps email,Follow-Up Needed,true
ACT0002683,Call,2026-08-20 14:14:38,USR016,LEAD1049,,,,Follow-up call,Follow-Up Needed,true
ACT0002684,Call,2026-08-20 15:19:22,USR016,LEAD1049,,,,Pricing follow-up,Left Voicemail,true
ACT0002685,Email,2026-08-20 18:06:03,USR016,LEAD1049,,,,Follow-up email,No Response,true
ACT0002686,Call,2026-08-31 16:14:00,USR016,LEAD1049,,,,Qualification call,Follow-Up Needed,true
ACT0002687,Call,2025-01-21 21:59:04,USR016,LEAD1050,,,,Follow-up call,Follow-Up Needed,true
ACT0002688,Call,2025-03-07 02:07:09,USR016,LEAD1050,,,,Pricing follow-up,No Response,true
ACT0002689,Email,2025-06-30 08:15:09,USR016,LEAD1050,,,,Next steps email,Connected,true
ACT0002690,Call,2025-01-01 08:39:00,USR015,LEAD1051,,,,Qualification call,Left Voicemail,true
ACT0002691,Email,2025-06-06 04:09:44,USR015,LEAD1051,,,,Follow-up email,No Response,true
ACT0002692,Call,2025-06-19 01:34:45,USR015,LEAD1051,,,,Qualification call,No Response,true
ACT0002693,Email,2025-07-08 11:30:35,USR015,LEAD1052,,,,Introductory email,Connected,true
ACT0002694,Email,2025-01-29 16:53:30,USR016,LEAD1053,,,,Meeting recap,Follow-Up Needed,true
ACT0002695,Email,2025-03-27 18:31:20,USR014,LEAD1054,,,,Follow-up email,Follow-Up Needed,true
ACT0002696,Meeting,2025-06-09 22:08:26,USR014,LEAD1054,,,,Discovery meeting,Follow-Up Needed,true
ACT0002697,Call,2025-09-09 00:12:21,USR016,LEAD1055,,,,Stakeholder check-in,Left Voicemail,true
ACT0002698,Email,2026-06-10 10:30:08,USR013,LEAD1056,,,,Meeting recap,Connected,true
ACT0002699,Email,2026-06-12 05:49:36,USR013,LEAD1056,,,,Introductory email,Follow-Up Needed,true
ACT0002700,Email,2025-08-26 16:11:53,USR015,LEAD1057,,,,Introductory email,Follow-Up Needed,true
ACT0002701,Call,2025-12-19 23:52:15,USR015,LEAD1057,,,,Qualification call,Left Voicemail,true
ACT0002702,Demo,2026-05-28 05:35:15,USR015,LEAD1057,,,,Technical demo,Follow-Up Needed,true
ACT0002703,Email,2026-06-16 15:10:28,USR015,LEAD1057,,,,Introductory email,Connected,true
ACT0002704,Call,2024-05-23 13:59:51,USR015,LEAD1058,,,,Stakeholder check-in,Follow-Up Needed,true
ACT0002705,Meeting,2024-07-22 20:08:04,USR015,LEAD1058,,,,Discovery meeting,Meeting Held,true
ACT0002706,Email,2025-02-20 10:47:04,USR015,LEAD1058,,,,Introductory email,No Response,true
ACT0002707,Call,2024-04-16 02:14:52,USR015,LEAD1059,,,,Stakeholder check-in,No Response,true
ACT0002708,Email,2025-03-29 12:38:04,USR015,LEAD1059,,,,Introductory email,Follow-Up Needed,true
ACT0002709,Meeting,2025-08-26 06:59:30,USR015,LEAD1059,,,,Requirements review,Follow-Up Needed,true
ACT0002710,Call,2024-09-30 06:50:21,USR015,LEAD1060,,,,Initial outreach call,Left Voicemail,true
ACT0002711,Email,2024-10-28 12:48:45,USR015,LEAD1060,,,,Follow-up email,No Response,true
ACT0002712,Meeting,2025-05-20 16:25:51,USR015,LEAD1060,,,,Commercial review,Follow-Up Needed,true
ACT0002713,Email,2026-06-01 22:25:24,USR015,LEAD1061,,,,Meeting recap,Follow-Up Needed,true
ACT0002714,Email,2024-10-08 21:32:30,USR015,LEAD1062,,,,Next steps email,Follow-Up Needed,true
ACT0002715,Email,2026-03-13 20:28:52,USR015,LEAD1062,,,,Proposal follow-up,Connected,true
ACT0002716,Email,2025-08-12 21:24:34,USR013,LEAD1063,,,,Next steps email,Connected,true
ACT0002717,Call,2026-01-31 04:12:29,USR013,LEAD1063,,,,Follow-up call,No Response,true
ACT0002718,Email,2026-03-11 22:30:47,USR013,LEAD1063,,,,Introductory email,Connected,true
ACT0002719,Email,2026-04-26 15:53:19,USR013,LEAD1063,,,,Meeting recap,Follow-Up Needed,true
ACT0002720,Call,2025-02-07 10:36:46,USR013,LEAD1064,,,,Pricing follow-up,Connected,true
ACT0002721,Email,2026-02-25 15:15:06,USR013,LEAD1064,,,,Introductory email,No Response,true
ACT0002722,Email,2024-01-03 09:40:36,USR013,LEAD1065,,,,Proposal follow-up,No Response,true
ACT0002723,Call,2025-03-14 23:49:39,USR013,LEAD1065,,,,Stakeholder check-in,Follow-Up Needed,true
ACT0002724,Call,2025-02-23 00:58:50,USR013,LEAD1066,,,,Initial outreach call,Left Voicemail,true
ACT0002725,Call,2025-08-20 12:46:11,USR013,LEAD1067,,,,Qualification call,Follow-Up Needed,true
ACT0002726,Email,2026-07-08 21:10:48,USR013,LEAD1067,,,,Introductory email,No Response,true
ACT0002727,Call,2025-03-31 07:25:43,USR016,LEAD1068,,,,Follow-up call,Follow-Up Needed,true
ACT0002728,Email,2025-09-21 14:19:23,USR016,LEAD1068,,,,Introductory email,No Response,true
ACT0002729,Call,2026-01-25 09:14:25,USR016,LEAD1068,,,,Stakeholder check-in,Follow-Up Needed,true
ACT0002730,Call,2024-02-06 17:04:11,USR015,LEAD1069,,,,Stakeholder check-in,No Response,true
ACT0002731,Call,2024-08-07 11:58:25,USR014,LEAD1070,,,,Stakeholder check-in,Follow-Up Needed,true
ACT0002732,Email,2025-11-11 14:39:45,USR016,LEAD1071,,,,Meeting recap,Follow-Up Needed,true
ACT0002733,Email,2026-01-10 23:50:30,USR016,LEAD1071,,,,Proposal follow-up,Connected,true
ACT0002734,Other,2026-04-24 10:52:57,USR016,LEAD1071,,,,Procurement follow-up,Connected,true
ACT0002735,Email,2026-06-13 06:26:51,USR016,LEAD1071,,,,Next steps email,No Response,true
ACT0002736,Call,2025-04-03 20:02:29,USR015,LEAD1072,,,,Stakeholder check-in,Connected,true
ACT0002737,Email,2025-06-03 05:48:52,USR015,LEAD1072,,,,Introductory email,Follow-Up Needed,true
ACT0002738,Email,2025-12-11 09:13:15,USR014,LEAD1073,,,,Follow-up email,Connected,true
ACT0002739,Email,2026-03-05 07:47:11,USR014,LEAD1073,,,,Introductory email,Connected,true
ACT0002740,Call,2024-12-11 16:32:36,USR016,LEAD1074,,,,Follow-up call,No Response,true
ACT0002741,Email,2026-02-04 12:25:42,USR015,LEAD1075,,,,Introductory email,No Response,true
ACT0002742,Call,2026-06-28 15:35:24,USR015,LEAD1075,,,,Initial outreach call,Connected,true
ACT0002743,Call,2025-11-08 11:49:01,USR014,LEAD1076,,,,Pricing follow-up,Follow-Up Needed,true
ACT0002744,Call,2025-12-29 18:18:59,USR014,LEAD1076,,,,Pricing follow-up,Left Voicemail,true
ACT0002745,Call,2025-02-26 18:29:48,USR015,LEAD1078,,,,Stakeholder check-in,Follow-Up Needed,true
ACT0002746,Call,2025-07-05 08:14:08,USR015,LEAD1078,,,,Initial outreach call,Follow-Up Needed,true
ACT0002747,Meeting,2025-11-08 09:03:41,USR015,LEAD1078,,,,Discovery meeting,Meeting Held,true
ACT0002748,Call,2026-01-29 17:34:01,USR015,LEAD1078,,,,Stakeholder check-in,No Response,true
ACT0002749,Call,2026-02-21 06:34:41,USR015,LEAD1078,,,,Follow-up call,No Response,true
ACT0002750,Email,2025-01-07 05:43:12,USR016,LEAD1080,,,,Introductory email,Connected,true
ACT0002751,Call,2025-10-07 04:37:05,USR014,LEAD1081,,,,Stakeholder check-in,Left Voicemail,true
ACT0002752,Call,2024-11-05 22:42:51,USR016,LEAD1082,,,,Follow-up call,Left Voicemail,true
ACT0002753,Email,2025-09-19 06:50:32,USR014,LEAD1083,,,,Introductory email,Follow-Up Needed,true
ACT0002754,Call,2026-07-05 22:49:20,USR013,LEAD1084,,,,Follow-up call,Connected,true
ACT0002755,Email,2024-03-08 05:18:35,USR014,LEAD1085,,,,Next steps email,Connected,true
ACT0002756,Email,2024-11-04 21:41:23,USR014,LEAD1085,,,,Meeting recap,No Response,true
ACT0002757,Email,2026-02-13 04:37:19,USR014,LEAD1085,,,,Introductory email,Follow-Up Needed,true
ACT0002758,Email,2026-04-28 11:09:35,USR014,LEAD1085,,,,Next steps email,Follow-Up Needed,true
ACT0002759,Email,2025-05-03 09:06:51,USR014,LEAD1086,,,,Introductory email,Connected,true
ACT0002760,Email,2025-05-20 20:36:42,USR014,LEAD1086,,,,Introductory email,Follow-Up Needed,true
ACT0002761,Email,2024-12-09 14:26:18,USR014,LEAD1087,,,,Next steps email,No Response,true
ACT0002762,Email,2025-06-30 08:56:54,USR014,LEAD1087,,,,Follow-up email,Follow-Up Needed,true
ACT0002763,Email,2025-09-27 09:53:06,USR015,LEAD1088,,,,Follow-up email,Connected,true
ACT0002764,Call,2026-05-12 22:31:10,USR015,LEAD1089,,,,Stakeholder check-in,Connected,true
ACT0002765,Call,2026-06-08 21:33:52,USR015,LEAD1089,,,,Follow-up call,No Response,true
ACT0002766,Email,2025-11-01 06:42:53,USR016,LEAD1090,,,,Next steps email,Connected,true
ACT0002767,Call,2025-11-19 16:52:13,USR016,LEAD1090,,,,Pricing follow-up,Follow-Up Needed,true
ACT0002768,Other,2025-12-06 00:44:52,USR016,LEAD1090,,,,Internal customer follow-up,Follow-Up Needed,true
ACT0002769,Other,2025-12-20 08:58:29,USR016,LEAD1090,,,,Internal customer follow-up,Follow-Up Needed,true
ACT0002770,Email,2026-05-31 11:05:37,USR016,LEAD1090,,,,Proposal follow-up,Follow-Up Needed,true
ACT0002771,Call,2026-05-09 00:53:03,USR015,LEAD1091,,,,Follow-up call,No Response,true
ACT0002772,Call,2024-02-05 21:00:59,USR016,LEAD1092,,,,Initial outreach call,No Response,true
ACT0002773,Demo,2025-06-08 17:34:50,USR016,LEAD1092,,,,Technical demo,Follow-Up Needed,true
ACT0002774,Email,2025-10-20 15:09:00,USR016,LEAD1092,,,,Next steps email,Connected,true
ACT0002775,Email,2025-12-02 02:13:15,USR016,LEAD1092,,,,Meeting recap,Connected,true
ACT0002776,Email,2024-03-27 16:57:51,USR013,LEAD1093,,,,Follow-up email,Follow-Up Needed,true
ACT0002777,Other,2025-07-28 05:00:46,USR013,LEAD1093,,,,Internal customer follow-up,Follow-Up Needed,true
ACT0002778,Email,2026-01-04 10:54:19,USR013,LEAD1094,,,,Follow-up email,No Response,true
ACT0002779,Call,2024-02-14 05:23:43,USR015,LEAD1095,,,,Follow-up call,Left Voicemail,true
ACT0002780,Call,2024-03-12 18:48:02,USR015,LEAD1095,,,,Qualification call,Follow-Up Needed,true
ACT0002781,Email,2024-04-30 16:26:22,USR015,LEAD1095,,,,Proposal follow-up,No Response,true
ACT0002782,Email,2024-05-22 09:14:28,USR015,LEAD1095,,,,Proposal follow-up,Connected,true
ACT0002783,Email,2024-08-11 09:57:09,USR013,LEAD1096,,,,Introductory email,Follow-Up Needed,true
ACT0002784,Email,2026-03-02 05:05:14,USR013,LEAD1096,,,,Meeting recap,Follow-Up Needed,true
ACT0002785,Call,2026-06-24 17:51:59,USR014,LEAD1097,,,,Qualification call,Left Voicemail,true
ACT0002786,Meeting,2026-07-02 17:52:34,USR014,LEAD1097,,,,Commercial review,Follow-Up Needed,true
ACT0002787,Call,2025-11-22 15:31:05,USR016,LEAD1098,,,,Initial outreach call,Connected,true
ACT0002788,Email,2026-01-07 05:36:50,USR016,LEAD1098,,,,Meeting recap,Follow-Up Needed,true
ACT0002789,Call,2025-11-26 16:17:49,USR015,LEAD1099,,,,Initial outreach call,Left Voicemail,true
ACT0002790,Email,2026-03-07 17:28:03,USR015,LEAD1099,,,,Introductory email,Follow-Up Needed,true
ACT0002791,Call,2026-04-30 21:56:22,USR015,LEAD1099,,,,Pricing follow-up,Follow-Up Needed,true
ACT0002792,Call,2026-05-14 12:31:12,USR015,LEAD1099,,,,Qualification call,Left Voicemail,true
ACT0002793,Call,2025-08-24 01:41:02,USR013,LEAD1100,,,,Qualification call,Follow-Up Needed,true
ACT0002794,Email,2025-09-06 02:08:58,USR013,LEAD1100,,,,Introductory email,Connected,true
ACT0002795,Email,2026-02-23 17:29:52,USR013,LEAD1100,,,,Introductory email,No Response,true
ACT0002796,Other,2026-03-15 19:31:47,USR013,LEAD1100,,,,Procurement follow-up,Follow-Up Needed,true
ACT0002797,Call,2024-10-10 09:49:33,USR014,LEAD1101,,,,Qualification call,Follow-Up Needed,true
ACT0002798,Call,2026-03-14 21:12:18,USR013,LEAD1102,,,,Pricing follow-up,Left Voicemail,true
ACT0002799,Email,2026-04-16 21:12:53,USR013,LEAD1102,,,,Proposal follow-up,Follow-Up Needed,true
ACT0002800,Call,2026-05-30 17:33:17,USR013,LEAD1102,,,,Follow-up call,Follow-Up Needed,true
ACT0002801,Email,2026-09-01 14:10:28,USR013,LEAD1102,,,,Proposal follow-up,No Response,true
ACT0002802,Call,2025-01-05 15:32:11,USR014,LEAD1103,,,,Pricing follow-up,Left Voicemail,true
ACT0002803,Call,2024-10-03 10:13:31,USR013,LEAD1104,,,,Qualification call,Follow-Up Needed,true
ACT0002804,Email,2025-07-24 14:37:09,USR013,LEAD1104,,,,Next steps email,Follow-Up Needed,true
ACT0002805,Call,2026-04-20 17:44:07,USR014,LEAD1105,,,,Initial outreach call,Left Voicemail,true
ACT0002806,Call,2026-06-30 16:16:12,USR014,LEAD1105,,,,Follow-up call,No Response,true
ACT0002807,Email,2026-04-08 18:38:25,USR015,LEAD1106,,,,Proposal follow-up,No Response,true
ACT0002808,Call,2026-05-24 07:24:20,USR015,LEAD1106,,,,Pricing follow-up,No Response,true
ACT0002809,Meeting,2026-07-09 00:26:17,USR015,LEAD1106,,,,Commercial review,Meeting Held,true
ACT0002810,Email,2026-07-17 16:30:07,USR015,LEAD1106,,,,Follow-up email,Connected,true
ACT0002811,Email,2024-08-10 14:15:35,USR016,LEAD1107,,,,Meeting recap,Follow-Up Needed,true
ACT0002812,Meeting,2024-09-24 16:18:15,USR016,LEAD1107,,,,Executive check-in,Meeting Held,true
ACT0002813,Call,2026-02-17 00:15:53,USR016,LEAD1108,,,,Initial outreach call,Left Voicemail,true
ACT0002814,Demo,2026-04-10 06:16:55,USR016,LEAD1108,,,,Solution review,Rescheduled,true
ACT0002815,Call,2026-05-04 10:07:55,USR016,LEAD1108,,,,Pricing follow-up,Follow-Up Needed,true
ACT0002816,Email,2024-05-14 20:41:22,USR014,LEAD1109,,,,Meeting recap,Follow-Up Needed,true
ACT0002817,Email,2024-10-30 17:49:38,USR014,LEAD1109,,,,Next steps email,No Response,true
ACT0002818,Call,2025-10-28 11:00:48,USR014,LEAD1109,,,,Qualification call,Connected,true
ACT0002819,Call,2025-08-02 11:22:25,USR015,LEAD1110,,,,Initial outreach call,Connected,true
ACT0002820,Call,2025-08-15 01:12:00,USR015,LEAD1110,,,,Qualification call,Follow-Up Needed,true
ACT0002821,Email,2025-12-24 07:50:20,USR015,LEAD1110,,,,Introductory email,No Response,true
ACT0002822,Email,2026-02-15 08:51:34,USR014,LEAD1111,,,,Next steps email,Connected,true
ACT0002823,Call,2026-03-18 14:36:12,USR014,LEAD1111,,,,Stakeholder check-in,Connected,true
ACT0002824,Meeting,2026-05-03 22:50:32,USR014,LEAD1111,,,,Discovery meeting,Follow-Up Needed,true
ACT0002825,Call,2026-05-08 10:17:09,USR014,LEAD1111,,,,Stakeholder check-in,Connected,true
ACT0002826,Meeting,2025-08-17 06:56:42,USR013,LEAD1112,,,,Requirements review,Meeting Held,true
ACT0002827,Call,2025-11-30 00:07:05,USR013,LEAD1112,,,,Follow-up call,Connected,true
ACT0002828,Call,2024-01-28 21:01:35,USR013,LEAD1113,,,,Initial outreach call,Follow-Up Needed,true
ACT0002829,Email,2026-03-09 19:11:48,USR014,LEAD1114,,,,Next steps email,Follow-Up Needed,true
ACT0002830,Email,2026-05-14 02:19:04,USR014,LEAD1114,,,,Follow-up email,Follow-Up Needed,true
ACT0002831,Call,2026-08-03 01:57:15,USR014,LEAD1114,,,,Initial outreach call,Left Voicemail,true
ACT0002832,Call,2024-04-29 07:50:33,USR016,LEAD1115,,,,Stakeholder check-in,Connected,true
ACT0002833,Call,2025-03-22 14:53:23,USR013,LEAD1116,,,,Stakeholder check-in,Connected,true
ACT0002834,Email,2025-07-12 13:08:45,USR013,LEAD1116,,,,Proposal follow-up,Follow-Up Needed,true
ACT0002835,Email,2025-10-19 02:11:43,USR013,LEAD1116,,,,Follow-up email,Follow-Up Needed,true
ACT0002836,Email,2025-10-19 14:07:44,USR013,LEAD1116,,,,Proposal follow-up,Follow-Up Needed,true
ACT0002837,Email,2024-05-10 12:48:01,USR015,LEAD1117,,,,Proposal follow-up,Follow-Up Needed,true
ACT0002838,Email,2025-08-05 15:48:09,USR015,LEAD1117,,,,Proposal follow-up,Follow-Up Needed,true
ACT0002839,Call,2026-02-08 23:07:20,USR015,LEAD1117,,,,Stakeholder check-in,Left Voicemail,true
ACT0002840,Email,2025-03-24 13:35:27,USR014,LEAD1118,,,,Follow-up email,No Response,true
ACT0002841,Email,2025-06-29 00:28:51,USR014,LEAD1118,,,,Follow-up email,Connected,true
ACT0002842,Call,2025-09-26 13:41:42,USR014,LEAD1118,,,,Qualification call,Connected,true
ACT0002843,Email,2025-06-26 06:46:03,USR016,LEAD1119,,,,Follow-up email,Connected,true
ACT0002844,Call,2026-08-02 21:49:06,USR016,LEAD1120,,,,Initial outreach call,Connected,true
ACT0002845,Email,2026-05-22 22:08:26,USR016,LEAD1121,,,,Follow-up email,No Response,true
ACT0002846,Email,2026-09-06 12:17:26,USR016,LEAD1121,,,,Next steps email,Connected,true
ACT0002847,Email,2025-11-11 11:03:21,USR015,LEAD1122,,,,Next steps email,No Response,true
ACT0002848,Call,2025-12-23 03:00:16,USR015,LEAD1122,,,,Stakeholder check-in,No Response,true
ACT0002849,Call,2024-03-08 10:38:12,USR013,LEAD1123,,,,Initial outreach call,Follow-Up Needed,true
ACT0002850,Call,2024-04-20 04:46:23,USR013,LEAD1123,,,,Follow-up call,Connected,true
ACT0002851,Email,2024-01-06 02:16:21,USR014,LEAD1124,,,,Meeting recap,Connected,true
ACT0002852,Email,2024-11-30 02:24:55,USR014,LEAD1124,,,,Next steps email,Follow-Up Needed,true
ACT0002853,Call,2025-04-24 12:25:49,USR014,LEAD1124,,,,Stakeholder check-in,Left Voicemail,true
ACT0002854,Demo,2026-01-16 17:47:35,USR014,LEAD1125,,,,Solution review,Follow-Up Needed,true
ACT0002855,Call,2026-04-22 14:22:21,USR014,LEAD1125,,,,Stakeholder check-in,Follow-Up Needed,true
ACT0002856,Call,2024-02-07 10:04:29,USR015,LEAD1126,,,,Qualification call,Follow-Up Needed,true
ACT0002857,Email,2024-11-06 21:12:07,USR015,LEAD1126,,,,Meeting recap,Follow-Up Needed,true
ACT0002858,Call,2025-01-17 12:10:44,USR015,LEAD1126,,,,Qualification call,Left Voicemail,true
ACT0002859,Call,2026-04-19 17:38:58,USR015,LEAD1126,,,,Follow-up call,Connected,true
ACT0002860,Call,2025-07-12 08:26:46,USR014,LEAD1127,,,,Stakeholder check-in,Follow-Up Needed,true
ACT0002861,Call,2025-10-19 03:57:00,USR014,LEAD1127,,,,Initial outreach call,Connected,true
ACT0002862,Call,2026-07-19 08:26:24,USR014,LEAD1127,,,,Pricing follow-up,Left Voicemail,true
ACT0002863,Email,2026-08-25 03:06:24,USR015,LEAD1128,,,,Proposal follow-up,Follow-Up Needed,true
ACT0002864,Email,2026-09-11 20:04:34,USR015,LEAD1128,,,,Meeting recap,Connected,true
ACT0002865,Email,2026-08-12 19:46:36,USR016,LEAD1129,,,,Next steps email,Connected,true
ACT0002866,Call,2026-08-13 11:55:57,USR016,LEAD1129,,,,Initial outreach call,Left Voicemail,true
ACT0002867,Call,2024-09-18 20:41:07,USR015,LEAD1130,,,,Qualification call,Follow-Up Needed,true
ACT0002868,Call,2025-01-23 09:35:26,USR015,LEAD1130,,,,Follow-up call,Connected,true
ACT0002869,Email,2025-01-25 01:34:56,USR015,LEAD1130,,,,Next steps email,No Response,true
ACT0002870,Email,2025-06-23 11:09:47,USR015,LEAD1130,,,,Next steps email,Follow-Up Needed,true
ACT0002871,Call,2025-07-23 06:09:10,USR015,LEAD1130,,,,Stakeholder check-in,No Response,true
ACT0002872,Call,2026-09-19 04:55:39,USR013,LEAD1131,,,,Initial outreach call,Follow-Up Needed,true
ACT0002873,Other,2026-09-05 15:52:20,USR013,LEAD1132,,,,Contract coordination,Follow-Up Needed,true
ACT0002874,Other,2026-09-12 15:52:40,USR013,LEAD1132,,,,Procurement follow-up,Other,true
ACT0002875,Call,2025-01-04 09:58:18,USR014,LEAD1133,,,,Follow-up call,Connected,true
ACT0002876,Call,2025-03-11 05:20:56,USR014,LEAD1134,,,,Stakeholder check-in,Left Voicemail,true
ACT0002877,Email,2025-07-02 05:45:27,USR014,LEAD1134,,,,Next steps email,Connected,true
ACT0002878,Email,2025-08-24 13:19:11,USR014,LEAD1134,,,,Follow-up email,Connected,true
ACT0002879,Email,2025-12-04 08:51:18,USR014,LEAD1134,,,,Introductory email,Follow-Up Needed,true
ACT0002880,Call,2025-05-30 05:46:14,USR014,LEAD1135,,,,Follow-up call,No Response,true
ACT0002881,Demo,2025-07-13 23:22:14,USR014,LEAD1135,,,,Product demo,Meeting Held,true
ACT0002882,Call,2024-06-08 13:01:15,USR013,LEAD1136,,,,Pricing follow-up,No Response,true
ACT0002883,Email,2024-04-28 20:33:43,USR013,LEAD1137,,,,Introductory email,Follow-Up Needed,true
ACT0002884,Other,2025-06-02 18:14:29,USR013,LEAD1137,,,,Internal customer follow-up,Follow-Up Needed,true
ACT0002885,Call,2026-07-18 14:37:34,USR013,LEAD1138,,,,Qualification call,No Response,true
ACT0002886,Call,2026-08-30 19:57:52,USR013,LEAD1138,,,,Pricing follow-up,No Response,true
ACT0002887,Call,2026-08-22 00:42:21,USR015,LEAD1140,,,,Stakeholder check-in,Connected,true
ACT0002888,Other,2026-09-02 10:58:48,USR015,LEAD1140,,,,Internal customer follow-up,Connected,true
ACT0002889,Call,2024-12-08 08:42:09,USR013,LEAD1141,,,,Initial outreach call,Follow-Up Needed,true
ACT0002890,Call,2025-06-11 03:17:00,USR013,LEAD1141,,,,Qualification call,Connected,true
ACT0002891,Demo,2025-10-24 13:34:26,USR013,LEAD1141,,,,Technical demo,Meeting Held,true
ACT0002892,Call,2026-06-14 10:54:32,USR014,LEAD1142,,,,Pricing follow-up,Follow-Up Needed,true
ACT0002893,Email,2026-06-19 01:17:32,USR014,LEAD1142,,,,Introductory email,Connected,true
ACT0002894,Call,2026-03-26 18:00:31,USR014,LEAD1143,,,,Initial outreach call,Connected,true
ACT0002895,Call,2026-04-05 18:47:22,USR013,LEAD1144,,,,Initial outreach call,Follow-Up Needed,true
ACT0002896,Email,2026-05-25 01:03:07,USR013,LEAD1144,,,,Proposal follow-up,Connected,true
ACT0002897,Email,2026-03-22 07:32:45,USR013,LEAD1146,,,,Follow-up email,No Response,true
ACT0002898,Other,2026-05-28 05:34:31,USR013,LEAD1146,,,,Contract coordination,Follow-Up Needed,true
ACT0002899,Call,2026-06-25 07:38:00,USR013,LEAD1146,,,,Qualification call,Connected,true
ACT0002900,Email,2026-08-07 20:20:51,USR014,LEAD1147,,,,Meeting recap,Follow-Up Needed,true
ACT0002901,Call,2024-02-11 23:47:40,USR015,LEAD1148,,,,Initial outreach call,Connected,true
ACT0002902,Email,2026-04-24 11:44:52,USR014,LEAD1149,,,,Next steps email,No Response,true
ACT0002903,Call,2026-06-11 10:39:27,USR014,LEAD1149,,,,Qualification call,No Response,true
ACT0002904,Meeting,2026-07-08 18:38:19,USR014,LEAD1149,,,,Commercial review,Follow-Up Needed,true
ACT0002905,Call,2025-05-30 16:37:39,USR014,LEAD1150,,,,Initial outreach call,Follow-Up Needed,true
ACT0002906,Email,2025-12-28 01:43:01,USR015,LEAD1151,,,,Introductory email,Connected,true
ACT0002907,Meeting,2026-01-20 08:44:11,USR015,LEAD1151,,,,Executive check-in,Follow-Up Needed,true
ACT0002908,Meeting,2026-02-08 14:44:53,USR015,LEAD1151,,,,Discovery meeting,Meeting Held,true
ACT0002909,Email,2026-03-25 12:19:14,USR014,LEAD1152,,,,Meeting recap,Follow-Up Needed,true
ACT0002910,Email,2026-07-20 19:03:00,USR014,LEAD1152,,,,Follow-up email,No Response,true
ACT0002911,Call,2025-04-27 21:16:57,USR015,LEAD1153,,,,Initial outreach call,Connected,true
ACT0002912,Email,2024-05-09 21:50:30,USR013,LEAD1154,,,,Next steps email,No Response,true
ACT0002913,Other,2026-03-30 04:20:09,USR013,LEAD1154,,,,Procurement follow-up,Follow-Up Needed,true
ACT0002914,Call,2026-03-02 15:11:29,USR013,LEAD1155,,,,Qualification call,No Response,true
ACT0002915,Call,2024-01-26 23:01:41,USR015,LEAD1156,,,,Stakeholder check-in,Left Voicemail,true
ACT0002916,Email,2025-04-06 12:22:46,USR014,LEAD1157,,,,Proposal follow-up,No Response,true
ACT0002917,Demo,2026-04-04 13:46:12,USR014,LEAD1157,,,,Technical demo,Rescheduled,true
ACT0002918,Email,2024-06-03 05:24:23,USR014,LEAD1158,,,,Meeting recap,Connected,true
ACT0002919,Email,2025-05-09 09:16:30,USR014,LEAD1158,,,,Next steps email,No Response,true
ACT0002920,Meeting,2025-05-26 23:14:14,USR014,LEAD1158,,,,Requirements review,Rescheduled,true
ACT0002921,Call,2026-06-19 04:19:22,USR015,LEAD1160,,,,Stakeholder check-in,Left Voicemail,true
ACT0002922,Call,2026-09-02 08:10:30,USR015,LEAD1160,,,,Follow-up call,No Response,true
ACT0002923,Email,2025-01-09 02:20:05,USR013,LEAD1161,,,,Meeting recap,Connected,true
ACT0002924,Email,2025-03-18 23:01:05,USR013,LEAD1161,,,,Introductory email,Follow-Up Needed,true
ACT0002925,Meeting,2025-06-11 19:49:21,USR013,LEAD1161,,,,Commercial review,Meeting Held,true
ACT0002926,Email,2026-09-18 19:32:39,USR015,LEAD1162,,,,Meeting recap,No Response,true
ACT0002927,Call,2024-01-14 13:22:13,USR015,LEAD1163,,,,Pricing follow-up,Connected,true
ACT0002928,Email,2024-08-06 04:45:51,USR015,LEAD1163,,,,Introductory email,Connected,true
ACT0002929,Call,2026-06-11 03:06:42,USR013,LEAD1164,,,,Pricing follow-up,No Response,true
ACT0002930,Call,2026-07-05 08:15:42,USR013,LEAD1164,,,,Stakeholder check-in,Follow-Up Needed,true
ACT0002931,Email,2026-07-08 20:43:05,USR013,LEAD1164,,,,Follow-up email,Follow-Up Needed,true
ACT0002932,Call,2026-08-08 20:03:05,USR013,LEAD1164,,,,Stakeholder check-in,Follow-Up Needed,true
ACT0002933,Call,2024-11-29 03:22:44,USR015,LEAD1165,,,,Pricing follow-up,Follow-Up Needed,true
ACT0002934,Email,2025-09-12 11:02:21,USR015,LEAD1165,,,,Introductory email,No Response,true
ACT0002935,Meeting,2026-06-21 23:33:28,USR015,LEAD1165,,,,Discovery meeting,Follow-Up Needed,true
ACT0002936,Email,2024-10-26 23:36:12,USR013,LEAD1166,,,,Introductory email,No Response,true
ACT0002937,Other,2025-01-14 21:16:08,USR013,LEAD1166,,,,Procurement follow-up,Connected,true
ACT0002938,Email,2025-05-24 05:00:21,USR013,LEAD1166,,,,Meeting recap,Follow-Up Needed,true
ACT0002939,Demo,2026-02-10 08:37:38,USR016,LEAD1167,,,,Workflow demonstration,Rescheduled,true
ACT0002940,Email,2025-11-10 01:34:14,USR015,LEAD1168,,,,Next steps email,Connected,true
ACT0002941,Email,2026-01-12 19:56:49,USR015,LEAD1168,,,,Next steps email,Connected,true
ACT0002942,Email,2026-03-14 00:48:33,USR013,LEAD1169,,,,Proposal follow-up,Connected,true
ACT0002943,Meeting,2026-04-26 10:54:29,USR013,LEAD1169,,,,Requirements review,Meeting Held,true
ACT0002944,Demo,2026-05-04 10:47:51,USR013,LEAD1169,,,,Product demo,Follow-Up Needed,true
ACT0002945,Email,2026-05-05 11:13:35,USR013,LEAD1169,,,,Introductory email,Connected,true
ACT0002946,Email,2025-12-26 10:54:18,USR013,LEAD1170,,,,Introductory email,Connected,true
ACT0002947,Meeting,2026-01-16 21:27:20,USR013,LEAD1170,,,,Stakeholder meeting,Follow-Up Needed,true
ACT0002948,Call,2026-05-22 13:47:27,USR013,LEAD1170,,,,Follow-up call,No Response,true
ACT0002949,Email,2026-08-05 05:34:52,USR013,LEAD1170,,,,Proposal follow-up,No Response,true
ACT0002950,Email,2025-12-10 18:02:04,USR013,LEAD1171,,,,Next steps email,Connected,true
ACT0002951,Email,2026-02-20 20:51:42,USR013,LEAD1171,,,,Proposal follow-up,Connected,true
ACT0002952,Other,2026-03-22 23:25:01,USR013,LEAD1171,,,,Contract coordination,Connected,true
ACT0002953,Email,2025-09-04 19:31:03,USR014,LEAD1172,,,,Proposal follow-up,No Response,true
ACT0002954,Demo,2025-10-11 19:29:40,USR014,LEAD1172,,,,Workflow demonstration,Follow-Up Needed,true
ACT0002955,Email,2025-01-15 14:48:59,USR013,LEAD1173,,,,Follow-up email,No Response,true
ACT0002956,Call,2026-03-16 13:38:52,USR013,LEAD1173,,,,Stakeholder check-in,Follow-Up Needed,true
ACT0002957,Call,2026-09-13 06:12:23,USR015,LEAD1174,,,,Initial outreach call,Follow-Up Needed,true
ACT0002958,Call,2026-09-13 07:29:09,USR015,LEAD1174,,,,Follow-up call,Connected,true
ACT0002959,Email,2026-09-15 10:43:04,USR015,LEAD1174,,,,Proposal follow-up,Follow-Up Needed,true
ACT0002960,Other,2026-08-02 22:18:32,USR014,LEAD1175,,,,Contract coordination,Follow-Up Needed,true
ACT0002961,Call,2026-08-03 12:34:50,USR014,LEAD1175,,,,Stakeholder check-in,Left Voicemail,true
ACT0002962,Meeting,2026-08-23 11:48:00,USR014,LEAD1175,,,,Commercial review,Rescheduled,true
ACT0002963,Call,2026-04-04 10:52:24,USR014,LEAD1177,,,,Follow-up call,Left Voicemail,true
ACT0002964,Call,2024-12-05 01:24:14,USR013,LEAD1178,,,,Qualification call,Follow-Up Needed,true
ACT0002965,Email,2025-02-14 11:42:30,USR013,LEAD1178,,,,Introductory email,No Response,true
ACT0002966,Other,2026-05-16 11:41:27,USR013,LEAD1178,,,,Internal customer follow-up,Connected,true
ACT0002967,Email,2026-08-26 05:46:37,USR013,LEAD1179,,,,Follow-up email,No Response,true
ACT0002968,Email,2026-09-04 18:28:44,USR013,LEAD1179,,,,Meeting recap,No Response,true
ACT0002969,Call,2026-08-08 17:46:26,USR013,LEAD1180,,,,Pricing follow-up,Connected,true
ACT0002970,Meeting,2026-08-23 03:30:49,USR013,LEAD1180,,,,Commercial review,Follow-Up Needed,true
ACT0002971,Email,2026-09-03 11:41:25,USR013,LEAD1180,,,,Introductory email,Connected,true
ACT0002972,Call,2026-09-11 05:51:03,USR013,LEAD1180,,,,Stakeholder check-in,Connected,true
ACT0002973,Call,2025-03-15 21:11:57,USR014,LEAD1181,,,,Initial outreach call,Follow-Up Needed,true
ACT0002974,Call,2024-06-11 02:11:38,USR016,LEAD1182,,,,Qualification call,Left Voicemail,true
ACT0002975,Email,2025-04-20 04:09:24,USR016,LEAD1182,,,,Follow-up email,Connected,true
ACT0002976,Call,2025-08-04 17:56:30,USR016,LEAD1182,,,,Initial outreach call,No Response,true
ACT0002977,Other,2026-03-07 18:01:09,USR016,LEAD1182,,,,Procurement follow-up,Follow-Up Needed,true
ACT0002978,Email,2024-07-19 04:45:12,USR013,LEAD1183,,,,Proposal follow-up,No Response,true
ACT0002979,Email,2025-09-26 05:38:27,USR013,LEAD1183,,,,Follow-up email,Connected,true
ACT0002980,Email,2026-09-02 11:28:21,USR013,LEAD1184,,,,Introductory email,Connected,true
ACT0002981,Email,2024-03-17 06:30:21,USR013,LEAD1185,,,,Proposal follow-up,Follow-Up Needed,true
ACT0002982,Email,2026-02-09 00:10:15,USR013,LEAD1186,,,,Meeting recap,Follow-Up Needed,true
ACT0002983,Email,2026-04-27 05:19:22,USR013,LEAD1186,,,,Introductory email,Follow-Up Needed,true
ACT0002984,Demo,2024-06-27 17:22:23,USR016,LEAD1187,,,,Solution review,Follow-Up Needed,true
ACT0002985,Call,2024-01-25 00:11:53,USR014,LEAD1188,,,,Initial outreach call,Left Voicemail,true
ACT0002986,Call,2025-04-23 21:27:24,USR014,LEAD1189,,,,Initial outreach call,Left Voicemail,true
ACT0002987,Other,2026-08-09 13:11:07,USR016,LEAD1190,,,,Contract coordination,Other,true
ACT0002988,Email,2024-07-09 03:54:38,USR013,LEAD1191,,,,Follow-up email,Connected,true
ACT0002989,Other,2025-02-08 13:39:29,USR013,LEAD1191,,,,Procurement follow-up,Connected,true
ACT0002990,Email,2025-12-10 16:01:24,USR013,LEAD1191,,,,Meeting recap,Follow-Up Needed,true
ACT0002991,Email,2024-07-18 18:36:36,USR014,LEAD1192,,,,Introductory email,Connected,true
ACT0002992,Call,2024-07-11 22:03:22,USR016,LEAD1193,,,,Qualification call,Connected,true
ACT0002993,Email,2024-12-11 01:02:45,USR016,LEAD1193,,,,Meeting recap,Connected,true
ACT0002994,Call,2026-02-05 02:26:18,USR016,LEAD1193,,,,Qualification call,Follow-Up Needed,true
ACT0002995,Call,2026-06-10 09:52:36,USR014,LEAD1194,,,,Qualification call,Left Voicemail,true
ACT0002996,Demo,2026-06-16 16:39:44,USR014,LEAD1194,,,,Solution review,Rescheduled,true
ACT0002997,Call,2024-04-14 20:29:00,USR013,LEAD1195,,,,Qualification call,Left Voicemail,true
ACT0002998,Call,2026-03-25 04:10:45,USR016,LEAD1196,,,,Qualification call,Left Voicemail,true
ACT0002999,Call,2026-05-22 06:04:59,USR016,LEAD1196,,,,Qualification call,Left Voicemail,true
ACT0003000,Call,2024-10-08 01:03:05,USR014,LEAD1197,,,,Initial outreach call,Connected,true
ACT0003001,Email,2026-09-06 18:18:09,USR013,LEAD1198,,,,Introductory email,Follow-Up Needed,true
ACT0003002,Call,2025-09-14 12:58:32,USR014,LEAD1199,,,,Stakeholder check-in,Follow-Up Needed,true
ACT0003003,Email,2025-11-24 18:38:58,USR013,LEAD1200,,,,Introductory email,Connected,true
ACT0003004,Call,2026-06-28 16:29:29,USR013,LEAD1201,,,,Follow-up call,Follow-Up Needed,true
ACT0003005,Email,2026-07-11 16:40:15,USR013,LEAD1201,,,,Meeting recap,Connected,true
ACT0003006,Call,2025-05-29 08:17:01,USR013,LEAD1202,,,,Follow-up call,Connected,true
ACT0003007,Call,2025-10-31 02:16:01,USR013,LEAD1202,,,,Stakeholder check-in,No Response,true
ACT0003008,Call,2026-07-07 14:03:56,USR013,LEAD1203,,,,Qualification call,Left Voicemail,true
ACT0003009,Demo,2026-08-14 04:03:51,USR013,LEAD1203,,,,Workflow demonstration,Rescheduled,true
ACT0003010,Call,2024-07-11 18:24:31,USR014,LEAD1204,,,,Pricing follow-up,Follow-Up Needed,true
ACT0003011,Call,2024-08-06 05:51:52,USR015,LEAD1205,,,,Qualification call,No Response,true
ACT0003012,Meeting,2024-11-03 19:20:25,USR015,LEAD1205,,,,Stakeholder meeting,Meeting Held,true
ACT0003013,Call,2025-12-09 07:17:08,USR014,LEAD1206,,,,Qualification call,Follow-Up Needed,true
ACT0003014,Email,2026-07-07 05:02:17,USR014,LEAD1206,,,,Follow-up email,No Response,true
ACT0003015,Call,2025-08-26 18:10:22,USR016,LEAD1207,,,,Initial outreach call,No Response,true
ACT0003016,Email,2025-05-06 08:35:01,USR016,LEAD1208,,,,Introductory email,Follow-Up Needed,true
ACT0003017,Email,2025-03-14 16:07:26,USR013,LEAD1209,,,,Introductory email,Follow-Up Needed,true
ACT0003018,Call,2025-09-18 01:36:03,USR013,LEAD1209,,,,Initial outreach call,Left Voicemail,true
ACT0003019,Call,2025-08-08 23:34:56,USR016,LEAD1210,,,,Initial outreach call,Connected,true
ACT0003020,Meeting,2025-10-19 11:27:53,USR016,LEAD1210,,,,Requirements review,Rescheduled,true
ACT0003021,Call,2025-12-05 22:12:06,USR016,LEAD1210,,,,Stakeholder check-in,Connected,true
ACT0003022,Email,2025-05-30 07:17:45,USR013,LEAD1211,,,,Follow-up email,Connected,true
ACT0003023,Call,2025-08-25 11:31:31,USR013,LEAD1211,,,,Stakeholder check-in,Follow-Up Needed,true
ACT0003024,Call,2026-06-02 11:18:02,USR013,LEAD1211,,,,Stakeholder check-in,No Response,true
ACT0003025,Call,2026-01-28 20:22:18,USR014,LEAD1212,,,,Pricing follow-up,Left Voicemail,true
ACT0003026,Other,2026-05-12 16:02:14,USR014,LEAD1212,,,,Contract coordination,Follow-Up Needed,true
ACT0003027,Email,2026-05-25 13:16:01,USR014,LEAD1212,,,,Meeting recap,No Response,true
ACT0003028,Call,2024-03-27 07:25:35,USR014,LEAD1213,,,,Qualification call,Left Voicemail,true
ACT0003029,Email,2025-09-15 17:28:23,USR014,LEAD1213,,,,Proposal follow-up,Connected,true
ACT0003030,Email,2024-06-02 19:02:00,USR016,LEAD1214,,,,Follow-up email,Follow-Up Needed,true
ACT0003031,Call,2024-10-27 13:50:48,USR016,LEAD1214,,,,Initial outreach call,Left Voicemail,true
ACT0003032,Call,2024-11-07 05:23:18,USR016,LEAD1214,,,,Initial outreach call,Connected,true
ACT0003033,Call,2025-12-13 16:58:23,USR016,LEAD1214,,,,Stakeholder check-in,Connected,true
ACT0003034,Call,2025-08-06 16:49:06,USR014,LEAD1215,,,,Follow-up call,Follow-Up Needed,true
ACT0003035,Call,2025-09-05 08:18:49,USR014,LEAD1215,,,,Qualification call,No Response,true
ACT0003036,Email,2025-10-06 21:48:00,USR014,LEAD1215,,,,Follow-up email,Connected,true
ACT0003037,Call,2026-03-09 03:36:49,USR014,LEAD1215,,,,Follow-up call,Connected,true
ACT0003038,Call,2026-03-11 15:21:40,USR014,LEAD1215,,,,Stakeholder check-in,Connected,true
ACT0003039,Call,2025-12-01 21:33:18,USR014,LEAD1216,,,,Stakeholder check-in,Follow-Up Needed,true
ACT0003040,Call,2026-01-02 05:53:56,USR016,LEAD1218,,,,Initial outreach call,Follow-Up Needed,true
ACT0003041,Demo,2026-07-06 08:01:50,USR016,LEAD1218,,,,Solution review,Follow-Up Needed,true
ACT0003042,Email,2024-01-03 20:45:02,USR013,LEAD1219,,,,Follow-up email,No Response,true
ACT0003043,Email,2025-12-25 07:28:45,USR013,LEAD1219,,,,Next steps email,Connected,true
ACT0003044,Call,2024-10-02 00:53:50,USR014,LEAD1220,,,,Pricing follow-up,Left Voicemail,true
ACT0003045,Meeting,2024-12-02 08:37:40,USR014,LEAD1220,,,,Discovery meeting,Meeting Held,true
ACT0003046,Email,2025-06-27 19:07:17,USR014,LEAD1220,,,,Introductory email,Connected,true
ACT0003047,Email,2026-09-15 00:41:57,USR015,LEAD1221,,,,Proposal follow-up,Follow-Up Needed,true
ACT0003048,Call,2026-09-15 13:47:12,USR015,LEAD1221,,,,Follow-up call,Connected,true
ACT0003049,Call,2026-09-16 03:23:35,USR015,LEAD1221,,,,Initial outreach call,Left Voicemail,true
ACT0003050,Call,2026-09-17 19:21:53,USR015,LEAD1221,,,,Qualification call,Follow-Up Needed,true
ACT0003051,Call,2026-09-18 09:39:12,USR015,LEAD1221,,,,Follow-up call,Connected,true
ACT0003052,Call,2026-09-08 17:43:00,USR013,LEAD1222,,,,Qualification call,Connected,true
ACT0003053,Meeting,2026-09-12 21:55:04,USR013,LEAD1222,,,,Requirements review,Follow-Up Needed,true
ACT0003054,Demo,2026-09-15 19:23:49,USR013,LEAD1222,,,,Technical demo,Rescheduled,true
ACT0003055,Call,2026-01-29 07:05:06,USR016,LEAD1223,,,,Qualification call,Left Voicemail,true
ACT0003056,Call,2024-06-11 23:31:35,USR013,LEAD1224,,,,Qualification call,No Response,true
ACT0003057,Email,2024-08-13 14:06:17,USR013,LEAD1224,,,,Next steps email,Connected,true
ACT0003058,Other,2025-12-19 04:42:47,USR013,LEAD1224,,,,Contract coordination,Connected,true
ACT0003059,Call,2024-01-24 01:10:53,USR013,LEAD1225,,,,Qualification call,Follow-Up Needed,true
ACT0003060,Meeting,2024-02-26 02:16:32,USR013,LEAD1225,,,,Commercial review,Follow-Up Needed,true
ACT0003061,Demo,2024-07-20 03:34:32,USR013,LEAD1225,,,,Solution review,Meeting Held,true
ACT0003062,Demo,2025-04-23 08:26:29,USR016,LEAD1227,,,,Workflow demonstration,Follow-Up Needed,true
ACT0003063,Call,2025-11-02 09:42:23,USR016,LEAD1227,,,,Pricing follow-up,Connected,true
ACT0003064,Email,2026-09-11 18:45:12,USR015,LEAD1228,,,,Proposal follow-up,No Response,true
ACT0003065,Call,2026-09-14 18:46:22,USR015,LEAD1228,,,,Pricing follow-up,Left Voicemail,true
ACT0003066,Email,2024-09-19 03:18:10,USR014,LEAD1229,,,,Follow-up email,Follow-Up Needed,true
ACT0003067,Email,2024-12-05 02:37:37,USR014,LEAD1229,,,,Meeting recap,Connected,true
ACT0003068,Call,2025-01-05 06:20:49,USR014,LEAD1229,,,,Pricing follow-up,Left Voicemail,true
ACT0003069,Email,2025-07-11 20:44:28,USR014,LEAD1229,,,,Introductory email,Follow-Up Needed,true
ACT0003070,Call,2024-12-28 11:01:53,USR016,LEAD1230,,,,Follow-up call,Connected,true
ACT0003071,Call,2024-02-28 12:33:14,USR016,LEAD1231,,,,Follow-up call,Left Voicemail,true
ACT0003072,Email,2024-05-02 15:37:25,USR016,LEAD1231,,,,Meeting recap,No Response,true
ACT0003073,Email,2024-07-28 21:56:03,USR016,LEAD1231,,,,Proposal follow-up,Connected,true
ACT0003074,Other,2024-11-02 17:53:54,USR016,LEAD1231,,,,Contract coordination,Follow-Up Needed,true
ACT0003075,Call,2026-06-11 08:33:27,USR016,LEAD1231,,,,Follow-up call,Connected,true
ACT0003076,Call,2025-05-22 01:25:53,USR014,LEAD1232,,,,Stakeholder check-in,Left Voicemail,true
ACT0003077,Call,2026-07-21 10:54:55,USR014,LEAD1232,,,,Stakeholder check-in,Follow-Up Needed,true
ACT0003078,Call,2025-08-30 02:35:59,USR013,LEAD1233,,,,Initial outreach call,No Response,true
ACT0003079,Email,2025-12-25 17:37:29,USR013,LEAD1233,,,,Next steps email,Follow-Up Needed,true
ACT0003080,Call,2026-01-29 05:54:04,USR013,LEAD1233,,,,Follow-up call,No Response,true
ACT0003081,Call,2024-04-13 13:41:49,USR015,LEAD1234,,,,Pricing follow-up,No Response,true
ACT0003082,Email,2024-12-24 10:23:56,USR015,LEAD1234,,,,Proposal follow-up,Follow-Up Needed,true
ACT0003083,Email,2025-06-18 06:53:10,USR015,LEAD1234,,,,Meeting recap,Follow-Up Needed,true
ACT0003084,Email,2024-07-19 00:56:51,USR013,LEAD1235,,,,Proposal follow-up,No Response,true
ACT0003085,Call,2025-02-04 23:07:12,USR016,LEAD1236,,,,Pricing follow-up,Connected,true
ACT0003086,Call,2026-05-03 08:13:23,USR013,LEAD1237,,,,Pricing follow-up,Follow-Up Needed,true
ACT0003087,Email,2026-08-04 05:52:49,USR013,LEAD1237,,,,Proposal follow-up,Follow-Up Needed,true
ACT0003088,Call,2025-06-23 14:14:40,USR013,LEAD1238,,,,Initial outreach call,Connected,true
ACT0003089,Call,2025-10-27 13:40:40,USR013,LEAD1238,,,,Follow-up call,Connected,true
ACT0003090,Email,2025-12-15 04:53:22,USR013,LEAD1238,,,,Introductory email,Connected,true
ACT0003091,Other,2026-01-19 04:24:20,USR013,LEAD1238,,,,Contract coordination,Follow-Up Needed,true
ACT0003092,Email,2025-11-21 15:07:14,USR013,LEAD1239,,,,Meeting recap,Follow-Up Needed,true
ACT0003093,Email,2026-01-27 03:40:52,USR013,LEAD1239,,,,Proposal follow-up,Connected,true
ACT0003094,Email,2026-02-01 09:36:50,USR013,LEAD1239,,,,Meeting recap,Follow-Up Needed,true
ACT0003095,Call,2025-03-17 15:51:01,USR014,LEAD1240,,,,Initial outreach call,Follow-Up Needed,true
ACT0003096,Call,2024-12-03 07:33:42,USR015,LEAD1241,,,,Follow-up call,Follow-Up Needed,true
ACT0003097,Call,2025-10-14 05:58:23,USR015,LEAD1241,,,,Initial outreach call,Follow-Up Needed,true
ACT0003098,Email,2025-08-12 09:02:35,USR016,LEAD1242,,,,Meeting recap,No Response,true
ACT0003099,Email,2026-06-16 01:22:25,USR016,LEAD1242,,,,Next steps email,Connected,true
ACT0003100,Email,2024-06-11 13:59:55,USR014,LEAD1243,,,,Proposal follow-up,No Response,true
ACT0003101,Email,2024-09-12 15:37:32,USR014,LEAD1243,,,,Meeting recap,No Response,true
ACT0003102,Call,2025-12-23 10:41:08,USR016,LEAD1244,,,,Initial outreach call,No Response,true
ACT0003103,Email,2026-05-14 22:19:01,USR016,LEAD1244,,,,Next steps email,No Response,true
ACT0003104,Email,2026-06-17 09:55:04,USR016,LEAD1244,,,,Proposal follow-up,Connected,true
ACT0003105,Call,2026-07-30 12:31:24,USR016,LEAD1244,,,,Qualification call,Follow-Up Needed,true
ACT0003106,Email,2024-11-23 19:42:19,USR015,LEAD1245,,,,Introductory email,Follow-Up Needed,true
ACT0003107,Email,2025-08-26 23:30:21,USR015,LEAD1245,,,,Meeting recap,No Response,true
ACT0003108,Email,2025-09-02 17:05:58,USR013,LEAD1246,,,,Introductory email,Follow-Up Needed,true
ACT0003109,Email,2026-02-02 23:27:16,USR013,LEAD1246,,,,Follow-up email,Follow-Up Needed,true
ACT0003110,Email,2026-03-02 15:24:20,USR013,LEAD1246,,,,Introductory email,Follow-Up Needed,true
ACT0003111,Call,2024-07-23 10:39:45,USR015,LEAD1248,,,,Initial outreach call,Left Voicemail,true
ACT0003112,Email,2024-04-16 22:52:15,USR016,LEAD1249,,,,Meeting recap,Connected,true
ACT0003113,Email,2024-03-03 21:04:13,USR014,LEAD1250,,,,Meeting recap,No Response,true
ACT0003114,Email,2024-05-01 09:41:28,USR014,LEAD1250,,,,Follow-up email,No Response,true
ACT0003115,Call,2024-05-20 05:34:59,USR014,LEAD1250,,,,Qualification call,Follow-Up Needed,true
ACT0003116,Call,2025-01-28 21:16:58,USR014,LEAD1250,,,,Pricing follow-up,Follow-Up Needed,true
ACT0003117,Email,2025-02-17 09:27:11,USR014,LEAD1251,,,,Follow-up email,No Response,true
ACT0003118,Email,2025-05-01 02:18:16,USR013,LEAD1252,,,,Introductory email,Connected,true
ACT0003119,Call,2025-12-24 02:48:33,USR013,LEAD1252,,,,Stakeholder check-in,No Response,true
ACT0003120,Email,2026-03-02 03:23:25,USR013,LEAD1252,,,,Introductory email,Follow-Up Needed,true
ACT0003121,Call,2026-04-22 22:38:55,USR013,LEAD1252,,,,Initial outreach call,Connected,true
ACT0003122,Email,2025-04-01 18:02:31,USR016,LEAD1253,,,,Introductory email,Follow-Up Needed,true
ACT0003123,Email,2025-05-16 19:16:11,USR016,LEAD1253,,,,Proposal follow-up,Follow-Up Needed,true
ACT0003124,Call,2024-06-06 01:19:08,USR013,LEAD1254,,,,Pricing follow-up,Left Voicemail,true
ACT0003125,Email,2024-08-26 04:13:14,USR013,LEAD1254,,,,Next steps email,Connected,true
ACT0003126,Meeting,2026-01-23 08:41:25,USR013,LEAD1254,,,,Executive check-in,Rescheduled,true
ACT0003127,Other,2026-04-23 20:02:26,USR015,LEAD1255,,,,Contract coordination,Connected,true
ACT0003128,Email,2026-04-23 20:27:18,USR015,LEAD1255,,,,Introductory email,Follow-Up Needed,true
ACT0003129,Call,2026-07-08 16:13:52,USR015,LEAD1255,,,,Follow-up call,No Response,true
ACT0003130,Call,2024-11-05 19:05:49,USR015,LEAD1256,,,,Initial outreach call,No Response,true
ACT0003131,Email,2024-02-07 19:45:38,USR016,LEAD1257,,,,Meeting recap,Follow-Up Needed,true
ACT0003132,Meeting,2024-08-18 20:33:18,USR016,LEAD1257,,,,Executive check-in,Rescheduled,true
ACT0003133,Email,2024-04-21 17:40:22,USR015,LEAD1258,,,,Meeting recap,No Response,true
ACT0003134,Demo,2025-09-10 04:13:32,USR015,LEAD1258,,,,Workflow demonstration,Follow-Up Needed,true
ACT0003135,Call,2026-02-16 02:11:15,USR015,LEAD1258,,,,Follow-up call,Follow-Up Needed,true
ACT0003136,Call,2026-07-11 13:33:31,USR016,LEAD1259,,,,Initial outreach call,No Response,true
ACT0003137,Call,2026-07-22 12:38:23,USR016,LEAD1259,,,,Qualification call,Connected,true
ACT0003138,Call,2026-08-07 23:43:52,USR016,LEAD1259,,,,Follow-up call,No Response,true
ACT0003139,Call,2026-08-25 17:20:43,USR016,LEAD1259,,,,Follow-up call,Follow-Up Needed,true
ACT0003140,Email,2026-09-01 15:18:01,USR016,LEAD1259,,,,Meeting recap,Follow-Up Needed,true
ACT0003141,Call,2026-07-06 14:18:24,USR014,LEAD1260,,,,Pricing follow-up,Connected,true
ACT0003142,Demo,2026-07-09 08:21:57,USR014,LEAD1260,,,,Solution review,Meeting Held,true
ACT0003143,Call,2026-07-30 07:02:46,USR014,LEAD1260,,,,Qualification call,Connected,true
ACT0003144,Call,2025-08-07 06:24:56,USR013,LEAD1261,,,,Qualification call,Follow-Up Needed,true
ACT0003145,Email,2025-10-04 12:16:21,USR013,LEAD1261,,,,Meeting recap,No Response,true
ACT0003146,Email,2025-10-13 11:38:21,USR013,LEAD1261,,,,Next steps email,Connected,true
ACT0003147,Call,2024-01-20 05:27:32,USR014,LEAD1263,,,,Stakeholder check-in,Follow-Up Needed,true
ACT0003148,Demo,2024-02-16 20:16:11,USR014,LEAD1263,,,,Product demo,Follow-Up Needed,true
ACT0003149,Meeting,2025-02-13 20:50:14,USR014,LEAD1263,,,,Requirements review,Follow-Up Needed,true
ACT0003150,Email,2025-03-11 09:31:58,USR014,LEAD1263,,,,Introductory email,Connected,true
ACT0003151,Email,2025-12-27 08:39:37,USR014,LEAD1263,,,,Proposal follow-up,Connected,true
ACT0003152,Call,2026-09-08 18:38:05,USR015,LEAD1264,,,,Pricing follow-up,Left Voicemail,true
ACT0003153,Email,2026-09-15 02:15:10,USR015,LEAD1264,,,,Introductory email,Connected,true
ACT0003154,Email,2024-10-22 17:15:43,USR015,LEAD1265,,,,Proposal follow-up,Follow-Up Needed,true
ACT0003155,Call,2026-01-20 05:19:06,USR016,LEAD1266,,,,Pricing follow-up,Left Voicemail,true
ACT0003156,Meeting,2026-04-07 09:27:58,USR016,LEAD1266,,,,Commercial review,Rescheduled,true
ACT0003157,Email,2026-04-14 13:10:30,USR016,LEAD1266,,,,Proposal follow-up,Connected,true
ACT0003158,Call,2026-04-03 10:28:52,USR013,LEAD1267,,,,Initial outreach call,Follow-Up Needed,true
ACT0003159,Call,2024-10-01 02:01:41,USR013,LEAD1268,,,,Initial outreach call,Connected,true
ACT0003160,Email,2025-02-14 10:51:41,USR013,LEAD1268,,,,Next steps email,Connected,true
ACT0003161,Call,2025-07-09 21:16:07,USR013,LEAD1268,,,,Pricing follow-up,No Response,true
ACT0003162,Email,2026-04-15 04:01:48,USR014,LEAD1269,,,,Proposal follow-up,Follow-Up Needed,true
ACT0003163,Email,2026-07-01 06:20:42,USR014,LEAD1269,,,,Proposal follow-up,No Response,true
ACT0003164,Email,2026-08-10 03:22:17,USR014,LEAD1270,,,,Follow-up email,Follow-Up Needed,true
ACT0003165,Call,2026-08-26 01:24:46,USR014,LEAD1270,,,,Pricing follow-up,Connected,true
ACT0003166,Call,2024-09-02 01:16:42,USR016,LEAD1271,,,,Pricing follow-up,Left Voicemail,true
ACT0003167,Meeting,2026-03-08 10:17:11,USR016,LEAD1271,,,,Discovery meeting,Rescheduled,true
ACT0003168,Call,2026-02-09 13:15:25,USR013,LEAD1272,,,,Initial outreach call,Left Voicemail,true
ACT0003169,Call,2026-03-30 20:44:05,USR013,LEAD1272,,,,Pricing follow-up,No Response,true
ACT0003170,Email,2026-04-28 16:51:28,USR013,LEAD1272,,,,Proposal follow-up,Connected,true
ACT0003171,Email,2025-01-31 22:06:05,USR014,LEAD1273,,,,Next steps email,Connected,true
ACT0003172,Call,2025-06-01 05:22:12,USR014,LEAD1273,,,,Pricing follow-up,Connected,true
ACT0003173,Meeting,2025-10-16 14:41:29,USR014,LEAD1273,,,,Executive check-in,Follow-Up Needed,true
ACT0003174,Meeting,2025-11-19 12:41:26,USR014,LEAD1273,,,,Stakeholder meeting,Meeting Held,true
ACT0003175,Call,2024-04-07 06:13:14,USR016,LEAD1274,,,,Qualification call,Connected,true
ACT0003176,Email,2024-09-16 03:44:39,USR016,LEAD1274,,,,Proposal follow-up,No Response,true
ACT0003177,Email,2024-11-06 15:13:43,USR016,LEAD1274,,,,Introductory email,Connected,true
ACT0003178,Email,2026-02-09 02:11:34,USR013,LEAD1275,,,,Meeting recap,No Response,true
ACT0003179,Email,2026-03-13 12:08:30,USR013,LEAD1275,,,,Introductory email,Connected,true
ACT0003180,Email,2026-07-03 09:16:29,USR013,LEAD1275,,,,Introductory email,No Response,true
ACT0003181,Email,2026-07-04 02:47:27,USR013,LEAD1275,,,,Meeting recap,No Response,true
ACT0003182,Email,2025-07-05 07:54:57,USR016,LEAD1276,,,,Proposal follow-up,No Response,true
ACT0003183,Email,2025-12-14 23:39:46,USR016,LEAD1276,,,,Follow-up email,Follow-Up Needed,true
ACT0003184,Email,2026-01-10 00:59:10,USR016,LEAD1276,,,,Proposal follow-up,No Response,true
ACT0003185,Meeting,2025-12-25 02:11:58,USR016,LEAD1277,,,,Stakeholder meeting,Follow-Up Needed,true
ACT0003186,Call,2026-01-04 13:22:05,USR016,LEAD1277,,,,Stakeholder check-in,Connected,true
ACT0003187,Email,2026-06-21 11:09:42,USR014,LEAD1278,,,,Introductory email,Connected,true
ACT0003188,Other,2026-08-06 12:35:19,USR014,LEAD1278,,,,Internal customer follow-up,Connected,true
ACT0003189,Email,2024-08-04 07:56:28,USR016,LEAD1279,,,,Follow-up email,Follow-Up Needed,true
ACT0003190,Email,2024-06-24 01:21:51,USR015,LEAD1280,,,,Next steps email,Connected,true
ACT0003191,Call,2025-03-22 04:53:17,USR015,LEAD1280,,,,Stakeholder check-in,Left Voicemail,true
ACT0003192,Call,2025-11-04 12:10:38,USR015,LEAD1280,,,,Pricing follow-up,Follow-Up Needed,true
ACT0003193,Call,2025-01-26 07:17:57,USR016,LEAD1281,,,,Pricing follow-up,Left Voicemail,true
ACT0003194,Email,2025-06-27 22:50:21,USR016,LEAD1281,,,,Next steps email,Connected,true
ACT0003195,Email,2025-07-29 11:24:38,USR013,LEAD1282,,,,Proposal follow-up,No Response,true
ACT0003196,Call,2024-03-11 05:32:50,USR014,LEAD1283,,,,Stakeholder check-in,No Response,true
ACT0003197,Call,2026-02-21 01:53:44,USR013,LEAD1284,,,,Stakeholder check-in,No Response,true
ACT0003198,Email,2026-06-19 05:19:33,USR013,LEAD1284,,,,Proposal follow-up,Follow-Up Needed,true
ACT0003199,Email,2024-03-09 23:45:57,USR014,LEAD1285,,,,Introductory email,Follow-Up Needed,true
ACT0003200,Call,2025-06-05 20:59:20,USR014,LEAD1285,,,,Initial outreach call,Left Voicemail,true
ACT0003201,Email,2025-09-08 05:05:22,USR014,LEAD1285,,,,Introductory email,Follow-Up Needed,true
ACT0003202,Email,2024-06-07 04:37:07,USR015,LEAD1286,,,,Introductory email,Follow-Up Needed,true
ACT0003203,Call,2024-09-20 04:21:53,USR015,LEAD1286,,,,Pricing follow-up,No Response,true
ACT0003204,Email,2025-02-23 16:08:44,USR015,LEAD1286,,,,Next steps email,Follow-Up Needed,true
ACT0003205,Call,2025-03-23 10:22:54,USR015,LEAD1286,,,,Initial outreach call,Left Voicemail,true
ACT0003206,Email,2024-11-29 21:59:07,USR015,LEAD1288,,,,Meeting recap,Follow-Up Needed,true
ACT0003207,Call,2025-05-08 07:49:16,USR015,LEAD1288,,,,Pricing follow-up,Connected,true
ACT0003208,Email,2025-08-21 18:47:19,USR015,LEAD1288,,,,Meeting recap,Connected,true
ACT0003209,Meeting,2025-10-02 13:22:11,USR015,LEAD1288,,,,Executive check-in,Meeting Held,true
ACT0003210,Email,2026-02-02 03:13:44,USR015,LEAD1288,,,,Next steps email,Follow-Up Needed,true
ACT0003211,Email,2024-12-01 05:21:01,USR014,LEAD1290,,,,Next steps email,Follow-Up Needed,true
ACT0003212,Email,2024-02-26 23:04:14,USR016,LEAD1291,,,,Follow-up email,No Response,true
ACT0003213,Call,2024-06-01 07:32:29,USR013,LEAD1293,,,,Follow-up call,Follow-Up Needed,true
ACT0003214,Email,2024-07-11 12:35:53,USR013,LEAD1293,,,,Follow-up email,No Response,true
ACT0003215,Other,2024-09-23 13:36:30,USR013,LEAD1293,,,,Procurement follow-up,Connected,true
ACT0003216,Email,2025-07-25 23:55:45,USR013,LEAD1293,,,,Follow-up email,Follow-Up Needed,true
ACT0003217,Email,2024-08-05 15:53:17,USR013,LEAD1294,,,,Meeting recap,Connected,true
ACT0003218,Call,2026-02-04 19:07:51,USR015,LEAD1295,,,,Follow-up call,Connected,true
ACT0003219,Call,2026-02-20 08:52:30,USR015,LEAD1295,,,,Qualification call,Connected,true
ACT0003220,Call,2024-11-10 07:58:01,USR014,LEAD1296,,,,Follow-up call,Connected,true
ACT0003221,Call,2024-11-23 09:06:28,USR014,LEAD1296,,,,Qualification call,Follow-Up Needed,true
ACT0003222,Call,2025-08-21 02:58:38,USR014,LEAD1296,,,,Follow-up call,Connected,true
ACT0003223,Call,2025-09-22 09:47:46,USR015,LEAD1297,,,,Pricing follow-up,Follow-Up Needed,true
ACT0003224,Email,2026-03-22 08:36:49,USR015,LEAD1297,,,,Introductory email,Connected,true
ACT0003225,Call,2026-06-20 05:58:51,USR015,LEAD1298,,,,Initial outreach call,Left Voicemail,true
ACT0003226,Call,2026-07-22 03:53:08,USR015,LEAD1298,,,,Initial outreach call,Left Voicemail,true
ACT0003227,Email,2026-07-30 20:31:47,USR015,LEAD1298,,,,Proposal follow-up,Follow-Up Needed,true
ACT0003228,Call,2026-09-10 22:25:29,USR015,LEAD1299,,,,Initial outreach call,Follow-Up Needed,true
ACT0003229,Email,2026-09-19 18:46:24,USR015,LEAD1299,,,,Next steps email,No Response,true
ACT0003230,Email,2026-09-20 11:59:48,USR015,LEAD1299,,,,Proposal follow-up,Follow-Up Needed,true
ACT0003231,Call,2024-05-13 12:27:21,USR013,LEAD1300,,,,Stakeholder check-in,No Response,true
ACT0003232,Email,2024-06-08 19:23:28,USR013,LEAD1300,,,,Proposal follow-up,Connected,true
ACT0003233,Demo,2024-09-05 02:24:33,USR013,LEAD1300,,,,Product demo,Rescheduled,true
ACT0003234,Call,2025-07-26 21:29:55,USR013,LEAD1300,,,,Pricing follow-up,Left Voicemail,true
ACT0003235,Demo,2025-11-09 08:57:45,USR013,LEAD1300,,,,Solution review,Follow-Up Needed,true
ACT0003236,Email,2024-07-22 18:33:15,USR006,,CON0329,ACC0162,OPP0001,Meeting recap,Follow-Up Needed,true
ACT0003237,Email,2024-07-24 20:23:51,USR006,,CON0329,ACC0162,OPP0001,Introductory email,Connected,true
ACT0003238,Email,2024-08-05 10:22:35,USR006,,CON0329,ACC0162,OPP0001,Meeting recap,Follow-Up Needed,true
ACT0003239,Meeting,2024-08-10 10:07:09,USR006,,CON0329,ACC0162,OPP0001,Executive check-in,Rescheduled,true
ACT0003240,Demo,2024-08-14 12:47:45,USR006,,CON0329,ACC0162,OPP0001,Product demo,Rescheduled,true
ACT0003241,Demo,2024-08-19 20:14:00,USR006,,CON0329,ACC0162,OPP0001,Technical demo,Rescheduled,true
ACT0003242,Other,2024-08-24 00:00:00,USR006,,CON0329,ACC0162,OPP0001,Contract coordination,Other,true
ACT0003243,Demo,2024-05-01 09:44:00,USR012,,CON0291,ACC0142,OPP0002,Product demo,Rescheduled,true
ACT0003244,Email,2024-07-23 17:37:26,USR012,,CON0291,ACC0142,OPP0002,Next steps email,Connected,true
ACT0003245,Meeting,2025-03-17 10:30:29,USR012,,CON0291,ACC0142,OPP0002,Commercial review,Rescheduled,true
ACT0003246,Meeting,2025-03-27 08:47:11,USR012,,CON0291,ACC0142,OPP0002,Stakeholder meeting,Rescheduled,true
ACT0003247,Demo,2025-08-04 03:51:53,USR012,,CON0291,ACC0142,OPP0002,Solution review,Rescheduled,true
ACT0003248,Meeting,2025-12-28 16:44:31,USR012,,CON0291,ACC0142,OPP0002,Executive check-in,Rescheduled,true
ACT0003249,Meeting,2026-01-20 17:31:17,USR012,,CON0291,ACC0142,OPP0002,Stakeholder meeting,Rescheduled,true
ACT0003250,Other,2026-09-02 00:00:00,USR012,,CON0291,ACC0142,OPP0002,Contract coordination,Follow-Up Needed,true
ACT0003251,Meeting,2024-04-03 11:02:40,USR011,,CON0118,ACC0060,OPP0003,Stakeholder meeting,Meeting Held,true
ACT0003252,Meeting,2024-04-04 04:26:20,USR011,,CON0118,ACC0060,OPP0003,Stakeholder meeting,Meeting Held,true
ACT0003253,Call,2024-04-07 20:43:18,USR011,,CON0118,ACC0060,OPP0003,Qualification call,Left Voicemail,true
ACT0003254,Email,2024-04-10 07:02:23,USR011,,CON0118,ACC0060,OPP0003,Meeting recap,No Response,true
ACT0003255,Call,2024-04-19 22:07:53,USR011,,CON0118,ACC0060,OPP0003,Stakeholder check-in,Left Voicemail,true
ACT0003256,Call,2024-04-26 12:16:46,USR011,,CON0118,ACC0060,OPP0003,Stakeholder check-in,No Response,true
ACT0003257,Email,2024-05-08 00:00:00,USR011,,CON0118,ACC0060,OPP0003,Introductory email,Follow-Up Needed,true
ACT0003258,Meeting,2025-10-31 08:25:00,USR006,,CON0062,ACC0029,OPP0004,Requirements review,Meeting Held,true
ACT0003259,Call,2025-11-01 16:30:18,USR006,,CON0062,ACC0029,OPP0004,Follow-up call,Follow-Up Needed,true
ACT0003260,Meeting,2025-11-28 00:54:52,USR006,,CON0062,ACC0029,OPP0004,Executive check-in,Meeting Held,true
ACT0003261,Demo,2025-11-28 15:11:30,USR006,,CON0062,ACC0029,OPP0004,Technical demo,Follow-Up Needed,true
ACT0003262,Meeting,2025-12-02 11:42:55,USR006,,CON0062,ACC0029,OPP0004,Executive check-in,Meeting Held,true
ACT0003263,Email,2025-12-04 09:18:21,USR006,,CON0062,ACC0029,OPP0004,Proposal follow-up,Follow-Up Needed,true
ACT0003264,Email,2026-01-24 08:54:11,USR006,,CON0062,ACC0029,OPP0004,Next steps email,No Response,true
ACT0003265,Email,2026-09-11 11:19:48,USR012,,CON0034,ACC0013,OPP0005,Follow-up email,No Response,true
ACT0003266,Demo,2026-09-11 16:18:36,USR012,,CON0034,ACC0013,OPP0005,Product demo,Meeting Held,true
ACT0003267,Demo,2026-09-11 20:09:18,USR012,,CON0034,ACC0013,OPP0005,Solution review,Follow-Up Needed,true
ACT0003268,Call,2026-09-12 21:21:49,USR012,,CON0034,ACC0013,OPP0005,Initial outreach call,Left Voicemail,true
ACT0003269,Call,2026-09-12 22:20:50,USR012,,CON0034,ACC0013,OPP0005,Stakeholder check-in,Left Voicemail,true
ACT0003270,Demo,2026-09-13 19:19:43,USR012,,CON0034,ACC0013,OPP0005,Workflow demonstration,Follow-Up Needed,true
ACT0003271,Other,2026-09-14 00:00:00,USR012,,CON0034,ACC0013,OPP0005,Contract coordination,Connected,true
ACT0003272,Call,2026-08-28 23:35:35,USR010,,CON0248,ACC0122,OPP0006,Pricing follow-up,No Response,true
ACT0003273,Meeting,2026-08-29 09:29:01,USR010,,CON0248,ACC0122,OPP0006,Discovery meeting,Rescheduled,true
ACT0003274,Call,2026-08-29 14:26:40,USR010,,CON0248,ACC0122,OPP0006,Stakeholder check-in,No Response,true
ACT0003275,Other,2026-08-30 14:46:29,USR010,,CON0248,ACC0122,OPP0006,Internal customer follow-up,Connected,true
ACT0003276,Email,2026-08-31 02:24:57,USR010,,CON0248,ACC0122,OPP0006,Meeting recap,Connected,true
ACT0003277,Demo,2026-08-31 08:03:21,USR010,,CON0248,ACC0122,OPP0006,Technical demo,Rescheduled,true
ACT0003278,Email,2026-09-02 00:00:00,USR010,,CON0248,ACC0122,OPP0006,Introductory email,Follow-Up Needed,true
ACT0003279,Email,2026-04-01 03:01:50,USR007,,CON0336,ACC0166,OPP0007,Proposal follow-up,Connected,true
ACT0003280,Other,2026-05-01 10:19:51,USR007,,CON0336,ACC0166,OPP0007,Contract coordination,Follow-Up Needed,true
ACT0003281,Meeting,2026-05-14 19:05:04,USR007,,CON0336,ACC0166,OPP0007,Requirements review,Follow-Up Needed,true
ACT0003282,Meeting,2026-06-14 06:29:50,USR007,,CON0336,ACC0166,OPP0007,Discovery meeting,Meeting Held,true
ACT0003283,Call,2026-07-20 12:07:30,USR007,,CON0336,ACC0166,OPP0007,Follow-up call,Left Voicemail,true
ACT0003284,Demo,2026-08-25 19:35:30,USR007,,CON0336,ACC0166,OPP0007,Product demo,Follow-Up Needed,true
ACT0003285,Email,2026-09-20 00:00:00,USR007,,CON0336,ACC0166,OPP0007,Meeting recap,Follow-Up Needed,true
ACT0003286,Email,2025-08-07 01:23:26,USR012,,CON0591,ACC0296,OPP0008,Meeting recap,Connected,true
ACT0003287,Email,2025-08-13 09:20:01,USR012,,CON0591,ACC0296,OPP0008,Follow-up email,Follow-Up Needed,true
ACT0003288,Call,2025-08-20 01:39:22,USR012,,CON0591,ACC0296,OPP0008,Stakeholder check-in,No Response,true
ACT0003289,Meeting,2025-08-20 09:22:29,USR012,,CON0591,ACC0296,OPP0008,Executive check-in,Follow-Up Needed,true
ACT0003290,Email,2025-08-23 21:10:37,USR012,,CON0591,ACC0296,OPP0008,Proposal follow-up,No Response,true
ACT0003291,Meeting,2025-08-29 06:56:29,USR012,,CON0591,ACC0296,OPP0008,Executive check-in,Rescheduled,true
ACT0003292,Email,2025-10-02 13:38:46,USR012,,CON0591,ACC0296,OPP0008,Proposal follow-up,No Response,true
ACT0003293,Call,2026-08-09 07:09:05,USR009,,CON0103,ACC0052,OPP0009,Follow-up call,No Response,true
ACT0003294,Other,2026-08-25 09:11:48,USR009,,CON0103,ACC0052,OPP0009,Procurement follow-up,Connected,true
ACT0003295,Email,2026-09-04 00:00:00,USR009,,CON0103,ACC0052,OPP0009,Meeting recap,Connected,true
ACT0003296,Email,2026-08-11 09:23:52,USR006,,CON0294,ACC0144,OPP0010,Follow-up email,Connected,true
ACT0003297,Demo,2026-08-19 21:23:58,USR006,,CON0294,ACC0144,OPP0010,Workflow demonstration,Follow-Up Needed,true
ACT0003298,Meeting,2026-08-25 05:19:16,USR006,,CON0294,ACC0144,OPP0010,Discovery meeting,Rescheduled,true
ACT0003299,Meeting,2026-09-02 00:00:00,USR006,,CON0294,ACC0144,OPP0010,Stakeholder meeting,Meeting Held,true
ACT0003300,Email,2026-08-15 16:29:47,USR009,,CON0204,ACC0100,OPP0011,Introductory email,Connected,true
ACT0003301,Call,2026-08-22 17:01:09,USR009,,CON0204,ACC0100,OPP0011,Pricing follow-up,Left Voicemail,true
ACT0003302,Meeting,2026-08-24 15:56:46,USR009,,CON0204,ACC0100,OPP0011,Stakeholder meeting,Rescheduled,true
ACT0003303,Other,2026-08-26 01:37:00,USR009,,CON0204,ACC0100,OPP0011,Contract coordination,Other,true
ACT0003304,Email,2026-08-26 14:32:55,USR009,,CON0204,ACC0100,OPP0011,Introductory email,Connected,true
ACT0003305,Email,2026-08-27 02:41:21,USR009,,CON0204,ACC0100,OPP0011,Meeting recap,No Response,true
ACT0003306,Demo,2026-09-14 05:06:16,USR009,,CON0204,ACC0100,OPP0011,Technical demo,Follow-Up Needed,true
ACT0003307,Meeting,2026-09-21 00:00:00,USR009,,CON0204,ACC0100,OPP0011,Executive check-in,Rescheduled,true
ACT0003308,Other,2023-05-08 15:46:30,USR008,,CON0395,ACC0201,OPP0012,Internal customer follow-up,Other,true
ACT0003309,Demo,2023-05-09 03:08:46,USR008,,CON0395,ACC0201,OPP0012,Product demo,Follow-Up Needed,true
ACT0003310,Demo,2023-05-22 05:42:37,USR008,,CON0395,ACC0201,OPP0012,Technical demo,Meeting Held,true
ACT0003311,Meeting,2023-05-22 19:30:40,USR008,,CON0395,ACC0201,OPP0012,Stakeholder meeting,Rescheduled,true
ACT0003312,Call,2023-05-24 22:42:33,USR008,,CON0395,ACC0201,OPP0012,Qualification call,No Response,true
ACT0003313,Meeting,2023-05-30 20:41:14,USR008,,CON0395,ACC0201,OPP0012,Requirements review,Meeting Held,true
ACT0003314,Email,2023-06-02 07:51:14,USR008,,CON0395,ACC0201,OPP0012,Proposal follow-up,No Response,true
ACT0003315,Call,2026-09-11 21:29:00,USR007,,CON0486,ACC0241,OPP0013,Initial outreach call,Left Voicemail,true
ACT0003316,Call,2026-09-12 11:00:39,USR007,,CON0486,ACC0241,OPP0013,Follow-up call,Left Voicemail,true
ACT0003317,Email,2026-09-12 19:14:55,USR007,,CON0486,ACC0241,OPP0013,Meeting recap,Connected,true
ACT0003318,Email,2026-09-13 05:17:28,USR007,,CON0486,ACC0241,OPP0013,Introductory email,Connected,true
ACT0003319,Call,2026-09-13 14:15:21,USR007,,CON0486,ACC0241,OPP0013,Qualification call,Left Voicemail,true
ACT0003320,Email,2026-09-13 18:49:10,USR007,,CON0486,ACC0241,OPP0013,Proposal follow-up,Follow-Up Needed,true
ACT0003321,Meeting,2026-09-14 00:00:00,USR007,,CON0486,ACC0241,OPP0013,Requirements review,Follow-Up Needed,true
ACT0003322,Meeting,2026-08-09 05:46:47,USR007,,CON0319,ACC0157,OPP0014,Requirements review,Follow-Up Needed,true
ACT0003323,Meeting,2026-08-11 08:36:19,USR007,,CON0319,ACC0157,OPP0014,Discovery meeting,Meeting Held,true
ACT0003324,Call,2026-08-13 09:43:42,USR007,,CON0319,ACC0157,OPP0014,Qualification call,Left Voicemail,true
ACT0003325,Call,2026-08-18 06:23:39,USR007,,CON0319,ACC0157,OPP0014,Qualification call,Left Voicemail,true
ACT0003326,Demo,2026-09-04 14:22:06,USR007,,CON0319,ACC0157,OPP0014,Technical demo,Rescheduled,true
ACT0003327,Email,2026-09-08 00:00:00,USR007,,CON0319,ACC0157,OPP0014,Next steps email,Follow-Up Needed,true
ACT0003328,Email,2026-01-28 21:09:14,USR012,,CON0151,ACC0074,OPP0015,Proposal follow-up,Follow-Up Needed,true
ACT0003329,Email,2026-02-05 20:29:38,USR012,,CON0151,ACC0074,OPP0015,Next steps email,Connected,true
ACT0003330,Email,2026-02-07 07:54:13,USR012,,CON0151,ACC0074,OPP0015,Next steps email,No Response,true
ACT0003331,Call,2026-02-09 08:18:29,USR012,,CON0151,ACC0074,OPP0015,Follow-up call,Connected,true
ACT0003332,Email,2026-02-24 15:53:55,USR012,,CON0151,ACC0074,OPP0015,Next steps email,Connected,true
ACT0003333,Meeting,2026-02-28 09:52:11,USR012,,CON0151,ACC0074,OPP0015,Commercial review,Rescheduled,true
ACT0003334,Demo,2026-03-11 13:00:49,USR012,,CON0151,ACC0074,OPP0015,Technical demo,Rescheduled,true
ACT0003335,Meeting,2026-03-22 20:26:39,USR012,,CON0151,ACC0074,OPP0015,Discovery meeting,Meeting Held,true
ACT0003336,Email,2023-11-11 18:26:20,USR012,,CON0290,ACC0142,OPP0016,Proposal follow-up,Connected,true
ACT0003337,Other,2023-11-15 16:50:00,USR012,,CON0290,ACC0142,OPP0016,Internal customer follow-up,Connected,true
ACT0003338,Meeting,2023-11-22 05:08:55,USR012,,CON0290,ACC0142,OPP0016,Stakeholder meeting,Meeting Held,true
ACT0003339,Other,2023-12-04 09:23:21,USR012,,CON0290,ACC0142,OPP0016,Internal customer follow-up,Connected,true
ACT0003340,Email,2023-12-27 08:49:41,USR012,,CON0290,ACC0142,OPP0016,Follow-up email,Follow-Up Needed,true
ACT0003341,Email,2024-01-14 17:50:18,USR012,,CON0290,ACC0142,OPP0016,Next steps email,Connected,true
ACT0003342,Meeting,2025-09-15 08:29:17,USR006,,CON0149,ACC0073,OPP0017,Executive check-in,Follow-Up Needed,true
ACT0003343,Call,2025-09-17 19:05:16,USR006,,CON0149,ACC0073,OPP0017,Stakeholder check-in,Follow-Up Needed,true
ACT0003344,Call,2025-09-20 08:46:41,USR006,,CON0149,ACC0073,OPP0017,Pricing follow-up,Left Voicemail,true
ACT0003345,Meeting,2025-09-22 21:55:59,USR006,,CON0149,ACC0073,OPP0017,Commercial review,Meeting Held,true
ACT0003346,Call,2025-09-26 23:40:28,USR006,,CON0149,ACC0073,OPP0017,Qualification call,Follow-Up Needed,true
ACT0003347,Call,2025-09-27 05:59:29,USR006,,CON0149,ACC0073,OPP0017,Pricing follow-up,Connected,true
ACT0003348,Email,2025-09-30 13:02:34,USR006,,CON0149,ACC0073,OPP0017,Follow-up email,Connected,true
ACT0003349,Meeting,2025-10-05 14:52:28,USR006,,CON0149,ACC0073,OPP0017,Commercial review,Follow-Up Needed,true
ACT0003350,Meeting,2025-10-05 19:32:35,USR006,,CON0149,ACC0073,OPP0017,Stakeholder meeting,Meeting Held,true
ACT0003351,Email,2025-10-07 20:09:19,USR006,,CON0149,ACC0073,OPP0017,Introductory email,Follow-Up Needed,true
ACT0003352,Meeting,2025-10-25 00:00:00,USR006,,CON0149,ACC0073,OPP0017,Discovery meeting,Follow-Up Needed,true
ACT0003353,Email,2026-05-19 01:15:54,USR010,,CON0274,ACC0136,OPP0018,Proposal follow-up,Follow-Up Needed,true
ACT0003354,Demo,2026-05-29 01:55:42,USR010,,CON0274,ACC0136,OPP0018,Product demo,Meeting Held,true
ACT0003355,Meeting,2026-06-04 15:05:46,USR010,,CON0274,ACC0136,OPP0018,Commercial review,Rescheduled,true
ACT0003356,Call,2026-06-12 03:00:18,USR010,,CON0274,ACC0136,OPP0018,Follow-up call,Follow-Up Needed,true
ACT0003357,Meeting,2026-06-12 12:07:31,USR010,,CON0274,ACC0136,OPP0018,Stakeholder meeting,Meeting Held,true
ACT0003358,Meeting,2026-06-16 19:58:21,USR010,,CON0274,ACC0136,OPP0018,Discovery meeting,Rescheduled,true
ACT0003359,Email,2026-06-17 15:19:43,USR010,,CON0274,ACC0136,OPP0018,Introductory email,Follow-Up Needed,true
ACT0003360,Call,2026-07-05 15:57:05,USR010,,CON0274,ACC0136,OPP0018,Follow-up call,Left Voicemail,true
ACT0003361,Other,2026-07-24 20:11:33,USR010,,CON0274,ACC0136,OPP0018,Contract coordination,Other,true
ACT0003362,Call,2026-08-30 18:35:03,USR012,,CON0135,ACC0067,OPP0019,Qualification call,No Response,true
ACT0003363,Email,2026-09-05 01:05:47,USR012,,CON0135,ACC0067,OPP0019,Meeting recap,No Response,true
ACT0003364,Email,2026-09-16 00:00:00,USR012,,CON0135,ACC0067,OPP0019,Next steps email,No Response,true
ACT0003365,Email,2026-03-16 18:40:38,USR012,,CON0438,ACC0219,OPP0020,Meeting recap,Follow-Up Needed,true
ACT0003366,Demo,2026-03-20 08:40:54,USR012,,CON0438,ACC0219,OPP0020,Technical demo,Rescheduled,true
ACT0003367,Call,2026-04-25 17:14:09,USR012,,CON0438,ACC0219,OPP0020,Pricing follow-up,Connected,true
ACT0003368,Meeting,2026-05-09 12:48:35,USR012,,CON0438,ACC0219,OPP0020,Discovery meeting,Meeting Held,true
ACT0003369,Email,2026-05-15 05:55:16,USR012,,CON0438,ACC0219,OPP0020,Follow-up email,Connected,true
ACT0003370,Email,2026-06-01 06:41:06,USR012,,CON0438,ACC0219,OPP0020,Introductory email,No Response,true
ACT0003371,Meeting,2026-06-17 13:54:05,USR012,,CON0438,ACC0219,OPP0020,Commercial review,Rescheduled,true
ACT0003372,Email,2026-06-11 13:19:36,USR011,,CON0147,ACC0072,OPP0021,Meeting recap,No Response,true
ACT0003373,Meeting,2026-06-17 01:17:35,USR011,,CON0147,ACC0072,OPP0021,Executive check-in,Rescheduled,true
ACT0003374,Meeting,2026-06-18 10:21:08,USR011,,CON0147,ACC0072,OPP0021,Stakeholder meeting,Follow-Up Needed,true
ACT0003375,Email,2026-06-23 08:39:23,USR011,,CON0147,ACC0072,OPP0021,Meeting recap,Follow-Up Needed,true
ACT0003376,Email,2026-06-24 01:07:39,USR011,,CON0147,ACC0072,OPP0021,Next steps email,Follow-Up Needed,true
ACT0003377,Other,2026-07-07 10:46:33,USR011,,CON0147,ACC0072,OPP0021,Procurement follow-up,Other,true
ACT0003378,Other,2026-07-09 04:53:04,USR011,,CON0147,ACC0072,OPP0021,Internal customer follow-up,Connected,true
ACT0003379,Email,2026-07-13 01:42:18,USR011,,CON0147,ACC0072,OPP0021,Follow-up email,Connected,true
ACT0003380,Demo,2026-07-17 23:08:31,USR011,,CON0147,ACC0072,OPP0021,Workflow demonstration,Meeting Held,true
ACT0003381,Call,2026-07-21 00:56:44,USR011,,CON0147,ACC0072,OPP0021,Stakeholder check-in,No Response,true
ACT0003382,Meeting,2026-07-29 08:24:46,USR011,,CON0147,ACC0072,OPP0021,Commercial review,Meeting Held,true
ACT0003383,Call,2025-11-09 15:42:51,USR008,,CON0043,ACC0019,OPP0022,Follow-up call,No Response,true
ACT0003384,Email,2025-11-20 19:02:13,USR008,,CON0043,ACC0019,OPP0022,Next steps email,No Response,true
ACT0003385,Other,2025-11-21 20:02:05,USR008,,CON0043,ACC0019,OPP0022,Contract coordination,Connected,true
ACT0003386,Email,2025-11-24 03:53:36,USR008,,CON0043,ACC0019,OPP0022,Follow-up email,No Response,true
ACT0003387,Meeting,2025-11-24 21:02:19,USR008,,CON0043,ACC0019,OPP0022,Requirements review,Follow-Up Needed,true
ACT0003388,Call,2026-07-02 09:28:01,USR008,,CON0382,ACC0192,OPP0023,Qualification call,Follow-Up Needed,true
ACT0003389,Meeting,2026-07-02 15:09:54,USR008,,CON0382,ACC0192,OPP0023,Requirements review,Meeting Held,true
ACT0003390,Call,2026-07-22 00:11:37,USR008,,CON0382,ACC0192,OPP0023,Pricing follow-up,Connected,true
ACT0003391,Meeting,2026-08-06 22:32:00,USR008,,CON0382,ACC0192,OPP0023,Stakeholder meeting,Meeting Held,true
ACT0003392,Other,2026-08-11 01:53:35,USR008,,CON0382,ACC0192,OPP0023,Procurement follow-up,Connected,true
ACT0003393,Other,2026-09-18 00:00:00,USR008,,CON0382,ACC0192,OPP0023,Contract coordination,Other,true
ACT0003394,Other,2025-03-19 02:41:34,USR011,,CON0596,ACC0298,OPP0024,Internal customer follow-up,Follow-Up Needed,true
ACT0003395,Email,2025-03-28 15:05:42,USR011,,CON0596,ACC0298,OPP0024,Introductory email,Connected,true
ACT0003396,Meeting,2025-04-11 22:08:00,USR011,,CON0596,ACC0298,OPP0024,Stakeholder meeting,Follow-Up Needed,true
ACT0003397,Email,2025-04-14 04:27:28,USR011,,CON0596,ACC0298,OPP0024,Proposal follow-up,Follow-Up Needed,true
ACT0003398,Email,2025-04-24 07:41:18,USR011,,CON0596,ACC0298,OPP0024,Meeting recap,Connected,true
ACT0003399,Email,2025-05-25 12:42:30,USR011,,CON0596,ACC0298,OPP0024,Follow-up email,No Response,true
ACT0003400,Call,2022-07-17 08:33:51,USR012,,CON0285,ACC0140,OPP0025,Qualification call,No Response,true
ACT0003401,Other,2022-07-20 22:09:59,USR012,,CON0285,ACC0140,OPP0025,Contract coordination,Other,true
ACT0003402,Call,2022-08-02 12:29:42,USR012,,CON0285,ACC0140,OPP0025,Qualification call,No Response,true
ACT0003403,Other,2022-08-03 05:46:00,USR012,,CON0285,ACC0140,OPP0025,Internal customer follow-up,Other,true
ACT0003404,Meeting,2022-08-19 16:58:08,USR012,,CON0285,ACC0140,OPP0025,Requirements review,Meeting Held,true
ACT0003405,Call,2022-09-19 18:16:15,USR012,,CON0285,ACC0140,OPP0025,Pricing follow-up,Left Voicemail,true
ACT0003406,Email,2022-09-22 04:06:19,USR012,,CON0285,ACC0140,OPP0025,Next steps email,Follow-Up Needed,true
ACT0003407,Other,2022-10-07 23:54:34,USR012,,CON0285,ACC0140,OPP0025,Contract coordination,Other,true
ACT0003408,Meeting,2023-03-20 18:41:29,USR011,,CON0516,ACC0257,OPP0026,Requirements review,Meeting Held,true
ACT0003409,Meeting,2023-04-02 15:15:06,USR011,,CON0516,ACC0257,OPP0026,Stakeholder meeting,Follow-Up Needed,true
ACT0003410,Meeting,2023-04-06 17:16:17,USR011,,CON0516,ACC0257,OPP0026,Commercial review,Meeting Held,true
ACT0003411,Meeting,2023-04-14 23:49:22,USR011,,CON0516,ACC0257,OPP0026,Executive check-in,Rescheduled,true
ACT0003412,Email,2023-04-18 04:15:59,USR011,,CON0516,ACC0257,OPP0026,Next steps email,Connected,true
ACT0003413,Call,2023-05-18 01:44:40,USR011,,CON0516,ACC0257,OPP0026,Qualification call,No Response,true
ACT0003414,Call,2023-05-19 08:10:17,USR011,,CON0516,ACC0257,OPP0026,Pricing follow-up,Left Voicemail,true
ACT0003415,Meeting,2023-05-24 04:35:46,USR011,,CON0516,ACC0257,OPP0026,Requirements review,Meeting Held,true
ACT0003416,Email,2026-06-21 07:40:54,USR008,,CON0351,ACC0173,OPP0027,Meeting recap,Follow-Up Needed,true
ACT0003417,Demo,2026-07-12 01:10:01,USR008,,CON0351,ACC0173,OPP0027,Solution review,Meeting Held,true
ACT0003418,Demo,2026-07-28 17:52:21,USR008,,CON0351,ACC0173,OPP0027,Product demo,Follow-Up Needed,true
ACT0003419,Demo,2026-08-31 00:00:00,USR008,,CON0351,ACC0173,OPP0027,Workflow demonstration,Meeting Held,true
ACT0003420,Email,2026-06-09 03:35:27,USR009,,CON0237,ACC0117,OPP0028,Introductory email,Follow-Up Needed,true
ACT0003421,Call,2026-07-02 03:17:01,USR009,,CON0237,ACC0117,OPP0028,Pricing follow-up,Connected,true
ACT0003422,Email,2026-07-04 04:42:38,USR009,,CON0237,ACC0117,OPP0028,Meeting recap,Connected,true
ACT0003423,Meeting,2026-07-08 04:30:18,USR009,,CON0237,ACC0117,OPP0028,Commercial review,Follow-Up Needed,true
ACT0003424,Meeting,2026-07-08 11:39:16,USR009,,CON0237,ACC0117,OPP0028,Requirements review,Meeting Held,true
ACT0003425,Meeting,2026-07-16 16:59:09,USR009,,CON0237,ACC0117,OPP0028,Stakeholder meeting,Meeting Held,true
ACT0003426,Meeting,2026-07-18 07:35:42,USR009,,CON0237,ACC0117,OPP0028,Discovery meeting,Follow-Up Needed,true
ACT0003427,Other,2026-07-20 06:47:44,USR009,,CON0237,ACC0117,OPP0028,Contract coordination,Connected,true
ACT0003428,Meeting,2026-07-17 14:47:32,USR007,,CON0369,ACC0184,OPP0030,Discovery meeting,Rescheduled,true
ACT0003429,Meeting,2026-07-19 14:47:50,USR007,,CON0369,ACC0184,OPP0030,Discovery meeting,Rescheduled,true
ACT0003430,Demo,2026-07-20 19:31:01,USR007,,CON0369,ACC0184,OPP0030,Technical demo,Rescheduled,true
ACT0003431,Call,2026-07-27 17:14:20,USR007,,CON0369,ACC0184,OPP0030,Initial outreach call,No Response,true
ACT0003432,Email,2026-07-30 01:01:42,USR007,,CON0369,ACC0184,OPP0030,Next steps email,No Response,true
ACT0003433,Email,2026-08-09 02:30:25,USR007,,CON0369,ACC0184,OPP0030,Meeting recap,Follow-Up Needed,true
ACT0003434,Demo,2026-08-13 02:35:08,USR007,,CON0369,ACC0184,OPP0030,Product demo,Rescheduled,true
ACT0003435,Meeting,2026-08-17 01:06:50,USR007,,CON0369,ACC0184,OPP0030,Discovery meeting,Follow-Up Needed,true
ACT0003436,Other,2026-08-30 00:00:00,USR007,,CON0369,ACC0184,OPP0030,Internal customer follow-up,Other,true
ACT0003437,Meeting,2025-02-14 17:32:04,USR009,,CON0372,ACC0186,OPP0031,Requirements review,Meeting Held,true
ACT0003438,Call,2025-02-23 04:38:19,USR009,,CON0372,ACC0186,OPP0031,Stakeholder check-in,Left Voicemail,true
ACT0003439,Call,2025-02-28 20:36:41,USR009,,CON0372,ACC0186,OPP0031,Pricing follow-up,No Response,true
ACT0003440,Demo,2025-03-03 17:34:53,USR009,,CON0372,ACC0186,OPP0031,Product demo,Meeting Held,true
ACT0003441,Call,2025-03-12 20:50:40,USR009,,CON0372,ACC0186,OPP0031,Follow-up call,No Response,true
ACT0003442,Meeting,2025-03-13 13:41:47,USR009,,CON0372,ACC0186,OPP0031,Discovery meeting,Rescheduled,true
ACT0003443,Email,2025-03-15 04:52:47,USR009,,CON0372,ACC0186,OPP0031,Follow-up email,No Response,true
ACT0003444,Meeting,2025-03-24 05:24:28,USR009,,CON0372,ACC0186,OPP0031,Requirements review,Meeting Held,true
ACT0003445,Meeting,2025-04-02 00:00:00,USR009,,CON0372,ACC0186,OPP0031,Commercial review,Meeting Held,true
ACT0003446,Meeting,2026-09-01 01:35:38,USR008,,,ACC0192,OPP0032,Executive check-in,Meeting Held,true
ACT0003447,Meeting,2026-09-05 13:06:28,USR008,,,ACC0192,OPP0032,Stakeholder meeting,Meeting Held,true
ACT0003448,Email,2026-09-06 19:15:23,USR008,,,ACC0192,OPP0032,Follow-up email,No Response,true
ACT0003449,Call,2026-09-08 16:43:34,USR008,,,ACC0192,OPP0032,Pricing follow-up,Connected,true
ACT0003450,Email,2026-09-17 00:00:00,USR008,,,ACC0192,OPP0032,Meeting recap,Connected,true
ACT0003451,Call,2026-08-23 05:06:51,USR006,,CON0566,ACC0283,OPP0033,Follow-up call,Connected,true
ACT0003452,Meeting,2026-08-23 19:02:10,USR006,,CON0566,ACC0283,OPP0033,Executive check-in,Follow-Up Needed,true
ACT0003453,Email,2026-08-26 02:07:45,USR006,,CON0566,ACC0283,OPP0033,Follow-up email,Connected,true
ACT0003454,Meeting,2026-08-29 03:06:55,USR006,,CON0566,ACC0283,OPP0033,Executive check-in,Follow-Up Needed,true
ACT0003455,Email,2026-09-10 13:42:57,USR006,,CON0566,ACC0283,OPP0033,Meeting recap,Follow-Up Needed,true
ACT0003456,Email,2026-09-12 04:28:34,USR006,,CON0566,ACC0283,OPP0033,Proposal follow-up,Connected,true
ACT0003457,Email,2026-09-14 18:30:00,USR006,,CON0566,ACC0283,OPP0033,Meeting recap,Connected,true
ACT0003458,Other,2026-09-19 00:00:00,USR006,,CON0566,ACC0283,OPP0033,Internal customer follow-up,Connected,true
ACT0003459,Meeting,2026-07-08 17:47:58,USR010,,CON0171,ACC0084,OPP0034,Commercial review,Follow-Up Needed,true
ACT0003460,Call,2026-07-11 20:53:31,USR010,,CON0171,ACC0084,OPP0034,Qualification call,No Response,true
ACT0003461,Demo,2026-07-16 17:57:12,USR010,,CON0171,ACC0084,OPP0034,Product demo,Meeting Held,true
ACT0003462,Meeting,2026-07-18 10:53:00,USR010,,CON0171,ACC0084,OPP0034,Stakeholder meeting,Follow-Up Needed,true
ACT0003463,Email,2026-07-30 10:33:41,USR010,,CON0171,ACC0084,OPP0034,Introductory email,Follow-Up Needed,true
ACT0003464,Call,2026-08-01 14:07:14,USR010,,CON0171,ACC0084,OPP0034,Stakeholder check-in,Follow-Up Needed,true
ACT0003465,Meeting,2026-08-06 08:29:59,USR010,,CON0171,ACC0084,OPP0034,Stakeholder meeting,Meeting Held,true
ACT0003466,Email,2026-08-17 15:20:17,USR010,,CON0171,ACC0084,OPP0034,Introductory email,Follow-Up Needed,true
ACT0003467,Meeting,2026-08-29 20:56:14,USR010,,CON0171,ACC0084,OPP0034,Requirements review,Follow-Up Needed,true
ACT0003468,Meeting,2026-09-15 00:00:00,USR010,,CON0171,ACC0084,OPP0034,Discovery meeting,Meeting Held,true
ACT0003469,Email,2026-09-11 18:51:59,USR007,,CON0486,ACC0241,OPP0035,Proposal follow-up,Follow-Up Needed,true
ACT0003470,Demo,2026-09-12 11:37:51,USR007,,CON0486,ACC0241,OPP0035,Workflow demonstration,Rescheduled,true
ACT0003471,Call,2026-09-13 16:16:22,USR007,,CON0486,ACC0241,OPP0035,Stakeholder check-in,No Response,true
ACT0003472,Meeting,2026-09-13 23:13:49,USR007,,CON0486,ACC0241,OPP0035,Executive check-in,Meeting Held,true
ACT0003473,Meeting,2026-09-16 18:43:40,USR007,,CON0486,ACC0241,OPP0035,Requirements review,Rescheduled,true
ACT0003474,Email,2026-09-18 00:00:00,USR007,,CON0486,ACC0241,OPP0035,Meeting recap,Connected,true
ACT0003475,Demo,2024-04-28 19:34:45,USR012,,CON0523,ACC0261,OPP0036,Product demo,Follow-Up Needed,true
ACT0003476,Meeting,2024-05-01 13:39:54,USR012,,CON0523,ACC0261,OPP0036,Requirements review,Rescheduled,true
ACT0003477,Call,2024-05-04 18:26:17,USR012,,CON0523,ACC0261,OPP0036,Follow-up call,Left Voicemail,true
ACT0003478,Call,2024-05-14 04:28:09,USR012,,CON0523,ACC0261,OPP0036,Initial outreach call,Connected,true
ACT0003479,Meeting,2024-05-20 22:55:14,USR012,,CON0523,ACC0261,OPP0036,Stakeholder meeting,Meeting Held,true
ACT0003480,Call,2024-05-23 01:29:19,USR012,,CON0523,ACC0261,OPP0036,Follow-up call,No Response,true
ACT0003481,Email,2024-05-23 10:25:29,USR012,,CON0523,ACC0261,OPP0036,Proposal follow-up,Follow-Up Needed,true
ACT0003482,Email,2024-05-31 00:00:00,USR012,,CON0523,ACC0261,OPP0036,Next steps email,Follow-Up Needed,true
ACT0003483,Meeting,2024-08-30 21:47:42,USR009,,CON0009,ACC0003,OPP0037,Stakeholder meeting,Follow-Up Needed,true
ACT0003484,Meeting,2024-09-06 16:31:50,USR009,,CON0009,ACC0003,OPP0037,Executive check-in,Rescheduled,true
ACT0003485,Meeting,2024-09-08 02:45:30,USR009,,CON0009,ACC0003,OPP0037,Requirements review,Meeting Held,true
ACT0003486,Meeting,2024-09-11 15:58:43,USR009,,CON0009,ACC0003,OPP0037,Discovery meeting,Rescheduled,true
ACT0003487,Email,2024-10-04 10:19:06,USR009,,CON0009,ACC0003,OPP0037,Next steps email,Connected,true
ACT0003488,Meeting,2024-02-27 23:28:29,USR009,,CON0213,ACC0106,OPP0038,Stakeholder meeting,Meeting Held,true
ACT0003489,Call,2024-03-01 09:37:20,USR009,,CON0213,ACC0106,OPP0038,Pricing follow-up,No Response,true
ACT0003490,Meeting,2024-03-14 15:36:23,USR009,,CON0213,ACC0106,OPP0038,Commercial review,Meeting Held,true
ACT0003491,Call,2024-03-16 08:20:30,USR009,,CON0213,ACC0106,OPP0038,Initial outreach call,Left Voicemail,true
ACT0003492,Email,2024-04-11 16:10:29,USR009,,CON0213,ACC0106,OPP0038,Proposal follow-up,Follow-Up Needed,true
ACT0003493,Email,2024-04-13 20:30:39,USR009,,CON0213,ACC0106,OPP0038,Meeting recap,No Response,true
ACT0003494,Meeting,2024-04-16 20:15:31,USR009,,CON0213,ACC0106,OPP0038,Commercial review,Rescheduled,true
ACT0003495,Call,2026-05-24 23:27:04,USR012,,CON0452,ACC0225,OPP0039,Stakeholder check-in,No Response,true
ACT0003496,Call,2026-06-01 23:48:35,USR012,,CON0452,ACC0225,OPP0039,Qualification call,Left Voicemail,true
ACT0003497,Email,2026-06-03 23:41:46,USR012,,CON0452,ACC0225,OPP0039,Meeting recap,Follow-Up Needed,true
ACT0003498,Call,2026-06-11 12:04:41,USR012,,CON0452,ACC0225,OPP0039,Pricing follow-up,Left Voicemail,true
ACT0003499,Email,2026-06-14 00:57:02,USR012,,CON0452,ACC0225,OPP0039,Next steps email,Follow-Up Needed,true
ACT0003500,Meeting,2026-07-02 07:18:07,USR012,,CON0452,ACC0225,OPP0039,Requirements review,Rescheduled,true
ACT0003501,Meeting,2026-07-03 18:03:31,USR012,,CON0452,ACC0225,OPP0039,Stakeholder meeting,Rescheduled,true
ACT0003502,Other,2026-07-29 00:00:00,USR012,,CON0452,ACC0225,OPP0039,Contract coordination,Follow-Up Needed,true
ACT0003503,Email,2026-09-04 03:34:29,USR008,,CON0078,ACC0036,OPP0040,Introductory email,Connected,true
ACT0003504,Meeting,2026-09-04 20:33:31,USR008,,CON0078,ACC0036,OPP0040,Requirements review,Rescheduled,true
ACT0003505,Email,2026-09-05 09:37:01,USR008,,CON0078,ACC0036,OPP0040,Next steps email,Follow-Up Needed,true
ACT0003506,Meeting,2026-09-05 19:02:26,USR008,,CON0078,ACC0036,OPP0040,Requirements review,Follow-Up Needed,true
ACT0003507,Email,2026-09-06 10:35:03,USR008,,CON0078,ACC0036,OPP0040,Follow-up email,Connected,true
ACT0003508,Call,2026-09-07 00:00:00,USR008,,CON0078,ACC0036,OPP0040,Stakeholder check-in,Connected,true
ACT0003509,Call,2022-12-10 03:40:26,USR011,,CON0428,ACC0216,OPP0041,Follow-up call,Left Voicemail,true
ACT0003510,Meeting,2022-12-28 00:16:54,USR011,,CON0428,ACC0216,OPP0041,Executive check-in,Rescheduled,true
ACT0003511,Meeting,2022-12-30 06:40:58,USR011,,CON0428,ACC0216,OPP0041,Discovery meeting,Follow-Up Needed,true
ACT0003512,Meeting,2023-01-08 14:55:29,USR011,,CON0428,ACC0216,OPP0041,Discovery meeting,Follow-Up Needed,true
ACT0003513,Email,2023-01-31 10:20:34,USR011,,CON0428,ACC0216,OPP0041,Meeting recap,Follow-Up Needed,true
ACT0003514,Meeting,2023-01-31 19:23:59,USR011,,CON0428,ACC0216,OPP0041,Commercial review,Follow-Up Needed,true
ACT0003515,Meeting,2023-02-11 11:17:12,USR011,,CON0428,ACC0216,OPP0041,Discovery meeting,Rescheduled,true
ACT0003516,Call,2026-02-14 23:00:10,USR012,,CON0517,ACC0258,OPP0042,Follow-up call,Left Voicemail,true
ACT0003517,Email,2026-02-20 04:37:30,USR012,,CON0517,ACC0258,OPP0042,Follow-up email,Follow-Up Needed,true
ACT0003518,Email,2026-02-28 22:42:58,USR012,,CON0517,ACC0258,OPP0042,Proposal follow-up,Follow-Up Needed,true
ACT0003519,Meeting,2026-03-04 05:40:07,USR012,,CON0517,ACC0258,OPP0042,Discovery meeting,Rescheduled,true
ACT0003520,Email,2026-03-05 13:58:53,USR012,,CON0517,ACC0258,OPP0042,Next steps email,Follow-Up Needed,true
ACT0003521,Demo,2026-03-07 06:47:34,USR012,,CON0517,ACC0258,OPP0042,Solution review,Meeting Held,true
ACT0003522,Other,2026-03-14 18:38:20,USR012,,CON0517,ACC0258,OPP0042,Internal customer follow-up,Connected,true
ACT0003523,Meeting,2026-04-02 17:46:07,USR012,,CON0517,ACC0258,OPP0042,Discovery meeting,Rescheduled,true
ACT0003524,Call,2026-07-07 00:16:35,USR011,,CON0595,ACC0298,OPP0043,Pricing follow-up,No Response,true
ACT0003525,Email,2026-07-08 00:59:41,USR011,,CON0595,ACC0298,OPP0043,Meeting recap,No Response,true
ACT0003526,Meeting,2026-07-22 20:55:22,USR011,,CON0595,ACC0298,OPP0043,Requirements review,Follow-Up Needed,true
ACT0003527,Meeting,2026-07-26 06:11:37,USR011,,CON0595,ACC0298,OPP0043,Stakeholder meeting,Meeting Held,true
ACT0003528,Meeting,2026-07-31 07:51:17,USR011,,CON0595,ACC0298,OPP0043,Executive check-in,Follow-Up Needed,true
ACT0003529,Other,2026-08-17 18:44:32,USR011,,CON0595,ACC0298,OPP0043,Procurement follow-up,Connected,true
ACT0003530,Meeting,2026-09-02 00:00:00,USR011,,CON0595,ACC0298,OPP0043,Discovery meeting,Follow-Up Needed,true
ACT0003531,Demo,2022-08-16 21:39:07,USR012,,CON0569,ACC0286,OPP0044,Workflow demonstration,Follow-Up Needed,true
ACT0003532,Meeting,2022-08-28 07:59:12,USR012,,CON0569,ACC0286,OPP0044,Commercial review,Meeting Held,true
ACT0003533,Email,2022-09-03 12:34:51,USR012,,CON0569,ACC0286,OPP0044,Proposal follow-up,Follow-Up Needed,true
ACT0003534,Email,2022-09-05 18:39:41,USR012,,CON0569,ACC0286,OPP0044,Meeting recap,Follow-Up Needed,true
ACT0003535,Meeting,2022-09-09 02:53:13,USR012,,CON0569,ACC0286,OPP0044,Discovery meeting,Meeting Held,true
ACT0003536,Call,2022-09-09 20:33:35,USR012,,CON0569,ACC0286,OPP0044,Initial outreach call,Left Voicemail,true
ACT0003537,Meeting,2022-09-10 21:47:55,USR012,,CON0569,ACC0286,OPP0044,Executive check-in,Rescheduled,true
ACT0003538,Call,2022-09-28 13:08:43,USR012,,CON0569,ACC0286,OPP0044,Follow-up call,Connected,true
ACT0003539,Email,2022-09-30 02:45:48,USR012,,CON0569,ACC0286,OPP0044,Proposal follow-up,Connected,true
ACT0003540,Meeting,2022-10-09 08:25:58,USR012,,CON0569,ACC0286,OPP0044,Executive check-in,Follow-Up Needed,true
ACT0003541,Other,2022-10-31 01:12:22,USR012,,CON0569,ACC0286,OPP0044,Contract coordination,Other,true
ACT0003542,Other,2026-09-02 10:54:26,USR009,,CON0477,ACC0237,OPP0045,Internal customer follow-up,Connected,true
ACT0003543,Call,2026-09-03 15:37:33,USR009,,CON0477,ACC0237,OPP0045,Initial outreach call,No Response,true
ACT0003544,Email,2026-09-03 21:12:27,USR009,,CON0477,ACC0237,OPP0045,Proposal follow-up,Connected,true
ACT0003545,Demo,2026-09-05 04:19:07,USR009,,CON0477,ACC0237,OPP0045,Technical demo,Follow-Up Needed,true
ACT0003546,Call,2026-09-05 09:45:37,USR009,,CON0477,ACC0237,OPP0045,Initial outreach call,Left Voicemail,true
ACT0003547,Meeting,2026-09-07 00:00:00,USR009,,CON0477,ACC0237,OPP0045,Requirements review,Rescheduled,true
ACT0003548,Email,2025-01-21 15:32:41,USR012,,CON0482,ACC0239,OPP0046,Proposal follow-up,No Response,true
ACT0003549,Email,2025-01-26 04:44:01,USR012,,CON0482,ACC0239,OPP0046,Follow-up email,No Response,true
ACT0003550,Meeting,2025-01-30 20:16:23,USR012,,CON0482,ACC0239,OPP0046,Requirements review,Rescheduled,true
ACT0003551,Demo,2025-02-26 19:11:31,USR012,,CON0482,ACC0239,OPP0046,Technical demo,Meeting Held,true
ACT0003552,Email,2025-03-03 09:55:21,USR012,,CON0482,ACC0239,OPP0046,Meeting recap,Follow-Up Needed,true
ACT0003553,Email,2025-03-20 05:04:17,USR012,,CON0482,ACC0239,OPP0046,Next steps email,Follow-Up Needed,true
ACT0003554,Demo,2025-03-20 17:48:15,USR012,,CON0482,ACC0239,OPP0046,Workflow demonstration,Rescheduled,true
ACT0003555,Email,2025-03-30 00:00:00,USR012,,CON0482,ACC0239,OPP0046,Meeting recap,Connected,true
ACT0003556,Meeting,2025-06-08 02:09:25,USR008,,CON0200,ACC0099,OPP0047,Stakeholder meeting,Follow-Up Needed,true
ACT0003557,Meeting,2025-06-12 08:11:12,USR008,,CON0200,ACC0099,OPP0047,Commercial review,Follow-Up Needed,true
ACT0003558,Meeting,2025-06-12 18:50:29,USR008,,CON0200,ACC0099,OPP0047,Requirements review,Rescheduled,true
ACT0003559,Meeting,2025-06-14 07:40:43,USR008,,CON0200,ACC0099,OPP0047,Requirements review,Rescheduled,true
ACT0003560,Call,2025-06-18 05:06:20,USR008,,CON0200,ACC0099,OPP0047,Pricing follow-up,Left Voicemail,true
ACT0003561,Email,2025-06-18 06:38:24,USR008,,CON0200,ACC0099,OPP0047,Follow-up email,Follow-Up Needed,true
ACT0003562,Demo,2025-06-21 16:50:25,USR008,,CON0200,ACC0099,OPP0047,Product demo,Rescheduled,true
ACT0003563,Other,2025-06-22 16:25:35,USR008,,CON0200,ACC0099,OPP0047,Internal customer follow-up,Follow-Up Needed,true
ACT0003564,Meeting,2025-06-24 14:10:17,USR008,,CON0200,ACC0099,OPP0047,Requirements review,Follow-Up Needed,true
ACT0003565,Meeting,2023-05-13 07:31:35,USR006,,CON0330,ACC0163,OPP0048,Executive check-in,Meeting Held,true
ACT0003566,Meeting,2023-05-15 22:42:36,USR006,,CON0330,ACC0163,OPP0048,Executive check-in,Follow-Up Needed,true
ACT0003567,Meeting,2023-05-18 12:07:59,USR006,,CON0330,ACC0163,OPP0048,Stakeholder meeting,Meeting Held,true
ACT0003568,Email,2023-05-19 05:14:22,USR006,,CON0330,ACC0163,OPP0048,Follow-up email,Follow-Up Needed,true
ACT0003569,Call,2023-05-21 03:24:52,USR006,,CON0330,ACC0163,OPP0048,Qualification call,Connected,true
ACT0003570,Meeting,2023-06-03 15:30:22,USR006,,CON0330,ACC0163,OPP0048,Commercial review,Rescheduled,true
ACT0003571,Meeting,2023-06-12 01:50:40,USR006,,CON0330,ACC0163,OPP0048,Commercial review,Follow-Up Needed,true
ACT0003572,Call,2023-09-08 07:12:23,USR009,,CON0538,ACC0269,OPP0049,Qualification call,Follow-Up Needed,true
ACT0003573,Demo,2023-09-15 11:56:22,USR009,,CON0538,ACC0269,OPP0049,Technical demo,Meeting Held,true
ACT0003574,Email,2023-10-05 08:17:27,USR009,,CON0538,ACC0269,OPP0049,Introductory email,Follow-Up Needed,true
ACT0003575,Meeting,2023-10-14 18:30:29,USR009,,CON0538,ACC0269,OPP0049,Stakeholder meeting,Rescheduled,true
ACT0003576,Other,2023-10-22 19:02:21,USR009,,CON0538,ACC0269,OPP0049,Contract coordination,Other,true
ACT0003577,Meeting,2023-11-11 03:55:27,USR009,,CON0538,ACC0269,OPP0049,Discovery meeting,Meeting Held,true
ACT0003578,Email,2023-11-22 03:02:15,USR009,,CON0538,ACC0269,OPP0049,Follow-up email,Connected,true
ACT0003579,Email,2025-12-29 07:57:20,USR010,,CON0554,ACC0277,OPP0050,Introductory email,No Response,true
ACT0003580,Other,2026-01-03 02:05:37,USR010,,CON0554,ACC0277,OPP0050,Internal customer follow-up,Other,true
ACT0003581,Email,2026-01-10 05:17:55,USR010,,CON0554,ACC0277,OPP0050,Follow-up email,No Response,true
ACT0003582,Email,2026-01-12 18:56:00,USR010,,CON0554,ACC0277,OPP0050,Follow-up email,No Response,true
ACT0003583,Email,2026-01-31 02:36:07,USR010,,CON0554,ACC0277,OPP0050,Follow-up email,Follow-Up Needed,true
ACT0003584,Demo,2026-02-08 06:58:29,USR010,,CON0554,ACC0277,OPP0050,Workflow demonstration,Rescheduled,true
ACT0003585,Meeting,2026-02-13 03:25:25,USR010,,CON0554,ACC0277,OPP0050,Requirements review,Meeting Held,true
ACT0003586,Other,2026-07-20 01:01:41,USR010,,CON0363,ACC0181,OPP0051,Internal customer follow-up,Other,true
ACT0003587,Meeting,2026-07-21 00:43:40,USR010,,CON0363,ACC0181,OPP0051,Discovery meeting,Rescheduled,true
ACT0003588,Email,2026-07-23 03:54:36,USR010,,CON0363,ACC0181,OPP0051,Meeting recap,Follow-Up Needed,true
ACT0003589,Call,2026-08-05 17:15:46,USR010,,CON0363,ACC0181,OPP0051,Initial outreach call,No Response,true
ACT0003590,Meeting,2026-08-30 15:16:00,USR010,,CON0363,ACC0181,OPP0051,Discovery meeting,Follow-Up Needed,true
ACT0003591,Meeting,2024-08-17 07:37:56,USR012,,CON0163,ACC0080,OPP0052,Requirements review,Rescheduled,true
ACT0003592,Demo,2024-08-21 10:30:59,USR012,,CON0163,ACC0080,OPP0052,Workflow demonstration,Rescheduled,true
ACT0003593,Email,2024-09-01 18:48:55,USR012,,CON0163,ACC0080,OPP0052,Follow-up email,Follow-Up Needed,true
ACT0003594,Meeting,2024-09-02 07:28:22,USR012,,CON0163,ACC0080,OPP0052,Commercial review,Rescheduled,true
ACT0003595,Other,2024-09-07 04:04:47,USR012,,CON0163,ACC0080,OPP0052,Procurement follow-up,Connected,true
ACT0003596,Call,2024-09-15 08:35:21,USR012,,CON0163,ACC0080,OPP0052,Pricing follow-up,Connected,true
ACT0003597,Demo,2024-09-23 03:40:31,USR012,,CON0163,ACC0080,OPP0052,Product demo,Rescheduled,true
ACT0003598,Meeting,2024-09-30 00:00:00,USR012,,CON0163,ACC0080,OPP0052,Requirements review,Rescheduled,true
ACT0003599,Email,2026-06-21 06:12:51,USR006,,CON0301,ACC0148,OPP0053,Introductory email,Connected,true
ACT0003600,Demo,2026-06-28 01:18:42,USR006,,CON0301,ACC0148,OPP0053,Technical demo,Meeting Held,true
ACT0003601,Other,2026-07-02 07:46:48,USR006,,CON0301,ACC0148,OPP0053,Contract coordination,Follow-Up Needed,true
ACT0003602,Email,2026-07-18 18:18:47,USR006,,CON0301,ACC0148,OPP0053,Next steps email,Connected,true
ACT0003603,Other,2026-07-21 09:21:08,USR006,,CON0301,ACC0148,OPP0053,Contract coordination,Follow-Up Needed,true
ACT0003604,Meeting,2026-07-25 06:39:48,USR006,,CON0301,ACC0148,OPP0053,Commercial review,Rescheduled,true
ACT0003605,Email,2026-08-15 04:05:09,USR006,,CON0301,ACC0148,OPP0053,Introductory email,No Response,true
ACT0003606,Other,2026-09-01 00:00:00,USR006,,CON0301,ACC0148,OPP0053,Procurement follow-up,Connected,true
ACT0003607,Email,2026-02-24 11:00:49,USR011,,CON0396,ACC0202,OPP0054,Introductory email,No Response,true
ACT0003608,Demo,2026-02-24 22:01:10,USR011,,CON0396,ACC0202,OPP0054,Solution review,Rescheduled,true
ACT0003609,Email,2026-03-17 17:17:23,USR011,,CON0396,ACC0202,OPP0054,Proposal follow-up,Connected,true
ACT0003610,Demo,2026-03-31 06:24:22,USR011,,CON0396,ACC0202,OPP0054,Workflow demonstration,Meeting Held,true
ACT0003611,Other,2026-04-01 00:53:15,USR011,,CON0396,ACC0202,OPP0054,Contract coordination,Other,true
ACT0003612,Demo,2026-04-01 09:29:00,USR011,,CON0396,ACC0202,OPP0054,Product demo,Follow-Up Needed,true
ACT0003613,Demo,2026-04-18 03:04:06,USR011,,CON0396,ACC0202,OPP0054,Technical demo,Rescheduled,true
ACT0003614,Meeting,2024-11-21 11:52:53,USR011,,CON0232,ACC0115,OPP0055,Executive check-in,Meeting Held,true
ACT0003615,Demo,2024-11-26 07:44:00,USR011,,CON0232,ACC0115,OPP0055,Product demo,Follow-Up Needed,true
ACT0003616,Meeting,2024-12-05 12:23:33,USR011,,CON0232,ACC0115,OPP0055,Discovery meeting,Rescheduled,true
ACT0003617,Meeting,2024-12-09 15:11:06,USR011,,CON0232,ACC0115,OPP0055,Commercial review,Meeting Held,true
ACT0003618,Email,2024-12-13 14:34:01,USR011,,CON0232,ACC0115,OPP0055,Meeting recap,No Response,true
ACT0003619,Meeting,2024-12-13 20:48:36,USR011,,CON0232,ACC0115,OPP0055,Requirements review,Follow-Up Needed,true
ACT0003620,Demo,2025-01-05 15:03:19,USR011,,CON0232,ACC0115,OPP0055,Workflow demonstration,Follow-Up Needed,true
ACT0003621,Call,2025-01-09 18:41:02,USR011,,CON0232,ACC0115,OPP0055,Pricing follow-up,Follow-Up Needed,true
ACT0003622,Other,2025-01-17 17:08:24,USR011,,CON0232,ACC0115,OPP0055,Internal customer follow-up,Other,true
ACT0003623,Call,2025-01-27 03:29:56,USR011,,CON0232,ACC0115,OPP0055,Initial outreach call,Connected,true
ACT0003624,Other,2025-02-10 00:00:00,USR011,,CON0232,ACC0115,OPP0055,Procurement follow-up,Other,true
ACT0003625,Other,2023-09-19 08:24:33,USR006,,CON0086,ACC0043,OPP0056,Internal customer follow-up,Other,true
ACT0003626,Other,2023-09-30 12:01:58,USR006,,CON0086,ACC0043,OPP0056,Internal customer follow-up,Connected,true
ACT0003627,Meeting,2023-10-07 01:00:55,USR006,,CON0086,ACC0043,OPP0056,Executive check-in,Meeting Held,true
ACT0003628,Other,2023-10-11 13:34:05,USR006,,CON0086,ACC0043,OPP0056,Internal customer follow-up,Follow-Up Needed,true
ACT0003629,Call,2023-10-16 07:03:46,USR006,,CON0086,ACC0043,OPP0056,Qualification call,Connected,true
ACT0003630,Meeting,2023-10-18 18:00:58,USR006,,CON0086,ACC0043,OPP0056,Discovery meeting,Rescheduled,true
ACT0003631,Meeting,2023-10-21 05:59:17,USR006,,CON0086,ACC0043,OPP0056,Discovery meeting,Meeting Held,true
ACT0003632,Demo,2026-08-30 22:05:35,USR007,,CON0046,ACC0020,OPP0058,Technical demo,Meeting Held,true
ACT0003633,Meeting,2026-09-01 00:53:00,USR007,,CON0046,ACC0020,OPP0058,Commercial review,Meeting Held,true
ACT0003634,Call,2026-09-01 04:30:43,USR007,,CON0046,ACC0020,OPP0058,Follow-up call,Connected,true
ACT0003635,Demo,2026-09-02 19:17:37,USR007,,CON0046,ACC0020,OPP0058,Product demo,Meeting Held,true
ACT0003636,Email,2026-09-04 00:00:00,USR007,,CON0046,ACC0020,OPP0058,Proposal follow-up,Follow-Up Needed,true
ACT0003637,Meeting,2022-08-17 03:03:31,USR009,,CON0567,ACC0284,OPP0059,Commercial review,Follow-Up Needed,true
ACT0003638,Email,2022-08-23 01:46:08,USR009,,CON0567,ACC0284,OPP0059,Proposal follow-up,Follow-Up Needed,true
ACT0003639,Email,2022-09-12 07:50:45,USR009,,CON0567,ACC0284,OPP0059,Next steps email,No Response,true
ACT0003640,Call,2022-10-14 06:46:24,USR009,,CON0567,ACC0284,OPP0059,Qualification call,Follow-Up Needed,true
ACT0003641,Demo,2022-10-17 02:15:45,USR009,,CON0567,ACC0284,OPP0059,Technical demo,Rescheduled,true
ACT0003642,Call,2026-08-26 12:13:36,USR006,,CON0613,ACC0308,OPP0060,Follow-up call,Follow-Up Needed,true
ACT0003643,Call,2026-09-06 11:17:09,USR006,,CON0613,ACC0308,OPP0060,Stakeholder check-in,No Response,true
ACT0003644,Call,2026-09-07 00:00:00,USR006,,CON0613,ACC0308,OPP0060,Follow-up call,Follow-Up Needed,true
ACT0003645,Email,2022-12-20 10:04:36,USR011,,CON0120,ACC0060,OPP0061,Next steps email,Follow-Up Needed,true
ACT0003646,Email,2023-01-02 05:44:03,USR011,,CON0120,ACC0060,OPP0061,Introductory email,Connected,true
ACT0003647,Meeting,2023-01-08 20:21:13,USR011,,CON0120,ACC0060,OPP0061,Requirements review,Meeting Held,true
ACT0003648,Other,2023-01-17 06:14:22,USR011,,CON0120,ACC0060,OPP0061,Procurement follow-up,Connected,true
ACT0003649,Call,2023-02-20 03:59:43,USR011,,CON0120,ACC0060,OPP0061,Pricing follow-up,Connected,true
ACT0003650,Demo,2026-07-06 12:46:53,USR012,,CON0517,ACC0258,OPP0062,Technical demo,Rescheduled,true
ACT0003651,Meeting,2026-07-06 17:03:17,USR012,,CON0517,ACC0258,OPP0062,Executive check-in,Meeting Held,true
ACT0003652,Email,2026-07-28 00:51:28,USR012,,CON0517,ACC0258,OPP0062,Follow-up email,Connected,true
ACT0003653,Email,2026-07-28 04:01:56,USR012,,CON0517,ACC0258,OPP0062,Follow-up email,No Response,true
ACT0003654,Email,2026-07-30 02:57:05,USR012,,CON0517,ACC0258,OPP0062,Next steps email,Follow-Up Needed,true
ACT0003655,Meeting,2026-07-31 18:50:12,USR012,,CON0517,ACC0258,OPP0062,Commercial review,Rescheduled,true
ACT0003656,Email,2026-08-08 20:13:25,USR012,,CON0517,ACC0258,OPP0062,Follow-up email,Connected,true
ACT0003657,Meeting,2026-08-09 18:26:52,USR012,,CON0517,ACC0258,OPP0062,Stakeholder meeting,Follow-Up Needed,true
ACT0003658,Call,2026-09-08 10:18:48,USR012,,CON0517,ACC0258,OPP0062,Initial outreach call,Follow-Up Needed,true
ACT0003659,Email,2026-09-12 00:00:00,USR012,,CON0517,ACC0258,OPP0062,Next steps email,Follow-Up Needed,true
ACT0003660,Call,2024-04-25 23:04:27,USR008,,CON0505,ACC0251,OPP0063,Pricing follow-up,Left Voicemail,true
ACT0003661,Demo,2024-04-28 01:41:07,USR008,,CON0505,ACC0251,OPP0063,Workflow demonstration,Follow-Up Needed,true
ACT0003662,Email,2024-04-30 20:08:13,USR008,,CON0505,ACC0251,OPP0063,Proposal follow-up,Follow-Up Needed,true
ACT0003663,Email,2024-05-03 10:13:06,USR008,,CON0505,ACC0251,OPP0063,Proposal follow-up,Follow-Up Needed,true
ACT0003664,Meeting,2024-05-19 16:23:06,USR008,,CON0505,ACC0251,OPP0063,Discovery meeting,Follow-Up Needed,true
ACT0003665,Email,2024-05-21 02:06:58,USR008,,CON0505,ACC0251,OPP0063,Proposal follow-up,Connected,true
ACT0003666,Call,2026-01-20 04:55:35,USR010,,CON0543,ACC0272,OPP0064,Qualification call,Follow-Up Needed,true
ACT0003667,Meeting,2026-01-28 05:50:33,USR010,,CON0543,ACC0272,OPP0064,Executive check-in,Follow-Up Needed,true
ACT0003668,Call,2026-02-02 20:35:08,USR010,,CON0543,ACC0272,OPP0064,Stakeholder check-in,Connected,true
ACT0003669,Meeting,2026-02-04 15:05:37,USR010,,CON0543,ACC0272,OPP0064,Discovery meeting,Meeting Held,true
ACT0003670,Email,2026-03-09 02:24:41,USR010,,CON0543,ACC0272,OPP0064,Meeting recap,No Response,true
ACT0003671,Email,2026-04-02 21:18:35,USR010,,CON0543,ACC0272,OPP0064,Follow-up email,Follow-Up Needed,true
ACT0003672,Email,2026-04-04 06:53:25,USR010,,CON0543,ACC0272,OPP0064,Meeting recap,Connected,true
ACT0003673,Meeting,2026-08-12 21:39:48,USR007,,CON0218,ACC0108,OPP0065,Stakeholder meeting,Meeting Held,true
ACT0003674,Demo,2026-08-18 01:43:05,USR007,,CON0218,ACC0108,OPP0065,Solution review,Meeting Held,true
ACT0003675,Demo,2026-08-31 16:19:56,USR007,,CON0218,ACC0108,OPP0065,Product demo,Rescheduled,true
ACT0003676,Meeting,2026-09-01 13:00:06,USR007,,CON0218,ACC0108,OPP0065,Discovery meeting,Follow-Up Needed,true
ACT0003677,Meeting,2026-09-02 23:56:46,USR007,,CON0218,ACC0108,OPP0065,Commercial review,Follow-Up Needed,true
ACT0003678,Other,2026-09-13 00:00:00,USR007,,CON0218,ACC0108,OPP0065,Procurement follow-up,Follow-Up Needed,true
ACT0003679,Meeting,2025-10-15 23:11:05,USR008,,CON0542,ACC0271,OPP0066,Stakeholder meeting,Rescheduled,true
ACT0003680,Meeting,2025-10-17 00:13:29,USR008,,CON0542,ACC0271,OPP0066,Executive check-in,Follow-Up Needed,true
ACT0003681,Meeting,2025-10-18 15:33:18,USR008,,CON0542,ACC0271,OPP0066,Discovery meeting,Meeting Held,true
ACT0003682,Call,2025-10-21 23:07:15,USR008,,CON0542,ACC0271,OPP0066,Pricing follow-up,No Response,true
ACT0003683,Call,2025-10-23 06:38:29,USR008,,CON0542,ACC0271,OPP0066,Initial outreach call,No Response,true
ACT0003684,Meeting,2025-10-29 12:15:54,USR008,,CON0542,ACC0271,OPP0066,Discovery meeting,Follow-Up Needed,true
ACT0003685,Email,2025-10-31 06:03:28,USR008,,CON0542,ACC0271,OPP0066,Proposal follow-up,Follow-Up Needed,true
ACT0003686,Meeting,2025-11-02 15:51:20,USR008,,CON0542,ACC0271,OPP0066,Executive check-in,Follow-Up Needed,true
ACT0003687,Email,2025-11-05 14:38:55,USR008,,CON0542,ACC0271,OPP0066,Meeting recap,No Response,true
ACT0003688,Meeting,2025-11-09 04:37:55,USR008,,CON0542,ACC0271,OPP0066,Discovery meeting,Meeting Held,true
ACT0003689,Email,2025-11-16 14:38:02,USR008,,CON0542,ACC0271,OPP0066,Introductory email,Connected,true
ACT0003690,Meeting,2024-01-20 02:15:00,USR010,,CON0158,ACC0077,OPP0067,Executive check-in,Rescheduled,true
ACT0003691,Call,2024-02-06 03:57:50,USR010,,CON0158,ACC0077,OPP0067,Pricing follow-up,Connected,true
ACT0003692,Call,2024-02-17 21:01:55,USR010,,CON0158,ACC0077,OPP0067,Initial outreach call,Connected,true
ACT0003693,Meeting,2024-03-05 18:50:14,USR010,,CON0158,ACC0077,OPP0067,Executive check-in,Follow-Up Needed,true
ACT0003694,Call,2024-03-16 04:33:01,USR010,,CON0158,ACC0077,OPP0067,Stakeholder check-in,Left Voicemail,true
ACT0003695,Demo,2026-05-30 14:08:34,USR009,,CON0624,ACC0313,OPP0068,Technical demo,Meeting Held,true
ACT0003696,Email,2026-05-30 16:23:41,USR009,,CON0624,ACC0313,OPP0068,Meeting recap,Follow-Up Needed,true
ACT0003697,Call,2026-06-06 22:48:16,USR009,,CON0624,ACC0313,OPP0068,Qualification call,Follow-Up Needed,true
ACT0003698,Email,2026-06-16 17:35:30,USR009,,CON0624,ACC0313,OPP0068,Meeting recap,Connected,true
ACT0003699,Email,2026-06-22 14:28:03,USR009,,CON0624,ACC0313,OPP0068,Meeting recap,Connected,true
ACT0003700,Meeting,2026-06-23 23:28:30,USR009,,CON0624,ACC0313,OPP0068,Executive check-in,Rescheduled,true
ACT0003701,Email,2026-07-13 08:23:46,USR009,,CON0624,ACC0313,OPP0068,Proposal follow-up,Follow-Up Needed,true
ACT0003702,Meeting,2026-07-17 14:03:38,USR009,,CON0624,ACC0313,OPP0068,Discovery meeting,Rescheduled,true
ACT0003703,Meeting,2026-08-06 00:38:18,USR009,,CON0624,ACC0313,OPP0068,Discovery meeting,Follow-Up Needed,true
ACT0003704,Email,2026-06-22 07:22:23,USR007,,CON0332,ACC0164,OPP0070,Next steps email,Follow-Up Needed,true
ACT0003705,Call,2026-06-23 05:26:49,USR007,,CON0332,ACC0164,OPP0070,Pricing follow-up,Left Voicemail,true
ACT0003706,Email,2026-06-24 20:01:43,USR007,,CON0332,ACC0164,OPP0070,Proposal follow-up,Connected,true
ACT0003707,Email,2026-06-26 12:08:32,USR007,,CON0332,ACC0164,OPP0070,Next steps email,Follow-Up Needed,true
ACT0003708,Email,2026-06-27 07:43:57,USR007,,CON0332,ACC0164,OPP0070,Next steps email,No Response,true
ACT0003709,Meeting,2026-06-29 19:23:54,USR007,,CON0332,ACC0164,OPP0070,Requirements review,Rescheduled,true
ACT0003710,Email,2026-07-03 15:22:41,USR007,,CON0332,ACC0164,OPP0070,Meeting recap,Follow-Up Needed,true
ACT0003711,Email,2026-07-03 23:50:00,USR007,,CON0332,ACC0164,OPP0070,Next steps email,No Response,true
ACT0003712,Meeting,2026-07-04 09:20:31,USR007,,CON0332,ACC0164,OPP0070,Discovery meeting,Meeting Held,true
ACT0003713,Email,2026-07-06 10:06:18,USR007,,CON0332,ACC0164,OPP0070,Next steps email,Follow-Up Needed,true
ACT0003714,Meeting,2026-07-09 03:36:41,USR007,,CON0332,ACC0164,OPP0070,Commercial review,Rescheduled,true
ACT0003715,Call,2026-08-28 11:44:05,USR012,,CON0583,ACC0292,OPP0071,Qualification call,Follow-Up Needed,true
ACT0003716,Meeting,2026-08-29 06:18:17,USR012,,CON0583,ACC0292,OPP0071,Commercial review,Rescheduled,true
ACT0003717,Email,2026-08-29 14:44:25,USR012,,CON0583,ACC0292,OPP0071,Proposal follow-up,No Response,true
ACT0003718,Meeting,2026-08-30 00:00:00,USR012,,CON0583,ACC0292,OPP0071,Requirements review,Rescheduled,true
ACT0003719,Email,2026-07-26 20:53:18,USR007,,CON0336,ACC0166,OPP0072,Meeting recap,Follow-Up Needed,true
ACT0003720,Email,2026-07-29 02:32:43,USR007,,CON0336,ACC0166,OPP0072,Follow-up email,Follow-Up Needed,true
ACT0003721,Other,2026-07-31 00:10:02,USR007,,CON0336,ACC0166,OPP0072,Contract coordination,Follow-Up Needed,true
ACT0003722,Call,2026-08-16 11:16:33,USR007,,CON0336,ACC0166,OPP0072,Follow-up call,Connected,true
ACT0003723,Demo,2026-08-24 22:54:11,USR007,,CON0336,ACC0166,OPP0072,Product demo,Meeting Held,true
ACT0003724,Call,2026-09-01 04:49:02,USR007,,CON0336,ACC0166,OPP0072,Qualification call,No Response,true
ACT0003725,Call,2026-09-02 00:00:00,USR007,,CON0336,ACC0166,OPP0072,Stakeholder check-in,No Response,true
ACT0003726,Email,2026-01-04 19:42:13,USR012,,CON0110,ACC0056,OPP0073,Proposal follow-up,Connected,true
ACT0003727,Other,2026-01-17 01:43:07,USR012,,CON0110,ACC0056,OPP0073,Internal customer follow-up,Follow-Up Needed,true
ACT0003728,Email,2026-02-21 06:30:50,USR012,,CON0110,ACC0056,OPP0073,Introductory email,No Response,true
ACT0003729,Email,2026-02-21 18:43:08,USR012,,CON0110,ACC0056,OPP0073,Introductory email,Connected,true
ACT0003730,Call,2026-03-14 16:17:47,USR012,,CON0110,ACC0056,OPP0073,Pricing follow-up,Left Voicemail,true
ACT0003731,Call,2026-04-17 09:41:05,USR012,,CON0110,ACC0056,OPP0073,Qualification call,No Response,true
ACT0003732,Demo,2025-07-27 17:58:11,USR011,,CON0375,ACC0189,OPP0074,Product demo,Meeting Held,true
ACT0003733,Meeting,2025-08-04 14:56:45,USR011,,CON0375,ACC0189,OPP0074,Executive check-in,Meeting Held,true
ACT0003734,Meeting,2025-08-05 10:54:34,USR011,,CON0375,ACC0189,OPP0074,Requirements review,Rescheduled,true
ACT0003735,Meeting,2025-08-08 07:22:59,USR011,,CON0375,ACC0189,OPP0074,Commercial review,Follow-Up Needed,true
ACT0003736,Call,2025-08-08 23:01:32,USR011,,CON0375,ACC0189,OPP0074,Pricing follow-up,Follow-Up Needed,true
ACT0003737,Meeting,2025-08-13 08:03:37,USR011,,CON0375,ACC0189,OPP0074,Commercial review,Rescheduled,true
ACT0003738,Meeting,2025-08-19 09:30:33,USR011,,CON0375,ACC0189,OPP0074,Commercial review,Meeting Held,true
ACT0003739,Other,2025-09-08 00:00:00,USR011,,CON0375,ACC0189,OPP0074,Procurement follow-up,Connected,true
ACT0003740,Meeting,2026-08-13 04:26:59,USR008,,CON0382,ACC0192,OPP0075,Stakeholder meeting,Rescheduled,true
ACT0003741,Other,2026-08-18 01:23:30,USR008,,CON0382,ACC0192,OPP0075,Contract coordination,Follow-Up Needed,true
ACT0003742,Call,2026-09-08 18:16:52,USR008,,CON0382,ACC0192,OPP0075,Pricing follow-up,Follow-Up Needed,true
ACT0003743,Email,2026-09-09 16:02:59,USR008,,CON0382,ACC0192,OPP0075,Meeting recap,No Response,true
ACT0003744,Email,2026-09-18 00:00:00,USR008,,CON0382,ACC0192,OPP0075,Next steps email,Connected,true
ACT0003745,Meeting,2025-05-30 20:02:04,USR005,,CON0535,ACC0267,OPP0076,Requirements review,Meeting Held,true
ACT0003746,Email,2025-05-30 21:43:58,USR005,,CON0535,ACC0267,OPP0076,Introductory email,Connected,true
ACT0003747,Email,2025-06-06 18:01:34,USR005,,CON0535,ACC0267,OPP0076,Introductory email,Follow-Up Needed,true
ACT0003748,Meeting,2025-06-10 10:49:37,USR005,,CON0535,ACC0267,OPP0076,Commercial review,Meeting Held,true
ACT0003749,Email,2025-06-17 17:30:59,USR005,,CON0535,ACC0267,OPP0076,Follow-up email,Connected,true
ACT0003750,Meeting,2023-11-08 23:58:16,USR009,,CON0372,ACC0186,OPP0077,Discovery meeting,Rescheduled,true
ACT0003751,Call,2023-11-17 00:56:15,USR009,,CON0372,ACC0186,OPP0077,Pricing follow-up,Connected,true
ACT0003752,Meeting,2023-12-03 07:38:48,USR009,,CON0372,ACC0186,OPP0077,Executive check-in,Follow-Up Needed,true
ACT0003753,Other,2023-12-07 18:22:44,USR009,,CON0372,ACC0186,OPP0077,Contract coordination,Follow-Up Needed,true
ACT0003754,Call,2023-12-17 19:55:07,USR009,,CON0372,ACC0186,OPP0077,Qualification call,Left Voicemail,true
ACT0003755,Meeting,2024-01-03 04:24:03,USR009,,CON0372,ACC0186,OPP0077,Executive check-in,Follow-Up Needed,true
ACT0003756,Email,2024-01-13 00:00:00,USR009,,CON0372,ACC0186,OPP0077,Meeting recap,Connected,true
ACT0003757,Meeting,2024-08-15 17:53:34,USR011,,CON0516,ACC0257,OPP0078,Discovery meeting,Follow-Up Needed,true
ACT0003758,Email,2024-08-16 16:07:52,USR011,,CON0516,ACC0257,OPP0078,Next steps email,Follow-Up Needed,true
ACT0003759,Email,2024-08-19 04:32:14,USR011,,CON0516,ACC0257,OPP0078,Meeting recap,Follow-Up Needed,true
ACT0003760,Meeting,2024-08-26 05:48:29,USR011,,CON0516,ACC0257,OPP0078,Commercial review,Rescheduled,true
ACT0003761,Meeting,2024-09-01 02:07:45,USR011,,CON0516,ACC0257,OPP0078,Stakeholder meeting,Follow-Up Needed,true
ACT0003762,Email,2024-09-03 04:18:24,USR011,,CON0516,ACC0257,OPP0078,Introductory email,Follow-Up Needed,true
ACT0003763,Email,2024-09-20 00:00:00,USR011,,CON0516,ACC0257,OPP0078,Proposal follow-up,Follow-Up Needed,true
ACT0003764,Email,2023-06-20 11:55:33,USR011,,CON0360,ACC0179,OPP0079,Introductory email,Connected,true
ACT0003765,Meeting,2023-06-23 23:00:53,USR011,,CON0360,ACC0179,OPP0079,Executive check-in,Meeting Held,true
ACT0003766,Call,2023-07-01 22:36:32,USR011,,CON0360,ACC0179,OPP0079,Qualification call,No Response,true
ACT0003767,Meeting,2023-07-05 00:02:49,USR011,,CON0360,ACC0179,OPP0079,Stakeholder meeting,Follow-Up Needed,true
ACT0003768,Email,2023-08-02 05:33:26,USR011,,CON0360,ACC0179,OPP0079,Next steps email,No Response,true
ACT0003769,Email,2023-08-05 13:58:09,USR011,,CON0360,ACC0179,OPP0079,Meeting recap,No Response,true
ACT0003770,Other,2023-08-13 02:54:52,USR011,,CON0360,ACC0179,OPP0079,Procurement follow-up,Connected,true
ACT0003771,Meeting,2023-08-20 08:08:31,USR011,,CON0360,ACC0179,OPP0079,Requirements review,Meeting Held,true
ACT0003772,Demo,2026-09-03 15:46:17,USR009,,CON0008,ACC0003,OPP0080,Solution review,Meeting Held,true
ACT0003773,Meeting,2026-09-11 20:19:38,USR009,,CON0008,ACC0003,OPP0080,Discovery meeting,Follow-Up Needed,true
ACT0003774,Email,2026-09-18 00:00:00,USR009,,CON0008,ACC0003,OPP0080,Introductory email,No Response,true
ACT0003775,Demo,2025-10-15 01:11:40,USR005,,CON0093,ACC0048,OPP0081,Solution review,Meeting Held,true
ACT0003776,Meeting,2025-10-19 04:44:47,USR005,,CON0093,ACC0048,OPP0081,Requirements review,Follow-Up Needed,true
ACT0003777,Meeting,2025-10-28 07:17:46,USR005,,CON0093,ACC0048,OPP0081,Commercial review,Follow-Up Needed,true
ACT0003778,Meeting,2025-11-04 00:43:07,USR005,,CON0093,ACC0048,OPP0081,Executive check-in,Meeting Held,true
ACT0003779,Meeting,2025-11-04 12:21:12,USR005,,CON0093,ACC0048,OPP0081,Discovery meeting,Follow-Up Needed,true
ACT0003780,Email,2025-11-14 23:06:55,USR005,,CON0093,ACC0048,OPP0081,Meeting recap,Follow-Up Needed,true
ACT0003781,Call,2024-06-17 21:54:51,USR005,,CON0240,ACC0119,OPP0082,Qualification call,Left Voicemail,true
ACT0003782,Meeting,2024-06-20 18:54:09,USR005,,CON0240,ACC0119,OPP0082,Requirements review,Follow-Up Needed,true
ACT0003783,Email,2024-06-21 20:33:40,USR005,,CON0240,ACC0119,OPP0082,Proposal follow-up,Connected,true
ACT0003784,Email,2024-06-24 11:30:41,USR005,,CON0240,ACC0119,OPP0082,Introductory email,No Response,true
ACT0003785,Meeting,2024-07-01 18:36:17,USR005,,CON0240,ACC0119,OPP0082,Discovery meeting,Follow-Up Needed,true
ACT0003786,Email,2024-07-03 06:46:23,USR005,,CON0240,ACC0119,OPP0082,Meeting recap,Connected,true
ACT0003787,Demo,2024-07-10 22:07:55,USR005,,CON0240,ACC0119,OPP0082,Solution review,Follow-Up Needed,true
ACT0003788,Call,2024-07-15 03:40:35,USR005,,CON0240,ACC0119,OPP0082,Follow-up call,Follow-Up Needed,true
ACT0003789,Email,2024-07-17 07:59:35,USR005,,CON0240,ACC0119,OPP0082,Follow-up email,Follow-Up Needed,true
ACT0003790,Meeting,2024-07-18 08:39:02,USR005,,CON0240,ACC0119,OPP0082,Commercial review,Meeting Held,true
ACT0003791,Meeting,2024-07-25 00:00:00,USR005,,CON0240,ACC0119,OPP0082,Stakeholder meeting,Follow-Up Needed,true
ACT0003792,Email,2026-08-14 00:41:06,USR011,,CON0276,ACC0137,OPP0083,Meeting recap,No Response,true
ACT0003793,Email,2026-08-14 12:09:21,USR011,,CON0276,ACC0137,OPP0083,Follow-up email,Connected,true
ACT0003794,Email,2026-08-14 12:47:16,USR011,,CON0276,ACC0137,OPP0083,Follow-up email,Connected,true
ACT0003795,Call,2026-08-15 17:12:34,USR011,,CON0276,ACC0137,OPP0083,Initial outreach call,Follow-Up Needed,true
ACT0003796,Email,2026-08-16 01:40:18,USR011,,CON0276,ACC0137,OPP0083,Next steps email,No Response,true
ACT0003797,Demo,2026-08-16 04:05:34,USR011,,CON0276,ACC0137,OPP0083,Product demo,Follow-Up Needed,true
ACT0003798,Other,2026-08-17 00:00:00,USR011,,CON0276,ACC0137,OPP0083,Contract coordination,Follow-Up Needed,true
ACT0003799,Meeting,2024-05-13 22:19:35,USR005,,CON0644,ACC0323,OPP0084,Commercial review,Meeting Held,true
ACT0003800,Other,2024-05-14 06:40:32,USR005,,CON0644,ACC0323,OPP0084,Contract coordination,Follow-Up Needed,true
ACT0003801,Meeting,2024-05-16 05:19:15,USR005,,CON0644,ACC0323,OPP0084,Discovery meeting,Meeting Held,true
ACT0003802,Email,2024-05-17 16:29:41,USR005,,CON0644,ACC0323,OPP0084,Follow-up email,No Response,true
ACT0003803,Other,2024-05-31 03:32:36,USR005,,CON0644,ACC0323,OPP0084,Procurement follow-up,Other,true
ACT0003804,Meeting,2024-06-02 13:46:09,USR005,,CON0644,ACC0323,OPP0084,Commercial review,Meeting Held,true
ACT0003805,Email,2024-06-08 00:50:14,USR005,,CON0644,ACC0323,OPP0084,Introductory email,Follow-Up Needed,true
ACT0003806,Call,2024-06-09 14:13:17,USR005,,CON0644,ACC0323,OPP0084,Initial outreach call,No Response,true
ACT0003807,Meeting,2024-06-13 00:18:29,USR005,,CON0644,ACC0323,OPP0084,Discovery meeting,Meeting Held,true
ACT0003808,Demo,2026-07-27 20:09:14,USR006,,CON0480,ACC0238,OPP0085,Solution review,Follow-Up Needed,true
ACT0003809,Email,2026-07-29 10:27:52,USR006,,CON0480,ACC0238,OPP0085,Next steps email,Follow-Up Needed,true
ACT0003810,Other,2026-07-31 10:53:26,USR006,,CON0480,ACC0238,OPP0085,Procurement follow-up,Other,true
ACT0003811,Meeting,2026-08-08 04:05:40,USR006,,CON0480,ACC0238,OPP0085,Stakeholder meeting,Rescheduled,true
ACT0003812,Meeting,2026-08-09 17:56:09,USR006,,CON0480,ACC0238,OPP0085,Stakeholder meeting,Rescheduled,true
ACT0003813,Email,2026-09-04 00:00:00,USR006,,CON0480,ACC0238,OPP0085,Meeting recap,No Response,true
ACT0003814,Email,2023-04-02 13:15:47,USR008,,CON0066,ACC0031,OPP0086,Next steps email,No Response,true
ACT0003815,Meeting,2023-04-09 03:02:57,USR008,,CON0066,ACC0031,OPP0086,Commercial review,Follow-Up Needed,true
ACT0003816,Call,2023-04-10 09:55:52,USR008,,CON0066,ACC0031,OPP0086,Follow-up call,Left Voicemail,true
ACT0003817,Meeting,2023-04-12 08:43:04,USR008,,CON0066,ACC0031,OPP0086,Stakeholder meeting,Meeting Held,true
ACT0003818,Meeting,2023-04-16 22:15:58,USR008,,CON0066,ACC0031,OPP0086,Stakeholder meeting,Rescheduled,true
ACT0003819,Meeting,2023-04-19 20:03:13,USR008,,CON0066,ACC0031,OPP0086,Stakeholder meeting,Meeting Held,true
ACT0003820,Call,2023-04-20 20:11:58,USR008,,CON0066,ACC0031,OPP0086,Pricing follow-up,Left Voicemail,true
ACT0003821,Meeting,2023-04-23 00:03:58,USR008,,CON0066,ACC0031,OPP0086,Stakeholder meeting,Meeting Held,true
ACT0003822,Email,2023-04-25 22:53:05,USR008,,CON0066,ACC0031,OPP0086,Follow-up email,Connected,true
ACT0003823,Other,2023-05-07 11:42:15,USR008,,CON0066,ACC0031,OPP0086,Internal customer follow-up,Follow-Up Needed,true
ACT0003824,Call,2026-08-28 19:08:27,USR011,,CON0058,ACC0027,OPP0087,Qualification call,Follow-Up Needed,true
ACT0003825,Call,2026-08-29 00:33:19,USR011,,CON0058,ACC0027,OPP0087,Stakeholder check-in,No Response,true
ACT0003826,Meeting,2026-08-31 03:38:32,USR011,,CON0058,ACC0027,OPP0087,Commercial review,Rescheduled,true
ACT0003827,Email,2026-09-02 10:52:14,USR011,,CON0058,ACC0027,OPP0087,Introductory email,Follow-Up Needed,true
ACT0003828,Demo,2026-09-03 20:38:36,USR011,,CON0058,ACC0027,OPP0087,Product demo,Follow-Up Needed,true
ACT0003829,Meeting,2026-09-03 21:28:38,USR011,,CON0058,ACC0027,OPP0087,Requirements review,Meeting Held,true
ACT0003830,Other,2026-09-04 08:10:25,USR011,,CON0058,ACC0027,OPP0087,Contract coordination,Follow-Up Needed,true
ACT0003831,Email,2026-09-04 17:41:00,USR011,,CON0058,ACC0027,OPP0087,Follow-up email,Connected,true
ACT0003832,Email,2026-09-06 06:37:49,USR011,,CON0058,ACC0027,OPP0087,Next steps email,Connected,true
ACT0003833,Email,2026-09-10 00:00:00,USR011,,CON0058,ACC0027,OPP0087,Follow-up email,No Response,true
ACT0003834,Other,2026-08-25 08:39:05,USR006,,CON0223,ACC0110,OPP0089,Internal customer follow-up,Follow-Up Needed,true
ACT0003835,Call,2026-08-25 15:20:21,USR006,,CON0223,ACC0110,OPP0089,Qualification call,Follow-Up Needed,true
ACT0003836,Email,2026-09-01 04:27:23,USR006,,CON0223,ACC0110,OPP0089,Introductory email,Connected,true
ACT0003837,Meeting,2026-09-06 09:20:10,USR006,,CON0223,ACC0110,OPP0089,Executive check-in,Meeting Held,true
ACT0003838,Call,2026-09-08 03:28:12,USR006,,CON0223,ACC0110,OPP0089,Follow-up call,Left Voicemail,true
ACT0003839,Meeting,2026-09-08 14:32:40,USR006,,CON0223,ACC0110,OPP0089,Discovery meeting,Follow-Up Needed,true
ACT0003840,Call,2026-09-11 16:14:05,USR006,,CON0223,ACC0110,OPP0089,Initial outreach call,No Response,true
ACT0003841,Meeting,2026-09-11 23:49:55,USR006,,CON0223,ACC0110,OPP0089,Commercial review,Rescheduled,true
ACT0003842,Meeting,2026-09-12 22:21:27,USR006,,CON0223,ACC0110,OPP0089,Discovery meeting,Meeting Held,true
ACT0003843,Email,2026-09-16 00:00:00,USR006,,CON0223,ACC0110,OPP0089,Introductory email,No Response,true
ACT0003844,Call,2024-06-16 06:08:18,USR011,,CON0021,ACC0008,OPP0090,Pricing follow-up,Left Voicemail,true
ACT0003845,Call,2024-06-29 21:00:56,USR011,,CON0021,ACC0008,OPP0090,Stakeholder check-in,Follow-Up Needed,true
ACT0003846,Meeting,2024-07-21 22:05:13,USR011,,CON0021,ACC0008,OPP0090,Commercial review,Meeting Held,true
ACT0003847,Meeting,2024-07-30 16:14:26,USR011,,CON0021,ACC0008,OPP0090,Requirements review,Rescheduled,true
ACT0003848,Meeting,2024-08-06 19:56:53,USR011,,CON0021,ACC0008,OPP0090,Stakeholder meeting,Meeting Held,true
ACT0003849,Meeting,2026-07-18 11:04:30,USR005,,CON0473,ACC0234,OPP0091,Stakeholder meeting,Follow-Up Needed,true
ACT0003850,Email,2026-07-19 01:28:30,USR005,,CON0473,ACC0234,OPP0091,Next steps email,No Response,true
ACT0003851,Meeting,2026-07-23 12:45:14,USR005,,CON0473,ACC0234,OPP0091,Stakeholder meeting,Meeting Held,true
ACT0003852,Call,2026-07-23 21:27:45,USR005,,CON0473,ACC0234,OPP0091,Follow-up call,Left Voicemail,true
ACT0003853,Meeting,2026-07-24 11:21:10,USR005,,CON0473,ACC0234,OPP0091,Requirements review,Rescheduled,true
ACT0003854,Email,2026-07-25 16:12:54,USR005,,CON0473,ACC0234,OPP0091,Introductory email,No Response,true
ACT0003855,Meeting,2026-07-28 15:35:03,USR005,,CON0473,ACC0234,OPP0091,Requirements review,Rescheduled,true
ACT0003856,Meeting,2026-07-31 00:24:58,USR005,,CON0473,ACC0234,OPP0091,Executive check-in,Meeting Held,true
ACT0003857,Other,2026-08-03 11:37:55,USR005,,CON0473,ACC0234,OPP0091,Contract coordination,Follow-Up Needed,true
ACT0003858,Meeting,2026-08-03 17:01:16,USR005,,CON0473,ACC0234,OPP0091,Requirements review,Follow-Up Needed,true
ACT0003859,Meeting,2026-08-14 12:19:45,USR005,,CON0473,ACC0234,OPP0091,Executive check-in,Rescheduled,true
ACT0003860,Meeting,2024-03-15 14:45:45,USR012,,CON0436,ACC0219,OPP0092,Commercial review,Follow-Up Needed,true
ACT0003861,Demo,2024-03-18 01:51:04,USR012,,CON0436,ACC0219,OPP0092,Product demo,Follow-Up Needed,true
ACT0003862,Meeting,2024-04-14 08:15:08,USR012,,CON0436,ACC0219,OPP0092,Commercial review,Meeting Held,true
ACT0003863,Email,2024-04-20 05:49:19,USR012,,CON0436,ACC0219,OPP0092,Proposal follow-up,Connected,true
ACT0003864,Meeting,2024-04-25 23:34:38,USR012,,CON0436,ACC0219,OPP0092,Stakeholder meeting,Rescheduled,true
ACT0003865,Meeting,2024-05-03 10:18:18,USR012,,CON0436,ACC0219,OPP0092,Executive check-in,Follow-Up Needed,true
ACT0003866,Meeting,2024-05-07 15:45:02,USR012,,CON0436,ACC0219,OPP0092,Commercial review,Rescheduled,true
ACT0003867,Demo,2024-05-13 23:06:39,USR012,,CON0436,ACC0219,OPP0092,Workflow demonstration,Meeting Held,true
ACT0003868,Demo,2024-05-26 16:20:34,USR012,,CON0436,ACC0219,OPP0092,Product demo,Rescheduled,true
ACT0003869,Other,2024-06-02 22:35:40,USR012,,CON0436,ACC0219,OPP0092,Internal customer follow-up,Other,true
ACT0003870,Meeting,2024-06-20 12:02:03,USR006,,CON0598,ACC0299,OPP0093,Stakeholder meeting,Follow-Up Needed,true
ACT0003871,Meeting,2024-06-21 20:52:27,USR006,,CON0598,ACC0299,OPP0093,Stakeholder meeting,Meeting Held,true
ACT0003872,Call,2024-06-26 15:57:57,USR006,,CON0598,ACC0299,OPP0093,Qualification call,Connected,true
ACT0003873,Email,2024-07-05 14:28:20,USR006,,CON0598,ACC0299,OPP0093,Proposal follow-up,No Response,true
ACT0003874,Call,2024-07-08 15:06:38,USR006,,CON0598,ACC0299,OPP0093,Initial outreach call,No Response,true
ACT0003875,Meeting,2024-07-17 23:11:56,USR006,,CON0598,ACC0299,OPP0093,Stakeholder meeting,Follow-Up Needed,true
ACT0003876,Other,2024-07-23 13:45:43,USR006,,CON0598,ACC0299,OPP0093,Contract coordination,Connected,true
ACT0003877,Email,2025-08-15 23:45:35,USR009,,CON0266,ACC0132,OPP0094,Next steps email,No Response,true
ACT0003878,Meeting,2025-08-22 16:38:31,USR009,,CON0266,ACC0132,OPP0094,Requirements review,Meeting Held,true
ACT0003879,Email,2025-08-27 14:36:46,USR009,,CON0266,ACC0132,OPP0094,Follow-up email,Connected,true
ACT0003880,Meeting,2025-08-27 21:08:17,USR009,,CON0266,ACC0132,OPP0094,Discovery meeting,Meeting Held,true
ACT0003881,Email,2025-09-01 02:43:50,USR009,,CON0266,ACC0132,OPP0094,Proposal follow-up,No Response,true
ACT0003882,Email,2025-09-04 18:46:37,USR009,,CON0266,ACC0132,OPP0094,Introductory email,Follow-Up Needed,true
ACT0003883,Meeting,2025-09-24 10:32:47,USR009,,CON0266,ACC0132,OPP0094,Stakeholder meeting,Rescheduled,true
ACT0003884,Email,2026-09-04 16:24:24,USR006,,CON0223,ACC0110,OPP0095,Next steps email,Connected,true
ACT0003885,Call,2026-09-06 20:43:54,USR006,,CON0223,ACC0110,OPP0095,Initial outreach call,Left Voicemail,true
ACT0003886,Call,2026-09-16 00:00:00,USR006,,CON0223,ACC0110,OPP0095,Follow-up call,Left Voicemail,true
ACT0003887,Demo,2024-08-12 06:59:38,USR007,,CON0183,ACC0093,OPP0096,Technical demo,Meeting Held,true
ACT0003888,Email,2024-08-13 06:59:35,USR007,,CON0183,ACC0093,OPP0096,Proposal follow-up,Connected,true
ACT0003889,Email,2024-08-15 17:39:36,USR007,,CON0183,ACC0093,OPP0096,Meeting recap,No Response,true
ACT0003890,Email,2024-08-17 01:47:24,USR007,,CON0183,ACC0093,OPP0096,Next steps email,Follow-Up Needed,true
ACT0003891,Meeting,2024-08-20 01:34:17,USR007,,CON0183,ACC0093,OPP0096,Commercial review,Rescheduled,true
ACT0003892,Meeting,2024-08-25 14:19:29,USR007,,CON0183,ACC0093,OPP0096,Requirements review,Meeting Held,true
ACT0003893,Meeting,2024-08-26 16:24:28,USR007,,CON0183,ACC0093,OPP0096,Discovery meeting,Meeting Held,true
ACT0003894,Other,2024-08-29 05:27:55,USR007,,CON0183,ACC0093,OPP0096,Procurement follow-up,Other,true
ACT0003895,Email,2024-09-07 19:02:08,USR007,,CON0183,ACC0093,OPP0096,Introductory email,Follow-Up Needed,true
ACT0003896,Email,2026-07-18 13:59:33,USR007,,CON0528,ACC0264,OPP0097,Follow-up email,No Response,true
ACT0003897,Meeting,2026-07-21 04:43:00,USR007,,CON0528,ACC0264,OPP0097,Discovery meeting,Meeting Held,true
ACT0003898,Demo,2026-07-22 12:25:24,USR007,,CON0528,ACC0264,OPP0097,Product demo,Rescheduled,true
ACT0003899,Email,2026-07-26 15:09:29,USR007,,CON0528,ACC0264,OPP0097,Proposal follow-up,Connected,true
ACT0003900,Other,2026-07-28 02:58:00,USR007,,CON0528,ACC0264,OPP0097,Internal customer follow-up,Other,true
ACT0003901,Meeting,2026-08-06 05:27:56,USR007,,CON0528,ACC0264,OPP0097,Requirements review,Rescheduled,true
ACT0003902,Meeting,2026-08-07 15:12:29,USR007,,CON0528,ACC0264,OPP0097,Requirements review,Meeting Held,true
ACT0003903,Demo,2026-08-11 13:31:31,USR007,,CON0528,ACC0264,OPP0097,Solution review,Follow-Up Needed,true
ACT0003904,Demo,2026-08-16 23:53:24,USR007,,CON0528,ACC0264,OPP0097,Technical demo,Rescheduled,true
ACT0003905,Meeting,2026-08-21 17:49:56,USR007,,CON0528,ACC0264,OPP0097,Commercial review,Follow-Up Needed,true
ACT0003906,Meeting,2026-08-25 05:08:44,USR007,,CON0528,ACC0264,OPP0097,Requirements review,Follow-Up Needed,true
ACT0003907,Email,2025-06-23 12:11:36,USR008,,CON0594,ACC0297,OPP0098,Proposal follow-up,Follow-Up Needed,true
ACT0003908,Meeting,2025-06-25 12:37:51,USR008,,CON0594,ACC0297,OPP0098,Commercial review,Meeting Held,true
ACT0003909,Call,2025-06-25 14:29:59,USR008,,CON0594,ACC0297,OPP0098,Follow-up call,No Response,true
ACT0003910,Email,2025-06-30 10:35:46,USR008,,CON0594,ACC0297,OPP0098,Follow-up email,Connected,true
ACT0003911,Other,2025-07-01 09:48:03,USR008,,CON0594,ACC0297,OPP0098,Procurement follow-up,Other,true
ACT0003912,Email,2025-07-03 08:16:53,USR008,,CON0594,ACC0297,OPP0098,Proposal follow-up,No Response,true
ACT0003913,Email,2025-07-04 09:15:44,USR008,,CON0594,ACC0297,OPP0098,Proposal follow-up,No Response,true
ACT0003914,Meeting,2025-07-28 07:55:18,USR008,,CON0594,ACC0297,OPP0098,Discovery meeting,Meeting Held,true
ACT0003915,Other,2025-12-26 23:25:44,USR010,,CON0502,ACC0249,OPP0099,Procurement follow-up,Connected,true
ACT0003916,Email,2026-01-20 07:45:57,USR010,,CON0502,ACC0249,OPP0099,Proposal follow-up,Connected,true
ACT0003917,Meeting,2026-01-25 19:56:26,USR010,,CON0502,ACC0249,OPP0099,Requirements review,Rescheduled,true
ACT0003918,Meeting,2026-03-06 11:32:07,USR010,,CON0502,ACC0249,OPP0099,Requirements review,Follow-Up Needed,true
ACT0003919,Meeting,2026-03-18 20:02:20,USR010,,CON0502,ACC0249,OPP0099,Requirements review,Follow-Up Needed,true
ACT0003920,Email,2024-05-08 17:58:25,USR012,,CON0482,ACC0239,OPP0100,Introductory email,Connected,true
ACT0003921,Demo,2024-05-12 12:24:31,USR012,,CON0482,ACC0239,OPP0100,Workflow demonstration,Meeting Held,true
ACT0003922,Email,2024-05-15 19:29:37,USR012,,CON0482,ACC0239,OPP0100,Follow-up email,Connected,true
ACT0003923,Meeting,2024-05-20 15:38:03,USR012,,CON0482,ACC0239,OPP0100,Discovery meeting,Rescheduled,true
ACT0003924,Meeting,2024-05-21 22:28:30,USR012,,CON0482,ACC0239,OPP0100,Requirements review,Meeting Held,true
ACT0003925,Meeting,2024-05-25 09:50:47,USR012,,CON0482,ACC0239,OPP0100,Requirements review,Meeting Held,true
ACT0003926,Meeting,2024-06-12 05:38:50,USR012,,CON0482,ACC0239,OPP0100,Stakeholder meeting,Follow-Up Needed,true
ACT0003927,Meeting,2024-06-15 00:04:47,USR012,,CON0482,ACC0239,OPP0100,Discovery meeting,Rescheduled,true
ACT0003928,Email,2024-03-05 15:21:41,USR005,,CON0238,ACC0118,OPP0102,Follow-up email,Connected,true
ACT0003929,Other,2024-03-11 10:52:25,USR005,,CON0238,ACC0118,OPP0102,Procurement follow-up,Other,true
ACT0003930,Meeting,2024-03-18 09:13:08,USR005,,CON0238,ACC0118,OPP0102,Stakeholder meeting,Meeting Held,true
ACT0003931,Email,2024-03-24 03:29:35,USR005,,CON0238,ACC0118,OPP0102,Meeting recap,Connected,true
ACT0003932,Meeting,2024-03-25 01:14:02,USR005,,CON0238,ACC0118,OPP0102,Executive check-in,Meeting Held,true
ACT0003933,Meeting,2024-03-26 22:18:27,USR005,,CON0238,ACC0118,OPP0102,Requirements review,Rescheduled,true
ACT0003934,Meeting,2024-04-04 00:00:00,USR005,,CON0238,ACC0118,OPP0102,Stakeholder meeting,Rescheduled,true
ACT0003935,Meeting,2026-02-12 15:08:03,USR008,,CON0300,ACC0147,OPP0103,Discovery meeting,Follow-Up Needed,true
ACT0003936,Email,2026-02-17 12:59:18,USR008,,CON0300,ACC0147,OPP0103,Meeting recap,Follow-Up Needed,true
ACT0003937,Call,2026-02-19 16:46:11,USR008,,CON0300,ACC0147,OPP0103,Pricing follow-up,No Response,true
ACT0003938,Meeting,2026-02-20 15:49:53,USR008,,CON0300,ACC0147,OPP0103,Discovery meeting,Meeting Held,true
ACT0003939,Call,2026-02-25 21:27:44,USR008,,CON0300,ACC0147,OPP0103,Follow-up call,Connected,true
ACT0003940,Other,2026-02-27 02:00:44,USR008,,CON0300,ACC0147,OPP0103,Contract coordination,Connected,true
ACT0003941,Call,2026-02-27 11:03:25,USR008,,CON0300,ACC0147,OPP0103,Pricing follow-up,No Response,true
ACT0003942,Meeting,2026-03-02 06:51:36,USR008,,CON0300,ACC0147,OPP0103,Commercial review,Rescheduled,true
ACT0003943,Email,2026-03-06 02:52:04,USR008,,CON0300,ACC0147,OPP0103,Introductory email,Follow-Up Needed,true
ACT0003944,Demo,2026-03-10 08:19:08,USR008,,CON0300,ACC0147,OPP0103,Workflow demonstration,Meeting Held,true
ACT0003945,Meeting,2026-03-12 00:00:00,USR008,,CON0300,ACC0147,OPP0103,Requirements review,Rescheduled,true
ACT0003946,Meeting,2026-08-14 12:11:30,USR012,,CON0598,ACC0299,OPP0104,Requirements review,Meeting Held,true
ACT0003947,Meeting,2026-08-18 17:42:10,USR012,,CON0598,ACC0299,OPP0104,Commercial review,Follow-Up Needed,true
ACT0003948,Other,2026-08-20 15:21:50,USR012,,CON0598,ACC0299,OPP0104,Contract coordination,Connected,true
ACT0003949,Meeting,2026-08-25 18:43:46,USR012,,CON0598,ACC0299,OPP0104,Discovery meeting,Follow-Up Needed,true
ACT0003950,Call,2026-09-02 11:09:37,USR012,,CON0598,ACC0299,OPP0104,Qualification call,Connected,true
ACT0003951,Meeting,2026-09-19 00:00:00,USR012,,CON0598,ACC0299,OPP0104,Executive check-in,Meeting Held,true
ACT0003952,Email,2026-01-16 19:48:40,USR007,,CON0046,ACC0020,OPP0105,Follow-up email,Follow-Up Needed,true
ACT0003953,Email,2026-01-27 06:19:00,USR007,,CON0046,ACC0020,OPP0105,Proposal follow-up,Connected,true
ACT0003954,Call,2026-01-28 02:34:58,USR007,,CON0046,ACC0020,OPP0105,Pricing follow-up,Follow-Up Needed,true
ACT0003955,Email,2026-02-05 17:53:57,USR007,,CON0046,ACC0020,OPP0105,Meeting recap,No Response,true
ACT0003956,Demo,2026-02-12 16:47:50,USR007,,CON0046,ACC0020,OPP0105,Product demo,Rescheduled,true
ACT0003957,Meeting,2025-12-17 04:13:30,USR010,,CON0553,ACC0277,OPP0106,Discovery meeting,Follow-Up Needed,true
ACT0003958,Meeting,2025-12-28 04:58:41,USR010,,CON0553,ACC0277,OPP0106,Discovery meeting,Rescheduled,true
ACT0003959,Email,2025-12-31 09:41:34,USR010,,CON0553,ACC0277,OPP0106,Introductory email,No Response,true
ACT0003960,Other,2026-02-02 16:20:32,USR010,,CON0553,ACC0277,OPP0106,Internal customer follow-up,Connected,true
ACT0003961,Meeting,2026-02-06 22:05:50,USR010,,CON0553,ACC0277,OPP0106,Requirements review,Rescheduled,true
ACT0003962,Call,2026-08-20 01:27:48,USR012,,CON0160,ACC0078,OPP0107,Follow-up call,Follow-Up Needed,true
ACT0003963,Call,2026-08-22 21:13:56,USR012,,CON0160,ACC0078,OPP0107,Stakeholder check-in,Connected,true
ACT0003964,Demo,2026-09-02 17:55:35,USR012,,CON0160,ACC0078,OPP0107,Technical demo,Follow-Up Needed,true
ACT0003965,Email,2026-09-03 22:33:47,USR012,,CON0160,ACC0078,OPP0107,Proposal follow-up,Follow-Up Needed,true
ACT0003966,Email,2026-09-11 00:00:00,USR012,,CON0160,ACC0078,OPP0107,Follow-up email,Connected,true
ACT0003967,Meeting,2025-02-26 00:46:28,USR012,,CON0168,ACC0083,OPP0108,Stakeholder meeting,Meeting Held,true
ACT0003968,Email,2025-03-01 23:42:22,USR012,,CON0168,ACC0083,OPP0108,Proposal follow-up,Follow-Up Needed,true
ACT0003969,Email,2025-03-05 16:58:17,USR012,,CON0168,ACC0083,OPP0108,Next steps email,Follow-Up Needed,true
ACT0003970,Call,2025-03-22 18:41:39,USR012,,CON0168,ACC0083,OPP0108,Stakeholder check-in,No Response,true
ACT0003971,Email,2025-03-30 13:32:57,USR012,,CON0168,ACC0083,OPP0108,Proposal follow-up,Follow-Up Needed,true
ACT0003972,Meeting,2024-09-14 08:30:20,USR008,,CON0341,ACC0169,OPP0109,Executive check-in,Follow-Up Needed,true
ACT0003973,Call,2024-09-22 02:20:22,USR008,,CON0341,ACC0169,OPP0109,Pricing follow-up,No Response,true
ACT0003974,Other,2024-09-23 10:48:47,USR008,,CON0341,ACC0169,OPP0109,Internal customer follow-up,Other,true
ACT0003975,Meeting,2024-09-29 05:30:07,USR008,,CON0341,ACC0169,OPP0109,Requirements review,Meeting Held,true
ACT0003976,Meeting,2024-10-02 16:19:24,USR008,,CON0341,ACC0169,OPP0109,Requirements review,Meeting Held,true
ACT0003977,Call,2026-09-19 00:19:55,USR009,,CON0315,ACC0155,OPP0110,Initial outreach call,Left Voicemail,true
ACT0003978,Call,2026-09-19 19:43:08,USR009,,CON0315,ACC0155,OPP0110,Qualification call,Connected,true
ACT0003979,Email,2026-09-22 00:00:00,USR009,,CON0315,ACC0155,OPP0110,Meeting recap,No Response,true
ACT0003980,Meeting,2026-06-24 11:42:55,USR010,,CON0064,ACC0030,OPP0111,Discovery meeting,Rescheduled,true
ACT0003981,Other,2026-07-17 13:03:08,USR010,,CON0064,ACC0030,OPP0111,Internal customer follow-up,Other,true
ACT0003982,Other,2026-07-25 16:27:56,USR010,,CON0064,ACC0030,OPP0111,Internal customer follow-up,Follow-Up Needed,true
ACT0003983,Email,2026-07-29 17:24:48,USR010,,CON0064,ACC0030,OPP0111,Meeting recap,Connected,true
ACT0003984,Email,2026-08-06 10:53:57,USR010,,CON0064,ACC0030,OPP0111,Introductory email,Connected,true
ACT0003985,Other,2026-09-24 00:00:00,USR010,,CON0064,ACC0030,OPP0111,Procurement follow-up,Other,true
ACT0003986,Call,2025-04-28 08:30:40,USR011,,CON0101,ACC0051,OPP0112,Follow-up call,No Response,true
ACT0003987,Call,2025-05-05 00:53:55,USR011,,CON0101,ACC0051,OPP0112,Pricing follow-up,Follow-Up Needed,true
ACT0003988,Meeting,2025-05-08 01:26:30,USR011,,CON0101,ACC0051,OPP0112,Commercial review,Meeting Held,true
ACT0003989,Meeting,2025-05-22 07:02:49,USR011,,CON0101,ACC0051,OPP0112,Discovery meeting,Meeting Held,true
ACT0003990,Email,2025-05-23 05:35:52,USR011,,CON0101,ACC0051,OPP0112,Meeting recap,No Response,true
ACT0003991,Email,2025-05-25 18:56:12,USR011,,CON0101,ACC0051,OPP0112,Proposal follow-up,Connected,true
ACT0003992,Other,2025-06-20 18:02:26,USR011,,CON0101,ACC0051,OPP0112,Contract coordination,Connected,true
ACT0003993,Call,2026-09-06 13:29:54,USR005,,CON0476,ACC0236,OPP0113,Initial outreach call,Follow-Up Needed,true
ACT0003994,Other,2026-09-06 14:59:43,USR005,,CON0476,ACC0236,OPP0113,Internal customer follow-up,Connected,true
ACT0003995,Email,2026-09-06 22:46:40,USR005,,CON0476,ACC0236,OPP0113,Next steps email,Connected,true
ACT0003996,Call,2026-09-07 12:46:39,USR005,,CON0476,ACC0236,OPP0113,Follow-up call,No Response,true
ACT0003997,Call,2026-09-08 00:13:44,USR005,,CON0476,ACC0236,OPP0113,Stakeholder check-in,Follow-Up Needed,true
ACT0003998,Email,2026-09-08 20:02:29,USR005,,CON0476,ACC0236,OPP0113,Meeting recap,No Response,true
ACT0003999,Meeting,2026-09-09 00:00:00,USR005,,CON0476,ACC0236,OPP0113,Stakeholder meeting,Meeting Held,true
ACT0004000,Call,2026-08-12 06:07:15,USR005,,CON0041,ACC0017,OPP0114,Qualification call,Follow-Up Needed,true
ACT0004001,Demo,2026-08-22 23:47:47,USR005,,CON0041,ACC0017,OPP0114,Solution review,Meeting Held,true
ACT0004002,Email,2026-08-23 10:43:07,USR005,,CON0041,ACC0017,OPP0114,Proposal follow-up,No Response,true
ACT0004003,Meeting,2026-08-26 14:33:48,USR005,,CON0041,ACC0017,OPP0114,Stakeholder meeting,Rescheduled,true
ACT0004004,Email,2026-08-27 08:20:57,USR005,,CON0041,ACC0017,OPP0114,Follow-up email,Follow-Up Needed,true
ACT0004005,Call,2026-08-29 07:09:14,USR005,,CON0041,ACC0017,OPP0114,Stakeholder check-in,Connected,true
ACT0004006,Meeting,2026-09-02 13:05:52,USR005,,CON0041,ACC0017,OPP0114,Discovery meeting,Follow-Up Needed,true
ACT0004007,Call,2026-09-11 19:02:47,USR005,,CON0041,ACC0017,OPP0114,Stakeholder check-in,Connected,true
ACT0004008,Meeting,2026-09-15 00:00:00,USR005,,CON0041,ACC0017,OPP0114,Stakeholder meeting,Meeting Held,true
ACT0004009,Other,2024-07-13 21:06:49,USR009,,CON0642,ACC0322,OPP0115,Procurement follow-up,Other,true
ACT0004010,Email,2024-08-14 19:18:06,USR009,,CON0642,ACC0322,OPP0115,Next steps email,Follow-Up Needed,true
ACT0004011,Call,2024-08-16 12:29:20,USR009,,CON0642,ACC0322,OPP0115,Qualification call,Follow-Up Needed,true
ACT0004012,Meeting,2024-08-26 03:51:54,USR009,,CON0642,ACC0322,OPP0115,Requirements review,Rescheduled,true
ACT0004013,Email,2024-08-30 05:03:33,USR009,,CON0642,ACC0322,OPP0115,Meeting recap,Connected,true
ACT0004014,Meeting,2024-09-03 16:52:35,USR009,,CON0642,ACC0322,OPP0115,Commercial review,Rescheduled,true
ACT0004015,Meeting,2024-09-17 01:51:20,USR009,,CON0642,ACC0322,OPP0115,Commercial review,Meeting Held,true
ACT0004016,Meeting,2023-07-07 18:54:53,USR010,,CON0065,ACC0030,OPP0116,Commercial review,Follow-Up Needed,true
ACT0004017,Email,2023-08-04 05:12:17,USR010,,CON0065,ACC0030,OPP0116,Next steps email,Connected,true
ACT0004018,Meeting,2023-08-10 16:28:00,USR010,,CON0065,ACC0030,OPP0116,Commercial review,Meeting Held,true
ACT0004019,Meeting,2023-08-27 04:30:48,USR010,,CON0065,ACC0030,OPP0116,Commercial review,Meeting Held,true
ACT0004020,Other,2023-09-17 23:53:39,USR010,,CON0065,ACC0030,OPP0116,Contract coordination,Other,true
ACT0004021,Demo,2023-09-22 05:15:44,USR010,,CON0065,ACC0030,OPP0116,Workflow demonstration,Rescheduled,true
ACT0004022,Email,2023-10-17 04:03:28,USR010,,CON0065,ACC0030,OPP0116,Introductory email,No Response,true
ACT0004023,Meeting,2026-07-23 23:27:24,USR006,,,ACC0275,OPP0117,Commercial review,Rescheduled,true
ACT0004024,Call,2026-07-26 12:57:58,USR006,,,ACC0275,OPP0117,Qualification call,No Response,true
ACT0004025,Meeting,2026-07-28 06:21:13,USR006,,,ACC0275,OPP0117,Discovery meeting,Rescheduled,true
ACT0004026,Email,2026-07-29 13:44:54,USR006,,,ACC0275,OPP0117,Follow-up email,Connected,true
ACT0004027,Meeting,2026-07-31 03:19:15,USR006,,,ACC0275,OPP0117,Commercial review,Follow-Up Needed,true
ACT0004028,Email,2026-07-31 06:42:04,USR006,,,ACC0275,OPP0117,Introductory email,Connected,true
ACT0004029,Email,2026-08-01 14:31:59,USR006,,,ACC0275,OPP0117,Meeting recap,No Response,true
ACT0004030,Demo,2026-08-08 18:26:14,USR006,,,ACC0275,OPP0117,Solution review,Meeting Held,true
ACT0004031,Meeting,2026-08-09 00:00:00,USR006,,,ACC0275,OPP0117,Discovery meeting,Rescheduled,true
ACT0004032,Email,2026-07-09 00:03:14,USR006,,CON0313,ACC0154,OPP0119,Follow-up email,Connected,true
ACT0004033,Email,2026-08-01 04:43:01,USR006,,CON0313,ACC0154,OPP0119,Meeting recap,Connected,true
ACT0004034,Meeting,2026-08-02 17:45:52,USR006,,CON0313,ACC0154,OPP0119,Executive check-in,Meeting Held,true
ACT0004035,Call,2026-08-08 00:40:08,USR006,,CON0313,ACC0154,OPP0119,Initial outreach call,No Response,true
ACT0004036,Meeting,2026-08-10 06:33:03,USR006,,CON0313,ACC0154,OPP0119,Executive check-in,Meeting Held,true
ACT0004037,Email,2026-08-17 03:52:35,USR006,,CON0313,ACC0154,OPP0119,Next steps email,No Response,true
ACT0004038,Email,2026-08-19 07:42:10,USR006,,CON0313,ACC0154,OPP0119,Proposal follow-up,Follow-Up Needed,true
ACT0004039,Email,2026-08-25 01:21:14,USR006,,CON0313,ACC0154,OPP0119,Introductory email,Connected,true
ACT0004040,Other,2026-08-31 00:00:00,USR006,,CON0313,ACC0154,OPP0119,Internal customer follow-up,Follow-Up Needed,true
ACT0004041,Call,2026-07-24 21:12:07,USR010,,,ACC0204,OPP0120,Qualification call,No Response,true
ACT0004042,Meeting,2026-07-26 13:47:21,USR010,,,ACC0204,OPP0120,Commercial review,Rescheduled,true
ACT0004043,Demo,2026-07-27 03:56:20,USR010,,,ACC0204,OPP0120,Workflow demonstration,Follow-Up Needed,true
ACT0004044,Meeting,2026-07-27 10:16:13,USR010,,,ACC0204,OPP0120,Discovery meeting,Meeting Held,true
ACT0004045,Demo,2026-07-31 09:15:39,USR010,,,ACC0204,OPP0120,Workflow demonstration,Follow-Up Needed,true
ACT0004046,Email,2026-08-04 22:49:45,USR010,,,ACC0204,OPP0120,Follow-up email,No Response,true
ACT0004047,Meeting,2026-08-07 08:14:53,USR010,,,ACC0204,OPP0120,Discovery meeting,Rescheduled,true
ACT0004048,Call,2026-08-25 10:37:12,USR010,,,ACC0204,OPP0120,Initial outreach call,Follow-Up Needed,true
ACT0004049,Other,2026-09-04 00:00:00,USR010,,,ACC0204,OPP0120,Internal customer follow-up,Follow-Up Needed,true
ACT0004050,Demo,2026-08-19 17:55:47,USR008,,CON0024,ACC0009,OPP0121,Product demo,Rescheduled,true
ACT0004051,Meeting,2026-08-25 06:59:02,USR008,,CON0024,ACC0009,OPP0121,Stakeholder meeting,Rescheduled,true
ACT0004052,Meeting,2026-08-27 22:24:43,USR008,,CON0024,ACC0009,OPP0121,Stakeholder meeting,Follow-Up Needed,true
ACT0004053,Meeting,2026-08-28 19:54:36,USR008,,CON0024,ACC0009,OPP0121,Executive check-in,Rescheduled,true
ACT0004054,Email,2026-09-03 09:21:22,USR008,,CON0024,ACC0009,OPP0121,Next steps email,Connected,true
ACT0004055,Call,2026-09-09 19:35:14,USR008,,CON0024,ACC0009,OPP0121,Qualification call,Connected,true
ACT0004056,Call,2026-09-12 20:36:55,USR008,,CON0024,ACC0009,OPP0121,Pricing follow-up,No Response,true
ACT0004057,Demo,2026-09-18 00:00:00,USR008,,CON0024,ACC0009,OPP0121,Product demo,Rescheduled,true
ACT0004058,Email,2024-10-14 18:58:24,USR011,,CON0120,ACC0060,OPP0122,Meeting recap,Follow-Up Needed,true
ACT0004059,Email,2024-10-16 09:48:32,USR011,,CON0120,ACC0060,OPP0122,Proposal follow-up,No Response,true
ACT0004060,Meeting,2024-10-21 07:57:15,USR011,,CON0120,ACC0060,OPP0122,Stakeholder meeting,Rescheduled,true
ACT0004061,Meeting,2024-10-26 21:26:42,USR011,,CON0120,ACC0060,OPP0122,Stakeholder meeting,Follow-Up Needed,true
ACT0004062,Email,2024-11-18 08:34:30,USR011,,CON0120,ACC0060,OPP0122,Next steps email,Follow-Up Needed,true
ACT0004063,Call,2024-11-27 13:39:18,USR011,,CON0120,ACC0060,OPP0122,Qualification call,Follow-Up Needed,true
ACT0004064,Email,2024-11-28 06:48:39,USR011,,CON0120,ACC0060,OPP0122,Follow-up email,Connected,true
ACT0004065,Other,2024-12-17 00:00:00,USR011,,CON0120,ACC0060,OPP0122,Procurement follow-up,Connected,true
ACT0004066,Call,2026-07-12 13:14:35,USR005,,CON0186,ACC0094,OPP0123,Pricing follow-up,Left Voicemail,true
ACT0004067,Meeting,2026-07-13 20:27:59,USR005,,CON0186,ACC0094,OPP0123,Requirements review,Follow-Up Needed,true
ACT0004068,Call,2026-07-18 23:45:12,USR005,,CON0186,ACC0094,OPP0123,Initial outreach call,No Response,true
ACT0004069,Meeting,2026-07-24 03:37:41,USR005,,CON0186,ACC0094,OPP0123,Discovery meeting,Rescheduled,true
ACT0004070,Meeting,2026-07-26 14:27:57,USR005,,CON0186,ACC0094,OPP0123,Executive check-in,Rescheduled,true
ACT0004071,Meeting,2026-08-04 00:00:00,USR005,,CON0186,ACC0094,OPP0123,Executive check-in,Follow-Up Needed,true
ACT0004072,Meeting,2023-09-29 23:25:28,USR011,,CON0118,ACC0060,OPP0124,Stakeholder meeting,Meeting Held,true
ACT0004073,Meeting,2023-10-04 18:13:47,USR011,,CON0118,ACC0060,OPP0124,Stakeholder meeting,Rescheduled,true
ACT0004074,Email,2023-10-12 02:59:51,USR011,,CON0118,ACC0060,OPP0124,Meeting recap,Connected,true
ACT0004075,Email,2023-11-20 07:03:09,USR011,,CON0118,ACC0060,OPP0124,Next steps email,Follow-Up Needed,true
ACT0004076,Email,2023-11-27 01:44:17,USR011,,CON0118,ACC0060,OPP0124,Next steps email,Connected,true
ACT0004077,Call,2023-12-01 11:52:05,USR011,,CON0118,ACC0060,OPP0124,Pricing follow-up,Connected,true
ACT0004078,Meeting,2023-12-04 16:37:04,USR011,,CON0118,ACC0060,OPP0124,Executive check-in,Rescheduled,true
ACT0004079,Meeting,2026-08-19 09:43:06,USR006,,CON0609,ACC0306,OPP0125,Requirements review,Meeting Held,true
ACT0004080,Other,2026-08-22 00:21:04,USR006,,CON0609,ACC0306,OPP0125,Contract coordination,Other,true
ACT0004081,Meeting,2026-08-26 13:36:39,USR006,,CON0609,ACC0306,OPP0125,Stakeholder meeting,Rescheduled,true
ACT0004082,Email,2026-08-26 20:14:08,USR006,,CON0609,ACC0306,OPP0125,Introductory email,Connected,true
ACT0004083,Email,2026-08-29 13:58:56,USR006,,CON0609,ACC0306,OPP0125,Introductory email,No Response,true
ACT0004084,Call,2026-09-01 07:11:54,USR006,,CON0609,ACC0306,OPP0125,Follow-up call,Follow-Up Needed,true
ACT0004085,Meeting,2026-09-03 21:50:16,USR006,,CON0609,ACC0306,OPP0125,Executive check-in,Rescheduled,true
ACT0004086,Email,2026-09-06 05:44:16,USR006,,CON0609,ACC0306,OPP0125,Proposal follow-up,Follow-Up Needed,true
ACT0004087,Call,2026-09-06 11:08:02,USR006,,CON0609,ACC0306,OPP0125,Initial outreach call,No Response,true
ACT0004088,Email,2026-09-20 00:00:00,USR006,,CON0609,ACC0306,OPP0125,Next steps email,Follow-Up Needed,true
ACT0004089,Meeting,2026-05-23 23:33:16,USR009,,CON0499,ACC0247,OPP0126,Requirements review,Rescheduled,true
ACT0004090,Other,2026-05-24 18:23:18,USR009,,CON0499,ACC0247,OPP0126,Procurement follow-up,Connected,true
ACT0004091,Meeting,2026-06-12 05:04:39,USR009,,CON0499,ACC0247,OPP0126,Requirements review,Meeting Held,true
ACT0004092,Meeting,2026-06-12 19:06:03,USR009,,CON0499,ACC0247,OPP0126,Stakeholder meeting,Meeting Held,true
ACT0004093,Call,2026-06-25 19:11:36,USR009,,CON0499,ACC0247,OPP0126,Follow-up call,Follow-Up Needed,true
ACT0004094,Meeting,2026-07-07 08:56:44,USR009,,CON0499,ACC0247,OPP0126,Requirements review,Follow-Up Needed,true
ACT0004095,Email,2025-11-16 07:41:59,USR010,,CON0138,ACC0068,OPP0127,Meeting recap,Connected,true
ACT0004096,Meeting,2025-11-20 20:32:05,USR010,,CON0138,ACC0068,OPP0127,Requirements review,Follow-Up Needed,true
ACT0004097,Email,2025-11-24 13:54:35,USR010,,CON0138,ACC0068,OPP0127,Follow-up email,Follow-Up Needed,true
ACT0004098,Other,2025-11-25 21:58:02,USR010,,CON0138,ACC0068,OPP0127,Internal customer follow-up,Other,true
ACT0004099,Meeting,2025-12-04 23:07:52,USR010,,CON0138,ACC0068,OPP0127,Discovery meeting,Rescheduled,true
ACT0004100,Meeting,2025-12-06 18:29:47,USR010,,CON0138,ACC0068,OPP0127,Requirements review,Meeting Held,true
ACT0004101,Email,2025-12-16 22:40:18,USR010,,CON0138,ACC0068,OPP0127,Proposal follow-up,Connected,true
ACT0004102,Meeting,2026-01-08 20:10:55,USR010,,CON0138,ACC0068,OPP0127,Discovery meeting,Rescheduled,true
ACT0004103,Demo,2026-01-11 05:25:29,USR010,,CON0138,ACC0068,OPP0127,Technical demo,Follow-Up Needed,true
ACT0004104,Call,2023-10-06 08:08:11,USR006,,CON0087,ACC0043,OPP0128,Pricing follow-up,No Response,true
ACT0004105,Email,2023-10-07 14:44:16,USR006,,CON0087,ACC0043,OPP0128,Introductory email,No Response,true
ACT0004106,Meeting,2023-10-07 18:27:24,USR006,,CON0087,ACC0043,OPP0128,Executive check-in,Meeting Held,true
ACT0004107,Other,2023-10-08 19:55:44,USR006,,CON0087,ACC0043,OPP0128,Internal customer follow-up,Other,true
ACT0004108,Email,2023-10-11 11:01:56,USR006,,CON0087,ACC0043,OPP0128,Next steps email,Follow-Up Needed,true
ACT0004109,Email,2023-10-13 15:33:35,USR006,,CON0087,ACC0043,OPP0128,Proposal follow-up,Connected,true
ACT0004110,Call,2023-10-21 10:45:00,USR006,,CON0087,ACC0043,OPP0128,Pricing follow-up,Follow-Up Needed,true
ACT0004111,Email,2023-10-23 15:51:56,USR006,,CON0087,ACC0043,OPP0128,Next steps email,No Response,true
ACT0004112,Meeting,2023-10-25 03:31:09,USR006,,CON0087,ACC0043,OPP0128,Discovery meeting,Rescheduled,true
ACT0004113,Meeting,2024-10-25 05:13:19,USR011,,,ACC0294,OPP0130,Stakeholder meeting,Follow-Up Needed,true
ACT0004114,Meeting,2024-10-29 20:21:21,USR011,,,ACC0294,OPP0130,Executive check-in,Follow-Up Needed,true
ACT0004115,Meeting,2024-10-30 14:52:07,USR011,,,ACC0294,OPP0130,Discovery meeting,Meeting Held,true
ACT0004116,Other,2024-11-10 12:14:53,USR011,,,ACC0294,OPP0130,Internal customer follow-up,Connected,true
ACT0004117,Email,2024-11-25 23:00:34,USR011,,,ACC0294,OPP0130,Next steps email,Follow-Up Needed,true
ACT0004118,Email,2024-11-29 04:58:53,USR011,,,ACC0294,OPP0130,Follow-up email,Follow-Up Needed,true
ACT0004119,Call,2024-12-29 21:25:08,USR011,,,ACC0294,OPP0130,Qualification call,Left Voicemail,true
ACT0004120,Email,2025-01-06 00:00:00,USR011,,,ACC0294,OPP0130,Follow-up email,Connected,true
ACT0004121,Demo,2025-12-01 16:25:37,USR006,,CON0080,ACC0038,OPP0132,Workflow demonstration,Follow-Up Needed,true
ACT0004122,Meeting,2025-12-05 09:25:41,USR006,,CON0080,ACC0038,OPP0132,Discovery meeting,Follow-Up Needed,true
ACT0004123,Meeting,2025-12-07 14:56:41,USR006,,CON0080,ACC0038,OPP0132,Discovery meeting,Rescheduled,true
ACT0004124,Email,2025-12-09 02:11:16,USR006,,CON0080,ACC0038,OPP0132,Introductory email,Connected,true
ACT0004125,Call,2025-12-11 01:51:49,USR006,,CON0080,ACC0038,OPP0132,Qualification call,No Response,true
ACT0004126,Email,2025-12-11 20:13:43,USR006,,CON0080,ACC0038,OPP0132,Proposal follow-up,No Response,true
ACT0004127,Meeting,2025-12-12 11:19:34,USR006,,CON0080,ACC0038,OPP0132,Stakeholder meeting,Rescheduled,true
ACT0004128,Other,2025-12-13 07:15:45,USR006,,CON0080,ACC0038,OPP0132,Procurement follow-up,Connected,true
ACT0004129,Other,2025-12-16 14:47:35,USR006,,CON0080,ACC0038,OPP0132,Internal customer follow-up,Follow-Up Needed,true
ACT0004130,Demo,2023-02-15 07:54:27,USR011,,CON0586,ACC0294,OPP0133,Workflow demonstration,Follow-Up Needed,true
ACT0004131,Demo,2023-02-20 10:20:55,USR011,,CON0586,ACC0294,OPP0133,Solution review,Rescheduled,true
ACT0004132,Meeting,2023-02-26 13:47:40,USR011,,CON0586,ACC0294,OPP0133,Discovery meeting,Follow-Up Needed,true
ACT0004133,Call,2023-03-02 11:57:38,USR011,,CON0586,ACC0294,OPP0133,Qualification call,Connected,true
ACT0004134,Demo,2023-03-04 20:39:02,USR011,,CON0586,ACC0294,OPP0133,Workflow demonstration,Follow-Up Needed,true
ACT0004135,Meeting,2023-03-15 02:27:48,USR011,,CON0586,ACC0294,OPP0133,Discovery meeting,Follow-Up Needed,true
ACT0004136,Other,2023-03-27 00:50:38,USR011,,CON0586,ACC0294,OPP0133,Contract coordination,Connected,true
ACT0004137,Meeting,2023-03-29 18:12:18,USR011,,CON0586,ACC0294,OPP0133,Discovery meeting,Follow-Up Needed,true
ACT0004138,Email,2026-07-03 08:28:29,USR005,,,ACC0185,OPP0134,Next steps email,Follow-Up Needed,true
ACT0004139,Meeting,2026-07-26 19:50:55,USR005,,,ACC0185,OPP0134,Stakeholder meeting,Follow-Up Needed,true
ACT0004140,Email,2026-08-01 09:10:32,USR005,,,ACC0185,OPP0134,Follow-up email,No Response,true
ACT0004141,Meeting,2026-08-04 12:08:38,USR005,,,ACC0185,OPP0134,Requirements review,Follow-Up Needed,true
ACT0004142,Email,2026-08-08 10:11:45,USR005,,,ACC0185,OPP0134,Proposal follow-up,Follow-Up Needed,true
ACT0004143,Demo,2026-08-12 22:24:35,USR005,,,ACC0185,OPP0134,Product demo,Rescheduled,true
ACT0004144,Email,2026-09-08 00:00:00,USR005,,,ACC0185,OPP0134,Introductory email,Connected,true
ACT0004145,Meeting,2024-03-20 07:16:30,USR008,,CON0299,ACC0147,OPP0135,Requirements review,Meeting Held,true
ACT0004146,Email,2024-03-23 03:28:10,USR008,,CON0299,ACC0147,OPP0135,Follow-up email,Connected,true
ACT0004147,Call,2024-03-26 17:43:31,USR008,,CON0299,ACC0147,OPP0135,Pricing follow-up,Left Voicemail,true
ACT0004148,Meeting,2024-03-27 02:02:52,USR008,,CON0299,ACC0147,OPP0135,Discovery meeting,Meeting Held,true
ACT0004149,Meeting,2024-03-28 05:30:38,USR008,,CON0299,ACC0147,OPP0135,Requirements review,Meeting Held,true
ACT0004150,Demo,2024-03-30 11:21:25,USR008,,CON0299,ACC0147,OPP0135,Product demo,Follow-Up Needed,true
ACT0004151,Meeting,2024-03-31 10:47:50,USR008,,CON0299,ACC0147,OPP0135,Executive check-in,Rescheduled,true
ACT0004152,Meeting,2024-04-07 11:44:37,USR008,,CON0299,ACC0147,OPP0135,Commercial review,Follow-Up Needed,true
ACT0004153,Email,2025-12-02 07:30:22,USR010,,CON0589,ACC0295,OPP0136,Meeting recap,Connected,true
ACT0004154,Meeting,2025-12-03 18:09:49,USR010,,CON0589,ACC0295,OPP0136,Commercial review,Rescheduled,true
ACT0004155,Email,2025-12-05 01:57:45,USR010,,CON0589,ACC0295,OPP0136,Meeting recap,No Response,true
ACT0004156,Email,2025-12-15 13:09:49,USR010,,CON0589,ACC0295,OPP0136,Follow-up email,No Response,true
ACT0004157,Meeting,2025-12-18 12:43:02,USR010,,CON0589,ACC0295,OPP0136,Discovery meeting,Meeting Held,true
ACT0004158,Email,2025-12-24 07:57:20,USR010,,CON0589,ACC0295,OPP0136,Introductory email,No Response,true
ACT0004159,Meeting,2025-12-26 10:11:42,USR010,,CON0589,ACC0295,OPP0136,Executive check-in,Rescheduled,true
ACT0004160,Meeting,2025-12-28 05:10:48,USR010,,CON0589,ACC0295,OPP0136,Commercial review,Follow-Up Needed,true
ACT0004161,Email,2026-01-03 02:51:58,USR010,,CON0589,ACC0295,OPP0136,Meeting recap,Follow-Up Needed,true
ACT0004162,Other,2026-01-06 12:14:08,USR010,,CON0589,ACC0295,OPP0136,Internal customer follow-up,Connected,true
ACT0004163,Email,2026-01-12 00:00:00,USR010,,CON0589,ACC0295,OPP0136,Meeting recap,Follow-Up Needed,true
ACT0004164,Meeting,2025-12-05 10:53:02,USR012,,CON0460,ACC0228,OPP0137,Executive check-in,Follow-Up Needed,true
ACT0004165,Call,2025-12-11 07:27:49,USR012,,CON0460,ACC0228,OPP0137,Initial outreach call,No Response,true
ACT0004166,Demo,2025-12-19 23:23:31,USR012,,CON0460,ACC0228,OPP0137,Technical demo,Rescheduled,true
ACT0004167,Meeting,2025-12-22 02:05:00,USR012,,CON0460,ACC0228,OPP0137,Discovery meeting,Follow-Up Needed,true
ACT0004168,Meeting,2025-12-31 02:52:28,USR012,,CON0460,ACC0228,OPP0137,Requirements review,Follow-Up Needed,true
ACT0004169,Meeting,2026-01-03 11:12:01,USR012,,CON0460,ACC0228,OPP0137,Discovery meeting,Meeting Held,true
ACT0004170,Meeting,2026-01-12 14:59:17,USR012,,CON0460,ACC0228,OPP0137,Stakeholder meeting,Rescheduled,true
ACT0004171,Email,2026-01-13 00:56:09,USR012,,CON0460,ACC0228,OPP0137,Next steps email,Connected,true
ACT0004172,Meeting,2026-01-21 21:41:15,USR012,,CON0460,ACC0228,OPP0137,Stakeholder meeting,Follow-Up Needed,true
ACT0004173,Meeting,2026-01-26 19:17:38,USR012,,CON0460,ACC0228,OPP0137,Stakeholder meeting,Rescheduled,true
ACT0004174,Email,2026-04-01 07:16:46,USR010,,CON0543,ACC0272,OPP0138,Meeting recap,No Response,true
ACT0004175,Call,2026-05-30 11:14:14,USR010,,CON0543,ACC0272,OPP0138,Pricing follow-up,Connected,true
ACT0004176,Meeting,2026-06-02 14:53:43,USR010,,CON0543,ACC0272,OPP0138,Commercial review,Rescheduled,true
ACT0004177,Meeting,2026-06-18 01:53:00,USR010,,CON0543,ACC0272,OPP0138,Commercial review,Meeting Held,true
ACT0004178,Meeting,2026-07-17 00:46:50,USR010,,CON0543,ACC0272,OPP0138,Commercial review,Rescheduled,true
ACT0004179,Email,2026-09-01 00:00:00,USR010,,CON0543,ACC0272,OPP0138,Introductory email,No Response,true
ACT0004180,Other,2026-03-13 22:33:02,USR012,,CON0123,ACC0062,OPP0139,Procurement follow-up,Follow-Up Needed,true
ACT0004181,Email,2026-03-20 13:08:53,USR012,,CON0123,ACC0062,OPP0139,Meeting recap,Connected,true
ACT0004182,Call,2026-04-04 16:28:35,USR012,,CON0123,ACC0062,OPP0139,Pricing follow-up,Connected,true
ACT0004183,Meeting,2026-05-13 19:01:16,USR012,,CON0123,ACC0062,OPP0139,Discovery meeting,Meeting Held,true
ACT0004184,Meeting,2026-06-11 22:46:22,USR012,,CON0123,ACC0062,OPP0139,Executive check-in,Rescheduled,true
ACT0004185,Call,2026-06-16 00:29:55,USR012,,CON0123,ACC0062,OPP0139,Qualification call,Left Voicemail,true
ACT0004186,Meeting,2026-08-26 10:30:02,USR012,,CON0123,ACC0062,OPP0139,Requirements review,Follow-Up Needed,true
ACT0004187,Other,2026-09-23 00:00:00,USR012,,CON0123,ACC0062,OPP0139,Internal customer follow-up,Other,true
ACT0004188,Call,2026-09-17 16:31:29,USR006,,CON0087,ACC0043,OPP0140,Qualification call,No Response,true
ACT0004189,Call,2026-09-19 02:35:24,USR006,,CON0087,ACC0043,OPP0140,Stakeholder check-in,Connected,true
ACT0004190,Email,2026-09-20 19:39:51,USR006,,CON0087,ACC0043,OPP0140,Proposal follow-up,Connected,true
ACT0004191,Email,2026-09-21 00:00:00,USR006,,CON0087,ACC0043,OPP0140,Introductory email,Follow-Up Needed,true
ACT0004192,Email,2026-06-26 10:26:54,USR005,,CON0114,ACC0057,OPP0141,Introductory email,No Response,true
ACT0004193,Call,2026-08-10 10:18:36,USR005,,CON0114,ACC0057,OPP0141,Stakeholder check-in,Connected,true
ACT0004194,Email,2026-08-17 12:09:12,USR005,,CON0114,ACC0057,OPP0141,Next steps email,Connected,true
ACT0004195,Demo,2026-08-17 13:18:58,USR005,,CON0114,ACC0057,OPP0141,Product demo,Follow-Up Needed,true
ACT0004196,Call,2026-09-24 00:00:00,USR005,,CON0114,ACC0057,OPP0141,Qualification call,Follow-Up Needed,true
ACT0004197,Call,2024-06-25 22:09:38,USR009,,CON0214,ACC0106,OPP0142,Stakeholder check-in,Connected,true
ACT0004198,Meeting,2024-07-08 21:54:40,USR009,,CON0214,ACC0106,OPP0142,Commercial review,Meeting Held,true
ACT0004199,Email,2024-07-14 16:08:34,USR009,,CON0214,ACC0106,OPP0142,Follow-up email,Connected,true
ACT0004200,Call,2024-07-19 03:50:57,USR009,,CON0214,ACC0106,OPP0142,Initial outreach call,No Response,true
ACT0004201,Email,2024-08-12 10:59:24,USR009,,CON0214,ACC0106,OPP0142,Follow-up email,No Response,true
ACT0004202,Demo,2025-05-06 23:31:46,USR008,,CON0200,ACC0099,OPP0143,Workflow demonstration,Rescheduled,true
ACT0004203,Email,2025-05-11 11:31:02,USR008,,CON0200,ACC0099,OPP0143,Follow-up email,Follow-Up Needed,true
ACT0004204,Meeting,2025-05-16 08:42:13,USR008,,CON0200,ACC0099,OPP0143,Commercial review,Rescheduled,true
ACT0004205,Call,2025-05-18 13:19:16,USR008,,CON0200,ACC0099,OPP0143,Follow-up call,Follow-Up Needed,true
ACT0004206,Demo,2025-05-20 19:52:57,USR008,,CON0200,ACC0099,OPP0143,Product demo,Meeting Held,true
ACT0004207,Meeting,2025-05-23 05:54:12,USR008,,CON0200,ACC0099,OPP0143,Discovery meeting,Follow-Up Needed,true
ACT0004208,Meeting,2025-05-26 03:58:55,USR008,,CON0200,ACC0099,OPP0143,Stakeholder meeting,Rescheduled,true
ACT0004209,Meeting,2025-05-28 10:44:27,USR008,,CON0200,ACC0099,OPP0143,Discovery meeting,Meeting Held,true
ACT0004210,Email,2025-05-31 22:30:31,USR008,,CON0200,ACC0099,OPP0143,Meeting recap,Follow-Up Needed,true
ACT0004211,Meeting,2025-06-06 15:02:30,USR008,,CON0200,ACC0099,OPP0143,Commercial review,Rescheduled,true
ACT0004212,Email,2022-09-17 00:11:01,USR012,,CON0570,ACC0286,OPP0144,Meeting recap,No Response,true
ACT0004213,Email,2022-10-19 08:15:28,USR012,,CON0570,ACC0286,OPP0144,Introductory email,No Response,true
ACT0004214,Email,2022-10-25 11:02:46,USR012,,CON0570,ACC0286,OPP0144,Next steps email,No Response,true
ACT0004215,Email,2022-10-29 23:14:00,USR012,,CON0570,ACC0286,OPP0144,Follow-up email,No Response,true
ACT0004216,Email,2022-10-30 00:30:14,USR012,,CON0570,ACC0286,OPP0144,Follow-up email,Follow-Up Needed,true
ACT0004217,Meeting,2022-11-07 11:05:16,USR012,,CON0570,ACC0286,OPP0144,Executive check-in,Rescheduled,true
ACT0004218,Email,2022-11-12 09:04:34,USR012,,CON0570,ACC0286,OPP0144,Next steps email,Connected,true
ACT0004219,Meeting,2022-12-03 16:15:06,USR012,,CON0570,ACC0286,OPP0144,Discovery meeting,Rescheduled,true
ACT0004220,Email,2025-12-13 19:19:35,USR008,,CON0487,ACC0242,OPP0146,Meeting recap,No Response,true
ACT0004221,Demo,2025-12-13 21:30:29,USR008,,CON0487,ACC0242,OPP0146,Solution review,Follow-Up Needed,true
ACT0004222,Meeting,2025-12-14 07:58:37,USR008,,CON0487,ACC0242,OPP0146,Executive check-in,Meeting Held,true
ACT0004223,Meeting,2025-12-15 01:55:55,USR008,,CON0487,ACC0242,OPP0146,Stakeholder meeting,Rescheduled,true
ACT0004224,Meeting,2025-12-19 08:12:50,USR008,,CON0487,ACC0242,OPP0146,Executive check-in,Rescheduled,true
ACT0004225,Call,2025-12-25 12:32:06,USR008,,CON0487,ACC0242,OPP0146,Qualification call,Connected,true
ACT0004226,Email,2025-12-29 08:53:16,USR008,,CON0487,ACC0242,OPP0146,Proposal follow-up,No Response,true
ACT0004227,Email,2026-01-01 17:30:41,USR008,,CON0487,ACC0242,OPP0146,Follow-up email,Follow-Up Needed,true
ACT0004228,Meeting,2024-10-04 01:35:31,USR006,,CON0422,ACC0212,OPP0148,Executive check-in,Meeting Held,true
ACT0004229,Email,2024-10-10 15:40:18,USR006,,CON0422,ACC0212,OPP0148,Meeting recap,Follow-Up Needed,true
ACT0004230,Meeting,2024-10-11 13:49:18,USR006,,CON0422,ACC0212,OPP0148,Discovery meeting,Meeting Held,true
ACT0004231,Call,2024-10-17 17:07:50,USR006,,CON0422,ACC0212,OPP0148,Initial outreach call,No Response,true
ACT0004232,Email,2024-10-25 10:09:18,USR006,,CON0422,ACC0212,OPP0148,Introductory email,Connected,true
ACT0004233,Meeting,2024-11-03 17:28:23,USR006,,CON0422,ACC0212,OPP0148,Requirements review,Rescheduled,true
ACT0004234,Call,2026-04-10 15:32:04,USR010,,CON0364,ACC0181,OPP0149,Pricing follow-up,Follow-Up Needed,true
ACT0004235,Meeting,2026-05-06 01:16:22,USR010,,CON0364,ACC0181,OPP0149,Requirements review,Rescheduled,true
ACT0004236,Email,2026-07-02 12:54:57,USR010,,CON0364,ACC0181,OPP0149,Introductory email,Connected,true
ACT0004237,Email,2026-07-06 23:39:35,USR010,,CON0364,ACC0181,OPP0149,Next steps email,No Response,true
ACT0004238,Email,2026-08-06 14:11:43,USR010,,CON0364,ACC0181,OPP0149,Next steps email,Follow-Up Needed,true
ACT0004239,Meeting,2026-09-06 00:00:00,USR010,,CON0364,ACC0181,OPP0149,Requirements review,Rescheduled,true
ACT0004240,Demo,2025-02-21 01:31:53,USR006,,CON0608,ACC0305,OPP0150,Workflow demonstration,Rescheduled,true
ACT0004241,Meeting,2025-02-23 08:47:27,USR006,,CON0608,ACC0305,OPP0150,Executive check-in,Follow-Up Needed,true
ACT0004242,Demo,2025-02-28 16:33:26,USR006,,CON0608,ACC0305,OPP0150,Technical demo,Rescheduled,true
ACT0004243,Call,2025-03-04 15:08:28,USR006,,CON0608,ACC0305,OPP0150,Initial outreach call,Connected,true
ACT0004244,Meeting,2025-03-06 03:52:46,USR006,,CON0608,ACC0305,OPP0150,Stakeholder meeting,Meeting Held,true
ACT0004245,Meeting,2025-03-08 15:00:02,USR006,,CON0608,ACC0305,OPP0150,Stakeholder meeting,Follow-Up Needed,true
ACT0004246,Other,2025-03-16 09:32:56,USR006,,CON0608,ACC0305,OPP0150,Internal customer follow-up,Follow-Up Needed,true
ACT0004247,Email,2025-03-17 17:52:43,USR006,,CON0608,ACC0305,OPP0150,Next steps email,Connected,true
ACT0004248,Meeting,2025-10-22 11:54:34,USR012,,CON0453,ACC0225,OPP0151,Executive check-in,Follow-Up Needed,true
ACT0004249,Demo,2025-11-03 15:25:35,USR012,,CON0453,ACC0225,OPP0151,Technical demo,Rescheduled,true
ACT0004250,Email,2025-11-12 17:45:56,USR012,,CON0453,ACC0225,OPP0151,Proposal follow-up,Connected,true
ACT0004251,Email,2025-11-15 23:55:18,USR012,,CON0453,ACC0225,OPP0151,Next steps email,Follow-Up Needed,true
ACT0004252,Meeting,2025-12-11 14:36:43,USR012,,CON0453,ACC0225,OPP0151,Stakeholder meeting,Meeting Held,true
ACT0004253,Meeting,2025-12-20 07:21:59,USR012,,CON0453,ACC0225,OPP0151,Executive check-in,Meeting Held,true
ACT0004254,Meeting,2026-01-15 22:39:45,USR012,,CON0453,ACC0225,OPP0151,Requirements review,Meeting Held,true
ACT0004255,Other,2026-02-06 00:00:00,USR012,,CON0453,ACC0225,OPP0151,Internal customer follow-up,Other,true
ACT0004256,Email,2024-04-27 01:51:45,USR009,,CON0471,ACC0233,OPP0153,Follow-up email,Connected,true
ACT0004257,Call,2024-04-28 22:02:29,USR009,,CON0471,ACC0233,OPP0153,Pricing follow-up,No Response,true
ACT0004258,Email,2024-05-11 06:09:00,USR009,,CON0471,ACC0233,OPP0153,Next steps email,Connected,true
ACT0004259,Meeting,2024-05-13 00:44:00,USR009,,CON0471,ACC0233,OPP0153,Executive check-in,Meeting Held,true
ACT0004260,Call,2024-06-02 14:11:40,USR009,,CON0471,ACC0233,OPP0153,Stakeholder check-in,Connected,true
ACT0004261,Email,2024-06-09 18:27:52,USR009,,CON0471,ACC0233,OPP0153,Proposal follow-up,No Response,true
ACT0004262,Demo,2024-06-17 21:40:18,USR009,,CON0471,ACC0233,OPP0153,Technical demo,Rescheduled,true
ACT0004263,Other,2024-06-24 15:31:51,USR009,,CON0471,ACC0233,OPP0153,Procurement follow-up,Other,true
ACT0004264,Meeting,2023-03-08 12:28:44,USR005,,CON0259,ACC0126,OPP0154,Executive check-in,Follow-Up Needed,true
ACT0004265,Meeting,2023-03-10 09:04:48,USR005,,CON0259,ACC0126,OPP0154,Commercial review,Rescheduled,true
ACT0004266,Email,2023-03-24 11:35:04,USR005,,CON0259,ACC0126,OPP0154,Meeting recap,No Response,true
ACT0004267,Meeting,2023-03-29 19:17:21,USR005,,CON0259,ACC0126,OPP0154,Stakeholder meeting,Follow-Up Needed,true
ACT0004268,Email,2023-04-02 22:04:44,USR005,,CON0259,ACC0126,OPP0154,Follow-up email,Connected,true
ACT0004269,Email,2023-04-03 00:45:13,USR005,,CON0259,ACC0126,OPP0154,Meeting recap,No Response,true
ACT0004270,Demo,2023-04-07 14:39:23,USR005,,CON0259,ACC0126,OPP0154,Product demo,Follow-Up Needed,true
ACT0004271,Meeting,2023-10-18 16:33:03,USR011,,CON0558,ACC0279,OPP0155,Executive check-in,Meeting Held,true
ACT0004272,Meeting,2023-11-12 15:42:18,USR011,,CON0558,ACC0279,OPP0155,Requirements review,Rescheduled,true
ACT0004273,Email,2023-11-29 11:50:00,USR011,,CON0558,ACC0279,OPP0155,Follow-up email,Follow-Up Needed,true
ACT0004274,Email,2023-11-30 02:49:15,USR011,,CON0558,ACC0279,OPP0155,Follow-up email,Follow-Up Needed,true
ACT0004275,Meeting,2023-12-04 08:32:47,USR011,,CON0558,ACC0279,OPP0155,Stakeholder meeting,Rescheduled,true
ACT0004276,Call,2025-06-29 23:41:44,USR009,,CON0204,ACC0100,OPP0156,Stakeholder check-in,Connected,true
ACT0004277,Call,2025-07-04 17:47:02,USR009,,CON0204,ACC0100,OPP0156,Follow-up call,Connected,true
ACT0004278,Call,2025-07-06 07:55:19,USR009,,CON0204,ACC0100,OPP0156,Qualification call,No Response,true
ACT0004279,Meeting,2025-07-29 14:16:59,USR009,,CON0204,ACC0100,OPP0156,Requirements review,Rescheduled,true
ACT0004280,Call,2025-08-03 16:02:11,USR009,,CON0204,ACC0100,OPP0156,Stakeholder check-in,No Response,true
ACT0004281,Demo,2024-12-10 10:10:25,USR008,,CON0292,ACC0143,OPP0157,Product demo,Meeting Held,true
ACT0004282,Demo,2024-12-12 20:41:29,USR008,,CON0292,ACC0143,OPP0157,Workflow demonstration,Follow-Up Needed,true
ACT0004283,Call,2024-12-15 20:53:03,USR008,,CON0292,ACC0143,OPP0157,Stakeholder check-in,No Response,true
ACT0004284,Call,2024-12-18 21:39:15,USR008,,CON0292,ACC0143,OPP0157,Follow-up call,Left Voicemail,true
ACT0004285,Other,2024-12-20 22:53:10,USR008,,CON0292,ACC0143,OPP0157,Internal customer follow-up,Connected,true
ACT0004286,Call,2024-12-22 00:14:01,USR008,,CON0292,ACC0143,OPP0157,Initial outreach call,Follow-Up Needed,true
ACT0004287,Other,2024-12-26 19:45:33,USR008,,CON0292,ACC0143,OPP0157,Procurement follow-up,Connected,true
ACT0004288,Meeting,2023-01-26 01:33:26,USR008,,CON0503,ACC0250,OPP0158,Requirements review,Rescheduled,true
ACT0004289,Email,2023-01-29 19:18:40,USR008,,CON0503,ACC0250,OPP0158,Follow-up email,Connected,true
ACT0004290,Call,2023-02-02 23:57:46,USR008,,CON0503,ACC0250,OPP0158,Stakeholder check-in,Connected,true
ACT0004291,Other,2023-02-12 23:23:18,USR008,,CON0503,ACC0250,OPP0158,Procurement follow-up,Connected,true
ACT0004292,Meeting,2023-02-20 21:49:27,USR008,,CON0503,ACC0250,OPP0158,Executive check-in,Follow-Up Needed,true
ACT0004293,Meeting,2024-12-31 17:48:33,USR010,,CON0378,ACC0190,OPP0159,Executive check-in,Meeting Held,true
ACT0004294,Email,2025-01-03 06:15:10,USR010,,CON0378,ACC0190,OPP0159,Next steps email,No Response,true
ACT0004295,Email,2025-01-24 14:47:18,USR010,,CON0378,ACC0190,OPP0159,Proposal follow-up,Follow-Up Needed,true
ACT0004296,Meeting,2025-01-29 22:55:49,USR010,,CON0378,ACC0190,OPP0159,Commercial review,Meeting Held,true
ACT0004297,Email,2025-02-01 06:29:53,USR010,,CON0378,ACC0190,OPP0159,Next steps email,No Response,true
ACT0004298,Meeting,2025-02-02 01:25:43,USR010,,CON0378,ACC0190,OPP0159,Discovery meeting,Meeting Held,true
ACT0004299,Call,2025-02-17 21:01:54,USR010,,CON0378,ACC0190,OPP0159,Pricing follow-up,Left Voicemail,true
ACT0004300,Email,2025-02-27 22:44:22,USR010,,CON0378,ACC0190,OPP0159,Next steps email,No Response,true
ACT0004301,Meeting,2026-08-16 07:42:57,USR012,,CON0010,ACC0004,OPP0160,Stakeholder meeting,Follow-Up Needed,true
ACT0004302,Other,2026-08-18 16:14:26,USR012,,CON0010,ACC0004,OPP0160,Procurement follow-up,Other,true
ACT0004303,Demo,2026-08-31 15:54:07,USR012,,CON0010,ACC0004,OPP0160,Product demo,Follow-Up Needed,true
ACT0004304,Other,2026-09-05 06:40:06,USR012,,CON0010,ACC0004,OPP0160,Internal customer follow-up,Follow-Up Needed,true
ACT0004305,Other,2026-09-17 00:00:00,USR012,,CON0010,ACC0004,OPP0160,Procurement follow-up,Other,true
ACT0004306,Demo,2024-07-26 22:16:01,USR006,,CON0074,ACC0034,OPP0161,Product demo,Follow-Up Needed,true
ACT0004307,Demo,2024-07-31 17:58:10,USR006,,CON0074,ACC0034,OPP0161,Solution review,Follow-Up Needed,true
ACT0004308,Call,2024-08-08 04:04:34,USR006,,CON0074,ACC0034,OPP0161,Pricing follow-up,Follow-Up Needed,true
ACT0004309,Meeting,2024-08-09 03:26:05,USR006,,CON0074,ACC0034,OPP0161,Discovery meeting,Follow-Up Needed,true
ACT0004310,Meeting,2024-08-14 10:53:56,USR006,,CON0074,ACC0034,OPP0161,Commercial review,Meeting Held,true
ACT0004311,Other,2024-08-19 14:38:21,USR006,,CON0074,ACC0034,OPP0161,Procurement follow-up,Follow-Up Needed,true
ACT0004312,Other,2024-08-21 01:13:00,USR006,,CON0074,ACC0034,OPP0161,Procurement follow-up,Connected,true
ACT0004313,Meeting,2026-07-25 08:18:12,USR006,,CON0481,ACC0238,OPP0162,Requirements review,Follow-Up Needed,true
ACT0004314,Meeting,2026-08-01 21:00:55,USR006,,CON0481,ACC0238,OPP0162,Executive check-in,Rescheduled,true
ACT0004315,Meeting,2026-08-02 13:34:09,USR006,,CON0481,ACC0238,OPP0162,Discovery meeting,Meeting Held,true
ACT0004316,Email,2026-08-13 00:36:30,USR006,,CON0481,ACC0238,OPP0162,Meeting recap,Connected,true
ACT0004317,Call,2026-08-13 13:43:41,USR006,,CON0481,ACC0238,OPP0162,Qualification call,Left Voicemail,true
ACT0004318,Demo,2026-08-15 03:23:08,USR006,,CON0481,ACC0238,OPP0162,Technical demo,Rescheduled,true
ACT0004319,Meeting,2026-08-15 21:56:14,USR006,,CON0481,ACC0238,OPP0162,Discovery meeting,Meeting Held,true
ACT0004320,Email,2026-08-23 00:00:00,USR006,,CON0481,ACC0238,OPP0162,Proposal follow-up,Follow-Up Needed,true
ACT0004321,Email,2026-03-18 04:21:06,USR007,,CON0542,ACC0271,OPP0164,Follow-up email,No Response,true
ACT0004322,Meeting,2026-03-18 13:22:42,USR007,,CON0542,ACC0271,OPP0164,Executive check-in,Follow-Up Needed,true
ACT0004323,Meeting,2026-03-18 17:13:41,USR007,,CON0542,ACC0271,OPP0164,Commercial review,Follow-Up Needed,true
ACT0004324,Meeting,2026-03-19 09:36:53,USR007,,CON0542,ACC0271,OPP0164,Discovery meeting,Rescheduled,true
ACT0004325,Email,2026-03-21 18:36:23,USR007,,CON0542,ACC0271,OPP0164,Follow-up email,Connected,true
ACT0004326,Other,2026-03-26 18:41:06,USR007,,CON0542,ACC0271,OPP0164,Procurement follow-up,Connected,true
ACT0004327,Demo,2026-03-28 23:47:35,USR007,,CON0542,ACC0271,OPP0164,Workflow demonstration,Meeting Held,true
ACT0004328,Call,2026-04-06 12:04:10,USR007,,CON0542,ACC0271,OPP0164,Pricing follow-up,Connected,true
ACT0004329,Meeting,2026-04-12 00:27:37,USR007,,CON0542,ACC0271,OPP0164,Executive check-in,Rescheduled,true
ACT0004330,Meeting,2026-04-13 18:49:58,USR007,,CON0542,ACC0271,OPP0164,Stakeholder meeting,Rescheduled,true
ACT0004331,Other,2026-04-23 14:38:02,USR007,,CON0542,ACC0271,OPP0164,Internal customer follow-up,Connected,true
ACT0004332,Email,2026-08-02 22:14:32,USR012,,CON0325,ACC0160,OPP0165,Meeting recap,Follow-Up Needed,true
ACT0004333,Email,2026-08-05 01:33:29,USR012,,CON0325,ACC0160,OPP0165,Proposal follow-up,Connected,true
ACT0004334,Email,2026-08-06 04:41:55,USR012,,CON0325,ACC0160,OPP0165,Introductory email,Follow-Up Needed,true
ACT0004335,Email,2026-08-06 08:47:52,USR012,,CON0325,ACC0160,OPP0165,Proposal follow-up,No Response,true
ACT0004336,Other,2026-08-20 06:55:01,USR012,,CON0325,ACC0160,OPP0165,Procurement follow-up,Connected,true
ACT0004337,Email,2026-08-25 03:48:56,USR012,,CON0325,ACC0160,OPP0165,Follow-up email,Follow-Up Needed,true
ACT0004338,Other,2026-09-04 00:00:00,USR012,,CON0325,ACC0160,OPP0165,Contract coordination,Other,true
ACT0004339,Meeting,2024-04-15 08:22:59,USR009,,CON0415,ACC0209,OPP0166,Requirements review,Meeting Held,true
ACT0004340,Meeting,2024-04-27 23:08:32,USR009,,CON0415,ACC0209,OPP0166,Executive check-in,Meeting Held,true
ACT0004341,Other,2024-04-29 09:15:46,USR009,,CON0415,ACC0209,OPP0166,Internal customer follow-up,Follow-Up Needed,true
ACT0004342,Call,2024-05-13 11:40:18,USR009,,CON0415,ACC0209,OPP0166,Stakeholder check-in,Left Voicemail,true
ACT0004343,Call,2024-05-20 05:28:08,USR009,,CON0415,ACC0209,OPP0166,Qualification call,Follow-Up Needed,true
ACT0004344,Email,2024-06-12 19:09:02,USR009,,CON0415,ACC0209,OPP0166,Follow-up email,No Response,true
ACT0004345,Email,2024-06-23 02:14:41,USR009,,CON0415,ACC0209,OPP0166,Proposal follow-up,Follow-Up Needed,true
ACT0004346,Meeting,2024-12-13 16:40:50,USR008,,CON0573,ACC0287,OPP0167,Executive check-in,Follow-Up Needed,true
ACT0004347,Call,2024-12-20 03:35:43,USR008,,CON0573,ACC0287,OPP0167,Stakeholder check-in,Connected,true
ACT0004348,Email,2024-12-26 02:22:20,USR008,,CON0573,ACC0287,OPP0167,Next steps email,No Response,true
ACT0004349,Demo,2024-12-27 00:21:14,USR008,,CON0573,ACC0287,OPP0167,Technical demo,Follow-Up Needed,true
ACT0004350,Email,2024-12-27 10:14:09,USR008,,CON0573,ACC0287,OPP0167,Introductory email,Connected,true
ACT0004351,Email,2024-12-29 10:38:45,USR008,,CON0573,ACC0287,OPP0167,Introductory email,No Response,true
ACT0004352,Meeting,2024-12-30 07:27:44,USR008,,CON0573,ACC0287,OPP0167,Executive check-in,Rescheduled,true
ACT0004353,Meeting,2025-01-08 16:46:07,USR008,,CON0573,ACC0287,OPP0167,Executive check-in,Meeting Held,true
ACT0004354,Email,2025-01-16 10:19:04,USR008,,CON0573,ACC0287,OPP0167,Follow-up email,No Response,true
ACT0004355,Other,2025-01-18 00:00:00,USR008,,CON0573,ACC0287,OPP0167,Contract coordination,Follow-Up Needed,true
ACT0004356,Email,2026-08-10 10:40:47,USR011,,CON0027,ACC0010,OPP0168,Next steps email,Connected,true
ACT0004357,Email,2026-08-10 11:10:58,USR011,,CON0027,ACC0010,OPP0168,Follow-up email,Connected,true
ACT0004358,Demo,2026-08-29 18:39:50,USR011,,CON0027,ACC0010,OPP0168,Technical demo,Follow-Up Needed,true
ACT0004359,Demo,2026-09-10 00:00:00,USR011,,CON0027,ACC0010,OPP0168,Product demo,Follow-Up Needed,true
ACT0004360,Meeting,2023-05-07 10:27:05,USR010,,CON0589,ACC0295,OPP0169,Stakeholder meeting,Rescheduled,true
ACT0004361,Demo,2023-05-08 16:06:05,USR010,,CON0589,ACC0295,OPP0169,Workflow demonstration,Rescheduled,true
ACT0004362,Email,2023-05-11 04:53:54,USR010,,CON0589,ACC0295,OPP0169,Introductory email,Connected,true
ACT0004363,Call,2023-05-14 00:53:32,USR010,,CON0589,ACC0295,OPP0169,Initial outreach call,Connected,true
ACT0004364,Email,2023-05-23 16:29:57,USR010,,CON0589,ACC0295,OPP0169,Introductory email,Follow-Up Needed,true
ACT0004365,Meeting,2023-05-27 20:51:19,USR010,,CON0589,ACC0295,OPP0169,Executive check-in,Follow-Up Needed,true
ACT0004366,Call,2023-05-28 09:52:48,USR010,,CON0589,ACC0295,OPP0169,Qualification call,Connected,true
ACT0004367,Email,2023-06-04 15:39:11,USR010,,CON0589,ACC0295,OPP0169,Introductory email,No Response,true
ACT0004368,Other,2023-06-09 04:05:36,USR010,,CON0589,ACC0295,OPP0169,Procurement follow-up,Connected,true
ACT0004369,Meeting,2025-10-12 19:14:25,USR005,,CON0539,ACC0270,OPP0170,Requirements review,Follow-Up Needed,true
ACT0004370,Meeting,2025-10-18 07:16:24,USR005,,CON0539,ACC0270,OPP0170,Commercial review,Meeting Held,true
ACT0004371,Meeting,2025-10-23 18:11:37,USR005,,CON0539,ACC0270,OPP0170,Commercial review,Rescheduled,true
ACT0004372,Email,2025-10-24 15:34:22,USR005,,CON0539,ACC0270,OPP0170,Follow-up email,Follow-Up Needed,true
ACT0004373,Email,2025-11-06 07:14:59,USR005,,CON0539,ACC0270,OPP0170,Next steps email,Connected,true
ACT0004374,Demo,2025-11-16 22:58:29,USR005,,CON0539,ACC0270,OPP0170,Product demo,Rescheduled,true
ACT0004375,Email,2023-08-29 22:04:06,USR010,,CON0620,ACC0312,OPP0171,Meeting recap,Connected,true
ACT0004376,Meeting,2023-10-17 01:26:30,USR010,,CON0620,ACC0312,OPP0171,Stakeholder meeting,Meeting Held,true
ACT0004377,Email,2023-10-21 06:14:21,USR010,,CON0620,ACC0312,OPP0171,Introductory email,Connected,true
ACT0004378,Email,2023-11-04 01:30:02,USR010,,CON0620,ACC0312,OPP0171,Next steps email,Connected,true
ACT0004379,Meeting,2023-11-19 16:33:09,USR010,,CON0620,ACC0312,OPP0171,Stakeholder meeting,Rescheduled,true
ACT0004380,Email,2026-02-17 06:32:18,USR006,,CON0148,ACC0073,OPP0172,Introductory email,Follow-Up Needed,true
ACT0004381,Email,2026-02-17 13:26:25,USR006,,CON0148,ACC0073,OPP0172,Introductory email,No Response,true
ACT0004382,Call,2026-02-17 23:12:18,USR006,,CON0148,ACC0073,OPP0172,Follow-up call,Follow-Up Needed,true
ACT0004383,Email,2026-02-18 01:46:19,USR006,,CON0148,ACC0073,OPP0172,Next steps email,Connected,true
ACT0004384,Demo,2026-02-23 07:26:09,USR006,,CON0148,ACC0073,OPP0172,Product demo,Follow-Up Needed,true
ACT0004385,Email,2026-02-25 15:45:21,USR006,,CON0148,ACC0073,OPP0172,Proposal follow-up,No Response,true
ACT0004386,Email,2026-02-26 11:38:35,USR006,,CON0148,ACC0073,OPP0172,Next steps email,Follow-Up Needed,true
ACT0004387,Meeting,2026-03-02 16:06:04,USR006,,CON0148,ACC0073,OPP0172,Discovery meeting,Meeting Held,true
ACT0004388,Demo,2026-03-08 05:17:13,USR006,,CON0148,ACC0073,OPP0172,Product demo,Meeting Held,true
ACT0004389,Email,2026-03-13 00:00:00,USR006,,CON0148,ACC0073,OPP0172,Meeting recap,Connected,true
ACT0004390,Email,2023-02-12 07:23:18,USR012,,CON0282,ACC0140,OPP0173,Introductory email,Connected,true
ACT0004391,Email,2023-02-15 11:54:04,USR012,,CON0282,ACC0140,OPP0173,Meeting recap,Connected,true
ACT0004392,Email,2023-02-17 23:01:11,USR012,,CON0282,ACC0140,OPP0173,Follow-up email,Connected,true
ACT0004393,Meeting,2023-02-18 07:56:12,USR012,,CON0282,ACC0140,OPP0173,Stakeholder meeting,Follow-Up Needed,true
ACT0004394,Meeting,2023-03-06 13:20:37,USR012,,CON0282,ACC0140,OPP0173,Stakeholder meeting,Follow-Up Needed,true
ACT0004395,Call,2023-03-12 08:02:23,USR012,,CON0282,ACC0140,OPP0173,Pricing follow-up,Connected,true
ACT0004396,Meeting,2023-03-26 10:10:06,USR012,,CON0282,ACC0140,OPP0173,Requirements review,Rescheduled,true
ACT0004397,Call,2023-03-28 07:49:24,USR012,,CON0282,ACC0140,OPP0173,Qualification call,Follow-Up Needed,true
ACT0004398,Meeting,2023-04-01 09:00:08,USR012,,CON0282,ACC0140,OPP0173,Discovery meeting,Rescheduled,true
ACT0004399,Meeting,2023-04-02 08:26:21,USR012,,CON0282,ACC0140,OPP0173,Requirements review,Follow-Up Needed,true
ACT0004400,Other,2023-05-03 11:48:07,USR012,,CON0282,ACC0140,OPP0173,Contract coordination,Other,true
ACT0004401,Call,2022-11-29 10:47:17,USR012,,CON0284,ACC0140,OPP0174,Qualification call,No Response,true
ACT0004402,Email,2022-12-22 23:49:49,USR012,,CON0284,ACC0140,OPP0174,Next steps email,No Response,true
ACT0004403,Meeting,2023-01-03 05:08:49,USR012,,CON0284,ACC0140,OPP0174,Commercial review,Rescheduled,true
ACT0004404,Email,2023-01-13 12:37:49,USR012,,CON0284,ACC0140,OPP0174,Next steps email,No Response,true
ACT0004405,Meeting,2023-01-18 02:54:33,USR012,,CON0284,ACC0140,OPP0174,Discovery meeting,Rescheduled,true
ACT0004406,Meeting,2023-02-06 15:24:48,USR012,,CON0284,ACC0140,OPP0174,Requirements review,Meeting Held,true
ACT0004407,Meeting,2023-02-21 10:55:22,USR012,,CON0284,ACC0140,OPP0174,Requirements review,Rescheduled,true
ACT0004408,Meeting,2026-03-09 18:59:27,USR008,,CON0043,ACC0019,OPP0175,Commercial review,Meeting Held,true
ACT0004409,Email,2026-03-10 02:28:51,USR008,,CON0043,ACC0019,OPP0175,Proposal follow-up,Connected,true
ACT0004410,Email,2026-03-12 22:58:54,USR008,,CON0043,ACC0019,OPP0175,Follow-up email,No Response,true
ACT0004411,Demo,2026-03-17 08:34:44,USR008,,CON0043,ACC0019,OPP0175,Product demo,Rescheduled,true
ACT0004412,Meeting,2026-03-21 02:17:32,USR008,,CON0043,ACC0019,OPP0175,Commercial review,Rescheduled,true
ACT0004413,Meeting,2026-03-23 22:14:09,USR008,,CON0043,ACC0019,OPP0175,Stakeholder meeting,Rescheduled,true
ACT0004414,Call,2026-04-06 07:30:00,USR008,,CON0043,ACC0019,OPP0175,Initial outreach call,Left Voicemail,true
ACT0004415,Email,2026-04-13 05:43:01,USR008,,CON0043,ACC0019,OPP0175,Meeting recap,No Response,true
ACT0004416,Demo,2026-08-22 01:16:13,USR012,,CON0032,ACC0013,OPP0177,Product demo,Rescheduled,true
ACT0004417,Meeting,2026-09-01 13:22:07,USR012,,CON0032,ACC0013,OPP0177,Discovery meeting,Rescheduled,true
ACT0004418,Call,2026-09-03 11:31:25,USR012,,CON0032,ACC0013,OPP0177,Stakeholder check-in,Follow-Up Needed,true
ACT0004419,Meeting,2026-09-03 18:16:28,USR012,,CON0032,ACC0013,OPP0177,Executive check-in,Meeting Held,true
ACT0004420,Other,2026-09-06 20:51:19,USR012,,CON0032,ACC0013,OPP0177,Procurement follow-up,Connected,true
ACT0004421,Email,2026-09-07 09:10:22,USR012,,CON0032,ACC0013,OPP0177,Meeting recap,Connected,true
ACT0004422,Meeting,2026-09-14 23:20:25,USR012,,CON0032,ACC0013,OPP0177,Commercial review,Meeting Held,true
ACT0004423,Demo,2026-09-17 00:00:00,USR012,,CON0032,ACC0013,OPP0177,Workflow demonstration,Follow-Up Needed,true
ACT0004424,Call,2026-08-29 22:06:47,USR009,,CON0255,ACC0124,OPP0179,Pricing follow-up,Left Voicemail,true
ACT0004425,Email,2026-09-04 10:52:04,USR009,,CON0255,ACC0124,OPP0179,Meeting recap,No Response,true
ACT0004426,Meeting,2026-09-07 16:18:39,USR009,,CON0255,ACC0124,OPP0179,Executive check-in,Meeting Held,true
ACT0004427,Email,2026-09-13 04:52:24,USR009,,CON0255,ACC0124,OPP0179,Meeting recap,Follow-Up Needed,true
ACT0004428,Email,2026-09-13 09:53:01,USR009,,CON0255,ACC0124,OPP0179,Follow-up email,No Response,true
ACT0004429,Meeting,2026-09-13 21:39:49,USR009,,CON0255,ACC0124,OPP0179,Discovery meeting,Rescheduled,true
ACT0004430,Call,2026-09-18 00:00:00,USR009,,CON0255,ACC0124,OPP0179,Stakeholder check-in,Left Voicemail,true
ACT0004431,Meeting,2025-11-06 01:45:34,USR008,,CON0044,ACC0019,OPP0180,Executive check-in,Follow-Up Needed,true
ACT0004432,Meeting,2025-11-10 23:46:07,USR008,,CON0044,ACC0019,OPP0180,Executive check-in,Rescheduled,true
ACT0004433,Email,2025-11-18 22:05:38,USR008,,CON0044,ACC0019,OPP0180,Follow-up email,No Response,true
ACT0004434,Demo,2025-11-19 15:02:00,USR008,,CON0044,ACC0019,OPP0180,Product demo,Rescheduled,true
ACT0004435,Meeting,2025-11-19 17:18:40,USR008,,CON0044,ACC0019,OPP0180,Commercial review,Follow-Up Needed,true
ACT0004436,Call,2025-11-26 11:25:14,USR008,,CON0044,ACC0019,OPP0180,Pricing follow-up,Connected,true
ACT0004437,Meeting,2025-11-28 16:51:33,USR008,,CON0044,ACC0019,OPP0180,Commercial review,Meeting Held,true
ACT0004438,Other,2025-12-01 05:43:01,USR008,,CON0044,ACC0019,OPP0180,Contract coordination,Other,true
ACT0004439,Email,2025-02-03 08:45:30,USR010,,CON0562,ACC0282,OPP0181,Proposal follow-up,No Response,true
ACT0004440,Meeting,2025-04-21 12:56:10,USR010,,CON0562,ACC0282,OPP0181,Discovery meeting,Follow-Up Needed,true
ACT0004441,Demo,2025-06-17 10:42:12,USR010,,CON0562,ACC0282,OPP0181,Product demo,Follow-Up Needed,true
ACT0004442,Call,2025-09-12 16:48:33,USR010,,CON0562,ACC0282,OPP0181,Follow-up call,Left Voicemail,true
ACT0004443,Other,2026-04-17 18:24:59,USR010,,CON0562,ACC0282,OPP0181,Procurement follow-up,Follow-Up Needed,true
ACT0004444,Call,2026-09-12 00:00:00,USR010,,CON0562,ACC0282,OPP0181,Follow-up call,Connected,true
ACT0004445,Meeting,2026-06-28 22:56:42,USR010,,CON0544,ACC0272,OPP0182,Stakeholder meeting,Rescheduled,true
ACT0004446,Email,2026-06-29 10:15:18,USR010,,CON0544,ACC0272,OPP0182,Meeting recap,Follow-Up Needed,true
ACT0004447,Call,2026-07-04 18:23:04,USR010,,CON0544,ACC0272,OPP0182,Pricing follow-up,Left Voicemail,true
ACT0004448,Meeting,2026-07-06 04:34:44,USR010,,CON0544,ACC0272,OPP0182,Executive check-in,Follow-Up Needed,true
ACT0004449,Call,2026-07-10 23:04:05,USR010,,CON0544,ACC0272,OPP0182,Stakeholder check-in,Connected,true
ACT0004450,Email,2026-07-20 10:11:39,USR010,,CON0544,ACC0272,OPP0182,Proposal follow-up,Connected,true
ACT0004451,Meeting,2026-07-20 18:21:18,USR010,,CON0544,ACC0272,OPP0182,Commercial review,Rescheduled,true
ACT0004452,Demo,2026-07-28 23:44:56,USR010,,CON0544,ACC0272,OPP0182,Technical demo,Meeting Held,true
ACT0004453,Call,2026-08-07 18:20:28,USR010,,CON0544,ACC0272,OPP0182,Qualification call,Follow-Up Needed,true
ACT0004454,Other,2026-08-08 00:05:32,USR010,,CON0544,ACC0272,OPP0182,Internal customer follow-up,Other,true
ACT0004455,Other,2026-08-19 11:01:04,USR010,,CON0544,ACC0272,OPP0182,Internal customer follow-up,Connected,true
ACT0004456,Call,2025-10-05 08:07:10,USR011,,CON0260,ACC0127,OPP0183,Initial outreach call,Connected,true
ACT0004457,Email,2025-10-11 15:57:56,USR011,,CON0260,ACC0127,OPP0183,Proposal follow-up,Follow-Up Needed,true
ACT0004458,Email,2025-10-13 19:24:07,USR011,,CON0260,ACC0127,OPP0183,Introductory email,Follow-Up Needed,true
ACT0004459,Demo,2025-10-14 18:30:57,USR011,,CON0260,ACC0127,OPP0183,Workflow demonstration,Rescheduled,true
ACT0004460,Meeting,2025-10-19 15:35:17,USR011,,CON0260,ACC0127,OPP0183,Discovery meeting,Meeting Held,true
ACT0004461,Call,2025-10-25 13:07:56,USR011,,CON0260,ACC0127,OPP0183,Pricing follow-up,Connected,true
ACT0004462,Email,2025-11-16 00:00:00,USR011,,CON0260,ACC0127,OPP0183,Proposal follow-up,Follow-Up Needed,true
ACT0004463,Meeting,2022-06-10 10:40:47,USR012,,CON0572,ACC0286,OPP0184,Commercial review,Follow-Up Needed,true
ACT0004464,Call,2022-06-21 13:13:31,USR012,,CON0572,ACC0286,OPP0184,Pricing follow-up,Left Voicemail,true
ACT0004465,Other,2022-06-21 15:58:10,USR012,,CON0572,ACC0286,OPP0184,Procurement follow-up,Other,true
ACT0004466,Meeting,2022-07-07 21:32:13,USR012,,CON0572,ACC0286,OPP0184,Commercial review,Meeting Held,true
ACT0004467,Email,2022-07-11 23:49:15,USR012,,CON0572,ACC0286,OPP0184,Proposal follow-up,Follow-Up Needed,true
ACT0004468,Email,2022-07-15 08:57:50,USR012,,CON0572,ACC0286,OPP0184,Follow-up email,No Response,true
ACT0004469,Call,2022-08-09 17:50:43,USR012,,CON0572,ACC0286,OPP0184,Qualification call,Connected,true
ACT0004470,Email,2022-08-20 19:55:45,USR012,,CON0572,ACC0286,OPP0184,Proposal follow-up,Follow-Up Needed,true
ACT0004471,Other,2024-06-13 22:23:35,USR008,,CON0444,ACC0222,OPP0185,Contract coordination,Other,true
ACT0004472,Meeting,2024-06-15 03:28:56,USR008,,CON0444,ACC0222,OPP0185,Requirements review,Follow-Up Needed,true
ACT0004473,Call,2024-06-15 20:25:17,USR008,,CON0444,ACC0222,OPP0185,Stakeholder check-in,Connected,true
ACT0004474,Meeting,2024-06-18 04:39:44,USR008,,CON0444,ACC0222,OPP0185,Executive check-in,Meeting Held,true
ACT0004475,Call,2024-06-30 21:29:21,USR008,,CON0444,ACC0222,OPP0185,Qualification call,Connected,true
ACT0004476,Meeting,2024-07-02 09:06:13,USR008,,CON0444,ACC0222,OPP0185,Commercial review,Rescheduled,true
ACT0004477,Email,2024-07-02 17:02:04,USR008,,CON0444,ACC0222,OPP0185,Introductory email,Follow-Up Needed,true
ACT0004478,Email,2024-07-03 18:09:48,USR008,,CON0444,ACC0222,OPP0185,Follow-up email,Connected,true
ACT0004479,Meeting,2024-07-06 21:37:26,USR008,,CON0444,ACC0222,OPP0185,Commercial review,Meeting Held,true
ACT0004480,Meeting,2025-06-28 18:26:14,USR012,,CON0494,ACC0246,OPP0186,Executive check-in,Rescheduled,true
ACT0004481,Call,2025-07-15 20:12:11,USR012,,CON0494,ACC0246,OPP0186,Follow-up call,No Response,true
ACT0004482,Email,2025-07-23 16:44:51,USR012,,CON0494,ACC0246,OPP0186,Follow-up email,Connected,true
ACT0004483,Call,2025-08-19 16:49:03,USR012,,CON0494,ACC0246,OPP0186,Initial outreach call,No Response,true
ACT0004484,Meeting,2025-08-25 20:50:47,USR012,,CON0494,ACC0246,OPP0186,Stakeholder meeting,Follow-Up Needed,true
ACT0004485,Meeting,2025-09-02 13:09:46,USR012,,CON0494,ACC0246,OPP0186,Executive check-in,Follow-Up Needed,true
ACT0004486,Meeting,2025-09-21 00:00:00,USR012,,CON0494,ACC0246,OPP0186,Commercial review,Rescheduled,true
ACT0004487,Call,2024-06-22 09:28:14,USR012,,CON0522,ACC0261,OPP0187,Qualification call,No Response,true
ACT0004488,Meeting,2024-07-01 03:37:15,USR012,,CON0522,ACC0261,OPP0187,Requirements review,Rescheduled,true
ACT0004489,Email,2024-07-01 21:20:12,USR012,,CON0522,ACC0261,OPP0187,Next steps email,Connected,true
ACT0004490,Demo,2024-07-09 00:35:34,USR012,,CON0522,ACC0261,OPP0187,Workflow demonstration,Rescheduled,true
ACT0004491,Meeting,2024-07-11 06:27:38,USR012,,CON0522,ACC0261,OPP0187,Requirements review,Meeting Held,true
ACT0004492,Email,2024-07-27 13:57:33,USR012,,CON0522,ACC0261,OPP0187,Proposal follow-up,Connected,true
ACT0004493,Meeting,2024-07-28 07:29:57,USR012,,CON0522,ACC0261,OPP0187,Discovery meeting,Rescheduled,true
ACT0004494,Other,2024-08-31 00:00:00,USR012,,CON0522,ACC0261,OPP0187,Internal customer follow-up,Other,true
ACT0004495,Call,2026-08-11 13:54:30,USR011,,CON0193,ACC0097,OPP0188,Initial outreach call,Left Voicemail,true
ACT0004496,Email,2026-08-28 10:49:51,USR011,,CON0193,ACC0097,OPP0188,Follow-up email,Follow-Up Needed,true
ACT0004497,Email,2026-09-07 06:28:42,USR011,,CON0193,ACC0097,OPP0188,Meeting recap,Connected,true
ACT0004498,Email,2026-09-07 07:20:30,USR011,,CON0193,ACC0097,OPP0188,Follow-up email,Follow-Up Needed,true
ACT0004499,Demo,2026-09-13 05:58:08,USR011,,CON0193,ACC0097,OPP0188,Solution review,Follow-Up Needed,true
ACT0004500,Email,2026-09-17 00:00:00,USR011,,CON0193,ACC0097,OPP0188,Next steps email,Follow-Up Needed,true
ACT0004501,Meeting,2025-03-24 21:25:41,USR011,,CON0400,ACC0203,OPP0189,Commercial review,Rescheduled,true
ACT0004502,Meeting,2025-03-26 21:31:22,USR011,,CON0400,ACC0203,OPP0189,Stakeholder meeting,Follow-Up Needed,true
ACT0004503,Meeting,2025-03-30 10:08:16,USR011,,CON0400,ACC0203,OPP0189,Requirements review,Follow-Up Needed,true
ACT0004504,Other,2025-04-06 09:58:14,USR011,,CON0400,ACC0203,OPP0189,Internal customer follow-up,Other,true
ACT0004505,Demo,2025-04-09 17:45:35,USR011,,CON0400,ACC0203,OPP0189,Technical demo,Meeting Held,true
ACT0004506,Meeting,2025-04-12 09:54:11,USR011,,CON0400,ACC0203,OPP0189,Requirements review,Meeting Held,true
ACT0004507,Meeting,2025-04-12 17:14:55,USR011,,CON0400,ACC0203,OPP0189,Stakeholder meeting,Rescheduled,true
ACT0004508,Email,2025-04-19 03:27:05,USR011,,CON0400,ACC0203,OPP0189,Meeting recap,Follow-Up Needed,true
ACT0004509,Other,2025-06-01 03:24:44,USR011,,CON0400,ACC0203,OPP0189,Procurement follow-up,Follow-Up Needed,true
ACT0004510,Other,2025-07-19 18:33:04,USR012,,CON0163,ACC0080,OPP0190,Internal customer follow-up,Other,true
ACT0004511,Email,2025-08-11 23:38:20,USR012,,CON0163,ACC0080,OPP0190,Next steps email,Follow-Up Needed,true
ACT0004512,Demo,2025-08-14 11:27:57,USR012,,CON0163,ACC0080,OPP0190,Product demo,Meeting Held,true
ACT0004513,Call,2025-08-19 05:23:37,USR012,,CON0163,ACC0080,OPP0190,Stakeholder check-in,Left Voicemail,true
ACT0004514,Meeting,2025-08-27 15:00:59,USR012,,CON0163,ACC0080,OPP0190,Executive check-in,Follow-Up Needed,true
ACT0004515,Meeting,2025-08-28 11:19:03,USR012,,CON0163,ACC0080,OPP0190,Stakeholder meeting,Meeting Held,true
ACT0004516,Call,2025-09-06 17:13:53,USR012,,CON0163,ACC0080,OPP0190,Stakeholder check-in,Connected,true
ACT0004517,Email,2025-09-25 19:18:11,USR012,,CON0163,ACC0080,OPP0190,Proposal follow-up,No Response,true
ACT0004518,Meeting,2025-10-07 00:00:00,USR012,,CON0163,ACC0080,OPP0190,Discovery meeting,Meeting Held,true
ACT0004519,Email,2022-03-24 05:52:00,USR011,,CON0261,ACC0127,OPP0191,Follow-up email,Follow-Up Needed,true
ACT0004520,Meeting,2022-03-24 13:00:10,USR011,,CON0261,ACC0127,OPP0191,Requirements review,Meeting Held,true
ACT0004521,Call,2022-03-26 16:33:22,USR011,,CON0261,ACC0127,OPP0191,Follow-up call,Connected,true
ACT0004522,Meeting,2022-03-30 06:37:54,USR011,,CON0261,ACC0127,OPP0191,Commercial review,Meeting Held,true
ACT0004523,Meeting,2022-04-01 01:27:22,USR011,,CON0261,ACC0127,OPP0191,Executive check-in,Meeting Held,true
ACT0004524,Meeting,2022-04-11 13:43:01,USR011,,CON0261,ACC0127,OPP0191,Executive check-in,Follow-Up Needed,true
ACT0004525,Meeting,2022-04-17 00:03:37,USR011,,CON0261,ACC0127,OPP0191,Stakeholder meeting,Meeting Held,true
ACT0004526,Call,2022-04-22 18:46:23,USR011,,CON0261,ACC0127,OPP0191,Stakeholder check-in,No Response,true
ACT0004527,Meeting,2022-05-05 07:54:54,USR011,,CON0261,ACC0127,OPP0191,Discovery meeting,Rescheduled,true
ACT0004528,Other,2022-05-18 03:47:02,USR011,,CON0261,ACC0127,OPP0191,Procurement follow-up,Connected,true
ACT0004529,Call,2025-05-09 09:24:49,USR009,,CON0414,ACC0209,OPP0192,Stakeholder check-in,Follow-Up Needed,true
ACT0004530,Call,2025-12-15 01:12:57,USR009,,CON0414,ACC0209,OPP0192,Initial outreach call,Left Voicemail,true
ACT0004531,Email,2026-06-19 05:23:20,USR009,,CON0414,ACC0209,OPP0192,Meeting recap,No Response,true
ACT0004532,Call,2026-09-07 00:00:00,USR009,,CON0414,ACC0209,OPP0192,Pricing follow-up,Left Voicemail,true
ACT0004533,Demo,2026-08-04 01:07:53,USR006,,CON0086,ACC0043,OPP0193,Product demo,Rescheduled,true
ACT0004534,Demo,2026-08-04 13:54:04,USR006,,CON0086,ACC0043,OPP0193,Product demo,Rescheduled,true
ACT0004535,Demo,2026-08-06 09:18:07,USR006,,CON0086,ACC0043,OPP0193,Solution review,Follow-Up Needed,true
ACT0004536,Meeting,2026-08-09 14:14:28,USR006,,CON0086,ACC0043,OPP0193,Commercial review,Follow-Up Needed,true
ACT0004537,Call,2026-08-14 08:56:04,USR006,,CON0086,ACC0043,OPP0193,Pricing follow-up,Follow-Up Needed,true
ACT0004538,Meeting,2026-08-15 07:19:16,USR006,,CON0086,ACC0043,OPP0193,Stakeholder meeting,Follow-Up Needed,true
ACT0004539,Meeting,2026-08-23 07:20:48,USR006,,CON0086,ACC0043,OPP0193,Discovery meeting,Rescheduled,true
ACT0004540,Demo,2026-09-19 00:00:00,USR006,,CON0086,ACC0043,OPP0193,Workflow demonstration,Rescheduled,true
ACT0004541,Email,2025-04-12 16:12:57,USR006,,CON0066,ACC0031,OPP0194,Next steps email,Follow-Up Needed,true
ACT0004542,Email,2025-04-17 13:26:52,USR006,,CON0066,ACC0031,OPP0194,Meeting recap,No Response,true
ACT0004543,Email,2025-04-22 12:56:01,USR006,,CON0066,ACC0031,OPP0194,Meeting recap,Follow-Up Needed,true
ACT0004544,Meeting,2025-04-22 23:00:38,USR006,,CON0066,ACC0031,OPP0194,Commercial review,Follow-Up Needed,true
ACT0004545,Email,2025-04-27 19:12:55,USR006,,CON0066,ACC0031,OPP0194,Introductory email,Follow-Up Needed,true
ACT0004546,Email,2025-05-08 22:27:16,USR006,,CON0066,ACC0031,OPP0194,Introductory email,Follow-Up Needed,true
ACT0004547,Other,2025-05-10 02:57:14,USR006,,CON0066,ACC0031,OPP0194,Procurement follow-up,Follow-Up Needed,true
ACT0004548,Email,2025-05-13 13:37:42,USR006,,CON0066,ACC0031,OPP0194,Proposal follow-up,Follow-Up Needed,true
ACT0004549,Other,2025-05-20 00:09:47,USR006,,CON0066,ACC0031,OPP0194,Contract coordination,Other,true
ACT0004550,Email,2025-05-26 00:00:00,USR006,,CON0066,ACC0031,OPP0194,Next steps email,Follow-Up Needed,true
ACT0004551,Meeting,2024-07-13 20:32:17,USR010,,CON0182,ACC0092,OPP0195,Discovery meeting,Follow-Up Needed,true
ACT0004552,Email,2024-07-18 18:55:08,USR010,,CON0182,ACC0092,OPP0195,Proposal follow-up,Follow-Up Needed,true
ACT0004553,Call,2024-07-30 12:52:11,USR010,,CON0182,ACC0092,OPP0195,Pricing follow-up,No Response,true
ACT0004554,Demo,2024-08-07 03:08:24,USR010,,CON0182,ACC0092,OPP0195,Workflow demonstration,Rescheduled,true
ACT0004555,Meeting,2024-08-11 10:06:28,USR010,,CON0182,ACC0092,OPP0195,Commercial review,Rescheduled,true
ACT0004556,Meeting,2024-09-05 15:39:51,USR010,,CON0182,ACC0092,OPP0195,Executive check-in,Meeting Held,true
ACT0004557,Meeting,2024-09-13 07:16:58,USR010,,CON0182,ACC0092,OPP0195,Requirements review,Follow-Up Needed,true
ACT0004558,Other,2024-09-26 00:00:00,USR010,,CON0182,ACC0092,OPP0195,Procurement follow-up,Other,true
ACT0004559,Call,2026-05-03 10:37:10,USR011,,CON0143,ACC0071,OPP0196,Pricing follow-up,No Response,true
ACT0004560,Email,2026-05-08 09:42:08,USR011,,CON0143,ACC0071,OPP0196,Proposal follow-up,Follow-Up Needed,true
ACT0004561,Email,2026-05-20 23:25:26,USR011,,CON0143,ACC0071,OPP0196,Follow-up email,Follow-Up Needed,true
ACT0004562,Meeting,2026-05-29 15:40:11,USR011,,CON0143,ACC0071,OPP0196,Executive check-in,Follow-Up Needed,true
ACT0004563,Email,2026-06-02 21:44:28,USR011,,CON0143,ACC0071,OPP0196,Meeting recap,Connected,true
ACT0004564,Meeting,2026-06-14 04:37:27,USR011,,CON0143,ACC0071,OPP0196,Requirements review,Meeting Held,true
ACT0004565,Email,2026-06-23 03:18:53,USR011,,CON0143,ACC0071,OPP0196,Introductory email,No Response,true
ACT0004566,Call,2026-06-24 14:47:14,USR011,,CON0143,ACC0071,OPP0196,Initial outreach call,Left Voicemail,true
ACT0004567,Email,2026-07-13 01:52:27,USR011,,CON0143,ACC0071,OPP0196,Meeting recap,Connected,true
ACT0004568,Email,2026-07-13 19:10:54,USR011,,CON0143,ACC0071,OPP0196,Follow-up email,No Response,true
ACT0004569,Call,2026-06-08 23:08:37,USR005,,CON0370,ACC0185,OPP0197,Pricing follow-up,Follow-Up Needed,true
ACT0004570,Call,2026-06-09 00:51:25,USR005,,CON0370,ACC0185,OPP0197,Stakeholder check-in,Follow-Up Needed,true
ACT0004571,Demo,2026-06-09 16:43:36,USR005,,CON0370,ACC0185,OPP0197,Product demo,Follow-Up Needed,true
ACT0004572,Meeting,2026-06-12 12:29:02,USR005,,CON0370,ACC0185,OPP0197,Requirements review,Follow-Up Needed,true
ACT0004573,Demo,2026-06-12 22:41:15,USR005,,CON0370,ACC0185,OPP0197,Technical demo,Rescheduled,true
ACT0004574,Email,2026-06-13 07:33:13,USR005,,CON0370,ACC0185,OPP0197,Proposal follow-up,No Response,true
ACT0004575,Meeting,2026-06-15 00:42:41,USR005,,CON0370,ACC0185,OPP0197,Discovery meeting,Follow-Up Needed,true
ACT0004576,Email,2026-06-23 13:23:57,USR005,,CON0370,ACC0185,OPP0197,Proposal follow-up,No Response,true
ACT0004577,Email,2026-06-25 03:16:41,USR005,,CON0370,ACC0185,OPP0197,Introductory email,Follow-Up Needed,true
ACT0004578,Meeting,2026-07-03 16:17:37,USR005,,CON0370,ACC0185,OPP0197,Stakeholder meeting,Follow-Up Needed,true
ACT0004579,Demo,2026-07-21 05:43:20,USR009,,CON0286,ACC0141,OPP0198,Product demo,Follow-Up Needed,true
ACT0004580,Meeting,2026-07-25 04:13:30,USR009,,CON0286,ACC0141,OPP0198,Executive check-in,Rescheduled,true
ACT0004581,Email,2026-07-25 06:01:19,USR009,,CON0286,ACC0141,OPP0198,Meeting recap,Connected,true
ACT0004582,Demo,2026-07-27 21:45:45,USR009,,CON0286,ACC0141,OPP0198,Product demo,Follow-Up Needed,true
ACT0004583,Meeting,2026-08-10 00:48:22,USR009,,CON0286,ACC0141,OPP0198,Stakeholder meeting,Rescheduled,true
ACT0004584,Other,2026-09-07 00:00:00,USR009,,CON0286,ACC0141,OPP0198,Internal customer follow-up,Follow-Up Needed,true
ACT0004585,Meeting,2025-06-08 16:29:40,USR010,,CON0222,ACC0109,OPP0199,Requirements review,Follow-Up Needed,true
ACT0004586,Email,2025-07-06 22:30:14,USR010,,CON0222,ACC0109,OPP0199,Introductory email,Connected,true
ACT0004587,Meeting,2025-07-06 22:35:45,USR010,,CON0222,ACC0109,OPP0199,Requirements review,Meeting Held,true
ACT0004588,Meeting,2025-08-21 04:01:38,USR010,,CON0222,ACC0109,OPP0199,Commercial review,Follow-Up Needed,true
ACT0004589,Meeting,2025-08-29 00:30:16,USR010,,CON0222,ACC0109,OPP0199,Executive check-in,Meeting Held,true
ACT0004590,Email,2025-09-02 00:59:49,USR010,,CON0222,ACC0109,OPP0199,Introductory email,No Response,true
ACT0004591,Email,2025-09-16 17:05:04,USR010,,CON0222,ACC0109,OPP0199,Follow-up email,Follow-Up Needed,true
ACT0004592,Email,2026-06-29 04:48:49,USR007,,CON0332,ACC0164,OPP0200,Next steps email,Follow-Up Needed,true
ACT0004593,Other,2026-07-04 20:54:28,USR007,,CON0332,ACC0164,OPP0200,Contract coordination,Follow-Up Needed,true
ACT0004594,Other,2026-07-12 16:00:58,USR007,,CON0332,ACC0164,OPP0200,Internal customer follow-up,Connected,true
ACT0004595,Call,2026-07-21 23:40:59,USR007,,CON0332,ACC0164,OPP0200,Initial outreach call,Follow-Up Needed,true
ACT0004596,Call,2026-07-25 05:40:47,USR007,,CON0332,ACC0164,OPP0200,Pricing follow-up,Follow-Up Needed,true
ACT0004597,Meeting,2026-07-25 17:02:38,USR007,,CON0332,ACC0164,OPP0200,Commercial review,Rescheduled,true
ACT0004598,Other,2026-07-25 20:46:33,USR007,,CON0332,ACC0164,OPP0200,Internal customer follow-up,Follow-Up Needed,true
ACT0004599,Email,2026-07-28 01:05:07,USR007,,CON0332,ACC0164,OPP0200,Follow-up email,Follow-Up Needed,true
ACT0004600,Meeting,2026-08-05 07:10:55,USR007,,CON0332,ACC0164,OPP0200,Requirements review,Rescheduled,true
ACT0004601,Email,2026-09-17 09:16:15,USR006,,CON0599,ACC0300,OPP0201,Meeting recap,Connected,true
ACT0004602,Email,2026-09-22 01:32:29,USR006,,CON0599,ACC0300,OPP0201,Follow-up email,Connected,true
ACT0004603,Call,2026-09-22 19:15:47,USR006,,CON0599,ACC0300,OPP0201,Initial outreach call,Connected,true
ACT0004604,Email,2026-09-23 00:00:00,USR006,,CON0599,ACC0300,OPP0201,Next steps email,Follow-Up Needed,true
ACT0004605,Meeting,2025-09-13 01:28:17,USR006,,CON0611,ACC0307,OPP0202,Commercial review,Follow-Up Needed,true
ACT0004606,Meeting,2025-09-22 13:50:25,USR006,,CON0611,ACC0307,OPP0202,Stakeholder meeting,Rescheduled,true
ACT0004607,Email,2025-09-23 19:30:21,USR006,,CON0611,ACC0307,OPP0202,Proposal follow-up,Follow-Up Needed,true
ACT0004608,Email,2025-09-27 08:44:38,USR006,,CON0611,ACC0307,OPP0202,Proposal follow-up,No Response,true
ACT0004609,Meeting,2025-09-30 01:18:27,USR006,,CON0611,ACC0307,OPP0202,Requirements review,Meeting Held,true
ACT0004610,Email,2025-10-03 20:36:16,USR006,,CON0611,ACC0307,OPP0202,Meeting recap,Follow-Up Needed,true
ACT0004611,Demo,2025-10-08 02:23:33,USR006,,CON0611,ACC0307,OPP0202,Technical demo,Follow-Up Needed,true
ACT0004612,Other,2025-10-21 17:06:40,USR006,,CON0611,ACC0307,OPP0202,Internal customer follow-up,Other,true
ACT0004613,Demo,2025-10-22 07:52:07,USR006,,CON0611,ACC0307,OPP0202,Solution review,Rescheduled,true
ACT0004614,Meeting,2024-06-17 23:07:39,USR012,,CON0437,ACC0219,OPP0204,Discovery meeting,Rescheduled,true
ACT0004615,Demo,2024-06-25 06:34:40,USR012,,CON0437,ACC0219,OPP0204,Solution review,Rescheduled,true
ACT0004616,Meeting,2024-07-05 05:02:08,USR012,,CON0437,ACC0219,OPP0204,Commercial review,Follow-Up Needed,true
ACT0004617,Meeting,2024-07-05 22:17:34,USR012,,CON0437,ACC0219,OPP0204,Stakeholder meeting,Rescheduled,true
ACT0004618,Call,2024-07-09 07:54:03,USR012,,CON0437,ACC0219,OPP0204,Pricing follow-up,Left Voicemail,true
ACT0004619,Other,2024-07-22 15:46:29,USR012,,CON0437,ACC0219,OPP0204,Internal customer follow-up,Connected,true
ACT0004620,Email,2024-07-23 08:10:14,USR012,,CON0437,ACC0219,OPP0204,Proposal follow-up,Follow-Up Needed,true
ACT0004621,Meeting,2024-08-11 09:03:34,USR012,,CON0437,ACC0219,OPP0204,Discovery meeting,Rescheduled,true
ACT0004622,Meeting,2024-08-20 12:44:08,USR012,,CON0437,ACC0219,OPP0204,Discovery meeting,Follow-Up Needed,true
ACT0004623,Meeting,2024-08-24 16:55:46,USR012,,CON0437,ACC0219,OPP0204,Discovery meeting,Follow-Up Needed,true
ACT0004624,Meeting,2024-09-24 16:44:36,USR012,,CON0437,ACC0219,OPP0204,Requirements review,Rescheduled,true
ACT0004625,Meeting,2026-07-09 15:31:16,USR005,,CON0525,ACC0262,OPP0205,Stakeholder meeting,Follow-Up Needed,true
ACT0004626,Meeting,2026-07-18 03:39:26,USR005,,CON0525,ACC0262,OPP0205,Requirements review,Meeting Held,true
ACT0004627,Email,2026-07-18 20:12:06,USR005,,CON0525,ACC0262,OPP0205,Meeting recap,Follow-Up Needed,true
ACT0004628,Demo,2026-07-19 14:51:01,USR005,,CON0525,ACC0262,OPP0205,Workflow demonstration,Follow-Up Needed,true
ACT0004629,Meeting,2026-07-20 03:38:48,USR005,,CON0525,ACC0262,OPP0205,Commercial review,Rescheduled,true
ACT0004630,Meeting,2026-07-20 22:43:22,USR005,,CON0525,ACC0262,OPP0205,Executive check-in,Rescheduled,true
ACT0004631,Meeting,2026-07-30 21:52:45,USR005,,CON0525,ACC0262,OPP0205,Stakeholder meeting,Meeting Held,true
ACT0004632,Meeting,2026-09-12 00:00:00,USR005,,CON0525,ACC0262,OPP0205,Discovery meeting,Rescheduled,true
ACT0004633,Meeting,2024-12-13 14:49:11,USR009,,CON0206,ACC0102,OPP0206,Commercial review,Follow-Up Needed,true
ACT0004634,Call,2025-01-10 16:17:20,USR009,,CON0206,ACC0102,OPP0206,Follow-up call,Connected,true
ACT0004635,Demo,2025-01-14 05:47:33,USR009,,CON0206,ACC0102,OPP0206,Product demo,Follow-Up Needed,true
ACT0004636,Demo,2025-02-20 06:03:08,USR009,,CON0206,ACC0102,OPP0206,Workflow demonstration,Meeting Held,true
ACT0004637,Meeting,2025-03-03 06:44:45,USR009,,CON0206,ACC0102,OPP0206,Commercial review,Follow-Up Needed,true
ACT0004638,Email,2025-03-23 10:09:43,USR009,,CON0206,ACC0102,OPP0206,Follow-up email,Connected,true
ACT0004639,Other,2026-04-29 07:37:51,USR009,,CON0373,ACC0187,OPP0208,Procurement follow-up,Follow-Up Needed,true
ACT0004640,Other,2026-05-06 18:42:47,USR009,,CON0373,ACC0187,OPP0208,Contract coordination,Follow-Up Needed,true
ACT0004641,Email,2026-05-17 22:17:11,USR009,,CON0373,ACC0187,OPP0208,Meeting recap,Connected,true
ACT0004642,Demo,2026-06-04 06:46:30,USR009,,CON0373,ACC0187,OPP0208,Workflow demonstration,Rescheduled,true
ACT0004643,Other,2026-06-15 14:51:09,USR009,,CON0373,ACC0187,OPP0208,Internal customer follow-up,Other,true
ACT0004644,Email,2026-06-19 17:44:16,USR009,,CON0373,ACC0187,OPP0208,Follow-up email,No Response,true
ACT0004645,Meeting,2026-06-25 07:04:27,USR009,,CON0373,ACC0187,OPP0208,Executive check-in,Meeting Held,true
ACT0004646,Meeting,2026-06-28 03:32:12,USR009,,CON0373,ACC0187,OPP0208,Discovery meeting,Follow-Up Needed,true
ACT0004647,Email,2026-07-06 19:15:47,USR009,,CON0373,ACC0187,OPP0208,Introductory email,No Response,true
ACT0004648,Email,2026-07-15 11:48:53,USR009,,CON0373,ACC0187,OPP0208,Follow-up email,Connected,true
ACT0004649,Meeting,2025-09-03 10:38:28,USR010,,CON0501,ACC0249,OPP0209,Commercial review,Rescheduled,true
ACT0004650,Meeting,2025-09-14 04:40:37,USR010,,CON0501,ACC0249,OPP0209,Discovery meeting,Rescheduled,true
ACT0004651,Email,2025-10-01 13:24:48,USR010,,CON0501,ACC0249,OPP0209,Next steps email,Follow-Up Needed,true
ACT0004652,Meeting,2025-10-09 14:41:12,USR010,,CON0501,ACC0249,OPP0209,Requirements review,Follow-Up Needed,true
ACT0004653,Other,2025-10-31 05:31:53,USR010,,CON0501,ACC0249,OPP0209,Contract coordination,Follow-Up Needed,true
ACT0004654,Email,2022-11-21 17:10:17,USR009,,CON0626,ACC0314,OPP0210,Introductory email,Connected,true
ACT0004655,Email,2022-11-22 08:41:31,USR009,,CON0626,ACC0314,OPP0210,Meeting recap,Connected,true
ACT0004656,Call,2022-11-24 03:35:50,USR009,,CON0626,ACC0314,OPP0210,Pricing follow-up,Connected,true
ACT0004657,Call,2022-12-06 15:28:21,USR009,,CON0626,ACC0314,OPP0210,Stakeholder check-in,No Response,true
ACT0004658,Call,2022-12-14 11:07:38,USR009,,CON0626,ACC0314,OPP0210,Stakeholder check-in,Follow-Up Needed,true
ACT0004659,Meeting,2022-12-16 08:32:15,USR009,,CON0626,ACC0314,OPP0210,Executive check-in,Follow-Up Needed,true
ACT0004660,Email,2022-12-21 16:30:47,USR009,,CON0626,ACC0314,OPP0210,Proposal follow-up,No Response,true
ACT0004661,Meeting,2022-12-22 01:53:01,USR009,,CON0626,ACC0314,OPP0210,Executive check-in,Rescheduled,true
ACT0004662,Meeting,2023-01-05 06:50:11,USR009,,CON0626,ACC0314,OPP0210,Commercial review,Meeting Held,true
ACT0004663,Email,2023-01-06 17:21:22,USR009,,CON0626,ACC0314,OPP0210,Meeting recap,Connected,true
ACT0004664,Other,2023-01-12 18:09:08,USR009,,CON0626,ACC0314,OPP0210,Contract coordination,Follow-Up Needed,true
ACT0004665,Other,2024-10-02 04:22:07,USR008,,CON0212,ACC0105,OPP0211,Procurement follow-up,Other,true
ACT0004666,Meeting,2024-10-06 01:15:49,USR008,,CON0212,ACC0105,OPP0211,Stakeholder meeting,Meeting Held,true
ACT0004667,Email,2024-10-09 05:44:16,USR008,,CON0212,ACC0105,OPP0211,Introductory email,No Response,true
ACT0004668,Email,2024-10-12 09:37:29,USR008,,CON0212,ACC0105,OPP0211,Next steps email,Connected,true
ACT0004669,Meeting,2024-10-15 04:30:29,USR008,,CON0212,ACC0105,OPP0211,Requirements review,Follow-Up Needed,true
ACT0004670,Email,2024-10-17 06:51:59,USR008,,CON0212,ACC0105,OPP0211,Follow-up email,Connected,true
ACT0004671,Meeting,2024-10-21 02:41:44,USR008,,CON0212,ACC0105,OPP0211,Stakeholder meeting,Meeting Held,true
ACT0004672,Email,2024-10-22 15:34:07,USR008,,CON0212,ACC0105,OPP0211,Follow-up email,Connected,true
ACT0004673,Call,2026-08-29 01:48:23,USR012,,CON0243,ACC0121,OPP0212,Qualification call,No Response,true
ACT0004674,Email,2026-09-01 18:32:38,USR012,,CON0243,ACC0121,OPP0212,Meeting recap,No Response,true
ACT0004675,Call,2026-09-03 21:08:31,USR012,,CON0243,ACC0121,OPP0212,Stakeholder check-in,Follow-Up Needed,true
ACT0004676,Call,2026-09-09 20:42:27,USR012,,CON0243,ACC0121,OPP0212,Initial outreach call,Connected,true
ACT0004677,Email,2026-09-10 03:56:00,USR012,,CON0243,ACC0121,OPP0212,Introductory email,Connected,true
ACT0004678,Call,2026-09-13 00:00:00,USR012,,CON0243,ACC0121,OPP0212,Pricing follow-up,Connected,true
ACT0004679,Email,2024-07-05 04:57:52,USR008,,CON0199,ACC0099,OPP0213,Introductory email,Connected,true
ACT0004680,Demo,2024-07-10 05:05:03,USR008,,CON0199,ACC0099,OPP0213,Solution review,Follow-Up Needed,true
ACT0004681,Email,2024-07-11 07:06:18,USR008,,CON0199,ACC0099,OPP0213,Meeting recap,Follow-Up Needed,true
ACT0004682,Other,2024-07-12 07:58:17,USR008,,CON0199,ACC0099,OPP0213,Internal customer follow-up,Follow-Up Needed,true
ACT0004683,Meeting,2024-07-13 09:57:37,USR008,,CON0199,ACC0099,OPP0213,Discovery meeting,Rescheduled,true
ACT0004684,Other,2024-07-13 20:48:42,USR008,,CON0199,ACC0099,OPP0213,Contract coordination,Other,true
ACT0004685,Other,2024-07-14 06:11:24,USR008,,CON0199,ACC0099,OPP0213,Internal customer follow-up,Follow-Up Needed,true
ACT0004686,Meeting,2024-07-19 03:06:14,USR008,,CON0199,ACC0099,OPP0213,Discovery meeting,Follow-Up Needed,true
ACT0004687,Call,2024-07-21 16:54:57,USR008,,CON0199,ACC0099,OPP0213,Initial outreach call,No Response,true
ACT0004688,Other,2024-07-23 12:40:10,USR008,,CON0199,ACC0099,OPP0213,Contract coordination,Connected,true
ACT0004689,Meeting,2024-08-02 04:52:20,USR008,,CON0199,ACC0099,OPP0213,Discovery meeting,Meeting Held,true
ACT0004690,Meeting,2025-02-04 16:51:40,USR009,,CON0196,ACC0098,OPP0214,Requirements review,Meeting Held,true
ACT0004691,Call,2025-02-14 18:13:38,USR009,,CON0196,ACC0098,OPP0214,Initial outreach call,Connected,true
ACT0004692,Call,2025-02-16 02:25:08,USR009,,CON0196,ACC0098,OPP0214,Qualification call,No Response,true
ACT0004693,Email,2025-02-16 10:49:54,USR009,,CON0196,ACC0098,OPP0214,Proposal follow-up,No Response,true
ACT0004694,Meeting,2025-02-26 15:30:11,USR009,,CON0196,ACC0098,OPP0214,Stakeholder meeting,Meeting Held,true
ACT0004695,Meeting,2025-03-06 14:54:38,USR009,,CON0196,ACC0098,OPP0214,Discovery meeting,Meeting Held,true
ACT0004696,Email,2025-03-25 09:59:36,USR009,,CON0196,ACC0098,OPP0214,Meeting recap,Connected,true
ACT0004697,Call,2025-03-28 01:20:09,USR009,,CON0196,ACC0098,OPP0214,Initial outreach call,Left Voicemail,true
ACT0004698,Demo,2025-04-05 14:38:31,USR009,,CON0196,ACC0098,OPP0214,Product demo,Rescheduled,true
ACT0004699,Other,2025-04-12 08:54:21,USR009,,CON0196,ACC0098,OPP0214,Procurement follow-up,Follow-Up Needed,true
ACT0004700,Meeting,2026-01-10 13:02:01,USR006,,CON0329,ACC0162,OPP0215,Commercial review,Follow-Up Needed,true
ACT0004701,Email,2026-01-11 06:06:22,USR006,,CON0329,ACC0162,OPP0215,Follow-up email,Follow-Up Needed,true
ACT0004702,Call,2026-01-18 10:13:18,USR006,,CON0329,ACC0162,OPP0215,Follow-up call,Connected,true
ACT0004703,Call,2026-01-18 10:26:40,USR006,,CON0329,ACC0162,OPP0215,Stakeholder check-in,Left Voicemail,true
ACT0004704,Meeting,2026-01-22 03:43:55,USR006,,CON0329,ACC0162,OPP0215,Requirements review,Rescheduled,true
ACT0004705,Meeting,2026-01-25 22:50:16,USR006,,CON0329,ACC0162,OPP0215,Executive check-in,Follow-Up Needed,true
ACT0004706,Other,2026-01-27 09:00:35,USR006,,CON0329,ACC0162,OPP0215,Contract coordination,Follow-Up Needed,true
ACT0004707,Meeting,2026-02-03 00:00:00,USR006,,CON0329,ACC0162,OPP0215,Commercial review,Meeting Held,true
ACT0004708,Email,2026-05-01 16:23:53,USR009,,CON0373,ACC0187,OPP0216,Introductory email,Connected,true
ACT0004709,Other,2026-05-04 03:49:12,USR009,,CON0373,ACC0187,OPP0216,Procurement follow-up,Follow-Up Needed,true
ACT0004710,Email,2026-05-26 21:12:00,USR009,,CON0373,ACC0187,OPP0216,Follow-up email,Follow-Up Needed,true
ACT0004711,Meeting,2026-06-11 13:27:31,USR009,,CON0373,ACC0187,OPP0216,Requirements review,Follow-Up Needed,true
ACT0004712,Meeting,2026-06-16 16:54:46,USR009,,CON0373,ACC0187,OPP0216,Discovery meeting,Rescheduled,true
ACT0004713,Email,2026-06-24 12:36:42,USR009,,CON0373,ACC0187,OPP0216,Next steps email,No Response,true
ACT0004714,Call,2026-07-02 02:56:39,USR009,,CON0373,ACC0187,OPP0216,Initial outreach call,Follow-Up Needed,true
ACT0004715,Demo,2026-07-03 05:32:12,USR009,,CON0373,ACC0187,OPP0216,Technical demo,Follow-Up Needed,true
ACT0004716,Meeting,2026-07-08 00:15:21,USR009,,CON0373,ACC0187,OPP0216,Requirements review,Rescheduled,true
ACT0004717,Call,2026-07-14 04:53:59,USR009,,CON0373,ACC0187,OPP0216,Pricing follow-up,Connected,true
ACT0004718,Email,2026-07-19 11:48:53,USR009,,CON0373,ACC0187,OPP0216,Meeting recap,Follow-Up Needed,true
ACT0004719,Meeting,2026-08-15 16:26:22,USR009,,CON0443,ACC0221,OPP0217,Discovery meeting,Rescheduled,true
ACT0004720,Meeting,2026-08-19 14:56:11,USR009,,CON0443,ACC0221,OPP0217,Requirements review,Meeting Held,true
ACT0004721,Email,2026-08-25 05:03:13,USR009,,CON0443,ACC0221,OPP0217,Follow-up email,Connected,true
ACT0004722,Call,2026-09-05 05:45:12,USR009,,CON0443,ACC0221,OPP0217,Pricing follow-up,Follow-Up Needed,true
ACT0004723,Meeting,2026-09-05 21:28:12,USR009,,CON0443,ACC0221,OPP0217,Executive check-in,Follow-Up Needed,true
ACT0004724,Call,2026-09-12 03:24:18,USR009,,CON0443,ACC0221,OPP0217,Initial outreach call,No Response,true
ACT0004725,Meeting,2026-09-18 00:00:00,USR009,,CON0443,ACC0221,OPP0217,Requirements review,Follow-Up Needed,true
ACT0004726,Email,2024-06-22 08:46:23,USR012,,CON0241,ACC0120,OPP0218,Proposal follow-up,No Response,true
ACT0004727,Meeting,2024-06-28 13:19:00,USR012,,CON0241,ACC0120,OPP0218,Stakeholder meeting,Meeting Held,true
ACT0004728,Email,2024-07-05 00:19:43,USR012,,CON0241,ACC0120,OPP0218,Proposal follow-up,Connected,true
ACT0004729,Demo,2024-07-11 19:23:36,USR012,,CON0241,ACC0120,OPP0218,Product demo,Rescheduled,true
ACT0004730,Meeting,2024-07-14 01:20:52,USR012,,CON0241,ACC0120,OPP0218,Commercial review,Meeting Held,true
ACT0004731,Meeting,2024-07-17 13:29:49,USR012,,CON0241,ACC0120,OPP0218,Discovery meeting,Follow-Up Needed,true
ACT0004732,Meeting,2024-07-21 11:52:58,USR012,,CON0241,ACC0120,OPP0218,Executive check-in,Meeting Held,true
ACT0004733,Meeting,2024-08-19 18:30:27,USR012,,CON0241,ACC0120,OPP0218,Discovery meeting,Rescheduled,true
ACT0004734,Email,2024-08-20 14:55:53,USR012,,CON0241,ACC0120,OPP0218,Introductory email,No Response,true
ACT0004735,Meeting,2023-06-26 19:54:31,USR006,,CON0357,ACC0176,OPP0219,Requirements review,Rescheduled,true
ACT0004736,Email,2023-06-28 14:19:46,USR006,,CON0357,ACC0176,OPP0219,Introductory email,Connected,true
ACT0004737,Demo,2023-06-30 13:12:56,USR006,,CON0357,ACC0176,OPP0219,Workflow demonstration,Follow-Up Needed,true
ACT0004738,Call,2023-07-03 09:17:36,USR006,,CON0357,ACC0176,OPP0219,Stakeholder check-in,Connected,true
ACT0004739,Call,2023-07-12 19:46:02,USR006,,CON0357,ACC0176,OPP0219,Qualification call,Left Voicemail,true
ACT0004740,Email,2023-07-18 06:27:11,USR006,,CON0357,ACC0176,OPP0219,Proposal follow-up,Follow-Up Needed,true
ACT0004741,Meeting,2023-07-24 19:37:05,USR006,,CON0357,ACC0176,OPP0219,Stakeholder meeting,Rescheduled,true
ACT0004742,Meeting,2026-08-10 09:30:16,USR009,,CON0013,ACC0005,OPP0220,Commercial review,Meeting Held,true
ACT0004743,Meeting,2026-08-12 01:11:14,USR009,,CON0013,ACC0005,OPP0220,Executive check-in,Rescheduled,true
ACT0004744,Meeting,2026-08-12 09:40:28,USR009,,CON0013,ACC0005,OPP0220,Executive check-in,Rescheduled,true
ACT0004745,Meeting,2026-08-20 09:19:28,USR009,,CON0013,ACC0005,OPP0220,Commercial review,Follow-Up Needed,true
ACT0004746,Meeting,2026-08-31 16:28:42,USR009,,CON0013,ACC0005,OPP0220,Executive check-in,Rescheduled,true
ACT0004747,Meeting,2026-09-03 00:00:00,USR009,,CON0013,ACC0005,OPP0220,Stakeholder meeting,Follow-Up Needed,true
ACT0004748,Demo,2026-07-27 12:36:56,USR008,,CON0321,ACC0158,OPP0221,Technical demo,Rescheduled,true
ACT0004749,Demo,2026-08-03 18:47:19,USR008,,CON0321,ACC0158,OPP0221,Product demo,Rescheduled,true
ACT0004750,Meeting,2026-08-07 20:15:36,USR008,,CON0321,ACC0158,OPP0221,Stakeholder meeting,Follow-Up Needed,true
ACT0004751,Email,2026-08-10 11:34:31,USR008,,CON0321,ACC0158,OPP0221,Next steps email,Follow-Up Needed,true
ACT0004752,Demo,2026-08-25 09:04:42,USR008,,CON0321,ACC0158,OPP0221,Solution review,Meeting Held,true
ACT0004753,Meeting,2026-09-02 06:46:54,USR008,,CON0321,ACC0158,OPP0221,Stakeholder meeting,Meeting Held,true
ACT0004754,Email,2026-09-09 00:00:00,USR008,,CON0321,ACC0158,OPP0221,Proposal follow-up,No Response,true
ACT0004755,Call,2025-01-28 22:14:32,USR011,,CON0133,ACC0066,OPP0222,Pricing follow-up,Left Voicemail,true
ACT0004756,Call,2025-02-05 02:25:43,USR011,,CON0133,ACC0066,OPP0222,Initial outreach call,No Response,true
ACT0004757,Email,2025-02-06 02:20:05,USR011,,CON0133,ACC0066,OPP0222,Follow-up email,No Response,true
ACT0004758,Meeting,2025-02-11 11:34:59,USR011,,CON0133,ACC0066,OPP0222,Executive check-in,Meeting Held,true
ACT0004759,Meeting,2025-02-23 15:19:38,USR011,,CON0133,ACC0066,OPP0222,Commercial review,Rescheduled,true
ACT0004760,Email,2025-03-28 16:46:37,USR006,,CON0613,ACC0308,OPP0223,Meeting recap,Follow-Up Needed,true
ACT0004761,Meeting,2025-04-04 19:40:00,USR006,,CON0613,ACC0308,OPP0223,Stakeholder meeting,Follow-Up Needed,true
ACT0004762,Demo,2025-04-05 21:32:45,USR006,,CON0613,ACC0308,OPP0223,Workflow demonstration,Follow-Up Needed,true
ACT0004763,Meeting,2025-04-06 02:43:15,USR006,,CON0613,ACC0308,OPP0223,Executive check-in,Follow-Up Needed,true
ACT0004764,Meeting,2025-04-08 12:02:09,USR006,,CON0613,ACC0308,OPP0223,Requirements review,Follow-Up Needed,true
ACT0004765,Meeting,2025-04-10 21:51:18,USR006,,CON0613,ACC0308,OPP0223,Requirements review,Rescheduled,true
ACT0004766,Email,2025-04-19 14:48:47,USR006,,CON0613,ACC0308,OPP0223,Proposal follow-up,Connected,true
ACT0004767,Demo,2025-12-02 03:18:19,USR005,,CON0536,ACC0267,OPP0224,Solution review,Meeting Held,true
ACT0004768,Meeting,2026-01-13 05:10:42,USR005,,CON0536,ACC0267,OPP0224,Discovery meeting,Meeting Held,true
ACT0004769,Meeting,2026-02-04 12:57:42,USR005,,CON0536,ACC0267,OPP0224,Discovery meeting,Meeting Held,true
ACT0004770,Call,2026-02-16 13:57:21,USR005,,CON0536,ACC0267,OPP0224,Pricing follow-up,Follow-Up Needed,true
ACT0004771,Email,2026-08-24 10:10:11,USR005,,CON0536,ACC0267,OPP0224,Follow-up email,No Response,true
ACT0004772,Meeting,2026-09-10 00:00:00,USR005,,CON0536,ACC0267,OPP0224,Commercial review,Meeting Held,true
ACT0004773,Demo,2026-08-05 04:45:52,USR006,,CON0550,ACC0275,OPP0225,Technical demo,Rescheduled,true
ACT0004774,Demo,2026-08-10 01:02:06,USR006,,CON0550,ACC0275,OPP0225,Workflow demonstration,Meeting Held,true
ACT0004775,Meeting,2026-08-12 23:57:41,USR006,,CON0550,ACC0275,OPP0225,Stakeholder meeting,Meeting Held,true
ACT0004776,Call,2026-08-14 00:06:25,USR006,,CON0550,ACC0275,OPP0225,Qualification call,Left Voicemail,true
ACT0004777,Meeting,2026-08-15 11:53:08,USR006,,CON0550,ACC0275,OPP0225,Commercial review,Meeting Held,true
ACT0004778,Meeting,2026-08-20 06:23:11,USR006,,CON0550,ACC0275,OPP0225,Commercial review,Meeting Held,true
ACT0004779,Meeting,2026-08-23 00:42:33,USR006,,CON0550,ACC0275,OPP0225,Stakeholder meeting,Rescheduled,true
ACT0004780,Email,2026-08-24 10:25:02,USR006,,CON0550,ACC0275,OPP0225,Introductory email,Connected,true
ACT0004781,Other,2026-08-27 00:38:35,USR006,,CON0550,ACC0275,OPP0225,Internal customer follow-up,Other,true
ACT0004782,Email,2026-08-30 00:00:00,USR006,,CON0550,ACC0275,OPP0225,Meeting recap,Connected,true
ACT0004783,Call,2025-12-12 21:43:01,USR010,,CON0127,ACC0063,OPP0226,Follow-up call,Connected,true
ACT0004784,Call,2025-12-18 04:36:36,USR010,,CON0127,ACC0063,OPP0226,Stakeholder check-in,Left Voicemail,true
ACT0004785,Meeting,2026-01-03 08:53:51,USR010,,CON0127,ACC0063,OPP0226,Executive check-in,Follow-Up Needed,true
ACT0004786,Email,2026-01-15 13:07:06,USR010,,CON0127,ACC0063,OPP0226,Follow-up email,No Response,true
ACT0004787,Meeting,2026-01-21 12:00:08,USR010,,CON0127,ACC0063,OPP0226,Executive check-in,Meeting Held,true
ACT0004788,Other,2026-01-22 23:44:49,USR010,,CON0127,ACC0063,OPP0226,Procurement follow-up,Follow-Up Needed,true
ACT0004789,Meeting,2026-01-23 05:15:41,USR010,,CON0127,ACC0063,OPP0226,Executive check-in,Meeting Held,true
ACT0004790,Other,2026-02-07 00:00:00,USR010,,CON0127,ACC0063,OPP0226,Procurement follow-up,Connected,true
ACT0004791,Meeting,2025-06-12 01:50:58,USR010,,CON0225,ACC0112,OPP0227,Commercial review,Meeting Held,true
ACT0004792,Demo,2025-06-12 11:04:18,USR010,,CON0225,ACC0112,OPP0227,Product demo,Rescheduled,true
ACT0004793,Other,2025-06-20 21:38:51,USR010,,CON0225,ACC0112,OPP0227,Contract coordination,Follow-Up Needed,true
ACT0004794,Demo,2025-06-21 12:17:36,USR010,,CON0225,ACC0112,OPP0227,Solution review,Meeting Held,true
ACT0004795,Email,2025-06-28 10:29:09,USR010,,CON0225,ACC0112,OPP0227,Proposal follow-up,Connected,true
ACT0004796,Email,2025-07-04 01:35:12,USR010,,CON0225,ACC0112,OPP0227,Introductory email,No Response,true
ACT0004797,Call,2025-07-06 17:35:24,USR010,,CON0225,ACC0112,OPP0227,Qualification call,Follow-Up Needed,true
ACT0004798,Email,2025-07-12 03:46:24,USR010,,CON0225,ACC0112,OPP0227,Proposal follow-up,Follow-Up Needed,true
ACT0004799,Email,2025-07-13 10:10:52,USR010,,CON0225,ACC0112,OPP0227,Proposal follow-up,No Response,true
ACT0004800,Email,2025-07-27 16:29:42,USR010,,CON0225,ACC0112,OPP0227,Proposal follow-up,Follow-Up Needed,true
ACT0004801,Email,2025-08-04 15:00:49,USR010,,CON0225,ACC0112,OPP0227,Introductory email,Connected,true
ACT0004802,Email,2026-06-07 07:16:13,USR012,,CON0012,ACC0004,OPP0228,Next steps email,Follow-Up Needed,true
ACT0004803,Other,2026-06-11 04:26:01,USR012,,CON0012,ACC0004,OPP0228,Contract coordination,Other,true
ACT0004804,Email,2026-06-30 11:15:58,USR012,,CON0012,ACC0004,OPP0228,Next steps email,Connected,true
ACT0004805,Other,2026-07-09 18:33:26,USR012,,CON0012,ACC0004,OPP0228,Internal customer follow-up,Connected,true
ACT0004806,Meeting,2026-07-13 21:35:16,USR012,,CON0012,ACC0004,OPP0228,Stakeholder meeting,Follow-Up Needed,true
ACT0004807,Meeting,2026-07-16 18:33:47,USR012,,CON0012,ACC0004,OPP0228,Commercial review,Meeting Held,true
ACT0004808,Call,2026-07-19 06:10:14,USR012,,CON0012,ACC0004,OPP0228,Follow-up call,Follow-Up Needed,true
ACT0004809,Meeting,2026-08-07 05:16:19,USR012,,CON0012,ACC0004,OPP0228,Stakeholder meeting,Rescheduled,true
ACT0004810,Meeting,2026-08-11 11:17:08,USR012,,CON0012,ACC0004,OPP0228,Executive check-in,Rescheduled,true
ACT0004811,Email,2026-08-16 00:00:00,USR012,,CON0012,ACC0004,OPP0228,Next steps email,Follow-Up Needed,true
ACT0004812,Demo,2026-03-01 03:24:08,USR005,,CON0456,ACC0226,OPP0229,Product demo,Follow-Up Needed,true
ACT0004813,Call,2026-03-01 20:27:18,USR005,,CON0456,ACC0226,OPP0229,Follow-up call,Left Voicemail,true
ACT0004814,Demo,2026-03-02 19:24:45,USR005,,CON0456,ACC0226,OPP0229,Workflow demonstration,Follow-Up Needed,true
ACT0004815,Email,2026-03-03 18:34:23,USR005,,CON0456,ACC0226,OPP0229,Meeting recap,No Response,true
ACT0004816,Email,2026-03-04 06:07:11,USR005,,CON0456,ACC0226,OPP0229,Next steps email,Connected,true
ACT0004817,Email,2026-03-13 04:21:58,USR005,,CON0456,ACC0226,OPP0229,Follow-up email,No Response,true
ACT0004818,Email,2026-03-22 04:11:28,USR005,,CON0456,ACC0226,OPP0229,Introductory email,No Response,true
ACT0004819,Meeting,2023-09-18 20:13:47,USR009,,CON0004,ACC0001,OPP0230,Executive check-in,Meeting Held,true
ACT0004820,Call,2023-09-20 16:51:51,USR009,,CON0004,ACC0001,OPP0230,Follow-up call,Follow-Up Needed,true
ACT0004821,Email,2023-10-04 20:00:22,USR009,,CON0004,ACC0001,OPP0230,Introductory email,No Response,true
ACT0004822,Meeting,2023-11-10 13:26:02,USR009,,CON0004,ACC0001,OPP0230,Commercial review,Rescheduled,true
ACT0004823,Meeting,2023-11-25 20:26:24,USR009,,CON0004,ACC0001,OPP0230,Commercial review,Meeting Held,true
ACT0004824,Call,2023-11-27 10:12:37,USR009,,CON0004,ACC0001,OPP0230,Pricing follow-up,Left Voicemail,true
ACT0004825,Email,2023-11-28 01:40:18,USR009,,CON0004,ACC0001,OPP0230,Introductory email,No Response,true
ACT0004826,Other,2023-12-18 15:55:25,USR009,,CON0004,ACC0001,OPP0230,Internal customer follow-up,Other,true
ACT0004827,Call,2025-03-10 04:13:28,USR006,,CON0105,ACC0053,OPP0231,Stakeholder check-in,Follow-Up Needed,true
ACT0004828,Meeting,2025-03-12 01:44:30,USR006,,CON0105,ACC0053,OPP0231,Executive check-in,Meeting Held,true
ACT0004829,Email,2025-03-16 19:18:56,USR006,,CON0105,ACC0053,OPP0231,Proposal follow-up,No Response,true
ACT0004830,Email,2025-03-17 18:17:21,USR006,,CON0105,ACC0053,OPP0231,Follow-up email,No Response,true
ACT0004831,Call,2025-03-21 02:45:21,USR006,,CON0105,ACC0053,OPP0231,Follow-up call,Follow-Up Needed,true
ACT0004832,Meeting,2025-03-24 02:21:46,USR006,,CON0105,ACC0053,OPP0231,Executive check-in,Rescheduled,true
ACT0004833,Meeting,2025-03-25 01:19:17,USR006,,CON0105,ACC0053,OPP0231,Executive check-in,Rescheduled,true
ACT0004834,Email,2025-03-26 06:43:31,USR006,,CON0105,ACC0053,OPP0231,Meeting recap,Follow-Up Needed,true
ACT0004835,Call,2025-03-28 18:29:47,USR006,,CON0105,ACC0053,OPP0231,Initial outreach call,No Response,true
ACT0004836,Email,2025-03-29 07:59:54,USR006,,CON0105,ACC0053,OPP0231,Introductory email,Connected,true
ACT0004837,Meeting,2025-04-03 00:00:00,USR006,,CON0105,ACC0053,OPP0231,Requirements review,Follow-Up Needed,true
ACT0004838,Call,2026-08-12 16:34:45,USR010,,CON0137,ACC0068,OPP0232,Stakeholder check-in,Follow-Up Needed,true
ACT0004839,Email,2026-08-14 12:12:42,USR010,,CON0137,ACC0068,OPP0232,Meeting recap,Follow-Up Needed,true
ACT0004840,Call,2026-08-18 15:04:37,USR010,,CON0137,ACC0068,OPP0232,Pricing follow-up,Left Voicemail,true
ACT0004841,Meeting,2026-08-18 20:26:08,USR010,,CON0137,ACC0068,OPP0232,Discovery meeting,Rescheduled,true
ACT0004842,Meeting,2026-09-14 00:00:00,USR010,,CON0137,ACC0068,OPP0232,Stakeholder meeting,Follow-Up Needed,true
ACT0004843,Meeting,2024-01-01 23:06:38,USR012,,CON0585,ACC0293,OPP0233,Requirements review,Rescheduled,true
ACT0004844,Meeting,2024-01-07 04:25:21,USR012,,CON0585,ACC0293,OPP0233,Discovery meeting,Rescheduled,true
ACT0004845,Call,2024-01-08 12:16:05,USR012,,CON0585,ACC0293,OPP0233,Pricing follow-up,No Response,true
ACT0004846,Call,2024-02-02 02:38:11,USR012,,CON0585,ACC0293,OPP0233,Qualification call,Left Voicemail,true
ACT0004847,Call,2024-02-25 17:55:27,USR012,,CON0585,ACC0293,OPP0233,Stakeholder check-in,Connected,true
ACT0004848,Meeting,2024-03-02 05:47:31,USR012,,CON0585,ACC0293,OPP0233,Discovery meeting,Meeting Held,true
ACT0004849,Meeting,2024-03-09 00:40:01,USR012,,CON0585,ACC0293,OPP0233,Stakeholder meeting,Follow-Up Needed,true
ACT0004850,Call,2024-03-19 01:25:54,USR012,,CON0585,ACC0293,OPP0233,Stakeholder check-in,No Response,true
ACT0004851,Meeting,2024-10-20 08:54:35,USR011,,CON0232,ACC0115,OPP0234,Executive check-in,Meeting Held,true
ACT0004852,Email,2024-10-31 05:37:52,USR011,,CON0232,ACC0115,OPP0234,Proposal follow-up,Follow-Up Needed,true
ACT0004853,Meeting,2024-11-30 09:31:35,USR011,,CON0232,ACC0115,OPP0234,Commercial review,Rescheduled,true
ACT0004854,Meeting,2024-12-21 22:04:32,USR011,,CON0232,ACC0115,OPP0234,Requirements review,Follow-Up Needed,true
ACT0004855,Email,2024-12-30 15:35:49,USR011,,CON0232,ACC0115,OPP0234,Introductory email,Follow-Up Needed,true
ACT0004856,Call,2025-01-03 11:58:39,USR011,,CON0232,ACC0115,OPP0234,Qualification call,Left Voicemail,true
ACT0004857,Meeting,2025-01-19 07:07:11,USR011,,CON0232,ACC0115,OPP0234,Requirements review,Rescheduled,true
ACT0004858,Meeting,2025-01-20 00:00:00,USR011,,CON0232,ACC0115,OPP0234,Requirements review,Rescheduled,true
ACT0004859,Email,2023-09-12 21:45:52,USR012,,CON0452,ACC0225,OPP0235,Next steps email,Follow-Up Needed,true
ACT0004860,Meeting,2023-09-21 01:29:33,USR012,,CON0452,ACC0225,OPP0235,Stakeholder meeting,Follow-Up Needed,true
ACT0004861,Demo,2023-11-01 14:09:59,USR012,,CON0452,ACC0225,OPP0235,Technical demo,Follow-Up Needed,true
ACT0004862,Demo,2023-11-03 07:30:55,USR012,,CON0452,ACC0225,OPP0235,Solution review,Meeting Held,true
ACT0004863,Email,2023-11-18 08:43:20,USR012,,CON0452,ACC0225,OPP0235,Proposal follow-up,No Response,true
ACT0004864,Email,2023-11-23 20:27:47,USR012,,CON0452,ACC0225,OPP0235,Proposal follow-up,Connected,true
ACT0004865,Email,2023-11-25 12:39:40,USR012,,CON0452,ACC0225,OPP0235,Follow-up email,Connected,true
ACT0004866,Call,2023-12-11 02:11:02,USR012,,CON0452,ACC0225,OPP0235,Qualification call,Connected,true
ACT0004867,Other,2023-12-19 03:50:11,USR012,,CON0452,ACC0225,OPP0235,Internal customer follow-up,Connected,true
ACT0004868,Demo,2022-03-22 07:53:19,USR006,,CON0050,ACC0022,OPP0236,Workflow demonstration,Rescheduled,true
ACT0004869,Meeting,2022-03-27 17:13:52,USR006,,CON0050,ACC0022,OPP0236,Executive check-in,Rescheduled,true
ACT0004870,Email,2022-03-29 03:37:25,USR006,,CON0050,ACC0022,OPP0236,Follow-up email,No Response,true
ACT0004871,Email,2022-03-29 12:01:48,USR006,,CON0050,ACC0022,OPP0236,Meeting recap,Connected,true
ACT0004872,Email,2022-03-31 20:06:38,USR006,,CON0050,ACC0022,OPP0236,Meeting recap,No Response,true
ACT0004873,Demo,2022-04-01 15:44:45,USR006,,CON0050,ACC0022,OPP0236,Product demo,Follow-Up Needed,true
ACT0004874,Email,2022-04-07 10:19:51,USR006,,CON0050,ACC0022,OPP0236,Introductory email,Follow-Up Needed,true
ACT0004875,Call,2022-04-09 14:48:08,USR006,,CON0050,ACC0022,OPP0236,Initial outreach call,No Response,true
ACT0004876,Email,2022-04-10 21:17:05,USR006,,CON0050,ACC0022,OPP0236,Meeting recap,No Response,true
ACT0004877,Email,2022-04-13 15:00:51,USR006,,CON0050,ACC0022,OPP0236,Proposal follow-up,No Response,true
ACT0004878,Other,2022-04-13 23:38:07,USR006,,CON0050,ACC0022,OPP0236,Procurement follow-up,Connected,true
ACT0004879,Email,2024-03-18 08:10:56,USR010,,CON0627,ACC0314,OPP0238,Introductory email,Connected,true
ACT0004880,Demo,2024-03-24 11:53:33,USR010,,CON0627,ACC0314,OPP0238,Technical demo,Follow-Up Needed,true
ACT0004881,Email,2024-04-03 01:42:12,USR010,,CON0627,ACC0314,OPP0238,Introductory email,Connected,true
ACT0004882,Other,2024-04-05 21:23:03,USR010,,CON0627,ACC0314,OPP0238,Procurement follow-up,Connected,true
ACT0004883,Email,2024-04-11 21:48:12,USR010,,CON0627,ACC0314,OPP0238,Follow-up email,No Response,true
ACT0004884,Call,2024-04-20 13:36:08,USR010,,CON0627,ACC0314,OPP0238,Initial outreach call,Left Voicemail,true
ACT0004885,Email,2024-04-20 15:15:29,USR010,,CON0627,ACC0314,OPP0238,Proposal follow-up,Connected,true
ACT0004886,Call,2024-04-26 03:09:45,USR010,,CON0627,ACC0314,OPP0238,Pricing follow-up,Follow-Up Needed,true
ACT0004887,Call,2024-05-14 23:59:57,USR010,,CON0627,ACC0314,OPP0238,Qualification call,Connected,true
ACT0004888,Demo,2024-05-17 14:02:56,USR010,,CON0627,ACC0314,OPP0238,Workflow demonstration,Rescheduled,true
ACT0004889,Meeting,2024-05-21 00:00:00,USR010,,CON0627,ACC0314,OPP0238,Requirements review,Follow-Up Needed,true
ACT0004890,Other,2026-02-04 05:43:03,USR011,,CON0277,ACC0137,OPP0239,Internal customer follow-up,Connected,true
ACT0004891,Email,2026-02-10 00:16:56,USR011,,CON0277,ACC0137,OPP0239,Follow-up email,Connected,true
ACT0004892,Other,2026-02-10 03:38:26,USR011,,CON0277,ACC0137,OPP0239,Procurement follow-up,Connected,true
ACT0004893,Call,2026-02-11 18:33:30,USR011,,CON0277,ACC0137,OPP0239,Initial outreach call,Follow-Up Needed,true
ACT0004894,Call,2026-02-17 01:11:26,USR011,,CON0277,ACC0137,OPP0239,Initial outreach call,Connected,true
ACT0004895,Meeting,2026-02-24 19:22:52,USR011,,CON0277,ACC0137,OPP0239,Stakeholder meeting,Rescheduled,true
ACT0004896,Meeting,2026-02-25 02:26:11,USR011,,CON0277,ACC0137,OPP0239,Stakeholder meeting,Follow-Up Needed,true
ACT0004897,Call,2026-03-13 06:18:08,USR011,,CON0277,ACC0137,OPP0239,Stakeholder check-in,No Response,true
ACT0004898,Call,2026-03-21 15:53:44,USR011,,CON0277,ACC0137,OPP0239,Stakeholder check-in,No Response,true
ACT0004899,Meeting,2024-11-18 11:30:00,USR006,,CON0294,ACC0144,OPP0240,Requirements review,Meeting Held,true
ACT0004900,Email,2024-11-20 03:45:27,USR006,,CON0294,ACC0144,OPP0240,Follow-up email,Follow-Up Needed,true
ACT0004901,Call,2024-11-26 00:52:19,USR006,,CON0294,ACC0144,OPP0240,Initial outreach call,Follow-Up Needed,true
ACT0004902,Demo,2024-11-27 11:28:43,USR006,,CON0294,ACC0144,OPP0240,Workflow demonstration,Rescheduled,true
ACT0004903,Email,2024-11-27 17:53:50,USR006,,CON0294,ACC0144,OPP0240,Proposal follow-up,Connected,true
ACT0004904,Email,2024-11-30 07:31:10,USR006,,CON0294,ACC0144,OPP0240,Introductory email,No Response,true
ACT0004905,Email,2024-12-03 16:46:10,USR006,,CON0294,ACC0144,OPP0240,Introductory email,Connected,true
ACT0004906,Demo,2024-12-03 23:46:01,USR006,,CON0294,ACC0144,OPP0240,Technical demo,Follow-Up Needed,true
ACT0004907,Other,2024-12-10 00:00:16,USR006,,CON0294,ACC0144,OPP0240,Procurement follow-up,Follow-Up Needed,true
ACT0004908,Email,2024-12-15 00:00:00,USR006,,CON0294,ACC0144,OPP0240,Next steps email,Follow-Up Needed,true
ACT0004909,Meeting,2024-12-15 06:16:54,USR005,,CON0176,ACC0088,OPP0241,Executive check-in,Rescheduled,true
ACT0004910,Meeting,2024-12-16 05:24:13,USR005,,CON0176,ACC0088,OPP0241,Discovery meeting,Follow-Up Needed,true
ACT0004911,Meeting,2024-12-25 16:10:42,USR005,,CON0176,ACC0088,OPP0241,Executive check-in,Meeting Held,true
ACT0004912,Call,2024-12-28 09:30:42,USR005,,CON0176,ACC0088,OPP0241,Qualification call,Left Voicemail,true
ACT0004913,Email,2024-12-30 01:15:49,USR005,,CON0176,ACC0088,OPP0241,Introductory email,Connected,true
ACT0004914,Email,2025-01-06 04:09:24,USR005,,CON0176,ACC0088,OPP0241,Proposal follow-up,Connected,true
ACT0004915,Meeting,2025-01-07 14:34:47,USR005,,CON0176,ACC0088,OPP0241,Stakeholder meeting,Rescheduled,true
ACT0004916,Other,2025-01-20 18:36:25,USR005,,CON0176,ACC0088,OPP0241,Internal customer follow-up,Follow-Up Needed,true
ACT0004917,Email,2023-11-06 02:03:48,USR006,,CON0303,ACC0149,OPP0242,Proposal follow-up,No Response,true
ACT0004918,Meeting,2023-11-06 08:24:20,USR006,,CON0303,ACC0149,OPP0242,Requirements review,Rescheduled,true
ACT0004919,Meeting,2023-11-08 04:18:44,USR006,,CON0303,ACC0149,OPP0242,Stakeholder meeting,Meeting Held,true
ACT0004920,Demo,2023-11-10 11:39:06,USR006,,CON0303,ACC0149,OPP0242,Technical demo,Follow-Up Needed,true
ACT0004921,Email,2023-11-11 19:46:06,USR006,,CON0303,ACC0149,OPP0242,Introductory email,No Response,true
ACT0004922,Call,2023-11-15 16:04:06,USR006,,CON0303,ACC0149,OPP0242,Initial outreach call,Follow-Up Needed,true
ACT0004923,Email,2023-11-22 18:22:09,USR006,,CON0303,ACC0149,OPP0242,Follow-up email,No Response,true
ACT0004924,Meeting,2026-01-17 00:31:16,USR007,,CON0045,ACC0020,OPP0243,Stakeholder meeting,Rescheduled,true
ACT0004925,Call,2026-01-20 18:07:59,USR007,,CON0045,ACC0020,OPP0243,Qualification call,Connected,true
ACT0004926,Other,2026-01-29 04:22:13,USR007,,CON0045,ACC0020,OPP0243,Internal customer follow-up,Follow-Up Needed,true
ACT0004927,Email,2026-02-01 19:01:00,USR007,,CON0045,ACC0020,OPP0243,Introductory email,Connected,true
ACT0004928,Email,2026-02-03 19:04:57,USR007,,CON0045,ACC0020,OPP0243,Meeting recap,Connected,true
ACT0004929,Email,2026-02-08 18:09:00,USR007,,CON0045,ACC0020,OPP0243,Meeting recap,Connected,true
ACT0004930,Email,2024-10-28 03:51:08,USR006,,CON0294,ACC0144,OPP0244,Introductory email,Follow-Up Needed,true
ACT0004931,Meeting,2024-11-01 07:45:18,USR006,,CON0294,ACC0144,OPP0244,Requirements review,Meeting Held,true
ACT0004932,Email,2024-11-07 16:23:35,USR006,,CON0294,ACC0144,OPP0244,Meeting recap,Follow-Up Needed,true
ACT0004933,Email,2024-11-09 08:52:42,USR006,,CON0294,ACC0144,OPP0244,Proposal follow-up,Connected,true
ACT0004934,Email,2024-11-15 05:22:13,USR006,,CON0294,ACC0144,OPP0244,Proposal follow-up,No Response,true
ACT0004935,Meeting,2024-11-15 21:01:40,USR006,,CON0294,ACC0144,OPP0244,Commercial review,Follow-Up Needed,true
ACT0004936,Meeting,2024-11-18 22:46:58,USR006,,CON0294,ACC0144,OPP0244,Executive check-in,Rescheduled,true
ACT0004937,Call,2024-11-22 20:35:22,USR006,,CON0294,ACC0144,OPP0244,Stakeholder check-in,Left Voicemail,true
ACT0004938,Other,2024-11-25 08:08:41,USR006,,CON0294,ACC0144,OPP0244,Contract coordination,Other,true
ACT0004939,Meeting,2025-01-09 11:18:53,USR006,,CON0312,ACC0153,OPP0245,Executive check-in,Rescheduled,true
ACT0004940,Meeting,2025-01-11 14:43:26,USR006,,CON0312,ACC0153,OPP0245,Commercial review,Meeting Held,true
ACT0004941,Meeting,2025-01-12 10:11:42,USR006,,CON0312,ACC0153,OPP0245,Stakeholder meeting,Meeting Held,true
ACT0004942,Email,2025-01-14 18:29:11,USR006,,CON0312,ACC0153,OPP0245,Follow-up email,Connected,true
ACT0004943,Email,2025-01-20 02:13:51,USR006,,CON0312,ACC0153,OPP0245,Follow-up email,Connected,true
ACT0004944,Other,2025-01-22 03:38:09,USR006,,CON0312,ACC0153,OPP0245,Procurement follow-up,Other,true
ACT0004945,Meeting,2025-01-22 20:34:51,USR006,,CON0312,ACC0153,OPP0245,Stakeholder meeting,Follow-Up Needed,true
ACT0004946,Meeting,2025-02-03 04:24:51,USR006,,CON0312,ACC0153,OPP0245,Executive check-in,Rescheduled,true
ACT0004947,Other,2025-02-03 22:32:53,USR006,,CON0312,ACC0153,OPP0245,Contract coordination,Follow-Up Needed,true
ACT0004948,Meeting,2025-08-14 22:56:23,USR009,,CON0641,ACC0322,OPP0246,Stakeholder meeting,Follow-Up Needed,true
ACT0004949,Meeting,2025-08-17 16:12:44,USR009,,CON0641,ACC0322,OPP0246,Requirements review,Follow-Up Needed,true
ACT0004950,Email,2025-08-24 17:14:53,USR009,,CON0641,ACC0322,OPP0246,Proposal follow-up,Connected,true
ACT0004951,Call,2025-08-25 13:37:28,USR009,,CON0641,ACC0322,OPP0246,Stakeholder check-in,Connected,true
ACT0004952,Meeting,2025-08-27 16:47:20,USR009,,CON0641,ACC0322,OPP0246,Discovery meeting,Rescheduled,true
ACT0004953,Demo,2025-09-09 18:36:24,USR009,,CON0641,ACC0322,OPP0246,Product demo,Follow-Up Needed,true
ACT0004954,Call,2025-10-05 18:55:28,USR009,,CON0641,ACC0322,OPP0246,Initial outreach call,Connected,true
ACT0004955,Call,2025-10-13 02:21:34,USR009,,CON0641,ACC0322,OPP0246,Qualification call,No Response,true
ACT0004956,Email,2025-11-15 00:00:00,USR009,,CON0641,ACC0322,OPP0246,Next steps email,Follow-Up Needed,true
ACT0004957,Email,2025-08-10 10:21:46,USR005,,CON0370,ACC0185,OPP0247,Introductory email,No Response,true
ACT0004958,Demo,2025-08-14 00:11:19,USR005,,CON0370,ACC0185,OPP0247,Workflow demonstration,Meeting Held,true
ACT0004959,Meeting,2025-08-15 06:01:22,USR005,,CON0370,ACC0185,OPP0247,Commercial review,Rescheduled,true
ACT0004960,Call,2025-08-21 12:07:59,USR005,,CON0370,ACC0185,OPP0247,Pricing follow-up,Connected,true
ACT0004961,Call,2025-08-24 08:59:51,USR005,,CON0370,ACC0185,OPP0247,Stakeholder check-in,Connected,true
ACT0004962,Meeting,2025-08-26 03:54:55,USR005,,CON0370,ACC0185,OPP0247,Stakeholder meeting,Meeting Held,true
ACT0004963,Call,2025-08-31 10:31:34,USR005,,CON0370,ACC0185,OPP0247,Initial outreach call,Connected,true
ACT0004964,Meeting,2026-01-29 14:38:58,USR008,,CON0091,ACC0046,OPP0248,Executive check-in,Follow-Up Needed,true
ACT0004965,Meeting,2026-02-01 04:00:55,USR008,,CON0091,ACC0046,OPP0248,Stakeholder meeting,Follow-Up Needed,true
ACT0004966,Meeting,2026-02-03 17:21:26,USR008,,CON0091,ACC0046,OPP0248,Discovery meeting,Follow-Up Needed,true
ACT0004967,Email,2026-02-05 10:58:18,USR008,,CON0091,ACC0046,OPP0248,Introductory email,Connected,true
ACT0004968,Meeting,2026-02-08 10:58:10,USR008,,CON0091,ACC0046,OPP0248,Commercial review,Follow-Up Needed,true
ACT0004969,Email,2026-02-24 16:23:09,USR008,,CON0091,ACC0046,OPP0248,Meeting recap,Connected,true
ACT0004970,Other,2026-02-27 03:15:20,USR008,,CON0091,ACC0046,OPP0248,Internal customer follow-up,Other,true
ACT0004971,Email,2026-03-08 01:44:12,USR008,,CON0091,ACC0046,OPP0248,Follow-up email,Connected,true
ACT0004972,Email,2026-07-14 05:37:01,USR008,,CON0306,ACC0151,OPP0249,Introductory email,Follow-Up Needed,true
ACT0004973,Meeting,2026-07-16 10:44:30,USR008,,CON0306,ACC0151,OPP0249,Executive check-in,Rescheduled,true
ACT0004974,Email,2026-07-30 00:42:17,USR008,,CON0306,ACC0151,OPP0249,Proposal follow-up,No Response,true
ACT0004975,Email,2026-08-04 04:13:47,USR008,,CON0306,ACC0151,OPP0249,Next steps email,Follow-Up Needed,true
ACT0004976,Email,2026-08-09 10:06:57,USR008,,CON0306,ACC0151,OPP0249,Proposal follow-up,Follow-Up Needed,true
ACT0004977,Demo,2026-08-28 02:27:13,USR008,,CON0306,ACC0151,OPP0249,Workflow demonstration,Follow-Up Needed,true
ACT0004978,Email,2026-09-02 11:03:34,USR008,,CON0306,ACC0151,OPP0249,Follow-up email,Follow-Up Needed,true
ACT0004979,Demo,2026-09-19 00:00:00,USR008,,CON0306,ACC0151,OPP0249,Product demo,Follow-Up Needed,true
ACT0004980,Email,2026-08-03 00:07:38,USR012,,CON0649,ACC0324,OPP0250,Meeting recap,Follow-Up Needed,true
ACT0004981,Call,2026-08-03 02:12:38,USR012,,CON0649,ACC0324,OPP0250,Pricing follow-up,Follow-Up Needed,true
ACT0004982,Demo,2026-08-11 02:24:10,USR012,,CON0649,ACC0324,OPP0250,Workflow demonstration,Rescheduled,true
ACT0004983,Meeting,2026-09-15 03:42:57,USR012,,CON0649,ACC0324,OPP0250,Commercial review,Rescheduled,true
ACT0004984,Email,2026-09-23 00:00:00,USR012,,CON0649,ACC0324,OPP0250,Introductory email,Follow-Up Needed,true
ACT0004985,Email,2024-01-17 00:53:58,USR009,,CON0318,ACC0156,OPP0251,Introductory email,Follow-Up Needed,true
ACT0004986,Email,2024-01-22 01:40:32,USR009,,CON0318,ACC0156,OPP0251,Meeting recap,No Response,true
ACT0004987,Email,2024-01-24 12:16:42,USR009,,CON0318,ACC0156,OPP0251,Follow-up email,No Response,true
ACT0004988,Meeting,2024-01-25 04:46:53,USR009,,CON0318,ACC0156,OPP0251,Executive check-in,Rescheduled,true
ACT0004989,Meeting,2024-03-07 13:08:32,USR009,,CON0318,ACC0156,OPP0251,Executive check-in,Rescheduled,true
ACT0004990,Email,2024-03-28 13:55:53,USR009,,CON0318,ACC0156,OPP0251,Introductory email,No Response,true
ACT0004991,Call,2024-03-29 12:36:35,USR009,,CON0318,ACC0156,OPP0251,Initial outreach call,No Response,true
ACT0004992,Meeting,2023-01-07 05:02:17,USR006,,CON0105,ACC0053,OPP0252,Stakeholder meeting,Follow-Up Needed,true
ACT0004993,Meeting,2023-01-11 05:38:40,USR006,,CON0105,ACC0053,OPP0252,Commercial review,Rescheduled,true
ACT0004994,Call,2023-01-18 22:03:20,USR006,,CON0105,ACC0053,OPP0252,Qualification call,No Response,true
ACT0004995,Meeting,2023-01-20 06:02:51,USR006,,CON0105,ACC0053,OPP0252,Discovery meeting,Meeting Held,true
ACT0004996,Meeting,2023-01-23 02:43:06,USR006,,CON0105,ACC0053,OPP0252,Requirements review,Rescheduled,true
ACT0004997,Demo,2023-01-23 08:13:05,USR006,,CON0105,ACC0053,OPP0252,Workflow demonstration,Rescheduled,true
ACT0004998,Meeting,2023-02-02 09:16:44,USR006,,CON0105,ACC0053,OPP0252,Requirements review,Rescheduled,true
ACT0004999,Demo,2023-02-06 00:18:03,USR006,,CON0105,ACC0053,OPP0252,Technical demo,Follow-Up Needed,true
ACT0005000,Other,2023-02-12 00:11:14,USR006,,CON0105,ACC0053,OPP0252,Contract coordination,Connected,true
ACT0005001,Call,2024-10-06 04:55:53,USR006,,CON0357,ACC0176,OPP0253,Pricing follow-up,No Response,true
ACT0005002,Call,2024-10-07 16:50:52,USR006,,CON0357,ACC0176,OPP0253,Initial outreach call,Left Voicemail,true
ACT0005003,Call,2024-10-15 00:44:13,USR006,,CON0357,ACC0176,OPP0253,Stakeholder check-in,Follow-Up Needed,true
ACT0005004,Meeting,2024-10-16 16:43:34,USR006,,CON0357,ACC0176,OPP0253,Commercial review,Rescheduled,true
ACT0005005,Email,2024-10-27 03:00:28,USR006,,CON0357,ACC0176,OPP0253,Proposal follow-up,Follow-Up Needed,true
ACT0005006,Meeting,2024-10-28 23:11:54,USR006,,CON0357,ACC0176,OPP0253,Discovery meeting,Meeting Held,true
ACT0005007,Meeting,2024-11-01 13:13:34,USR006,,CON0357,ACC0176,OPP0253,Commercial review,Follow-Up Needed,true
ACT0005008,Email,2024-11-02 00:00:00,USR006,,CON0357,ACC0176,OPP0253,Introductory email,Follow-Up Needed,true
ACT0005009,Call,2024-08-18 03:13:00,USR011,,CON0402,ACC0203,OPP0254,Follow-up call,Follow-Up Needed,true
ACT0005010,Meeting,2024-08-20 00:07:59,USR011,,CON0402,ACC0203,OPP0254,Commercial review,Meeting Held,true
ACT0005011,Email,2024-09-04 02:55:35,USR011,,CON0402,ACC0203,OPP0254,Follow-up email,Connected,true
ACT0005012,Email,2024-09-07 22:07:46,USR011,,CON0402,ACC0203,OPP0254,Follow-up email,No Response,true
ACT0005013,Meeting,2024-09-14 16:20:45,USR011,,CON0402,ACC0203,OPP0254,Discovery meeting,Meeting Held,true
ACT0005014,Other,2024-09-26 22:41:46,USR011,,CON0402,ACC0203,OPP0254,Contract coordination,Follow-Up Needed,true
ACT0005015,Email,2024-10-05 06:57:47,USR011,,CON0402,ACC0203,OPP0254,Meeting recap,Connected,true
ACT0005016,Meeting,2024-10-25 08:00:55,USR011,,CON0402,ACC0203,OPP0254,Discovery meeting,Meeting Held,true
ACT0005017,Meeting,2026-09-05 12:59:03,USR012,,CON0161,ACC0078,OPP0255,Commercial review,Rescheduled,true
ACT0005018,Email,2026-09-08 21:26:02,USR012,,CON0161,ACC0078,OPP0255,Meeting recap,Connected,true
ACT0005019,Email,2026-09-09 02:18:50,USR012,,CON0161,ACC0078,OPP0255,Proposal follow-up,Follow-Up Needed,true
ACT0005020,Email,2026-09-14 17:07:00,USR012,,CON0161,ACC0078,OPP0255,Meeting recap,Follow-Up Needed,true
ACT0005021,Meeting,2026-09-23 00:00:00,USR012,,CON0161,ACC0078,OPP0255,Executive check-in,Follow-Up Needed,true
ACT0005022,Meeting,2026-08-01 20:50:57,USR011,,CON0552,ACC0276,OPP0256,Discovery meeting,Follow-Up Needed,true
ACT0005023,Meeting,2026-08-17 10:50:54,USR011,,CON0552,ACC0276,OPP0256,Executive check-in,Follow-Up Needed,true
ACT0005024,Call,2026-08-17 11:43:34,USR011,,CON0552,ACC0276,OPP0256,Stakeholder check-in,Follow-Up Needed,true
ACT0005025,Call,2026-09-05 06:12:28,USR011,,CON0552,ACC0276,OPP0256,Initial outreach call,No Response,true
ACT0005026,Demo,2026-09-05 12:48:04,USR011,,CON0552,ACC0276,OPP0256,Product demo,Meeting Held,true
ACT0005027,Email,2026-09-19 00:00:00,USR011,,CON0552,ACC0276,OPP0256,Meeting recap,No Response,true
ACT0005028,Email,2026-07-25 10:15:48,USR012,,CON0518,ACC0258,OPP0257,Meeting recap,Follow-Up Needed,true
ACT0005029,Call,2026-08-03 00:58:08,USR012,,CON0518,ACC0258,OPP0257,Initial outreach call,Connected,true
ACT0005030,Email,2026-08-08 03:34:41,USR012,,CON0518,ACC0258,OPP0257,Proposal follow-up,Connected,true
ACT0005031,Meeting,2026-08-11 04:29:48,USR012,,CON0518,ACC0258,OPP0257,Requirements review,Rescheduled,true
ACT0005032,Meeting,2026-08-11 13:32:58,USR012,,CON0518,ACC0258,OPP0257,Executive check-in,Meeting Held,true
ACT0005033,Other,2026-08-12 04:49:43,USR012,,CON0518,ACC0258,OPP0257,Internal customer follow-up,Connected,true
ACT0005034,Email,2026-08-25 22:35:30,USR012,,CON0518,ACC0258,OPP0257,Proposal follow-up,Connected,true
ACT0005035,Other,2026-09-06 00:00:00,USR012,,CON0518,ACC0258,OPP0257,Contract coordination,Follow-Up Needed,true
ACT0005036,Demo,2026-08-29 21:15:05,USR009,,CON0047,ACC0021,OPP0258,Workflow demonstration,Meeting Held,true
ACT0005037,Call,2026-08-30 14:45:24,USR009,,CON0047,ACC0021,OPP0258,Stakeholder check-in,Left Voicemail,true
ACT0005038,Call,2026-09-01 00:16:15,USR009,,CON0047,ACC0021,OPP0258,Pricing follow-up,Connected,true
ACT0005039,Meeting,2026-09-04 21:49:25,USR009,,CON0047,ACC0021,OPP0258,Executive check-in,Meeting Held,true
ACT0005040,Demo,2026-09-06 08:45:19,USR009,,CON0047,ACC0021,OPP0258,Technical demo,Follow-Up Needed,true
ACT0005041,Email,2026-09-07 00:00:00,USR009,,CON0047,ACC0021,OPP0258,Meeting recap,Connected,true
ACT0005042,Email,2023-11-02 12:23:47,USR006,,CON0005,ACC0002,OPP0259,Follow-up email,Follow-Up Needed,true
ACT0005043,Other,2023-11-09 23:34:37,USR006,,CON0005,ACC0002,OPP0259,Internal customer follow-up,Other,true
ACT0005044,Call,2023-11-10 20:10:20,USR006,,CON0005,ACC0002,OPP0259,Stakeholder check-in,Connected,true
ACT0005045,Meeting,2023-11-12 23:13:45,USR006,,CON0005,ACC0002,OPP0259,Discovery meeting,Meeting Held,true
ACT0005046,Email,2023-11-18 06:31:06,USR006,,CON0005,ACC0002,OPP0259,Introductory email,Follow-Up Needed,true
ACT0005047,Email,2026-06-12 08:22:37,USR012,,CON0491,ACC0245,OPP0260,Introductory email,Follow-Up Needed,true
ACT0005048,Email,2026-06-23 17:07:19,USR012,,CON0491,ACC0245,OPP0260,Meeting recap,No Response,true
ACT0005049,Call,2026-07-23 05:42:01,USR012,,CON0491,ACC0245,OPP0260,Initial outreach call,No Response,true
ACT0005050,Email,2026-08-06 01:02:44,USR012,,CON0491,ACC0245,OPP0260,Next steps email,No Response,true
ACT0005051,Email,2026-08-11 21:52:58,USR012,,CON0491,ACC0245,OPP0260,Next steps email,Follow-Up Needed,true
ACT0005052,Other,2026-09-10 00:00:00,USR012,,CON0491,ACC0245,OPP0260,Procurement follow-up,Other,true
ACT0005053,Call,2024-10-23 02:51:08,USR005,,CON0172,ACC0085,OPP0261,Pricing follow-up,Left Voicemail,true
ACT0005054,Other,2024-10-24 01:55:33,USR005,,CON0172,ACC0085,OPP0261,Procurement follow-up,Connected,true
ACT0005055,Email,2024-10-24 15:38:39,USR005,,CON0172,ACC0085,OPP0261,Follow-up email,Connected,true
ACT0005056,Call,2024-10-26 02:31:39,USR005,,CON0172,ACC0085,OPP0261,Initial outreach call,Left Voicemail,true
ACT0005057,Call,2024-10-29 03:26:14,USR005,,CON0172,ACC0085,OPP0261,Follow-up call,No Response,true
ACT0005058,Meeting,2024-11-02 21:53:35,USR005,,CON0172,ACC0085,OPP0261,Stakeholder meeting,Rescheduled,true
ACT0005059,Email,2024-11-07 18:23:28,USR005,,CON0172,ACC0085,OPP0261,Proposal follow-up,No Response,true
ACT0005060,Email,2024-11-08 09:30:06,USR005,,CON0172,ACC0085,OPP0261,Proposal follow-up,Follow-Up Needed,true
ACT0005061,Meeting,2024-11-16 06:53:18,USR005,,CON0172,ACC0085,OPP0261,Stakeholder meeting,Meeting Held,true
ACT0005062,Other,2026-05-03 10:42:03,USR010,,CON0629,ACC0316,OPP0262,Internal customer follow-up,Follow-Up Needed,true
ACT0005063,Call,2026-05-17 03:24:18,USR010,,CON0629,ACC0316,OPP0262,Pricing follow-up,Left Voicemail,true
ACT0005064,Email,2026-05-26 06:24:14,USR010,,CON0629,ACC0316,OPP0262,Introductory email,Follow-Up Needed,true
ACT0005065,Meeting,2026-05-27 19:03:44,USR010,,CON0629,ACC0316,OPP0262,Executive check-in,Meeting Held,true
ACT0005066,Meeting,2026-05-28 19:27:38,USR010,,CON0629,ACC0316,OPP0262,Requirements review,Follow-Up Needed,true
ACT0005067,Email,2026-06-01 11:56:31,USR010,,CON0629,ACC0316,OPP0262,Introductory email,Connected,true
ACT0005068,Email,2026-06-03 23:27:58,USR010,,CON0629,ACC0316,OPP0262,Proposal follow-up,Follow-Up Needed,true
ACT0005069,Demo,2026-06-22 10:57:39,USR010,,CON0629,ACC0316,OPP0262,Solution review,Rescheduled,true
ACT0005070,Meeting,2026-07-09 00:00:00,USR010,,CON0629,ACC0316,OPP0262,Executive check-in,Meeting Held,true
ACT0005071,Email,2024-12-07 11:28:36,USR009,,CON0203,ACC0100,OPP0263,Introductory email,Follow-Up Needed,true
ACT0005072,Meeting,2025-01-05 10:53:22,USR009,,CON0203,ACC0100,OPP0263,Requirements review,Rescheduled,true
ACT0005073,Email,2025-01-10 06:19:26,USR009,,CON0203,ACC0100,OPP0263,Follow-up email,Connected,true
ACT0005074,Demo,2025-01-16 17:45:21,USR009,,CON0203,ACC0100,OPP0263,Product demo,Rescheduled,true
ACT0005075,Demo,2025-03-02 18:42:26,USR009,,CON0203,ACC0100,OPP0263,Technical demo,Meeting Held,true
ACT0005076,Email,2025-03-28 00:02:03,USR009,,CON0203,ACC0100,OPP0263,Proposal follow-up,Follow-Up Needed,true
ACT0005077,Email,2026-08-11 19:15:11,USR005,,CON0327,ACC0161,OPP0264,Introductory email,Follow-Up Needed,true
ACT0005078,Call,2026-08-15 18:02:11,USR005,,CON0327,ACC0161,OPP0264,Pricing follow-up,Follow-Up Needed,true
ACT0005079,Meeting,2026-08-22 15:23:14,USR005,,CON0327,ACC0161,OPP0264,Executive check-in,Meeting Held,true
ACT0005080,Meeting,2026-08-22 17:08:56,USR005,,CON0327,ACC0161,OPP0264,Commercial review,Follow-Up Needed,true
ACT0005081,Meeting,2026-08-22 19:59:01,USR005,,CON0327,ACC0161,OPP0264,Executive check-in,Follow-Up Needed,true
ACT0005082,Meeting,2026-08-26 14:14:15,USR005,,CON0327,ACC0161,OPP0264,Stakeholder meeting,Meeting Held,true
ACT0005083,Meeting,2023-12-25 15:18:46,USR006,,CON0474,ACC0235,OPP0265,Stakeholder meeting,Meeting Held,true
ACT0005084,Meeting,2023-12-28 15:03:29,USR006,,CON0474,ACC0235,OPP0265,Executive check-in,Follow-Up Needed,true
ACT0005085,Meeting,2023-12-28 17:54:24,USR006,,CON0474,ACC0235,OPP0265,Discovery meeting,Follow-Up Needed,true
ACT0005086,Email,2023-12-31 11:27:37,USR006,,CON0474,ACC0235,OPP0265,Meeting recap,No Response,true
ACT0005087,Email,2024-01-04 09:54:28,USR006,,CON0474,ACC0235,OPP0265,Introductory email,Follow-Up Needed,true
ACT0005088,Email,2024-01-05 01:44:01,USR006,,CON0474,ACC0235,OPP0265,Introductory email,Connected,true
ACT0005089,Meeting,2024-01-11 23:55:34,USR006,,CON0474,ACC0235,OPP0265,Executive check-in,Meeting Held,true
ACT0005090,Call,2026-03-18 23:36:51,USR009,,CON0512,ACC0254,OPP0267,Initial outreach call,Connected,true
ACT0005091,Email,2026-03-27 13:08:19,USR009,,CON0512,ACC0254,OPP0267,Follow-up email,No Response,true
ACT0005092,Meeting,2026-03-30 22:18:06,USR009,,CON0512,ACC0254,OPP0267,Requirements review,Meeting Held,true
ACT0005093,Call,2026-04-15 03:24:37,USR009,,CON0512,ACC0254,OPP0267,Qualification call,Follow-Up Needed,true
ACT0005094,Call,2026-04-23 07:25:05,USR009,,CON0512,ACC0254,OPP0267,Follow-up call,Left Voicemail,true
ACT0005095,Email,2026-04-25 18:42:53,USR009,,CON0512,ACC0254,OPP0267,Next steps email,Connected,true
ACT0005096,Meeting,2026-05-19 17:32:25,USR009,,CON0512,ACC0254,OPP0267,Discovery meeting,Follow-Up Needed,true
ACT0005097,Email,2026-05-26 23:44:45,USR009,,CON0512,ACC0254,OPP0267,Proposal follow-up,No Response,true
ACT0005098,Email,2026-05-31 15:17:25,USR009,,CON0512,ACC0254,OPP0267,Proposal follow-up,No Response,true
ACT0005099,Call,2026-01-23 06:34:42,USR005,,CON0090,ACC0045,OPP0268,Stakeholder check-in,Left Voicemail,true
ACT0005100,Email,2026-02-23 18:14:59,USR005,,CON0090,ACC0045,OPP0268,Next steps email,Follow-Up Needed,true
ACT0005101,Call,2026-02-23 21:55:10,USR005,,CON0090,ACC0045,OPP0268,Follow-up call,Follow-Up Needed,true
ACT0005102,Meeting,2026-03-27 18:21:00,USR005,,CON0090,ACC0045,OPP0268,Discovery meeting,Rescheduled,true
ACT0005103,Email,2026-04-17 11:27:37,USR005,,CON0090,ACC0045,OPP0268,Next steps email,No Response,true
ACT0005104,Meeting,2026-04-24 13:13:45,USR005,,CON0090,ACC0045,OPP0268,Requirements review,Follow-Up Needed,true
ACT0005105,Call,2026-05-14 06:43:00,USR007,,CON0229,ACC0114,OPP0269,Initial outreach call,Connected,true
ACT0005106,Email,2026-05-17 09:58:58,USR007,,CON0229,ACC0114,OPP0269,Introductory email,Follow-Up Needed,true
ACT0005107,Call,2026-05-19 15:44:07,USR007,,CON0229,ACC0114,OPP0269,Qualification call,Left Voicemail,true
ACT0005108,Demo,2026-05-20 12:47:35,USR007,,CON0229,ACC0114,OPP0269,Technical demo,Follow-Up Needed,true
ACT0005109,Email,2026-05-20 19:52:13,USR007,,CON0229,ACC0114,OPP0269,Next steps email,No Response,true
ACT0005110,Meeting,2026-05-21 01:01:21,USR007,,CON0229,ACC0114,OPP0269,Discovery meeting,Rescheduled,true
ACT0005111,Other,2026-05-21 21:41:59,USR007,,CON0229,ACC0114,OPP0269,Internal customer follow-up,Follow-Up Needed,true
ACT0005112,Meeting,2026-05-26 02:08:27,USR007,,CON0229,ACC0114,OPP0269,Stakeholder meeting,Follow-Up Needed,true
ACT0005113,Call,2026-06-03 19:20:17,USR007,,CON0229,ACC0114,OPP0269,Follow-up call,No Response,true
ACT0005114,Meeting,2026-06-04 07:49:19,USR007,,CON0229,ACC0114,OPP0269,Stakeholder meeting,Follow-Up Needed,true
ACT0005115,Call,2024-11-28 04:45:37,USR010,,CON0565,ACC0282,OPP0270,Stakeholder check-in,Follow-Up Needed,true
ACT0005116,Email,2024-12-27 08:01:54,USR010,,CON0565,ACC0282,OPP0270,Follow-up email,Follow-Up Needed,true
ACT0005117,Call,2025-02-12 00:52:47,USR010,,CON0565,ACC0282,OPP0270,Qualification call,Follow-Up Needed,true
ACT0005118,Meeting,2025-08-09 16:52:33,USR010,,CON0565,ACC0282,OPP0270,Commercial review,Meeting Held,true
ACT0005119,Email,2025-12-31 14:23:00,USR010,,CON0565,ACC0282,OPP0270,Meeting recap,Follow-Up Needed,true
ACT0005120,Meeting,2026-09-01 00:00:00,USR010,,CON0565,ACC0282,OPP0270,Executive check-in,Follow-Up Needed,true
ACT0005121,Email,2026-09-09 23:10:38,USR006,,CON0462,ACC0229,OPP0271,Proposal follow-up,Follow-Up Needed,true
ACT0005122,Call,2026-09-13 21:18:47,USR006,,CON0462,ACC0229,OPP0271,Qualification call,Connected,true
ACT0005123,Call,2026-09-14 02:19:16,USR006,,CON0462,ACC0229,OPP0271,Initial outreach call,Left Voicemail,true
ACT0005124,Demo,2026-09-23 00:00:00,USR006,,CON0462,ACC0229,OPP0271,Technical demo,Rescheduled,true
ACT0005125,Other,2026-08-30 03:14:07,USR011,,CON0251,ACC0123,OPP0272,Procurement follow-up,Other,true
ACT0005126,Demo,2026-08-30 05:53:12,USR011,,CON0251,ACC0123,OPP0272,Workflow demonstration,Meeting Held,true
ACT0005127,Demo,2026-09-02 04:59:29,USR011,,CON0251,ACC0123,OPP0272,Technical demo,Follow-Up Needed,true
ACT0005128,Email,2026-09-04 06:38:45,USR011,,CON0251,ACC0123,OPP0272,Introductory email,No Response,true
ACT0005129,Email,2026-09-08 00:00:00,USR011,,CON0251,ACC0123,OPP0272,Next steps email,No Response,true
ACT0005130,Meeting,2026-09-01 06:58:06,USR010,,CON0378,ACC0190,OPP0273,Discovery meeting,Meeting Held,true
ACT0005131,Meeting,2026-09-01 08:17:12,USR010,,CON0378,ACC0190,OPP0273,Requirements review,Follow-Up Needed,true
ACT0005132,Email,2026-09-03 09:07:13,USR010,,CON0378,ACC0190,OPP0273,Meeting recap,No Response,true
ACT0005133,Demo,2026-09-03 13:17:05,USR010,,CON0378,ACC0190,OPP0273,Workflow demonstration,Rescheduled,true
ACT0005134,Email,2026-09-08 00:00:00,USR010,,CON0378,ACC0190,OPP0273,Introductory email,No Response,true
ACT0005135,Email,2026-07-08 12:38:16,USR011,,CON0298,ACC0146,OPP0274,Proposal follow-up,No Response,true
ACT0005136,Meeting,2026-07-11 20:29:44,USR011,,CON0298,ACC0146,OPP0274,Commercial review,Meeting Held,true
ACT0005137,Meeting,2026-07-15 14:40:11,USR011,,CON0298,ACC0146,OPP0274,Commercial review,Meeting Held,true
ACT0005138,Email,2026-07-17 20:24:14,USR011,,CON0298,ACC0146,OPP0274,Follow-up email,Connected,true
ACT0005139,Meeting,2026-07-18 13:56:31,USR011,,CON0298,ACC0146,OPP0274,Discovery meeting,Meeting Held,true
ACT0005140,Call,2026-08-20 04:56:07,USR011,,CON0298,ACC0146,OPP0274,Initial outreach call,Follow-Up Needed,true
ACT0005141,Meeting,2026-08-22 07:06:44,USR011,,CON0298,ACC0146,OPP0274,Executive check-in,Follow-Up Needed,true
ACT0005142,Meeting,2026-09-04 00:00:00,USR011,,CON0298,ACC0146,OPP0274,Commercial review,Meeting Held,true
ACT0005143,Email,2023-04-25 20:55:09,USR012,,CON0224,ACC0111,OPP0275,Proposal follow-up,Connected,true
ACT0005144,Email,2023-05-25 03:17:30,USR012,,CON0224,ACC0111,OPP0275,Introductory email,No Response,true
ACT0005145,Meeting,2023-06-08 01:49:58,USR012,,CON0224,ACC0111,OPP0275,Executive check-in,Meeting Held,true
ACT0005146,Email,2023-06-17 06:26:33,USR012,,CON0224,ACC0111,OPP0275,Follow-up email,No Response,true
ACT0005147,Call,2023-06-26 12:18:03,USR012,,CON0224,ACC0111,OPP0275,Initial outreach call,Left Voicemail,true
ACT0005148,Email,2024-02-11 02:10:44,USR009,,CON0002,ACC0001,OPP0276,Proposal follow-up,Connected,true
ACT0005149,Call,2024-02-19 23:56:26,USR009,,CON0002,ACC0001,OPP0276,Pricing follow-up,Left Voicemail,true
ACT0005150,Call,2024-02-28 19:40:20,USR009,,CON0002,ACC0001,OPP0276,Qualification call,Follow-Up Needed,true
ACT0005151,Meeting,2024-04-23 14:14:14,USR009,,CON0002,ACC0001,OPP0276,Stakeholder meeting,Meeting Held,true
ACT0005152,Meeting,2024-05-18 04:28:22,USR009,,CON0002,ACC0001,OPP0276,Commercial review,Follow-Up Needed,true
ACT0005153,Demo,2024-05-27 21:44:13,USR009,,CON0002,ACC0001,OPP0276,Technical demo,Rescheduled,true
ACT0005154,Meeting,2025-01-06 00:20:09,USR006,,CON0650,ACC0325,OPP0277,Executive check-in,Follow-Up Needed,true
ACT0005155,Meeting,2025-01-08 08:15:58,USR006,,CON0650,ACC0325,OPP0277,Discovery meeting,Meeting Held,true
ACT0005156,Call,2025-01-08 10:03:42,USR006,,CON0650,ACC0325,OPP0277,Initial outreach call,No Response,true
ACT0005157,Call,2025-01-09 21:28:41,USR006,,CON0650,ACC0325,OPP0277,Pricing follow-up,Follow-Up Needed,true
ACT0005158,Email,2025-01-09 23:02:57,USR006,,CON0650,ACC0325,OPP0277,Introductory email,Follow-Up Needed,true
ACT0005159,Email,2025-01-14 09:50:05,USR006,,CON0650,ACC0325,OPP0277,Proposal follow-up,No Response,true
ACT0005160,Meeting,2025-01-28 01:03:22,USR006,,CON0650,ACC0325,OPP0277,Executive check-in,Follow-Up Needed,true
ACT0005161,Other,2025-07-27 04:29:03,USR011,,CON0120,ACC0060,OPP0278,Contract coordination,Other,true
ACT0005162,Email,2025-07-29 20:21:38,USR011,,CON0120,ACC0060,OPP0278,Introductory email,Follow-Up Needed,true
ACT0005163,Call,2025-07-30 16:03:05,USR011,,CON0120,ACC0060,OPP0278,Pricing follow-up,No Response,true
ACT0005164,Email,2025-08-02 07:00:00,USR011,,CON0120,ACC0060,OPP0278,Follow-up email,Follow-Up Needed,true
ACT0005165,Meeting,2025-08-04 22:04:40,USR011,,CON0120,ACC0060,OPP0278,Discovery meeting,Follow-Up Needed,true
ACT0005166,Meeting,2025-08-12 13:27:37,USR011,,CON0120,ACC0060,OPP0278,Stakeholder meeting,Follow-Up Needed,true
ACT0005167,Call,2025-08-20 20:19:41,USR011,,CON0120,ACC0060,OPP0278,Stakeholder check-in,Connected,true
ACT0005168,Email,2025-08-21 17:28:01,USR011,,CON0120,ACC0060,OPP0278,Meeting recap,Follow-Up Needed,true
ACT0005169,Other,2025-09-07 00:00:00,USR011,,CON0120,ACC0060,OPP0278,Internal customer follow-up,Other,true
ACT0005170,Call,2024-01-24 19:07:43,USR005,,CON0081,ACC0039,OPP0280,Follow-up call,Left Voicemail,true
ACT0005171,Email,2024-01-25 17:25:49,USR005,,CON0081,ACC0039,OPP0280,Meeting recap,Follow-Up Needed,true
ACT0005172,Email,2024-02-01 14:23:44,USR005,,CON0081,ACC0039,OPP0280,Follow-up email,No Response,true
ACT0005173,Call,2024-02-04 14:39:09,USR005,,CON0081,ACC0039,OPP0280,Initial outreach call,Follow-Up Needed,true
ACT0005174,Meeting,2024-02-09 14:54:12,USR005,,CON0081,ACC0039,OPP0280,Stakeholder meeting,Follow-Up Needed,true
ACT0005175,Meeting,2024-02-10 17:04:48,USR005,,CON0081,ACC0039,OPP0280,Stakeholder meeting,Meeting Held,true
ACT0005176,Call,2024-02-11 22:56:04,USR005,,CON0081,ACC0039,OPP0280,Follow-up call,Connected,true
ACT0005177,Other,2024-02-18 02:15:13,USR005,,CON0081,ACC0039,OPP0280,Internal customer follow-up,Follow-Up Needed,true
ACT0005178,Email,2024-02-19 12:55:23,USR005,,CON0081,ACC0039,OPP0280,Proposal follow-up,Connected,true
ACT0005179,Meeting,2025-04-27 13:57:58,USR008,,CON0355,ACC0175,OPP0281,Requirements review,Follow-Up Needed,true
ACT0005180,Call,2025-04-28 17:28:47,USR008,,CON0355,ACC0175,OPP0281,Qualification call,Follow-Up Needed,true
ACT0005181,Demo,2025-04-30 14:21:31,USR008,,CON0355,ACC0175,OPP0281,Workflow demonstration,Rescheduled,true
ACT0005182,Meeting,2025-05-01 22:02:32,USR008,,CON0355,ACC0175,OPP0281,Executive check-in,Follow-Up Needed,true
ACT0005183,Meeting,2025-05-04 02:36:15,USR008,,CON0355,ACC0175,OPP0281,Discovery meeting,Follow-Up Needed,true
ACT0005184,Meeting,2025-05-04 13:30:04,USR008,,CON0355,ACC0175,OPP0281,Discovery meeting,Rescheduled,true
ACT0005185,Email,2025-05-05 09:02:03,USR008,,CON0355,ACC0175,OPP0281,Next steps email,Follow-Up Needed,true
ACT0005186,Meeting,2025-05-09 10:08:51,USR008,,CON0355,ACC0175,OPP0281,Executive check-in,Meeting Held,true
ACT0005187,Email,2025-01-24 10:09:13,USR006,,CON0359,ACC0178,OPP0282,Next steps email,No Response,true
ACT0005188,Meeting,2025-01-26 20:11:30,USR006,,CON0359,ACC0178,OPP0282,Requirements review,Follow-Up Needed,true
ACT0005189,Call,2025-01-31 19:39:29,USR006,,CON0359,ACC0178,OPP0282,Qualification call,No Response,true
ACT0005190,Email,2025-02-05 03:31:00,USR006,,CON0359,ACC0178,OPP0282,Proposal follow-up,Connected,true
ACT0005191,Call,2025-02-05 11:30:04,USR006,,CON0359,ACC0178,OPP0282,Qualification call,Follow-Up Needed,true
ACT0005192,Meeting,2025-02-07 15:39:10,USR006,,CON0359,ACC0178,OPP0282,Requirements review,Follow-Up Needed,true
ACT0005193,Other,2025-02-10 13:11:57,USR006,,CON0359,ACC0178,OPP0282,Procurement follow-up,Connected,true
ACT0005194,Demo,2025-02-12 22:43:01,USR006,,CON0359,ACC0178,OPP0282,Technical demo,Rescheduled,true
ACT0005195,Meeting,2025-02-13 17:17:42,USR006,,CON0359,ACC0178,OPP0282,Executive check-in,Meeting Held,true
ACT0005196,Other,2025-02-21 00:00:00,USR006,,CON0359,ACC0178,OPP0282,Procurement follow-up,Follow-Up Needed,true
ACT0005197,Call,2026-08-17 08:11:01,USR011,,CON0060,ACC0027,OPP0283,Qualification call,No Response,true
ACT0005198,Meeting,2026-08-18 20:05:45,USR011,,CON0060,ACC0027,OPP0283,Commercial review,Rescheduled,true
ACT0005199,Email,2026-08-24 03:18:06,USR011,,CON0060,ACC0027,OPP0283,Follow-up email,Follow-Up Needed,true
ACT0005200,Meeting,2026-08-25 11:05:03,USR011,,CON0060,ACC0027,OPP0283,Discovery meeting,Meeting Held,true
ACT0005201,Email,2026-08-26 05:33:42,USR011,,CON0060,ACC0027,OPP0283,Follow-up email,Follow-Up Needed,true
ACT0005202,Meeting,2026-09-01 04:23:19,USR011,,CON0060,ACC0027,OPP0283,Discovery meeting,Follow-Up Needed,true
ACT0005203,Meeting,2026-09-05 00:10:17,USR011,,CON0060,ACC0027,OPP0283,Commercial review,Rescheduled,true
ACT0005204,Demo,2026-09-07 21:34:18,USR011,,CON0060,ACC0027,OPP0283,Solution review,Meeting Held,true
ACT0005205,Meeting,2026-09-10 19:01:36,USR011,,CON0060,ACC0027,OPP0283,Commercial review,Follow-Up Needed,true
ACT0005206,Other,2026-09-17 00:00:00,USR011,,CON0060,ACC0027,OPP0283,Procurement follow-up,Connected,true
ACT0005207,Other,2026-07-09 06:16:23,USR006,,CON0515,ACC0256,OPP0284,Contract coordination,Other,true
ACT0005208,Meeting,2026-07-09 15:41:04,USR006,,CON0515,ACC0256,OPP0284,Executive check-in,Meeting Held,true
ACT0005209,Email,2026-07-14 21:45:58,USR006,,CON0515,ACC0256,OPP0284,Follow-up email,Connected,true
ACT0005210,Email,2026-07-23 06:54:10,USR006,,CON0515,ACC0256,OPP0284,Proposal follow-up,No Response,true
ACT0005211,Other,2026-07-31 19:11:48,USR006,,CON0515,ACC0256,OPP0284,Internal customer follow-up,Other,true
ACT0005212,Email,2026-08-10 12:16:44,USR006,,CON0515,ACC0256,OPP0284,Follow-up email,Follow-Up Needed,true
ACT0005213,Email,2026-08-13 05:44:59,USR006,,CON0515,ACC0256,OPP0284,Follow-up email,No Response,true
ACT0005214,Email,2023-09-27 12:33:14,USR008,,CON0300,ACC0147,OPP0285,Follow-up email,Connected,true
ACT0005215,Email,2023-09-28 08:31:38,USR008,,CON0300,ACC0147,OPP0285,Meeting recap,No Response,true
ACT0005216,Meeting,2023-10-01 17:10:18,USR008,,CON0300,ACC0147,OPP0285,Requirements review,Meeting Held,true
ACT0005217,Email,2023-10-02 10:57:50,USR008,,CON0300,ACC0147,OPP0285,Follow-up email,Follow-Up Needed,true
ACT0005218,Meeting,2023-10-06 05:08:17,USR008,,CON0300,ACC0147,OPP0285,Stakeholder meeting,Follow-Up Needed,true
ACT0005219,Meeting,2023-10-06 08:03:11,USR008,,CON0300,ACC0147,OPP0285,Requirements review,Rescheduled,true
ACT0005220,Meeting,2023-10-16 18:00:06,USR008,,CON0300,ACC0147,OPP0285,Commercial review,Rescheduled,true
ACT0005221,Other,2023-10-18 17:02:23,USR008,,CON0300,ACC0147,OPP0285,Procurement follow-up,Follow-Up Needed,true
ACT0005222,Email,2023-10-20 06:12:45,USR008,,CON0300,ACC0147,OPP0285,Proposal follow-up,Follow-Up Needed,true
ACT0005223,Email,2025-08-31 14:41:39,USR005,,CON0455,ACC0226,OPP0286,Follow-up email,No Response,true
ACT0005224,Meeting,2025-09-02 07:43:55,USR005,,CON0455,ACC0226,OPP0286,Discovery meeting,Rescheduled,true
ACT0005225,Meeting,2025-09-04 00:18:17,USR005,,CON0455,ACC0226,OPP0286,Commercial review,Meeting Held,true
ACT0005226,Demo,2025-09-04 06:09:40,USR005,,CON0455,ACC0226,OPP0286,Product demo,Rescheduled,true
ACT0005227,Meeting,2025-09-05 12:47:57,USR005,,CON0455,ACC0226,OPP0286,Stakeholder meeting,Rescheduled,true
ACT0005228,Meeting,2025-09-07 18:20:57,USR005,,CON0455,ACC0226,OPP0286,Commercial review,Follow-Up Needed,true
ACT0005229,Other,2025-09-13 20:10:55,USR005,,CON0455,ACC0226,OPP0286,Procurement follow-up,Connected,true
ACT0005230,Call,2025-09-24 14:40:50,USR005,,CON0455,ACC0226,OPP0286,Pricing follow-up,Connected,true
ACT0005231,Email,2025-09-24 20:18:19,USR005,,CON0455,ACC0226,OPP0286,Proposal follow-up,Connected,true
ACT0005232,Other,2025-09-26 07:45:41,USR005,,CON0455,ACC0226,OPP0286,Procurement follow-up,Connected,true
ACT0005233,Email,2024-11-18 07:13:15,USR009,,CON0567,ACC0284,OPP0287,Introductory email,Follow-Up Needed,true
ACT0005234,Email,2024-11-20 08:43:43,USR009,,CON0567,ACC0284,OPP0287,Next steps email,Follow-Up Needed,true
ACT0005235,Email,2024-11-22 22:34:13,USR009,,CON0567,ACC0284,OPP0287,Follow-up email,Follow-Up Needed,true
ACT0005236,Demo,2024-11-26 08:45:06,USR009,,CON0567,ACC0284,OPP0287,Workflow demonstration,Meeting Held,true
ACT0005237,Email,2024-11-27 23:03:42,USR009,,CON0567,ACC0284,OPP0287,Introductory email,No Response,true
ACT0005238,Meeting,2024-12-09 00:59:59,USR009,,CON0567,ACC0284,OPP0287,Discovery meeting,Follow-Up Needed,true
ACT0005239,Email,2024-12-09 11:40:49,USR009,,CON0567,ACC0284,OPP0287,Next steps email,No Response,true
ACT0005240,Meeting,2024-12-09 21:42:16,USR009,,CON0567,ACC0284,OPP0287,Executive check-in,Rescheduled,true
ACT0005241,Email,2024-12-23 13:47:55,USR009,,CON0567,ACC0284,OPP0287,Follow-up email,Follow-Up Needed,true
ACT0005242,Other,2024-12-28 00:00:00,USR009,,CON0567,ACC0284,OPP0287,Internal customer follow-up,Follow-Up Needed,true
ACT0005243,Email,2025-06-21 10:22:24,USR006,,CON0091,ACC0046,OPP0288,Follow-up email,No Response,true
ACT0005244,Meeting,2025-07-04 10:21:23,USR006,,CON0091,ACC0046,OPP0288,Commercial review,Rescheduled,true
ACT0005245,Other,2025-07-08 07:57:08,USR006,,CON0091,ACC0046,OPP0288,Procurement follow-up,Connected,true
ACT0005246,Call,2025-07-08 13:12:41,USR006,,CON0091,ACC0046,OPP0288,Pricing follow-up,Connected,true
ACT0005247,Call,2025-07-21 13:08:13,USR006,,CON0091,ACC0046,OPP0288,Stakeholder check-in,No Response,true
ACT0005248,Email,2025-02-24 04:07:54,USR010,,CON0409,ACC0207,OPP0289,Meeting recap,No Response,true
ACT0005249,Email,2025-03-02 22:58:03,USR010,,CON0409,ACC0207,OPP0289,Introductory email,Follow-Up Needed,true
ACT0005250,Call,2025-03-09 14:37:18,USR010,,CON0409,ACC0207,OPP0289,Pricing follow-up,Left Voicemail,true
ACT0005251,Email,2025-03-14 13:32:54,USR010,,CON0409,ACC0207,OPP0289,Meeting recap,Connected,true
ACT0005252,Demo,2025-03-16 00:49:07,USR010,,CON0409,ACC0207,OPP0289,Solution review,Follow-Up Needed,true
ACT0005253,Other,2025-03-17 01:31:42,USR010,,CON0409,ACC0207,OPP0289,Contract coordination,Other,true
ACT0005254,Meeting,2025-03-24 22:55:53,USR010,,CON0409,ACC0207,OPP0289,Stakeholder meeting,Rescheduled,true
ACT0005255,Meeting,2025-04-03 13:04:29,USR010,,CON0409,ACC0207,OPP0289,Requirements review,Meeting Held,true
ACT0005256,Meeting,2025-04-04 03:29:34,USR010,,CON0409,ACC0207,OPP0289,Commercial review,Follow-Up Needed,true
ACT0005257,Meeting,2025-05-02 00:00:00,USR010,,CON0409,ACC0207,OPP0289,Requirements review,Follow-Up Needed,true
ACT0005258,Other,2024-10-05 23:37:47,USR007,,CON0153,ACC0075,OPP0291,Internal customer follow-up,Connected,true
ACT0005259,Call,2024-10-07 01:34:27,USR007,,CON0153,ACC0075,OPP0291,Follow-up call,Follow-Up Needed,true
ACT0005260,Meeting,2024-10-12 19:49:08,USR007,,CON0153,ACC0075,OPP0291,Executive check-in,Rescheduled,true
ACT0005261,Meeting,2024-10-13 01:31:07,USR007,,CON0153,ACC0075,OPP0291,Requirements review,Follow-Up Needed,true
ACT0005262,Email,2024-10-17 02:58:46,USR007,,CON0153,ACC0075,OPP0291,Proposal follow-up,Connected,true
ACT0005263,Demo,2024-10-23 23:26:02,USR007,,CON0153,ACC0075,OPP0291,Workflow demonstration,Follow-Up Needed,true
ACT0005264,Other,2024-10-30 08:47:43,USR007,,CON0153,ACC0075,OPP0291,Procurement follow-up,Other,true
ACT0005265,Call,2025-11-14 22:42:21,USR011,,CON0517,ACC0258,OPP0292,Pricing follow-up,Left Voicemail,true
ACT0005266,Call,2025-11-19 05:52:24,USR011,,CON0517,ACC0258,OPP0292,Qualification call,Left Voicemail,true
ACT0005267,Call,2025-11-19 18:06:46,USR011,,CON0517,ACC0258,OPP0292,Pricing follow-up,Connected,true
ACT0005268,Meeting,2025-11-30 17:26:12,USR011,,CON0517,ACC0258,OPP0292,Executive check-in,Meeting Held,true
ACT0005269,Other,2025-12-03 10:55:50,USR011,,CON0517,ACC0258,OPP0292,Internal customer follow-up,Other,true
ACT0005270,Other,2025-12-10 05:11:21,USR011,,CON0517,ACC0258,OPP0292,Contract coordination,Other,true
ACT0005271,Demo,2025-12-11 22:57:56,USR011,,CON0517,ACC0258,OPP0292,Product demo,Meeting Held,true
ACT0005272,Demo,2025-12-15 02:30:44,USR011,,CON0517,ACC0258,OPP0292,Product demo,Rescheduled,true
ACT0005273,Call,2025-12-21 21:17:21,USR011,,CON0517,ACC0258,OPP0292,Stakeholder check-in,Connected,true
ACT0005274,Email,2025-12-27 17:46:07,USR011,,CON0517,ACC0258,OPP0292,Meeting recap,Follow-Up Needed,true
ACT0005275,Email,2025-06-20 00:29:34,USR009,,CON0513,ACC0254,OPP0293,Introductory email,No Response,true
ACT0005276,Meeting,2025-06-20 18:21:17,USR009,,CON0513,ACC0254,OPP0293,Discovery meeting,Meeting Held,true
ACT0005277,Other,2025-06-30 16:09:58,USR009,,CON0513,ACC0254,OPP0293,Procurement follow-up,Follow-Up Needed,true
ACT0005278,Meeting,2025-07-02 12:14:58,USR009,,CON0513,ACC0254,OPP0293,Requirements review,Rescheduled,true
ACT0005279,Email,2025-07-02 15:18:38,USR009,,CON0513,ACC0254,OPP0293,Meeting recap,Follow-Up Needed,true
ACT0005280,Demo,2025-08-22 21:51:10,USR009,,CON0513,ACC0254,OPP0293,Workflow demonstration,Rescheduled,true
ACT0005281,Call,2024-11-10 13:49:43,USR009,,CON0367,ACC0182,OPP0294,Pricing follow-up,Left Voicemail,true
ACT0005282,Email,2024-11-14 16:43:06,USR009,,CON0367,ACC0182,OPP0294,Next steps email,Connected,true
ACT0005283,Email,2024-11-18 17:59:14,USR009,,CON0367,ACC0182,OPP0294,Meeting recap,Follow-Up Needed,true
ACT0005284,Call,2024-12-15 05:28:26,USR009,,CON0367,ACC0182,OPP0294,Stakeholder check-in,Connected,true
ACT0005285,Demo,2024-12-23 03:37:54,USR009,,CON0367,ACC0182,OPP0294,Product demo,Rescheduled,true
ACT0005286,Call,2024-12-26 14:25:42,USR009,,CON0367,ACC0182,OPP0294,Initial outreach call,Follow-Up Needed,true
ACT0005287,Email,2024-12-30 13:12:51,USR009,,CON0367,ACC0182,OPP0294,Next steps email,Follow-Up Needed,true
ACT0005288,Demo,2025-01-15 08:57:18,USR009,,CON0367,ACC0182,OPP0294,Solution review,Rescheduled,true
ACT0005289,Call,2025-01-28 12:25:40,USR009,,CON0367,ACC0182,OPP0294,Stakeholder check-in,No Response,true
ACT0005290,Meeting,2023-09-05 09:40:49,USR006,,CON0356,ACC0176,OPP0295,Requirements review,Follow-Up Needed,true
ACT0005291,Demo,2023-09-12 19:39:41,USR006,,CON0356,ACC0176,OPP0295,Product demo,Follow-Up Needed,true
ACT0005292,Meeting,2023-09-16 05:54:07,USR006,,CON0356,ACC0176,OPP0295,Requirements review,Follow-Up Needed,true
ACT0005293,Email,2023-09-18 22:15:24,USR006,,CON0356,ACC0176,OPP0295,Next steps email,Connected,true
ACT0005294,Meeting,2023-09-20 01:12:58,USR006,,CON0356,ACC0176,OPP0295,Executive check-in,Follow-Up Needed,true
ACT0005295,Email,2023-09-25 12:25:29,USR006,,CON0356,ACC0176,OPP0295,Follow-up email,No Response,true
ACT0005296,Meeting,2023-10-04 13:00:04,USR006,,CON0356,ACC0176,OPP0295,Discovery meeting,Meeting Held,true
ACT0005297,Meeting,2023-06-26 05:25:40,USR006,,CON0392,ACC0198,OPP0296,Discovery meeting,Follow-Up Needed,true
ACT0005298,Email,2023-06-28 22:18:52,USR006,,CON0392,ACC0198,OPP0296,Next steps email,Follow-Up Needed,true
ACT0005299,Meeting,2023-07-01 11:55:34,USR006,,CON0392,ACC0198,OPP0296,Executive check-in,Rescheduled,true
ACT0005300,Email,2023-07-07 14:51:17,USR006,,CON0392,ACC0198,OPP0296,Meeting recap,Connected,true
ACT0005301,Demo,2023-07-10 14:45:19,USR006,,CON0392,ACC0198,OPP0296,Workflow demonstration,Meeting Held,true
ACT0005302,Meeting,2023-07-20 11:36:28,USR006,,CON0392,ACC0198,OPP0296,Discovery meeting,Rescheduled,true
ACT0005303,Email,2025-03-29 04:47:37,USR009,,CON0197,ACC0098,OPP0297,Proposal follow-up,Connected,true
ACT0005304,Call,2025-04-01 23:29:10,USR009,,CON0197,ACC0098,OPP0297,Initial outreach call,Connected,true
ACT0005305,Meeting,2025-04-08 06:53:56,USR009,,CON0197,ACC0098,OPP0297,Requirements review,Follow-Up Needed,true
ACT0005306,Demo,2025-04-13 01:53:42,USR009,,CON0197,ACC0098,OPP0297,Workflow demonstration,Meeting Held,true
ACT0005307,Demo,2025-05-18 00:34:23,USR009,,CON0197,ACC0098,OPP0297,Workflow demonstration,Meeting Held,true
ACT0005308,Email,2025-05-30 06:20:06,USR009,,CON0197,ACC0098,OPP0297,Introductory email,Connected,true
ACT0005309,Meeting,2026-06-21 06:57:43,USR010,,CON0275,ACC0136,OPP0298,Commercial review,Meeting Held,true
ACT0005310,Meeting,2026-06-22 09:06:31,USR010,,CON0275,ACC0136,OPP0298,Requirements review,Meeting Held,true
ACT0005311,Other,2026-07-06 14:59:47,USR010,,CON0275,ACC0136,OPP0298,Contract coordination,Connected,true
ACT0005312,Call,2026-07-19 00:44:15,USR010,,CON0275,ACC0136,OPP0298,Qualification call,No Response,true
ACT0005313,Call,2026-07-21 03:57:31,USR010,,CON0275,ACC0136,OPP0298,Follow-up call,Follow-Up Needed,true
ACT0005314,Email,2026-07-27 23:08:49,USR010,,CON0275,ACC0136,OPP0298,Next steps email,Follow-Up Needed,true
ACT0005315,Meeting,2026-07-31 16:31:28,USR010,,CON0275,ACC0136,OPP0298,Requirements review,Rescheduled,true
ACT0005316,Call,2026-08-02 03:07:58,USR010,,CON0275,ACC0136,OPP0298,Qualification call,Connected,true
ACT0005317,Meeting,2026-08-02 10:30:30,USR010,,CON0275,ACC0136,OPP0298,Stakeholder meeting,Follow-Up Needed,true
ACT0005318,Meeting,2026-08-17 02:45:48,USR010,,CON0275,ACC0136,OPP0298,Discovery meeting,Follow-Up Needed,true
ACT0005319,Other,2026-08-19 10:12:22,USR010,,CON0275,ACC0136,OPP0298,Contract coordination,Other,true
ACT0005320,Call,2026-07-30 10:46:58,USR006,,CON0637,ACC0320,OPP0299,Pricing follow-up,No Response,true
ACT0005321,Call,2026-08-06 23:38:01,USR006,,CON0637,ACC0320,OPP0299,Pricing follow-up,Follow-Up Needed,true
ACT0005322,Call,2026-08-11 15:09:05,USR006,,CON0637,ACC0320,OPP0299,Follow-up call,Left Voicemail,true
ACT0005323,Meeting,2026-08-31 00:00:00,USR006,,CON0637,ACC0320,OPP0299,Executive check-in,Rescheduled,true
ACT0005324,Meeting,2024-08-04 01:06:08,USR010,,CON0564,ACC0282,OPP0300,Stakeholder meeting,Meeting Held,true
ACT0005325,Call,2024-08-21 17:52:45,USR010,,CON0564,ACC0282,OPP0300,Initial outreach call,Follow-Up Needed,true
ACT0005326,Email,2024-09-08 13:31:57,USR010,,CON0564,ACC0282,OPP0300,Follow-up email,No Response,true
ACT0005327,Email,2024-09-16 13:17:46,USR010,,CON0564,ACC0282,OPP0300,Introductory email,Connected,true
ACT0005328,Meeting,2024-09-27 10:46:25,USR010,,CON0564,ACC0282,OPP0300,Executive check-in,Meeting Held,true
ACT0005329,Demo,2024-10-14 08:15:08,USR010,,CON0564,ACC0282,OPP0300,Solution review,Rescheduled,true
ACT0005330,Meeting,2024-11-06 21:47:14,USR010,,CON0564,ACC0282,OPP0300,Commercial review,Follow-Up Needed,true
ACT0005331,Meeting,2024-05-21 19:32:38,USR011,,CON0532,ACC0266,OPP0301,Stakeholder meeting,Follow-Up Needed,true
ACT0005332,Email,2024-05-30 09:36:45,USR011,,CON0532,ACC0266,OPP0301,Proposal follow-up,Connected,true
ACT0005333,Email,2024-06-03 07:18:08,USR011,,CON0532,ACC0266,OPP0301,Proposal follow-up,No Response,true
ACT0005334,Meeting,2024-06-07 20:25:06,USR011,,CON0532,ACC0266,OPP0301,Stakeholder meeting,Rescheduled,true
ACT0005335,Meeting,2024-06-10 08:19:42,USR011,,CON0532,ACC0266,OPP0301,Discovery meeting,Rescheduled,true
ACT0005336,Other,2024-06-13 15:23:45,USR011,,CON0532,ACC0266,OPP0301,Internal customer follow-up,Other,true
ACT0005337,Email,2024-06-13 16:35:36,USR011,,CON0532,ACC0266,OPP0301,Next steps email,Connected,true
ACT0005338,Meeting,2024-06-14 14:49:31,USR011,,CON0532,ACC0266,OPP0301,Executive check-in,Follow-Up Needed,true
ACT0005339,Call,2024-06-25 00:58:17,USR011,,CON0532,ACC0266,OPP0301,Pricing follow-up,No Response,true
ACT0005340,Email,2024-07-31 05:24:31,USR011,,CON0532,ACC0266,OPP0301,Next steps email,No Response,true
ACT0005341,Meeting,2024-08-03 00:00:00,USR011,,CON0532,ACC0266,OPP0301,Executive check-in,Rescheduled,true
ACT0005342,Email,2025-09-02 15:34:44,USR011,,CON0402,ACC0203,OPP0303,Meeting recap,Connected,true
ACT0005343,Email,2025-09-23 05:16:56,USR011,,CON0402,ACC0203,OPP0303,Next steps email,Follow-Up Needed,true
ACT0005344,Call,2025-09-26 14:51:04,USR011,,CON0402,ACC0203,OPP0303,Qualification call,Connected,true
ACT0005345,Call,2025-10-04 04:49:33,USR011,,CON0402,ACC0203,OPP0303,Stakeholder check-in,Follow-Up Needed,true
ACT0005346,Demo,2025-10-06 00:50:12,USR011,,CON0402,ACC0203,OPP0303,Product demo,Rescheduled,true
ACT0005347,Email,2025-10-14 05:50:02,USR011,,CON0402,ACC0203,OPP0303,Follow-up email,Follow-Up Needed,true
ACT0005348,Demo,2025-10-15 04:29:48,USR011,,CON0402,ACC0203,OPP0303,Solution review,Follow-Up Needed,true
ACT0005349,Demo,2025-11-09 11:46:10,USR011,,CON0402,ACC0203,OPP0303,Technical demo,Follow-Up Needed,true
ACT0005350,Meeting,2025-11-09 15:04:02,USR011,,CON0402,ACC0203,OPP0303,Requirements review,Rescheduled,true
ACT0005351,Meeting,2025-11-19 11:32:59,USR011,,CON0402,ACC0203,OPP0303,Commercial review,Meeting Held,true
ACT0005352,Email,2025-12-03 13:00:52,USR011,,CON0402,ACC0203,OPP0303,Follow-up email,Follow-Up Needed,true
ACT0005353,Meeting,2024-12-06 16:16:49,USR009,,CON0640,ACC0322,OPP0304,Requirements review,Follow-Up Needed,true
ACT0005354,Email,2024-12-18 13:05:37,USR009,,CON0640,ACC0322,OPP0304,Meeting recap,Connected,true
ACT0005355,Email,2024-12-18 14:42:15,USR009,,CON0640,ACC0322,OPP0304,Proposal follow-up,Follow-Up Needed,true
ACT0005356,Other,2024-12-24 06:05:03,USR009,,CON0640,ACC0322,OPP0304,Procurement follow-up,Follow-Up Needed,true
ACT0005357,Demo,2024-12-27 16:41:57,USR009,,CON0640,ACC0322,OPP0304,Technical demo,Rescheduled,true
ACT0005358,Email,2025-01-03 00:23:46,USR009,,CON0640,ACC0322,OPP0304,Follow-up email,No Response,true
ACT0005359,Email,2025-01-20 13:28:34,USR009,,CON0640,ACC0322,OPP0304,Next steps email,No Response,true
ACT0005360,Other,2025-01-29 08:23:44,USR009,,CON0640,ACC0322,OPP0304,Internal customer follow-up,Follow-Up Needed,true
ACT0005361,Meeting,2025-01-30 19:04:49,USR009,,CON0640,ACC0322,OPP0304,Requirements review,Meeting Held,true
ACT0005362,Meeting,2025-01-31 22:01:44,USR009,,CON0640,ACC0322,OPP0304,Discovery meeting,Follow-Up Needed,true
ACT0005363,Email,2025-02-12 00:00:00,USR009,,CON0640,ACC0322,OPP0304,Follow-up email,No Response,true
ACT0005364,Meeting,2026-01-04 07:14:32,USR011,,CON0144,ACC0071,OPP0305,Requirements review,Follow-Up Needed,true
ACT0005365,Other,2026-01-16 16:25:26,USR011,,CON0144,ACC0071,OPP0305,Contract coordination,Other,true
ACT0005366,Meeting,2026-01-20 07:11:13,USR011,,CON0144,ACC0071,OPP0305,Executive check-in,Meeting Held,true
ACT0005367,Meeting,2026-01-21 02:02:24,USR011,,CON0144,ACC0071,OPP0305,Requirements review,Meeting Held,true
ACT0005368,Meeting,2026-02-07 04:41:44,USR011,,CON0144,ACC0071,OPP0305,Stakeholder meeting,Rescheduled,true
ACT0005369,Email,2026-02-15 04:55:10,USR011,,CON0144,ACC0071,OPP0305,Meeting recap,Connected,true
ACT0005370,Meeting,2026-02-20 04:15:26,USR011,,CON0144,ACC0071,OPP0305,Commercial review,Meeting Held,true
ACT0005371,Email,2026-02-21 11:52:29,USR011,,CON0144,ACC0071,OPP0305,Meeting recap,Follow-Up Needed,true
ACT0005372,Email,2026-02-22 06:33:19,USR011,,CON0144,ACC0071,OPP0305,Next steps email,No Response,true
ACT0005373,Email,2026-02-24 22:42:02,USR011,,CON0144,ACC0071,OPP0305,Next steps email,No Response,true
ACT0005374,Demo,2026-07-23 02:29:30,USR008,,CON0351,ACC0173,OPP0306,Solution review,Rescheduled,true
ACT0005375,Demo,2026-08-02 04:28:20,USR008,,CON0351,ACC0173,OPP0306,Solution review,Rescheduled,true
ACT0005376,Demo,2026-08-03 04:22:55,USR008,,CON0351,ACC0173,OPP0306,Workflow demonstration,Meeting Held,true
ACT0005377,Meeting,2026-08-15 03:00:19,USR008,,CON0351,ACC0173,OPP0306,Discovery meeting,Follow-Up Needed,true
ACT0005378,Call,2026-08-24 18:41:09,USR008,,CON0351,ACC0173,OPP0306,Qualification call,Follow-Up Needed,true
ACT0005379,Email,2026-09-13 20:15:26,USR008,,CON0351,ACC0173,OPP0306,Proposal follow-up,Connected,true
ACT0005380,Meeting,2026-09-22 00:00:00,USR008,,CON0351,ACC0173,OPP0306,Requirements review,Rescheduled,true
ACT0005381,Meeting,2024-07-28 11:24:47,USR010,,CON0170,ACC0084,OPP0307,Commercial review,Rescheduled,true
ACT0005382,Meeting,2024-07-29 18:12:55,USR010,,CON0170,ACC0084,OPP0307,Discovery meeting,Meeting Held,true
ACT0005383,Meeting,2024-08-06 20:05:13,USR010,,CON0170,ACC0084,OPP0307,Commercial review,Rescheduled,true
ACT0005384,Meeting,2024-08-11 01:50:51,USR010,,CON0170,ACC0084,OPP0307,Executive check-in,Meeting Held,true
ACT0005385,Email,2024-08-13 23:26:03,USR010,,CON0170,ACC0084,OPP0307,Meeting recap,Follow-Up Needed,true
ACT0005386,Meeting,2024-08-16 13:53:38,USR010,,CON0170,ACC0084,OPP0307,Commercial review,Rescheduled,true
ACT0005387,Call,2024-08-17 04:18:27,USR010,,CON0170,ACC0084,OPP0307,Follow-up call,Left Voicemail,true
ACT0005388,Call,2024-08-17 12:10:45,USR010,,CON0170,ACC0084,OPP0307,Stakeholder check-in,Follow-Up Needed,true
ACT0005389,Email,2024-08-20 18:23:52,USR010,,CON0170,ACC0084,OPP0307,Introductory email,No Response,true
ACT0005390,Email,2024-09-01 16:27:00,USR010,,CON0170,ACC0084,OPP0307,Next steps email,No Response,true
ACT0005391,Email,2024-09-06 20:17:56,USR010,,CON0170,ACC0084,OPP0307,Next steps email,Connected,true
ACT0005392,Meeting,2025-04-28 06:27:24,USR006,,CON0411,ACC0208,OPP0308,Discovery meeting,Follow-Up Needed,true
ACT0005393,Meeting,2025-04-29 10:35:39,USR006,,CON0411,ACC0208,OPP0308,Discovery meeting,Rescheduled,true
ACT0005394,Meeting,2025-05-05 18:12:06,USR006,,CON0411,ACC0208,OPP0308,Discovery meeting,Rescheduled,true
ACT0005395,Demo,2025-05-09 03:14:32,USR006,,CON0411,ACC0208,OPP0308,Technical demo,Rescheduled,true
ACT0005396,Demo,2025-05-09 19:09:18,USR006,,CON0411,ACC0208,OPP0308,Workflow demonstration,Follow-Up Needed,true
ACT0005397,Meeting,2025-05-10 07:46:39,USR006,,CON0411,ACC0208,OPP0308,Requirements review,Rescheduled,true
ACT0005398,Meeting,2025-05-14 05:45:26,USR006,,CON0411,ACC0208,OPP0308,Discovery meeting,Meeting Held,true
ACT0005399,Email,2025-05-28 00:00:00,USR006,,CON0411,ACC0208,OPP0308,Next steps email,No Response,true
ACT0005400,Demo,2026-08-26 02:42:21,USR011,,CON0147,ACC0072,OPP0309,Workflow demonstration,Rescheduled,true
ACT0005401,Meeting,2026-08-29 16:29:10,USR011,,CON0147,ACC0072,OPP0309,Requirements review,Follow-Up Needed,true
ACT0005402,Meeting,2026-09-01 00:42:35,USR011,,CON0147,ACC0072,OPP0309,Commercial review,Meeting Held,true
ACT0005403,Demo,2026-09-01 01:55:35,USR011,,CON0147,ACC0072,OPP0309,Workflow demonstration,Rescheduled,true
ACT0005404,Call,2026-09-09 12:28:08,USR011,,CON0147,ACC0072,OPP0309,Follow-up call,Connected,true
ACT0005405,Demo,2026-09-10 03:13:49,USR011,,CON0147,ACC0072,OPP0309,Product demo,Follow-Up Needed,true
ACT0005406,Demo,2026-09-10 09:36:23,USR011,,CON0147,ACC0072,OPP0309,Workflow demonstration,Rescheduled,true
ACT0005407,Meeting,2026-09-15 00:00:00,USR011,,CON0147,ACC0072,OPP0309,Requirements review,Meeting Held,true
ACT0005408,Email,2024-01-04 21:54:37,USR011,,CON0469,ACC0232,OPP0310,Next steps email,No Response,true
ACT0005409,Meeting,2024-01-25 20:37:34,USR011,,CON0469,ACC0232,OPP0310,Stakeholder meeting,Follow-Up Needed,true
ACT0005410,Email,2024-01-26 18:36:57,USR011,,CON0469,ACC0232,OPP0310,Follow-up email,Connected,true
ACT0005411,Email,2024-02-04 21:00:34,USR011,,CON0469,ACC0232,OPP0310,Introductory email,Connected,true
ACT0005412,Meeting,2024-02-06 14:11:14,USR011,,CON0469,ACC0232,OPP0310,Stakeholder meeting,Follow-Up Needed,true
ACT0005413,Meeting,2024-02-11 11:58:45,USR011,,CON0469,ACC0232,OPP0310,Requirements review,Follow-Up Needed,true
ACT0005414,Email,2023-12-19 20:26:59,USR006,,CON0057,ACC0026,OPP0311,Follow-up email,Follow-Up Needed,true
ACT0005415,Other,2023-12-21 13:03:52,USR006,,CON0057,ACC0026,OPP0311,Procurement follow-up,Other,true
ACT0005416,Meeting,2023-12-25 04:19:49,USR006,,CON0057,ACC0026,OPP0311,Stakeholder meeting,Rescheduled,true
ACT0005417,Other,2023-12-29 18:00:11,USR006,,CON0057,ACC0026,OPP0311,Procurement follow-up,Follow-Up Needed,true
ACT0005418,Email,2023-12-30 21:47:53,USR006,,CON0057,ACC0026,OPP0311,Introductory email,No Response,true
ACT0005419,Meeting,2023-12-31 00:09:47,USR006,,CON0057,ACC0026,OPP0311,Commercial review,Follow-Up Needed,true
ACT0005420,Meeting,2024-01-02 07:54:05,USR006,,CON0057,ACC0026,OPP0311,Discovery meeting,Follow-Up Needed,true
ACT0005421,Meeting,2024-01-06 09:24:51,USR006,,CON0057,ACC0026,OPP0311,Executive check-in,Rescheduled,true
ACT0005422,Call,2024-01-16 21:58:23,USR006,,CON0057,ACC0026,OPP0311,Follow-up call,Follow-Up Needed,true
ACT0005423,Meeting,2025-11-02 10:17:47,USR012,,CON0310,ACC0152,OPP0312,Executive check-in,Meeting Held,true
ACT0005424,Email,2025-11-05 03:44:20,USR012,,CON0310,ACC0152,OPP0312,Proposal follow-up,Connected,true
ACT0005425,Email,2025-11-21 23:17:34,USR012,,CON0310,ACC0152,OPP0312,Meeting recap,No Response,true
ACT0005426,Demo,2025-12-17 03:23:01,USR012,,CON0310,ACC0152,OPP0312,Solution review,Meeting Held,true
ACT0005427,Meeting,2025-12-29 18:51:47,USR012,,CON0310,ACC0152,OPP0312,Stakeholder meeting,Meeting Held,true
ACT0005428,Call,2026-01-04 00:02:36,USR012,,CON0310,ACC0152,OPP0312,Stakeholder check-in,Follow-Up Needed,true
ACT0005429,Meeting,2026-01-12 22:07:38,USR012,,CON0310,ACC0152,OPP0312,Requirements review,Rescheduled,true
ACT0005430,Demo,2024-10-30 19:16:03,USR008,,CON0095,ACC0049,OPP0313,Technical demo,Meeting Held,true
ACT0005431,Meeting,2024-11-03 16:26:56,USR008,,CON0095,ACC0049,OPP0313,Requirements review,Follow-Up Needed,true
ACT0005432,Call,2024-11-07 04:44:17,USR008,,CON0095,ACC0049,OPP0313,Stakeholder check-in,Connected,true
ACT0005433,Meeting,2024-11-13 05:23:54,USR008,,CON0095,ACC0049,OPP0313,Executive check-in,Follow-Up Needed,true
ACT0005434,Meeting,2024-11-15 06:06:46,USR008,,CON0095,ACC0049,OPP0313,Commercial review,Rescheduled,true
ACT0005435,Meeting,2024-11-17 17:07:43,USR008,,CON0095,ACC0049,OPP0313,Stakeholder meeting,Rescheduled,true
ACT0005436,Demo,2024-11-24 08:33:20,USR008,,CON0095,ACC0049,OPP0313,Technical demo,Meeting Held,true
ACT0005437,Email,2023-10-07 03:14:06,USR011,,CON0430,ACC0216,OPP0314,Follow-up email,Follow-Up Needed,true
ACT0005438,Meeting,2023-10-09 19:44:58,USR011,,CON0430,ACC0216,OPP0314,Requirements review,Follow-Up Needed,true
ACT0005439,Email,2023-10-27 22:46:01,USR011,,CON0430,ACC0216,OPP0314,Introductory email,No Response,true
ACT0005440,Demo,2023-11-02 15:09:31,USR011,,CON0430,ACC0216,OPP0314,Workflow demonstration,Meeting Held,true
ACT0005441,Call,2023-12-10 12:59:14,USR011,,CON0430,ACC0216,OPP0314,Initial outreach call,Left Voicemail,true
ACT0005442,Demo,2026-09-07 13:05:03,USR010,,CON0417,ACC0210,OPP0315,Workflow demonstration,Meeting Held,true
ACT0005443,Meeting,2026-09-10 18:43:08,USR010,,CON0417,ACC0210,OPP0315,Requirements review,Follow-Up Needed,true
ACT0005444,Email,2026-09-11 04:24:17,USR010,,CON0417,ACC0210,OPP0315,Follow-up email,No Response,true
ACT0005445,Meeting,2026-09-12 06:09:54,USR010,,CON0417,ACC0210,OPP0315,Requirements review,Meeting Held,true
ACT0005446,Call,2026-09-13 09:32:07,USR010,,CON0417,ACC0210,OPP0315,Follow-up call,Follow-Up Needed,true
ACT0005447,Email,2026-09-15 09:37:12,USR010,,CON0417,ACC0210,OPP0315,Next steps email,No Response,true
ACT0005448,Other,2026-09-19 00:00:00,USR010,,CON0417,ACC0210,OPP0315,Internal customer follow-up,Connected,true
ACT0005449,Call,2026-06-09 01:32:42,USR009,,CON0622,ACC0313,OPP0316,Qualification call,Connected,true
ACT0005450,Call,2026-06-14 00:14:16,USR009,,CON0622,ACC0313,OPP0316,Qualification call,Connected,true
ACT0005451,Email,2026-06-23 15:46:04,USR009,,CON0622,ACC0313,OPP0316,Follow-up email,No Response,true
ACT0005452,Meeting,2026-06-26 21:44:40,USR009,,CON0622,ACC0313,OPP0316,Stakeholder meeting,Rescheduled,true
ACT0005453,Email,2026-08-02 08:48:31,USR009,,CON0622,ACC0313,OPP0316,Next steps email,No Response,true
ACT0005454,Email,2026-08-07 20:39:41,USR009,,CON0622,ACC0313,OPP0316,Proposal follow-up,No Response,true
ACT0005455,Email,2026-08-18 21:04:49,USR009,,CON0622,ACC0313,OPP0316,Proposal follow-up,Connected,true
ACT0005456,Meeting,2026-08-27 03:20:15,USR009,,CON0622,ACC0313,OPP0316,Executive check-in,Follow-Up Needed,true
ACT0005457,Meeting,2025-10-23 19:29:01,USR008,,CON0594,ACC0297,OPP0317,Commercial review,Meeting Held,true
ACT0005458,Meeting,2025-10-24 04:08:37,USR008,,CON0594,ACC0297,OPP0317,Requirements review,Meeting Held,true
ACT0005459,Meeting,2025-10-26 07:33:12,USR008,,CON0594,ACC0297,OPP0317,Stakeholder meeting,Rescheduled,true
ACT0005460,Email,2025-10-26 08:15:29,USR008,,CON0594,ACC0297,OPP0317,Proposal follow-up,Connected,true
ACT0005461,Other,2025-10-28 06:36:32,USR008,,CON0594,ACC0297,OPP0317,Procurement follow-up,Other,true
ACT0005462,Demo,2025-10-29 01:02:12,USR008,,CON0594,ACC0297,OPP0317,Product demo,Meeting Held,true
ACT0005463,Meeting,2025-10-30 02:08:24,USR008,,CON0594,ACC0297,OPP0317,Commercial review,Meeting Held,true
ACT0005464,Meeting,2025-11-01 00:58:32,USR008,,CON0594,ACC0297,OPP0317,Requirements review,Follow-Up Needed,true
ACT0005465,Meeting,2025-11-02 09:27:22,USR008,,CON0594,ACC0297,OPP0317,Stakeholder meeting,Meeting Held,true
ACT0005466,Other,2025-11-09 19:20:45,USR008,,CON0594,ACC0297,OPP0317,Internal customer follow-up,Other,true
ACT0005467,Email,2025-11-11 13:48:11,USR008,,CON0594,ACC0297,OPP0317,Introductory email,Connected,true
ACT0005468,Meeting,2026-04-05 18:02:31,USR011,,CON0281,ACC0139,OPP0318,Discovery meeting,Meeting Held,true
ACT0005469,Email,2026-04-09 08:20:52,USR011,,CON0281,ACC0139,OPP0318,Introductory email,Connected,true
ACT0005470,Other,2026-04-20 17:34:23,USR011,,CON0281,ACC0139,OPP0318,Contract coordination,Other,true
ACT0005471,Meeting,2026-04-21 12:06:54,USR011,,CON0281,ACC0139,OPP0318,Commercial review,Follow-Up Needed,true
ACT0005472,Call,2026-04-22 05:38:41,USR011,,CON0281,ACC0139,OPP0318,Qualification call,Connected,true
ACT0005473,Email,2026-04-24 19:57:16,USR011,,CON0281,ACC0139,OPP0318,Introductory email,Connected,true
ACT0005474,Meeting,2026-04-26 10:38:37,USR011,,CON0281,ACC0139,OPP0318,Requirements review,Rescheduled,true
ACT0005475,Meeting,2026-05-06 03:37:06,USR011,,CON0281,ACC0139,OPP0318,Requirements review,Follow-Up Needed,true
ACT0005476,Email,2026-05-11 06:41:21,USR011,,CON0281,ACC0139,OPP0318,Next steps email,No Response,true
ACT0005477,Other,2026-05-14 16:34:37,USR011,,CON0281,ACC0139,OPP0318,Internal customer follow-up,Other,true
ACT0005478,Meeting,2026-07-19 07:11:37,USR006,,CON0359,ACC0178,OPP0319,Executive check-in,Meeting Held,true
ACT0005479,Demo,2026-07-20 17:06:54,USR006,,CON0359,ACC0178,OPP0319,Workflow demonstration,Rescheduled,true
ACT0005480,Meeting,2026-07-25 23:01:54,USR006,,CON0359,ACC0178,OPP0319,Discovery meeting,Rescheduled,true
ACT0005481,Demo,2026-08-05 04:16:48,USR006,,CON0359,ACC0178,OPP0319,Technical demo,Follow-Up Needed,true
ACT0005482,Demo,2026-08-19 08:52:03,USR006,,CON0359,ACC0178,OPP0319,Product demo,Rescheduled,true
ACT0005483,Other,2026-08-26 14:02:14,USR006,,CON0359,ACC0178,OPP0319,Internal customer follow-up,Follow-Up Needed,true
ACT0005484,Other,2026-09-23 00:00:00,USR006,,CON0359,ACC0178,OPP0319,Contract coordination,Follow-Up Needed,true
ACT0005485,Email,2023-11-21 12:49:19,USR007,,CON0393,ACC0199,OPP0320,Proposal follow-up,Follow-Up Needed,true
ACT0005486,Call,2023-11-21 23:02:07,USR007,,CON0393,ACC0199,OPP0320,Initial outreach call,Connected,true
ACT0005487,Other,2023-11-24 06:52:02,USR007,,CON0393,ACC0199,OPP0320,Contract coordination,Follow-Up Needed,true
ACT0005488,Email,2023-11-26 16:43:07,USR007,,CON0393,ACC0199,OPP0320,Follow-up email,Connected,true
ACT0005489,Other,2023-12-03 22:36:03,USR007,,CON0393,ACC0199,OPP0320,Contract coordination,Follow-Up Needed,true
ACT0005490,Other,2023-12-05 02:54:04,USR007,,CON0393,ACC0199,OPP0320,Procurement follow-up,Follow-Up Needed,true
ACT0005491,Meeting,2023-12-09 21:06:24,USR007,,CON0393,ACC0199,OPP0320,Stakeholder meeting,Follow-Up Needed,true
ACT0005492,Meeting,2023-12-11 16:21:14,USR007,,CON0393,ACC0199,OPP0320,Discovery meeting,Follow-Up Needed,true
ACT0005493,Meeting,2023-12-18 00:38:00,USR007,,CON0393,ACC0199,OPP0320,Stakeholder meeting,Rescheduled,true
ACT0005494,Email,2026-02-16 12:43:40,USR011,,CON0146,ACC0072,OPP0322,Follow-up email,No Response,true
ACT0005495,Email,2026-02-17 10:40:16,USR011,,CON0146,ACC0072,OPP0322,Next steps email,No Response,true
ACT0005496,Other,2026-02-18 20:40:59,USR011,,CON0146,ACC0072,OPP0322,Procurement follow-up,Other,true
ACT0005497,Other,2026-02-21 17:59:16,USR011,,CON0146,ACC0072,OPP0322,Internal customer follow-up,Connected,true
ACT0005498,Meeting,2026-02-22 03:57:58,USR011,,CON0146,ACC0072,OPP0322,Commercial review,Meeting Held,true
ACT0005499,Call,2026-02-26 12:44:42,USR011,,CON0146,ACC0072,OPP0322,Pricing follow-up,No Response,true
ACT0005500,Email,2026-03-04 12:04:37,USR011,,CON0146,ACC0072,OPP0322,Follow-up email,Follow-Up Needed,true
ACT0005501,Meeting,2026-03-09 04:58:20,USR011,,CON0146,ACC0072,OPP0322,Executive check-in,Meeting Held,true
ACT0005502,Email,2026-03-15 09:51:36,USR011,,CON0146,ACC0072,OPP0322,Proposal follow-up,Connected,true
ACT0005503,Meeting,2026-03-17 20:59:36,USR011,,CON0146,ACC0072,OPP0322,Executive check-in,Follow-Up Needed,true
ACT0005504,Email,2026-03-19 03:03:59,USR011,,CON0146,ACC0072,OPP0322,Next steps email,Follow-Up Needed,true
ACT0005505,Meeting,2026-07-29 02:38:42,USR012,,CON0159,ACC0078,OPP0323,Discovery meeting,Meeting Held,true
ACT0005506,Demo,2026-08-11 10:06:38,USR012,,CON0159,ACC0078,OPP0323,Product demo,Meeting Held,true
ACT0005507,Email,2026-08-16 09:25:41,USR012,,CON0159,ACC0078,OPP0323,Meeting recap,Connected,true
ACT0005508,Email,2026-09-18 00:00:00,USR012,,CON0159,ACC0078,OPP0323,Next steps email,Follow-Up Needed,true
ACT0005509,Call,2023-12-09 06:59:12,USR011,,CON0534,ACC0266,OPP0327,Stakeholder check-in,No Response,true
ACT0005510,Other,2024-01-07 04:50:57,USR011,,CON0534,ACC0266,OPP0327,Contract coordination,Other,true
ACT0005511,Call,2024-01-11 09:45:03,USR011,,CON0534,ACC0266,OPP0327,Initial outreach call,Left Voicemail,true
ACT0005512,Email,2024-01-31 06:34:21,USR011,,CON0534,ACC0266,OPP0327,Meeting recap,Connected,true
ACT0005513,Email,2024-02-02 22:13:44,USR011,,CON0534,ACC0266,OPP0327,Next steps email,No Response,true
ACT0005514,Meeting,2024-02-04 02:21:55,USR011,,CON0534,ACC0266,OPP0327,Commercial review,Meeting Held,true
ACT0005515,Demo,2024-02-10 11:01:47,USR011,,CON0534,ACC0266,OPP0327,Workflow demonstration,Rescheduled,true
ACT0005516,Call,2024-03-05 06:38:52,USR011,,CON0534,ACC0266,OPP0327,Qualification call,Connected,true
ACT0005517,Email,2026-08-18 18:52:40,USR006,,CON0566,ACC0283,OPP0328,Introductory email,Connected,true
ACT0005518,Email,2026-08-20 15:22:41,USR006,,CON0566,ACC0283,OPP0328,Introductory email,Connected,true
ACT0005519,Other,2026-08-21 18:08:22,USR006,,CON0566,ACC0283,OPP0328,Internal customer follow-up,Connected,true
ACT0005520,Email,2026-08-26 11:34:23,USR006,,CON0566,ACC0283,OPP0328,Next steps email,No Response,true
ACT0005521,Call,2026-09-02 04:41:00,USR006,,CON0566,ACC0283,OPP0328,Stakeholder check-in,No Response,true
ACT0005522,Demo,2026-09-10 11:01:58,USR006,,CON0566,ACC0283,OPP0328,Technical demo,Rescheduled,true
ACT0005523,Email,2026-09-13 05:21:33,USR006,,CON0566,ACC0283,OPP0328,Introductory email,Connected,true
ACT0005524,Meeting,2026-09-16 00:00:00,USR006,,CON0566,ACC0283,OPP0328,Executive check-in,Follow-Up Needed,true
ACT0005525,Call,2022-04-07 10:30:14,USR007,,CON0435,ACC0218,OPP0329,Pricing follow-up,Left Voicemail,true
ACT0005526,Other,2022-04-17 21:51:19,USR007,,CON0435,ACC0218,OPP0329,Procurement follow-up,Other,true
ACT0005527,Meeting,2022-04-22 20:57:22,USR007,,CON0435,ACC0218,OPP0329,Requirements review,Meeting Held,true
ACT0005528,Meeting,2022-04-23 18:58:27,USR007,,CON0435,ACC0218,OPP0329,Executive check-in,Meeting Held,true
ACT0005529,Email,2022-05-01 00:48:11,USR007,,CON0435,ACC0218,OPP0329,Introductory email,Connected,true
ACT0005530,Call,2022-05-19 14:41:02,USR007,,CON0435,ACC0218,OPP0329,Qualification call,No Response,true
ACT0005531,Meeting,2023-12-10 08:51:39,USR011,,CON0234,ACC0115,OPP0331,Executive check-in,Rescheduled,true
ACT0005532,Other,2023-12-11 06:43:42,USR011,,CON0234,ACC0115,OPP0331,Procurement follow-up,Connected,true
ACT0005533,Call,2023-12-22 13:01:25,USR011,,CON0234,ACC0115,OPP0331,Follow-up call,Left Voicemail,true
ACT0005534,Email,2024-01-24 03:12:07,USR011,,CON0234,ACC0115,OPP0331,Meeting recap,Follow-Up Needed,true
ACT0005535,Email,2024-02-13 19:34:01,USR011,,CON0234,ACC0115,OPP0331,Meeting recap,Connected,true
ACT0005536,Email,2024-02-18 12:33:37,USR011,,CON0234,ACC0115,OPP0331,Proposal follow-up,No Response,true
ACT0005537,Email,2024-02-21 00:00:00,USR011,,CON0234,ACC0115,OPP0331,Follow-up email,Follow-Up Needed,true
ACT0005538,Meeting,2026-08-28 13:18:19,USR005,,CON0270,ACC0134,OPP0332,Commercial review,Rescheduled,true
ACT0005539,Call,2026-08-31 10:15:46,USR005,,CON0270,ACC0134,OPP0332,Pricing follow-up,Connected,true
ACT0005540,Email,2026-09-02 07:51:04,USR005,,CON0270,ACC0134,OPP0332,Follow-up email,Connected,true
ACT0005541,Email,2026-09-03 10:06:02,USR005,,CON0270,ACC0134,OPP0332,Introductory email,Follow-Up Needed,true
ACT0005542,Call,2026-09-05 00:00:00,USR005,,CON0270,ACC0134,OPP0332,Follow-up call,Connected,true
ACT0005543,Email,2023-06-10 12:18:18,USR010,,CON0409,ACC0207,OPP0333,Meeting recap,Follow-Up Needed,true
ACT0005544,Demo,2023-06-11 08:15:18,USR010,,CON0409,ACC0207,OPP0333,Product demo,Meeting Held,true
ACT0005545,Meeting,2023-06-23 08:50:36,USR010,,CON0409,ACC0207,OPP0333,Requirements review,Follow-Up Needed,true
ACT0005546,Email,2023-06-28 23:44:36,USR010,,CON0409,ACC0207,OPP0333,Meeting recap,No Response,true
ACT0005547,Email,2023-07-02 13:58:33,USR010,,CON0409,ACC0207,OPP0333,Proposal follow-up,No Response,true
ACT0005548,Call,2023-07-24 16:36:39,USR010,,CON0409,ACC0207,OPP0333,Qualification call,Connected,true
ACT0005549,Meeting,2023-08-11 13:44:51,USR010,,CON0409,ACC0207,OPP0333,Commercial review,Follow-Up Needed,true
ACT0005550,Call,2026-05-01 07:19:20,USR012,,CON0583,ACC0292,OPP0334,Stakeholder check-in,Left Voicemail,true
ACT0005551,Meeting,2026-06-24 21:15:51,USR012,,CON0583,ACC0292,OPP0334,Commercial review,Meeting Held,true
ACT0005552,Demo,2026-06-27 18:47:45,USR012,,CON0583,ACC0292,OPP0334,Product demo,Follow-Up Needed,true
ACT0005553,Meeting,2026-07-08 08:12:16,USR012,,CON0583,ACC0292,OPP0334,Stakeholder meeting,Rescheduled,true
ACT0005554,Meeting,2026-07-09 19:25:33,USR012,,CON0583,ACC0292,OPP0334,Discovery meeting,Meeting Held,true
ACT0005555,Meeting,2026-08-30 08:57:29,USR012,,CON0583,ACC0292,OPP0334,Requirements review,Rescheduled,true
ACT0005556,Email,2026-09-16 00:00:00,USR012,,CON0583,ACC0292,OPP0334,Follow-up email,Follow-Up Needed,true
ACT0005557,Email,2026-08-01 10:33:22,USR012,,CON0647,ACC0324,OPP0335,Proposal follow-up,Follow-Up Needed,true
ACT0005558,Call,2026-08-07 20:56:18,USR012,,CON0647,ACC0324,OPP0335,Qualification call,No Response,true
ACT0005559,Demo,2026-08-12 15:55:29,USR012,,CON0647,ACC0324,OPP0335,Workflow demonstration,Meeting Held,true
ACT0005560,Meeting,2026-08-13 05:51:18,USR012,,CON0647,ACC0324,OPP0335,Commercial review,Meeting Held,true
ACT0005561,Email,2026-08-15 07:47:41,USR012,,CON0647,ACC0324,OPP0335,Follow-up email,Connected,true
ACT0005562,Other,2026-08-18 19:47:53,USR012,,CON0647,ACC0324,OPP0335,Internal customer follow-up,Follow-Up Needed,true
ACT0005563,Meeting,2026-08-20 09:03:26,USR012,,CON0647,ACC0324,OPP0335,Executive check-in,Meeting Held,true
ACT0005564,Meeting,2026-08-30 00:00:00,USR012,,CON0647,ACC0324,OPP0335,Commercial review,Follow-Up Needed,true
ACT0005565,Email,2025-06-03 12:31:37,USR009,,CON0207,ACC0102,OPP0336,Meeting recap,Connected,true
ACT0005566,Meeting,2025-07-10 18:08:31,USR009,,CON0207,ACC0102,OPP0336,Discovery meeting,Follow-Up Needed,true
ACT0005567,Email,2025-07-31 01:50:05,USR009,,CON0207,ACC0102,OPP0336,Next steps email,No Response,true
ACT0005568,Email,2025-07-31 16:18:42,USR009,,CON0207,ACC0102,OPP0336,Introductory email,Connected,true
ACT0005569,Meeting,2025-09-04 17:00:38,USR009,,CON0207,ACC0102,OPP0336,Requirements review,Rescheduled,true
ACT0005570,Meeting,2025-09-11 20:47:07,USR009,,CON0207,ACC0102,OPP0336,Requirements review,Rescheduled,true
ACT0005571,Meeting,2022-10-04 17:20:41,USR010,,CON0127,ACC0063,OPP0337,Commercial review,Meeting Held,true
ACT0005572,Call,2022-10-21 19:37:02,USR010,,CON0127,ACC0063,OPP0337,Follow-up call,No Response,true
ACT0005573,Call,2022-10-22 15:24:13,USR010,,CON0127,ACC0063,OPP0337,Qualification call,Follow-Up Needed,true
ACT0005574,Email,2022-10-26 08:29:48,USR010,,CON0127,ACC0063,OPP0337,Next steps email,No Response,true
ACT0005575,Call,2022-10-31 14:59:19,USR010,,CON0127,ACC0063,OPP0337,Initial outreach call,Connected,true
ACT0005576,Email,2022-11-03 12:09:05,USR010,,CON0127,ACC0063,OPP0337,Meeting recap,Follow-Up Needed,true
ACT0005577,Demo,2022-11-12 15:29:34,USR010,,CON0127,ACC0063,OPP0337,Technical demo,Meeting Held,true
ACT0005578,Email,2022-11-13 05:03:58,USR010,,CON0127,ACC0063,OPP0337,Meeting recap,Follow-Up Needed,true
ACT0005579,Email,2022-11-25 22:38:43,USR010,,CON0127,ACC0063,OPP0337,Follow-up email,No Response,true
ACT0005580,Email,2023-10-06 04:38:07,USR006,,CON0411,ACC0208,OPP0338,Next steps email,Connected,true
ACT0005581,Call,2023-10-06 18:04:07,USR006,,CON0411,ACC0208,OPP0338,Follow-up call,No Response,true
ACT0005582,Other,2023-10-11 16:01:46,USR006,,CON0411,ACC0208,OPP0338,Internal customer follow-up,Connected,true
ACT0005583,Email,2023-10-12 08:45:07,USR006,,CON0411,ACC0208,OPP0338,Meeting recap,Connected,true
ACT0005584,Meeting,2023-10-21 04:27:19,USR006,,CON0411,ACC0208,OPP0338,Requirements review,Follow-Up Needed,true
ACT0005585,Email,2023-10-24 13:42:07,USR006,,CON0411,ACC0208,OPP0338,Introductory email,No Response,true
ACT0005586,Call,2025-07-02 04:53:24,USR008,,CON0351,ACC0173,OPP0339,Qualification call,No Response,true
ACT0005587,Other,2025-07-05 03:49:51,USR008,,CON0351,ACC0173,OPP0339,Procurement follow-up,Follow-Up Needed,true
ACT0005588,Call,2025-07-07 01:47:23,USR008,,CON0351,ACC0173,OPP0339,Follow-up call,Left Voicemail,true
ACT0005589,Email,2025-07-08 15:01:01,USR008,,CON0351,ACC0173,OPP0339,Proposal follow-up,No Response,true
ACT0005590,Email,2025-07-09 23:09:27,USR008,,CON0351,ACC0173,OPP0339,Proposal follow-up,No Response,true
ACT0005591,Meeting,2025-07-12 20:19:39,USR008,,CON0351,ACC0173,OPP0339,Executive check-in,Follow-Up Needed,true
ACT0005592,Email,2025-07-19 17:18:08,USR008,,CON0351,ACC0173,OPP0339,Introductory email,Connected,true
ACT0005593,Other,2025-07-24 00:56:16,USR008,,CON0351,ACC0173,OPP0339,Internal customer follow-up,Connected,true
ACT0005594,Email,2025-07-24 23:47:03,USR008,,CON0351,ACC0173,OPP0339,Proposal follow-up,Connected,true
ACT0005595,Other,2025-08-03 01:21:52,USR008,,CON0351,ACC0173,OPP0339,Contract coordination,Connected,true
ACT0005596,Call,2026-07-24 20:53:35,USR007,,CON0322,ACC0159,OPP0340,Initial outreach call,Connected,true
ACT0005597,Demo,2026-08-05 09:37:47,USR007,,CON0322,ACC0159,OPP0340,Technical demo,Meeting Held,true
ACT0005598,Call,2026-08-06 07:11:04,USR007,,CON0322,ACC0159,OPP0340,Qualification call,Connected,true
ACT0005599,Call,2026-08-07 21:14:20,USR007,,CON0322,ACC0159,OPP0340,Follow-up call,Left Voicemail,true
ACT0005600,Email,2026-08-07 21:54:33,USR007,,CON0322,ACC0159,OPP0340,Next steps email,Connected,true
ACT0005601,Other,2026-08-09 15:24:51,USR007,,CON0322,ACC0159,OPP0340,Internal customer follow-up,Connected,true
ACT0005602,Meeting,2026-08-14 09:52:27,USR007,,CON0322,ACC0159,OPP0340,Stakeholder meeting,Meeting Held,true
ACT0005603,Meeting,2026-08-28 12:51:44,USR007,,CON0322,ACC0159,OPP0340,Requirements review,Rescheduled,true
ACT0005604,Meeting,2026-09-03 00:00:00,USR007,,CON0322,ACC0159,OPP0340,Stakeholder meeting,Meeting Held,true
ACT0005605,Meeting,2026-08-29 06:44:37,USR011,,CON0109,ACC0055,OPP0341,Stakeholder meeting,Meeting Held,true
ACT0005606,Other,2026-09-07 17:19:05,USR011,,CON0109,ACC0055,OPP0341,Procurement follow-up,Other,true
ACT0005607,Call,2026-09-13 00:00:00,USR011,,CON0109,ACC0055,OPP0341,Initial outreach call,No Response,true
ACT0005608,Email,2024-12-29 02:20:58,USR007,,CON0179,ACC0091,OPP0342,Proposal follow-up,Follow-Up Needed,true
ACT0005609,Meeting,2025-01-02 00:02:01,USR007,,CON0179,ACC0091,OPP0342,Executive check-in,Follow-Up Needed,true
ACT0005610,Meeting,2025-01-02 15:00:04,USR007,,CON0179,ACC0091,OPP0342,Discovery meeting,Rescheduled,true
ACT0005611,Call,2025-01-03 22:39:48,USR007,,CON0179,ACC0091,OPP0342,Qualification call,Connected,true
ACT0005612,Email,2025-01-04 04:46:08,USR007,,CON0179,ACC0091,OPP0342,Introductory email,Follow-Up Needed,true
ACT0005613,Demo,2025-01-08 13:02:18,USR007,,CON0179,ACC0091,OPP0342,Product demo,Meeting Held,true
ACT0005614,Meeting,2025-01-08 21:13:53,USR007,,CON0179,ACC0091,OPP0342,Requirements review,Follow-Up Needed,true
ACT0005615,Meeting,2025-01-12 08:20:31,USR007,,CON0179,ACC0091,OPP0342,Requirements review,Meeting Held,true
ACT0005616,Meeting,2025-01-20 06:17:45,USR007,,CON0179,ACC0091,OPP0342,Discovery meeting,Rescheduled,true
ACT0005617,Meeting,2024-10-24 20:28:57,USR012,,CON0346,ACC0171,OPP0343,Executive check-in,Meeting Held,true
ACT0005618,Meeting,2024-11-02 01:12:58,USR012,,CON0346,ACC0171,OPP0343,Discovery meeting,Meeting Held,true
ACT0005619,Email,2024-11-19 23:19:03,USR012,,CON0346,ACC0171,OPP0343,Meeting recap,Connected,true
ACT0005620,Meeting,2024-11-29 01:16:17,USR012,,CON0346,ACC0171,OPP0343,Discovery meeting,Meeting Held,true
ACT0005621,Demo,2024-11-29 07:07:27,USR012,,CON0346,ACC0171,OPP0343,Product demo,Follow-Up Needed,true
ACT0005622,Demo,2024-12-10 14:05:25,USR012,,CON0346,ACC0171,OPP0343,Product demo,Meeting Held,true
ACT0005623,Call,2024-12-22 21:32:25,USR012,,CON0346,ACC0171,OPP0343,Stakeholder check-in,Connected,true
ACT0005624,Other,2024-12-29 00:00:00,USR012,,CON0346,ACC0171,OPP0343,Internal customer follow-up,Connected,true
ACT0005625,Call,2024-06-09 22:49:47,USR006,,CON0131,ACC0065,OPP0344,Stakeholder check-in,Connected,true
ACT0005626,Meeting,2024-06-25 23:07:07,USR006,,CON0131,ACC0065,OPP0344,Executive check-in,Follow-Up Needed,true
ACT0005627,Demo,2024-10-11 12:40:25,USR006,,CON0131,ACC0065,OPP0344,Solution review,Follow-Up Needed,true
ACT0005628,Meeting,2024-10-14 10:47:23,USR006,,CON0131,ACC0065,OPP0344,Discovery meeting,Meeting Held,true
ACT0005629,Meeting,2025-06-08 22:13:19,USR006,,CON0131,ACC0065,OPP0344,Stakeholder meeting,Meeting Held,true
ACT0005630,Demo,2026-01-04 16:27:25,USR006,,CON0131,ACC0065,OPP0344,Technical demo,Meeting Held,true
ACT0005631,Demo,2026-02-03 17:07:55,USR006,,CON0131,ACC0065,OPP0344,Technical demo,Follow-Up Needed,true
ACT0005632,Email,2026-05-25 02:03:08,USR006,,CON0131,ACC0065,OPP0344,Meeting recap,Follow-Up Needed,true
ACT0005633,Other,2026-06-22 00:00:00,USR006,,CON0131,ACC0065,OPP0344,Procurement follow-up,Other,true
ACT0005634,Meeting,2025-08-16 02:24:27,USR011,,CON0227,ACC0113,OPP0345,Requirements review,Meeting Held,true
ACT0005635,Email,2025-09-03 00:51:57,USR011,,CON0227,ACC0113,OPP0345,Meeting recap,Follow-Up Needed,true
ACT0005636,Meeting,2025-09-26 17:28:17,USR011,,CON0227,ACC0113,OPP0345,Stakeholder meeting,Rescheduled,true
ACT0005637,Email,2025-09-30 00:50:47,USR011,,CON0227,ACC0113,OPP0345,Meeting recap,No Response,true
ACT0005638,Meeting,2025-10-04 15:26:37,USR011,,CON0227,ACC0113,OPP0345,Stakeholder meeting,Meeting Held,true
ACT0005639,Demo,2025-10-08 19:22:53,USR011,,CON0227,ACC0113,OPP0345,Product demo,Meeting Held,true
ACT0005640,Call,2025-10-31 17:04:39,USR011,,CON0227,ACC0113,OPP0345,Initial outreach call,Connected,true
ACT0005641,Meeting,2025-11-29 01:13:35,USR011,,CON0227,ACC0113,OPP0345,Discovery meeting,Meeting Held,true
ACT0005642,Demo,2024-12-25 14:00:14,USR006,,CON0295,ACC0145,OPP0347,Technical demo,Rescheduled,true
ACT0005643,Call,2024-12-28 20:15:41,USR006,,CON0295,ACC0145,OPP0347,Pricing follow-up,No Response,true
ACT0005644,Meeting,2024-12-30 18:40:13,USR006,,CON0295,ACC0145,OPP0347,Stakeholder meeting,Follow-Up Needed,true
ACT0005645,Email,2024-12-31 23:41:08,USR006,,CON0295,ACC0145,OPP0347,Proposal follow-up,Follow-Up Needed,true
ACT0005646,Meeting,2025-01-01 13:20:53,USR006,,CON0295,ACC0145,OPP0347,Requirements review,Rescheduled,true
ACT0005647,Call,2025-01-05 03:45:47,USR006,,CON0295,ACC0145,OPP0347,Qualification call,Follow-Up Needed,true
ACT0005648,Other,2025-01-05 06:53:49,USR006,,CON0295,ACC0145,OPP0347,Procurement follow-up,Connected,true
ACT0005649,Meeting,2025-01-05 19:12:42,USR006,,CON0295,ACC0145,OPP0347,Requirements review,Follow-Up Needed,true
ACT0005650,Email,2025-01-09 09:27:07,USR006,,CON0295,ACC0145,OPP0347,Proposal follow-up,No Response,true
ACT0005651,Other,2025-01-12 20:38:08,USR006,,CON0295,ACC0145,OPP0347,Procurement follow-up,Follow-Up Needed,true
ACT0005652,Email,2026-06-24 23:17:39,USR011,,CON0059,ACC0027,OPP0348,Proposal follow-up,Connected,true
ACT0005653,Meeting,2026-08-14 22:24:52,USR011,,CON0059,ACC0027,OPP0348,Executive check-in,Rescheduled,true
ACT0005654,Email,2026-08-17 10:10:05,USR011,,CON0059,ACC0027,OPP0348,Meeting recap,Follow-Up Needed,true
ACT0005655,Call,2026-08-27 20:24:43,USR011,,CON0059,ACC0027,OPP0348,Initial outreach call,Left Voicemail,true
ACT0005656,Call,2026-09-09 00:00:00,USR011,,CON0059,ACC0027,OPP0348,Pricing follow-up,Follow-Up Needed,true
ACT0005657,Email,2026-08-29 21:31:22,USR010,,CON0249,ACC0122,OPP0349,Proposal follow-up,Connected,true
ACT0005658,Meeting,2026-08-31 03:45:04,USR010,,CON0249,ACC0122,OPP0349,Commercial review,Follow-Up Needed,true
ACT0005659,Email,2026-08-31 18:05:47,USR010,,CON0249,ACC0122,OPP0349,Introductory email,Connected,true
ACT0005660,Meeting,2026-09-01 17:41:09,USR010,,CON0249,ACC0122,OPP0349,Requirements review,Meeting Held,true
ACT0005661,Demo,2026-09-02 07:34:45,USR010,,CON0249,ACC0122,OPP0349,Solution review,Rescheduled,true
ACT0005662,Email,2026-09-05 07:42:40,USR010,,CON0249,ACC0122,OPP0349,Follow-up email,Follow-Up Needed,true
ACT0005663,Call,2026-09-05 08:44:59,USR010,,CON0249,ACC0122,OPP0349,Initial outreach call,Left Voicemail,true
ACT0005664,Email,2026-09-09 00:00:00,USR010,,CON0249,ACC0122,OPP0349,Follow-up email,Follow-Up Needed,true
ACT0005665,Meeting,2023-12-26 14:18:41,USR011,,CON0260,ACC0127,OPP0350,Discovery meeting,Rescheduled,true
ACT0005666,Meeting,2023-12-27 12:23:55,USR011,,CON0260,ACC0127,OPP0350,Discovery meeting,Meeting Held,true
ACT0005667,Email,2023-12-28 09:43:50,USR011,,CON0260,ACC0127,OPP0350,Introductory email,Connected,true
ACT0005668,Demo,2023-12-30 04:55:33,USR011,,CON0260,ACC0127,OPP0350,Product demo,Follow-Up Needed,true
ACT0005669,Other,2024-01-08 06:48:09,USR011,,CON0260,ACC0127,OPP0350,Procurement follow-up,Other,true
ACT0005670,Demo,2024-01-11 19:13:20,USR011,,CON0260,ACC0127,OPP0350,Workflow demonstration,Meeting Held,true
ACT0005671,Meeting,2024-01-14 09:15:01,USR011,,CON0260,ACC0127,OPP0350,Executive check-in,Rescheduled,true
ACT0005672,Meeting,2024-01-16 13:25:27,USR011,,CON0260,ACC0127,OPP0350,Executive check-in,Follow-Up Needed,true
ACT0005673,Meeting,2024-01-29 03:43:50,USR011,,CON0260,ACC0127,OPP0350,Requirements review,Meeting Held,true
ACT0005674,Meeting,2024-03-01 22:35:00,USR011,,CON0260,ACC0127,OPP0350,Discovery meeting,Meeting Held,true
ACT0005675,Meeting,2024-03-07 00:00:00,USR011,,CON0260,ACC0127,OPP0350,Commercial review,Rescheduled,true
ACT0005676,Meeting,2026-09-17 03:05:47,USR011,,CON0552,ACC0276,OPP0351,Discovery meeting,Follow-Up Needed,true
ACT0005677,Email,2026-09-19 16:18:13,USR011,,CON0552,ACC0276,OPP0351,Follow-up email,No Response,true
ACT0005678,Meeting,2026-09-23 00:00:00,USR011,,CON0552,ACC0276,OPP0351,Commercial review,Rescheduled,true
ACT0005679,Email,2025-01-18 00:39:50,USR005,,CON0271,ACC0134,OPP0354,Meeting recap,Connected,true
ACT0005680,Email,2025-01-26 22:12:36,USR005,,CON0271,ACC0134,OPP0354,Follow-up email,No Response,true
ACT0005681,Call,2025-02-12 14:21:13,USR005,,CON0271,ACC0134,OPP0354,Pricing follow-up,Left Voicemail,true
ACT0005682,Meeting,2025-02-16 23:08:07,USR005,,CON0271,ACC0134,OPP0354,Requirements review,Rescheduled,true
ACT0005683,Other,2025-02-20 09:51:00,USR005,,CON0271,ACC0134,OPP0354,Procurement follow-up,Follow-Up Needed,true
ACT0005684,Meeting,2024-12-04 17:15:43,USR008,,CON0068,ACC0032,OPP0356,Discovery meeting,Meeting Held,true
ACT0005685,Email,2024-12-04 22:13:47,USR008,,CON0068,ACC0032,OPP0356,Meeting recap,Follow-Up Needed,true
ACT0005686,Demo,2024-12-05 19:20:32,USR008,,CON0068,ACC0032,OPP0356,Workflow demonstration,Meeting Held,true
ACT0005687,Email,2024-12-06 03:09:10,USR008,,CON0068,ACC0032,OPP0356,Proposal follow-up,No Response,true
ACT0005688,Meeting,2024-12-06 04:10:21,USR008,,CON0068,ACC0032,OPP0356,Discovery meeting,Rescheduled,true
ACT0005689,Meeting,2024-12-13 17:46:15,USR008,,CON0068,ACC0032,OPP0356,Executive check-in,Meeting Held,true
ACT0005690,Email,2024-12-13 20:24:03,USR008,,CON0068,ACC0032,OPP0356,Follow-up email,No Response,true
ACT0005691,Meeting,2024-12-14 17:35:00,USR008,,CON0068,ACC0032,OPP0356,Stakeholder meeting,Rescheduled,true
ACT0005692,Meeting,2024-12-17 07:09:03,USR008,,CON0068,ACC0032,OPP0356,Discovery meeting,Meeting Held,true
ACT0005693,Meeting,2025-10-10 20:50:05,USR011,,CON0463,ACC0230,OPP0358,Requirements review,Rescheduled,true
ACT0005694,Demo,2025-11-08 20:39:51,USR011,,CON0463,ACC0230,OPP0358,Workflow demonstration,Rescheduled,true
ACT0005695,Demo,2025-11-12 16:53:24,USR011,,CON0463,ACC0230,OPP0358,Solution review,Meeting Held,true
ACT0005696,Meeting,2025-11-22 12:59:54,USR011,,CON0463,ACC0230,OPP0358,Discovery meeting,Meeting Held,true
ACT0005697,Meeting,2025-12-02 13:42:57,USR011,,CON0463,ACC0230,OPP0358,Requirements review,Rescheduled,true
ACT0005698,Call,2025-12-02 17:15:18,USR011,,CON0463,ACC0230,OPP0358,Pricing follow-up,Follow-Up Needed,true
ACT0005699,Call,2025-12-13 23:49:23,USR011,,CON0463,ACC0230,OPP0358,Initial outreach call,Left Voicemail,true
ACT0005700,Demo,2025-12-27 23:18:40,USR011,,CON0463,ACC0230,OPP0358,Product demo,Meeting Held,true
ACT0005701,Call,2026-01-11 23:54:09,USR011,,CON0463,ACC0230,OPP0358,Pricing follow-up,No Response,true
ACT0005702,Demo,2026-04-09 07:02:06,USR005,,CON0338,ACC0167,OPP0359,Solution review,Follow-Up Needed,true
ACT0005703,Other,2026-04-14 01:44:21,USR005,,CON0338,ACC0167,OPP0359,Contract coordination,Other,true
ACT0005704,Demo,2026-04-19 16:05:33,USR005,,CON0338,ACC0167,OPP0359,Product demo,Rescheduled,true
ACT0005705,Email,2026-04-22 03:11:32,USR005,,CON0338,ACC0167,OPP0359,Proposal follow-up,Follow-Up Needed,true
ACT0005706,Email,2026-04-22 17:17:34,USR005,,CON0338,ACC0167,OPP0359,Next steps email,Follow-Up Needed,true
ACT0005707,Meeting,2026-04-28 11:39:24,USR005,,CON0338,ACC0167,OPP0359,Executive check-in,Rescheduled,true
ACT0005708,Email,2026-05-09 03:07:59,USR005,,CON0338,ACC0167,OPP0359,Next steps email,Connected,true
ACT0005709,Demo,2026-09-03 05:16:58,USR012,,CON0441,ACC0220,OPP0360,Technical demo,Meeting Held,true
ACT0005710,Email,2026-09-04 17:42:55,USR012,,CON0441,ACC0220,OPP0360,Next steps email,No Response,true
ACT0005711,Call,2026-09-06 19:41:22,USR012,,CON0441,ACC0220,OPP0360,Follow-up call,Follow-Up Needed,true
ACT0005712,Email,2026-09-07 08:08:44,USR012,,CON0441,ACC0220,OPP0360,Proposal follow-up,Follow-Up Needed,true
ACT0005713,Email,2026-09-11 22:31:19,USR012,,CON0441,ACC0220,OPP0360,Meeting recap,Connected,true
ACT0005714,Email,2026-09-16 00:00:00,USR012,,CON0441,ACC0220,OPP0360,Introductory email,Connected,true
ACT0005715,Demo,2026-08-28 06:57:41,USR010,,CON0247,ACC0122,OPP0361,Technical demo,Follow-Up Needed,true
ACT0005716,Call,2026-08-30 09:24:43,USR010,,CON0247,ACC0122,OPP0361,Qualification call,Left Voicemail,true
ACT0005717,Demo,2026-09-09 21:30:16,USR010,,CON0247,ACC0122,OPP0361,Solution review,Rescheduled,true
ACT0005718,Meeting,2026-09-11 00:00:00,USR010,,CON0247,ACC0122,OPP0361,Commercial review,Rescheduled,true
ACT0005719,Meeting,2026-08-16 23:13:09,USR012,,CON0514,ACC0255,OPP0362,Executive check-in,Rescheduled,true
ACT0005720,Email,2026-08-18 21:42:16,USR012,,CON0514,ACC0255,OPP0362,Meeting recap,Follow-Up Needed,true
ACT0005721,Email,2026-08-20 09:17:57,USR012,,CON0514,ACC0255,OPP0362,Meeting recap,Connected,true
ACT0005722,Email,2026-08-21 18:44:08,USR012,,CON0514,ACC0255,OPP0362,Follow-up email,Connected,true
ACT0005723,Email,2026-08-29 19:30:21,USR012,,CON0514,ACC0255,OPP0362,Follow-up email,Connected,true
ACT0005724,Call,2026-09-04 00:00:00,USR012,,CON0514,ACC0255,OPP0362,Stakeholder check-in,Left Voicemail,true
ACT0005725,Email,2023-04-14 11:39:03,USR006,,CON0391,ACC0198,OPP0363,Follow-up email,Connected,true
ACT0005726,Meeting,2023-04-15 05:36:07,USR006,,CON0391,ACC0198,OPP0363,Commercial review,Rescheduled,true
ACT0005727,Email,2023-04-15 21:52:02,USR006,,CON0391,ACC0198,OPP0363,Next steps email,No Response,true
ACT0005728,Other,2023-04-25 08:14:24,USR006,,CON0391,ACC0198,OPP0363,Procurement follow-up,Connected,true
ACT0005729,Email,2023-04-30 07:18:07,USR006,,CON0391,ACC0198,OPP0363,Next steps email,Follow-Up Needed,true
ACT0005730,Email,2023-05-01 01:44:21,USR006,,CON0391,ACC0198,OPP0363,Proposal follow-up,Follow-Up Needed,true
ACT0005731,Call,2023-05-03 23:06:25,USR006,,CON0391,ACC0198,OPP0363,Qualification call,Left Voicemail,true
ACT0005732,Email,2023-05-09 00:36:16,USR006,,CON0391,ACC0198,OPP0363,Proposal follow-up,Connected,true
ACT0005733,Email,2022-07-14 06:43:01,USR009,,CON0107,ACC0054,OPP0364,Next steps email,Connected,true
ACT0005734,Other,2022-07-15 21:44:50,USR009,,CON0107,ACC0054,OPP0364,Procurement follow-up,Follow-Up Needed,true
ACT0005735,Email,2022-07-20 13:04:30,USR009,,CON0107,ACC0054,OPP0364,Introductory email,Connected,true
ACT0005736,Email,2022-07-22 10:12:23,USR009,,CON0107,ACC0054,OPP0364,Follow-up email,Follow-Up Needed,true
ACT0005737,Meeting,2022-07-22 11:12:47,USR009,,CON0107,ACC0054,OPP0364,Executive check-in,Meeting Held,true
ACT0005738,Call,2022-07-25 15:39:15,USR009,,CON0107,ACC0054,OPP0364,Pricing follow-up,No Response,true
ACT0005739,Email,2022-08-02 02:22:20,USR009,,CON0107,ACC0054,OPP0364,Meeting recap,Connected,true
ACT0005740,Call,2022-08-04 16:54:00,USR009,,CON0107,ACC0054,OPP0364,Initial outreach call,No Response,true
ACT0005741,Meeting,2022-08-20 21:04:30,USR009,,CON0107,ACC0054,OPP0364,Discovery meeting,Follow-Up Needed,true
ACT0005742,Call,2022-09-06 00:00:45,USR009,,CON0107,ACC0054,OPP0364,Stakeholder check-in,Connected,true
ACT0005743,Meeting,2022-09-27 02:11:13,USR009,,CON0107,ACC0054,OPP0364,Commercial review,Follow-Up Needed,true
ACT0005744,Email,2026-07-06 20:18:08,USR006,,CON0633,ACC0318,OPP0365,Follow-up email,Connected,true
ACT0005745,Meeting,2026-07-27 13:42:50,USR006,,CON0633,ACC0318,OPP0365,Commercial review,Meeting Held,true
ACT0005746,Demo,2026-08-15 02:33:19,USR006,,CON0633,ACC0318,OPP0365,Technical demo,Meeting Held,true
ACT0005747,Demo,2026-08-22 13:55:22,USR006,,CON0633,ACC0318,OPP0365,Solution review,Rescheduled,true
ACT0005748,Email,2026-08-31 00:00:00,USR006,,CON0633,ACC0318,OPP0365,Next steps email,No Response,true
ACT0005749,Demo,2024-11-11 21:22:57,USR012,,CON0495,ACC0246,OPP0366,Solution review,Meeting Held,true
ACT0005750,Demo,2024-12-16 03:15:08,USR012,,CON0495,ACC0246,OPP0366,Workflow demonstration,Follow-Up Needed,true
ACT0005751,Call,2024-12-26 00:25:16,USR012,,CON0495,ACC0246,OPP0366,Initial outreach call,No Response,true
ACT0005752,Call,2024-12-27 07:25:23,USR012,,CON0495,ACC0246,OPP0366,Follow-up call,Follow-Up Needed,true
ACT0005753,Other,2024-12-27 13:54:30,USR012,,CON0495,ACC0246,OPP0366,Contract coordination,Other,true
ACT0005754,Meeting,2024-12-28 18:16:39,USR012,,CON0495,ACC0246,OPP0366,Commercial review,Follow-Up Needed,true
ACT0005755,Call,2025-01-02 05:52:03,USR012,,CON0495,ACC0246,OPP0366,Pricing follow-up,No Response,true
ACT0005756,Meeting,2025-01-03 19:04:02,USR012,,CON0495,ACC0246,OPP0366,Executive check-in,Meeting Held,true
ACT0005757,Email,2025-01-13 02:15:19,USR012,,CON0495,ACC0246,OPP0366,Introductory email,Connected,true
ACT0005758,Call,2025-01-27 04:09:30,USR012,,CON0495,ACC0246,OPP0366,Pricing follow-up,Left Voicemail,true
ACT0005759,Other,2025-02-05 00:00:00,USR012,,CON0495,ACC0246,OPP0366,Contract coordination,Connected,true
ACT0005760,Call,2026-04-13 13:30:15,USR005,,CON0457,ACC0227,OPP0367,Follow-up call,Left Voicemail,true
ACT0005761,Call,2026-04-14 18:01:13,USR005,,CON0457,ACC0227,OPP0367,Qualification call,No Response,true
ACT0005762,Meeting,2026-04-27 03:39:04,USR005,,CON0457,ACC0227,OPP0367,Executive check-in,Meeting Held,true
ACT0005763,Meeting,2026-04-29 08:27:05,USR005,,CON0457,ACC0227,OPP0367,Requirements review,Follow-Up Needed,true
ACT0005764,Meeting,2026-04-30 21:38:51,USR005,,CON0457,ACC0227,OPP0367,Executive check-in,Rescheduled,true
ACT0005765,Call,2026-05-02 08:02:11,USR005,,CON0457,ACC0227,OPP0367,Qualification call,Left Voicemail,true
ACT0005766,Email,2026-05-06 01:08:54,USR005,,CON0457,ACC0227,OPP0367,Next steps email,Follow-Up Needed,true
ACT0005767,Meeting,2026-05-07 22:17:36,USR005,,CON0457,ACC0227,OPP0367,Commercial review,Follow-Up Needed,true
ACT0005768,Call,2026-09-12 01:47:52,USR006,,CON0265,ACC0131,OPP0368,Stakeholder check-in,Follow-Up Needed,true
ACT0005769,Email,2026-09-13 02:28:32,USR006,,CON0265,ACC0131,OPP0368,Introductory email,Follow-Up Needed,true
ACT0005770,Call,2026-09-19 00:00:00,USR006,,CON0265,ACC0131,OPP0368,Stakeholder check-in,Left Voicemail,true
ACT0005771,Demo,2026-08-04 08:15:00,USR010,,CON0219,ACC0109,OPP0371,Product demo,Rescheduled,true
ACT0005772,Other,2026-08-11 02:20:07,USR010,,CON0219,ACC0109,OPP0371,Internal customer follow-up,Other,true
ACT0005773,Email,2026-08-11 07:41:42,USR010,,CON0219,ACC0109,OPP0371,Follow-up email,Connected,true
ACT0005774,Demo,2026-08-12 17:34:58,USR010,,CON0219,ACC0109,OPP0371,Solution review,Meeting Held,true
ACT0005775,Demo,2026-08-21 09:55:44,USR010,,CON0219,ACC0109,OPP0371,Product demo,Rescheduled,true
ACT0005776,Call,2026-08-22 07:00:44,USR010,,CON0219,ACC0109,OPP0371,Stakeholder check-in,Connected,true
ACT0005777,Meeting,2026-08-24 00:00:00,USR010,,CON0219,ACC0109,OPP0371,Executive check-in,Follow-Up Needed,true
ACT0005778,Call,2025-04-01 00:33:48,USR009,,CON0443,ACC0221,OPP0372,Qualification call,No Response,true
ACT0005779,Email,2025-07-22 13:55:06,USR009,,CON0443,ACC0221,OPP0372,Proposal follow-up,No Response,true
ACT0005780,Call,2025-10-13 10:51:20,USR009,,CON0443,ACC0221,OPP0372,Stakeholder check-in,Left Voicemail,true
ACT0005781,Meeting,2026-03-04 16:42:55,USR009,,CON0443,ACC0221,OPP0372,Requirements review,Meeting Held,true
ACT0005782,Meeting,2026-04-07 09:45:45,USR009,,CON0443,ACC0221,OPP0372,Executive check-in,Rescheduled,true
ACT0005783,Email,2026-08-08 05:47:29,USR009,,CON0443,ACC0221,OPP0372,Next steps email,Connected,true
ACT0005784,Meeting,2026-09-13 00:00:00,USR009,,CON0443,ACC0221,OPP0372,Requirements review,Meeting Held,true
ACT0005785,Other,2023-11-01 12:11:42,USR007,,CON0560,ACC0280,OPP0373,Contract coordination,Follow-Up Needed,true
ACT0005786,Meeting,2023-11-09 05:15:01,USR007,,CON0560,ACC0280,OPP0373,Requirements review,Follow-Up Needed,true
ACT0005787,Call,2023-11-09 12:39:29,USR007,,CON0560,ACC0280,OPP0373,Follow-up call,Connected,true
ACT0005788,Meeting,2023-11-12 05:33:19,USR007,,CON0560,ACC0280,OPP0373,Stakeholder meeting,Meeting Held,true
ACT0005789,Meeting,2023-11-17 18:59:32,USR007,,CON0560,ACC0280,OPP0373,Executive check-in,Meeting Held,true
ACT0005790,Call,2023-11-29 12:18:34,USR007,,CON0560,ACC0280,OPP0373,Follow-up call,No Response,true
ACT0005791,Other,2026-06-28 23:19:14,USR010,,CON0220,ACC0109,OPP0374,Contract coordination,Other,true
ACT0005792,Email,2026-06-30 13:37:06,USR010,,CON0220,ACC0109,OPP0374,Introductory email,No Response,true
ACT0005793,Demo,2026-07-18 07:49:23,USR010,,CON0220,ACC0109,OPP0374,Product demo,Rescheduled,true
ACT0005794,Email,2026-07-21 14:51:15,USR010,,CON0220,ACC0109,OPP0374,Next steps email,Follow-Up Needed,true
ACT0005795,Meeting,2026-07-27 09:22:52,USR010,,CON0220,ACC0109,OPP0374,Commercial review,Follow-Up Needed,true
ACT0005796,Email,2026-09-24 00:00:00,USR010,,CON0220,ACC0109,OPP0374,Proposal follow-up,No Response,true
ACT0005797,Meeting,2025-03-09 20:53:41,USR005,,CON0162,ACC0079,OPP0375,Executive check-in,Meeting Held,true
ACT0005798,Other,2025-03-15 08:38:31,USR005,,CON0162,ACC0079,OPP0375,Internal customer follow-up,Other,true
ACT0005799,Email,2025-03-19 07:45:14,USR005,,CON0162,ACC0079,OPP0375,Follow-up email,No Response,true
ACT0005800,Meeting,2025-03-23 13:54:22,USR005,,CON0162,ACC0079,OPP0375,Stakeholder meeting,Rescheduled,true
ACT0005801,Email,2025-03-26 10:50:08,USR005,,CON0162,ACC0079,OPP0375,Meeting recap,Follow-Up Needed,true
ACT0005802,Call,2025-03-28 13:13:26,USR005,,CON0162,ACC0079,OPP0375,Qualification call,Connected,true
ACT0005803,Email,2025-03-31 13:17:05,USR005,,CON0162,ACC0079,OPP0375,Meeting recap,Follow-Up Needed,true
ACT0005804,Email,2025-04-05 10:09:51,USR005,,CON0162,ACC0079,OPP0375,Next steps email,No Response,true
ACT0005805,Meeting,2025-04-13 08:27:55,USR005,,CON0162,ACC0079,OPP0375,Requirements review,Meeting Held,true
ACT0005806,Other,2025-05-20 17:00:59,USR010,,CON0225,ACC0112,OPP0376,Procurement follow-up,Other,true
ACT0005807,Call,2025-05-22 17:04:41,USR010,,CON0225,ACC0112,OPP0376,Follow-up call,Left Voicemail,true
ACT0005808,Demo,2025-05-26 18:21:12,USR010,,CON0225,ACC0112,OPP0376,Technical demo,Rescheduled,true
ACT0005809,Demo,2025-05-27 01:22:40,USR010,,CON0225,ACC0112,OPP0376,Solution review,Rescheduled,true
ACT0005810,Demo,2025-06-01 13:33:52,USR010,,CON0225,ACC0112,OPP0376,Product demo,Meeting Held,true
ACT0005811,Email,2025-06-07 03:29:14,USR010,,CON0225,ACC0112,OPP0376,Introductory email,Follow-Up Needed,true
ACT0005812,Call,2025-06-08 06:57:24,USR010,,CON0225,ACC0112,OPP0376,Stakeholder check-in,No Response,true
ACT0005813,Meeting,2025-06-10 02:42:59,USR010,,CON0225,ACC0112,OPP0376,Requirements review,Follow-Up Needed,true
ACT0005814,Meeting,2025-06-25 19:12:52,USR010,,CON0225,ACC0112,OPP0376,Executive check-in,Rescheduled,true
ACT0005815,Meeting,2025-07-01 21:22:03,USR010,,CON0225,ACC0112,OPP0376,Commercial review,Rescheduled,true
ACT0005816,Email,2025-07-11 04:16:26,USR010,,CON0225,ACC0112,OPP0376,Meeting recap,No Response,true
ACT0005817,Meeting,2025-07-09 15:51:55,USR012,,CON0582,ACC0292,OPP0377,Stakeholder meeting,Meeting Held,true
ACT0005818,Email,2025-07-15 11:16:52,USR012,,CON0582,ACC0292,OPP0377,Next steps email,No Response,true
ACT0005819,Email,2025-08-08 08:16:54,USR012,,CON0582,ACC0292,OPP0377,Next steps email,No Response,true
ACT0005820,Meeting,2025-09-08 20:57:50,USR012,,CON0582,ACC0292,OPP0377,Requirements review,Rescheduled,true
ACT0005821,Meeting,2025-09-20 21:36:06,USR012,,CON0582,ACC0292,OPP0377,Commercial review,Meeting Held,true
ACT0005822,Email,2026-08-26 09:32:35,USR009,,CON0286,ACC0141,OPP0378,Introductory email,Follow-Up Needed,true
ACT0005823,Meeting,2026-09-07 12:31:10,USR009,,CON0286,ACC0141,OPP0378,Executive check-in,Follow-Up Needed,true
ACT0005824,Call,2026-09-08 01:50:33,USR009,,CON0286,ACC0141,OPP0378,Follow-up call,Connected,true
ACT0005825,Meeting,2026-09-21 00:00:00,USR009,,CON0286,ACC0141,OPP0378,Requirements review,Follow-Up Needed,true
ACT0005826,Other,2025-04-28 10:19:52,USR008,,CON0374,ACC0188,OPP0379,Internal customer follow-up,Follow-Up Needed,true
ACT0005827,Meeting,2025-04-30 19:29:39,USR008,,CON0374,ACC0188,OPP0379,Stakeholder meeting,Rescheduled,true
ACT0005828,Meeting,2025-05-02 05:59:59,USR008,,CON0374,ACC0188,OPP0379,Executive check-in,Follow-Up Needed,true
ACT0005829,Meeting,2025-05-08 00:25:09,USR008,,CON0374,ACC0188,OPP0379,Stakeholder meeting,Meeting Held,true
ACT0005830,Email,2025-05-08 16:43:18,USR008,,CON0374,ACC0188,OPP0379,Next steps email,Connected,true
ACT0005831,Email,2025-05-09 19:47:58,USR008,,CON0374,ACC0188,OPP0379,Follow-up email,No Response,true
ACT0005832,Call,2026-08-24 11:03:42,USR007,,CON0435,ACC0218,OPP0380,Qualification call,Connected,true
ACT0005833,Email,2026-08-25 07:48:29,USR007,,CON0435,ACC0218,OPP0380,Next steps email,Connected,true
ACT0005834,Email,2026-08-31 05:37:56,USR007,,CON0435,ACC0218,OPP0380,Follow-up email,No Response,true
ACT0005835,Demo,2026-09-05 18:05:43,USR007,,CON0435,ACC0218,OPP0380,Workflow demonstration,Rescheduled,true
ACT0005836,Demo,2026-09-11 22:40:24,USR007,,CON0435,ACC0218,OPP0380,Technical demo,Rescheduled,true
ACT0005837,Meeting,2026-09-16 18:00:35,USR007,,CON0435,ACC0218,OPP0380,Commercial review,Follow-Up Needed,true
ACT0005838,Meeting,2026-09-18 00:00:00,USR007,,CON0435,ACC0218,OPP0380,Discovery meeting,Follow-Up Needed,true
ACT0005839,Call,2024-09-15 05:09:38,USR005,,CON0520,ACC0260,OPP0381,Follow-up call,Follow-Up Needed,true
ACT0005840,Email,2024-09-17 18:49:19,USR005,,CON0520,ACC0260,OPP0381,Proposal follow-up,Connected,true
ACT0005841,Meeting,2024-09-18 18:05:21,USR005,,CON0520,ACC0260,OPP0381,Requirements review,Meeting Held,true
ACT0005842,Email,2024-09-18 22:49:21,USR005,,CON0520,ACC0260,OPP0381,Meeting recap,Follow-Up Needed,true
ACT0005843,Meeting,2024-09-21 18:06:04,USR005,,CON0520,ACC0260,OPP0381,Requirements review,Rescheduled,true
ACT0005844,Call,2024-09-24 06:28:03,USR005,,CON0520,ACC0260,OPP0381,Stakeholder check-in,Follow-Up Needed,true
ACT0005845,Meeting,2024-09-27 18:36:40,USR005,,CON0520,ACC0260,OPP0381,Commercial review,Rescheduled,true
ACT0005846,Meeting,2024-10-09 18:46:26,USR005,,CON0520,ACC0260,OPP0381,Discovery meeting,Follow-Up Needed,true
ACT0005847,Email,2024-10-13 16:47:42,USR005,,CON0520,ACC0260,OPP0381,Introductory email,No Response,true
ACT0005848,Call,2025-12-25 23:15:52,USR006,,CON0481,ACC0238,OPP0382,Stakeholder check-in,Connected,true
ACT0005849,Meeting,2025-12-26 04:08:49,USR006,,CON0481,ACC0238,OPP0382,Stakeholder meeting,Follow-Up Needed,true
ACT0005850,Email,2026-01-10 00:52:38,USR006,,CON0481,ACC0238,OPP0382,Introductory email,Connected,true
ACT0005851,Email,2026-01-11 20:32:06,USR006,,CON0481,ACC0238,OPP0382,Follow-up email,Follow-Up Needed,true
ACT0005852,Email,2026-01-21 23:00:07,USR006,,CON0481,ACC0238,OPP0382,Next steps email,Connected,true
ACT0005853,Meeting,2026-01-22 05:57:53,USR006,,CON0481,ACC0238,OPP0382,Discovery meeting,Follow-Up Needed,true
ACT0005854,Meeting,2026-01-25 13:22:42,USR006,,CON0481,ACC0238,OPP0382,Commercial review,Rescheduled,true
ACT0005855,Email,2026-08-27 07:57:00,USR007,,CON0335,ACC0166,OPP0383,Follow-up email,No Response,true
ACT0005856,Email,2026-08-27 16:52:48,USR007,,CON0335,ACC0166,OPP0383,Follow-up email,Follow-Up Needed,true
ACT0005857,Email,2026-08-29 00:08:49,USR007,,CON0335,ACC0166,OPP0383,Meeting recap,Follow-Up Needed,true
ACT0005858,Meeting,2026-08-30 00:59:47,USR007,,CON0335,ACC0166,OPP0383,Stakeholder meeting,Rescheduled,true
ACT0005859,Call,2026-08-31 15:07:43,USR007,,CON0335,ACC0166,OPP0383,Pricing follow-up,Connected,true
ACT0005860,Email,2026-09-02 00:00:00,USR007,,CON0335,ACC0166,OPP0383,Proposal follow-up,Connected,true
ACT0005861,Call,2026-07-12 03:45:00,USR010,,CON0275,ACC0136,OPP0384,Initial outreach call,Left Voicemail,true
ACT0005862,Call,2026-07-18 23:25:49,USR010,,CON0275,ACC0136,OPP0384,Follow-up call,Left Voicemail,true
ACT0005863,Call,2026-07-19 12:26:31,USR010,,CON0275,ACC0136,OPP0384,Initial outreach call,Connected,true
ACT0005864,Call,2026-07-22 07:11:34,USR010,,CON0275,ACC0136,OPP0384,Initial outreach call,Left Voicemail,true
ACT0005865,Meeting,2026-07-26 17:55:15,USR010,,CON0275,ACC0136,OPP0384,Stakeholder meeting,Follow-Up Needed,true
ACT0005866,Email,2026-08-03 22:45:24,USR010,,CON0275,ACC0136,OPP0384,Meeting recap,Follow-Up Needed,true
ACT0005867,Meeting,2026-08-05 09:52:37,USR010,,CON0275,ACC0136,OPP0384,Requirements review,Meeting Held,true
ACT0005868,Demo,2026-08-06 08:57:50,USR010,,CON0275,ACC0136,OPP0384,Solution review,Meeting Held,true
ACT0005869,Meeting,2026-08-11 20:04:59,USR010,,CON0275,ACC0136,OPP0384,Discovery meeting,Rescheduled,true
ACT0005870,Demo,2026-08-27 06:56:45,USR010,,CON0275,ACC0136,OPP0384,Solution review,Meeting Held,true
ACT0005871,Email,2026-09-05 00:00:00,USR010,,CON0275,ACC0136,OPP0384,Proposal follow-up,No Response,true
ACT0005872,Meeting,2025-12-04 03:21:10,USR009,,CON0547,ACC0274,OPP0385,Requirements review,Rescheduled,true
ACT0005873,Email,2025-12-20 15:02:15,USR009,,CON0547,ACC0274,OPP0385,Follow-up email,Connected,true
ACT0005874,Meeting,2025-12-29 21:50:31,USR009,,CON0547,ACC0274,OPP0385,Executive check-in,Meeting Held,true
ACT0005875,Other,2026-01-04 13:21:32,USR009,,CON0547,ACC0274,OPP0385,Contract coordination,Connected,true
ACT0005876,Call,2026-01-26 21:57:56,USR009,,CON0547,ACC0274,OPP0385,Initial outreach call,No Response,true
ACT0005877,Email,2026-01-30 16:58:45,USR009,,CON0547,ACC0274,OPP0385,Follow-up email,No Response,true
ACT0005878,Meeting,2026-01-30 22:16:27,USR009,,CON0547,ACC0274,OPP0385,Requirements review,Meeting Held,true
ACT0005879,Meeting,2026-02-21 20:28:26,USR009,,CON0547,ACC0274,OPP0385,Stakeholder meeting,Follow-Up Needed,true
ACT0005880,Call,2026-03-03 12:58:03,USR009,,CON0547,ACC0274,OPP0385,Initial outreach call,No Response,true
ACT0005881,Meeting,2026-03-09 18:16:02,USR009,,CON0547,ACC0274,OPP0385,Executive check-in,Meeting Held,true
ACT0005882,Meeting,2026-06-07 07:28:20,USR011,,CON0229,ACC0114,OPP0386,Commercial review,Rescheduled,true
ACT0005883,Demo,2026-06-13 14:11:09,USR011,,CON0229,ACC0114,OPP0386,Solution review,Meeting Held,true
ACT0005884,Call,2026-06-27 16:53:02,USR011,,CON0229,ACC0114,OPP0386,Pricing follow-up,Follow-Up Needed,true
ACT0005885,Email,2026-06-28 00:22:17,USR011,,CON0229,ACC0114,OPP0386,Proposal follow-up,No Response,true
ACT0005886,Email,2026-06-30 09:22:01,USR011,,CON0229,ACC0114,OPP0386,Introductory email,Connected,true
ACT0005887,Meeting,2026-07-03 07:29:09,USR011,,CON0229,ACC0114,OPP0386,Commercial review,Meeting Held,true
ACT0005888,Meeting,2026-07-06 06:53:09,USR011,,CON0229,ACC0114,OPP0386,Stakeholder meeting,Follow-Up Needed,true
ACT0005889,Email,2026-07-24 13:58:51,USR011,,CON0229,ACC0114,OPP0386,Next steps email,Follow-Up Needed,true
ACT0005890,Meeting,2026-07-30 00:00:00,USR011,,CON0229,ACC0114,OPP0386,Discovery meeting,Rescheduled,true
ACT0005891,Meeting,2024-05-01 16:01:46,USR012,,CON0242,ACC0120,OPP0387,Stakeholder meeting,Rescheduled,true
ACT0005892,Meeting,2024-05-09 00:44:08,USR012,,CON0242,ACC0120,OPP0387,Commercial review,Follow-Up Needed,true
ACT0005893,Call,2024-05-16 21:36:15,USR012,,CON0242,ACC0120,OPP0387,Stakeholder check-in,Follow-Up Needed,true
ACT0005894,Call,2024-05-28 21:23:51,USR012,,CON0242,ACC0120,OPP0387,Qualification call,No Response,true
ACT0005895,Call,2024-05-28 23:09:23,USR012,,CON0242,ACC0120,OPP0387,Stakeholder check-in,Follow-Up Needed,true
ACT0005896,Email,2024-06-09 06:02:32,USR012,,CON0242,ACC0120,OPP0387,Proposal follow-up,Connected,true
ACT0005897,Email,2024-06-21 09:21:02,USR012,,CON0242,ACC0120,OPP0387,Meeting recap,Connected,true
ACT0005898,Other,2024-07-09 20:03:00,USR012,,CON0242,ACC0120,OPP0387,Internal customer follow-up,Connected,true
ACT0005899,Email,2026-08-01 10:51:19,USR009,,CON0090,ACC0045,OPP0388,Meeting recap,Follow-Up Needed,true
ACT0005900,Other,2026-08-01 14:14:17,USR009,,CON0090,ACC0045,OPP0388,Procurement follow-up,Other,true
ACT0005901,Demo,2026-08-07 17:27:07,USR009,,CON0090,ACC0045,OPP0388,Solution review,Meeting Held,true
ACT0005902,Email,2026-08-13 14:52:15,USR009,,CON0090,ACC0045,OPP0388,Next steps email,Follow-Up Needed,true
ACT0005903,Call,2026-08-18 03:54:13,USR009,,CON0090,ACC0045,OPP0388,Stakeholder check-in,Follow-Up Needed,true
ACT0005904,Other,2026-09-02 00:00:00,USR009,,CON0090,ACC0045,OPP0388,Internal customer follow-up,Connected,true
ACT0005905,Meeting,2024-10-15 07:19:09,USR008,,CON0278,ACC0138,OPP0389,Discovery meeting,Meeting Held,true
ACT0005906,Demo,2024-10-26 10:20:56,USR008,,CON0278,ACC0138,OPP0389,Workflow demonstration,Rescheduled,true
ACT0005907,Email,2024-11-02 21:11:57,USR008,,CON0278,ACC0138,OPP0389,Meeting recap,Follow-Up Needed,true
ACT0005908,Email,2024-11-12 03:19:44,USR008,,CON0278,ACC0138,OPP0389,Introductory email,Connected,true
ACT0005909,Email,2024-11-15 02:59:16,USR008,,CON0278,ACC0138,OPP0389,Introductory email,Connected,true
ACT0005910,Demo,2025-10-29 11:05:18,USR006,,CON0091,ACC0046,OPP0390,Workflow demonstration,Follow-Up Needed,true
ACT0005911,Demo,2025-11-07 23:31:50,USR006,,CON0091,ACC0046,OPP0390,Solution review,Rescheduled,true
ACT0005912,Meeting,2025-11-10 21:37:37,USR006,,CON0091,ACC0046,OPP0390,Executive check-in,Meeting Held,true
ACT0005913,Email,2025-11-11 16:41:21,USR006,,CON0091,ACC0046,OPP0390,Proposal follow-up,No Response,true
ACT0005914,Email,2025-11-11 17:19:05,USR006,,CON0091,ACC0046,OPP0390,Follow-up email,Connected,true
ACT0005915,Email,2025-11-12 04:26:59,USR006,,CON0091,ACC0046,OPP0390,Introductory email,Connected,true
ACT0005916,Call,2025-11-13 04:45:29,USR006,,CON0091,ACC0046,OPP0390,Initial outreach call,No Response,true
ACT0005917,Email,2025-11-21 01:44:12,USR006,,CON0091,ACC0046,OPP0390,Proposal follow-up,Follow-Up Needed,true
ACT0005918,Meeting,2026-08-21 11:28:10,USR010,,CON0082,ACC0040,OPP0391,Requirements review,Rescheduled,true
ACT0005919,Call,2026-08-26 06:30:54,USR010,,CON0082,ACC0040,OPP0391,Qualification call,Left Voicemail,true
ACT0005920,Email,2026-09-04 00:00:00,USR010,,CON0082,ACC0040,OPP0391,Next steps email,No Response,true
ACT0005921,Meeting,2026-07-02 03:33:16,USR006,,CON0223,ACC0110,OPP0392,Commercial review,Rescheduled,true
ACT0005922,Email,2026-07-03 04:16:42,USR006,,CON0223,ACC0110,OPP0392,Follow-up email,Follow-Up Needed,true
ACT0005923,Email,2026-07-25 12:49:44,USR006,,CON0223,ACC0110,OPP0392,Proposal follow-up,Connected,true
ACT0005924,Call,2026-08-04 03:48:54,USR006,,CON0223,ACC0110,OPP0392,Pricing follow-up,Follow-Up Needed,true
ACT0005925,Email,2026-08-09 08:50:17,USR006,,CON0223,ACC0110,OPP0392,Proposal follow-up,Connected,true
ACT0005926,Demo,2026-08-15 06:23:43,USR006,,CON0223,ACC0110,OPP0392,Solution review,Follow-Up Needed,true
ACT0005927,Call,2026-08-20 20:39:49,USR006,,CON0223,ACC0110,OPP0392,Pricing follow-up,No Response,true
ACT0005928,Other,2026-09-18 00:00:00,USR006,,CON0223,ACC0110,OPP0392,Internal customer follow-up,Follow-Up Needed,true
ACT0005929,Other,2026-02-22 03:52:09,USR012,,CON0308,ACC0152,OPP0393,Procurement follow-up,Follow-Up Needed,true
ACT0005930,Email,2026-02-24 03:14:08,USR012,,CON0308,ACC0152,OPP0393,Proposal follow-up,Connected,true
ACT0005931,Demo,2026-02-25 05:44:32,USR012,,CON0308,ACC0152,OPP0393,Technical demo,Rescheduled,true
ACT0005932,Email,2026-02-26 15:56:06,USR012,,CON0308,ACC0152,OPP0393,Meeting recap,Connected,true
ACT0005933,Demo,2026-02-28 21:39:54,USR012,,CON0308,ACC0152,OPP0393,Workflow demonstration,Follow-Up Needed,true
ACT0005934,Call,2026-03-09 00:23:07,USR012,,CON0308,ACC0152,OPP0393,Follow-up call,Left Voicemail,true
ACT0005935,Meeting,2026-03-10 19:02:17,USR012,,CON0308,ACC0152,OPP0393,Commercial review,Follow-Up Needed,true
ACT0005936,Email,2026-03-16 21:19:12,USR012,,CON0308,ACC0152,OPP0393,Next steps email,Follow-Up Needed,true
ACT0005937,Email,2026-03-20 23:47:08,USR012,,CON0308,ACC0152,OPP0393,Follow-up email,Follow-Up Needed,true
ACT0005938,Email,2026-04-03 08:40:36,USR012,,CON0308,ACC0152,OPP0393,Next steps email,No Response,true
ACT0005939,Other,2026-05-12 06:28:55,USR012,,CON0308,ACC0152,OPP0393,Internal customer follow-up,Other,true
ACT0005940,Call,2026-09-06 15:52:52,USR006,,CON0381,ACC0191,OPP0395,Pricing follow-up,No Response,true
ACT0005941,Email,2026-09-09 06:02:44,USR006,,CON0381,ACC0191,OPP0395,Introductory email,Follow-Up Needed,true
ACT0005942,Meeting,2026-09-10 13:48:35,USR006,,CON0381,ACC0191,OPP0395,Discovery meeting,Follow-Up Needed,true
ACT0005943,Call,2026-09-11 01:15:15,USR006,,CON0381,ACC0191,OPP0395,Pricing follow-up,Left Voicemail,true
ACT0005944,Email,2026-09-12 00:00:00,USR006,,CON0381,ACC0191,OPP0395,Proposal follow-up,Follow-Up Needed,true
ACT0005945,Demo,2023-08-31 03:02:25,USR010,,CON0408,ACC0207,OPP0397,Workflow demonstration,Meeting Held,true
ACT0005946,Call,2023-09-08 17:16:27,USR010,,CON0408,ACC0207,OPP0397,Qualification call,No Response,true
ACT0005947,Email,2023-09-18 18:09:37,USR010,,CON0408,ACC0207,OPP0397,Follow-up email,Connected,true
ACT0005948,Email,2023-09-23 23:59:34,USR010,,CON0408,ACC0207,OPP0397,Proposal follow-up,Follow-Up Needed,true
ACT0005949,Demo,2023-09-27 04:13:14,USR010,,CON0408,ACC0207,OPP0397,Solution review,Meeting Held,true
ACT0005950,Demo,2023-10-02 20:23:16,USR010,,CON0408,ACC0207,OPP0397,Solution review,Meeting Held,true
ACT0005951,Email,2023-10-16 23:34:17,USR010,,CON0408,ACC0207,OPP0397,Meeting recap,Follow-Up Needed,true
ACT0005952,Meeting,2023-11-17 02:32:32,USR010,,CON0408,ACC0207,OPP0397,Stakeholder meeting,Follow-Up Needed,true
ACT0005953,Email,2026-08-17 11:24:46,USR006,,CON0121,ACC0061,OPP0399,Proposal follow-up,No Response,true
ACT0005954,Call,2026-08-20 18:13:44,USR006,,CON0121,ACC0061,OPP0399,Pricing follow-up,Follow-Up Needed,true
ACT0005955,Meeting,2026-08-22 17:03:22,USR006,,CON0121,ACC0061,OPP0399,Commercial review,Rescheduled,true
ACT0005956,Call,2026-08-24 11:15:46,USR006,,CON0121,ACC0061,OPP0399,Pricing follow-up,No Response,true
ACT0005957,Call,2026-08-25 03:41:51,USR006,,CON0121,ACC0061,OPP0399,Stakeholder check-in,No Response,true
ACT0005958,Call,2026-08-26 02:52:57,USR006,,CON0121,ACC0061,OPP0399,Qualification call,Follow-Up Needed,true
ACT0005959,Email,2026-09-03 00:00:00,USR006,,CON0121,ACC0061,OPP0399,Introductory email,Follow-Up Needed,true
ACT0005960,Email,2024-12-25 11:34:55,USR009,,CON0546,ACC0274,OPP0401,Follow-up email,No Response,true
ACT0005961,Meeting,2025-01-01 18:20:54,USR009,,CON0546,ACC0274,OPP0401,Stakeholder meeting,Follow-Up Needed,true
ACT0005962,Meeting,2025-01-02 10:42:35,USR009,,CON0546,ACC0274,OPP0401,Executive check-in,Follow-Up Needed,true
ACT0005963,Meeting,2025-01-03 10:36:41,USR009,,CON0546,ACC0274,OPP0401,Commercial review,Rescheduled,true
ACT0005964,Email,2025-01-13 05:08:08,USR009,,CON0546,ACC0274,OPP0401,Introductory email,Follow-Up Needed,true
ACT0005965,Email,2025-01-19 14:32:12,USR009,,CON0546,ACC0274,OPP0401,Introductory email,Follow-Up Needed,true
ACT0005966,Meeting,2025-03-22 02:20:41,USR009,,CON0546,ACC0274,OPP0401,Discovery meeting,Follow-Up Needed,true
ACT0005967,Other,2025-03-29 01:57:33,USR009,,CON0546,ACC0274,OPP0401,Contract coordination,Other,true
ACT0005968,Other,2025-04-01 20:18:49,USR009,,CON0546,ACC0274,OPP0401,Internal customer follow-up,Connected,true
ACT0005969,Meeting,2025-12-06 23:37:42,USR012,,CON0090,ACC0045,OPP0402,Executive check-in,Rescheduled,true
ACT0005970,Email,2025-12-16 10:18:23,USR012,,CON0090,ACC0045,OPP0402,Meeting recap,Connected,true
ACT0005971,Email,2025-12-20 02:26:27,USR012,,CON0090,ACC0045,OPP0402,Follow-up email,Follow-Up Needed,true
ACT0005972,Email,2025-12-21 16:04:47,USR012,,CON0090,ACC0045,OPP0402,Introductory email,No Response,true
ACT0005973,Demo,2026-01-24 20:06:45,USR012,,CON0090,ACC0045,OPP0402,Product demo,Follow-Up Needed,true
ACT0005974,Email,2026-01-26 23:34:15,USR012,,CON0090,ACC0045,OPP0402,Proposal follow-up,Connected,true
ACT0005975,Email,2026-01-29 21:03:41,USR012,,CON0090,ACC0045,OPP0402,Proposal follow-up,Connected,true
ACT0005976,Email,2026-02-06 00:50:10,USR012,,CON0090,ACC0045,OPP0402,Proposal follow-up,Follow-Up Needed,true
ACT0005977,Meeting,2026-02-08 02:24:53,USR012,,CON0090,ACC0045,OPP0402,Discovery meeting,Rescheduled,true
ACT0005978,Other,2026-03-11 21:54:33,USR012,,CON0090,ACC0045,OPP0402,Procurement follow-up,Follow-Up Needed,true
ACT0005979,Email,2026-07-07 23:48:37,USR006,,CON0381,ACC0191,OPP0403,Introductory email,Connected,true
ACT0005980,Email,2026-07-22 20:24:33,USR006,,CON0381,ACC0191,OPP0403,Follow-up email,No Response,true
ACT0005981,Call,2026-07-26 04:52:16,USR006,,CON0381,ACC0191,OPP0403,Follow-up call,Connected,true
ACT0005982,Email,2026-08-07 14:26:27,USR006,,CON0381,ACC0191,OPP0403,Follow-up email,Follow-Up Needed,true
ACT0005983,Demo,2026-08-17 12:06:39,USR006,,CON0381,ACC0191,OPP0403,Workflow demonstration,Rescheduled,true
ACT0005984,Meeting,2026-08-30 00:00:00,USR006,,CON0381,ACC0191,OPP0403,Executive check-in,Meeting Held,true
ACT0005985,Email,2023-09-28 20:21:18,USR005,,CON0041,ACC0017,OPP0404,Introductory email,Follow-Up Needed,true
ACT0005986,Email,2023-10-04 02:10:12,USR005,,CON0041,ACC0017,OPP0404,Next steps email,Connected,true
ACT0005987,Meeting,2023-10-05 09:55:02,USR005,,CON0041,ACC0017,OPP0404,Stakeholder meeting,Rescheduled,true
ACT0005988,Meeting,2023-10-07 23:15:26,USR005,,CON0041,ACC0017,OPP0404,Discovery meeting,Meeting Held,true
ACT0005989,Meeting,2023-10-10 01:32:13,USR005,,CON0041,ACC0017,OPP0404,Discovery meeting,Rescheduled,true
ACT0005990,Meeting,2023-10-20 04:29:25,USR005,,CON0041,ACC0017,OPP0404,Discovery meeting,Follow-Up Needed,true
ACT0005991,Call,2023-10-20 13:59:16,USR005,,CON0041,ACC0017,OPP0404,Initial outreach call,Left Voicemail,true
ACT0005992,Demo,2023-10-23 15:58:21,USR005,,CON0041,ACC0017,OPP0404,Solution review,Meeting Held,true
ACT0005993,Email,2024-08-27 00:41:23,USR011,,CON0377,ACC0189,OPP0405,Meeting recap,No Response,true
ACT0005994,Demo,2024-09-02 02:45:12,USR011,,CON0377,ACC0189,OPP0405,Workflow demonstration,Meeting Held,true
ACT0005995,Meeting,2024-09-06 03:28:35,USR011,,CON0377,ACC0189,OPP0405,Executive check-in,Follow-Up Needed,true
ACT0005996,Call,2024-09-22 07:42:56,USR011,,CON0377,ACC0189,OPP0405,Initial outreach call,No Response,true
ACT0005997,Meeting,2024-09-25 16:51:00,USR011,,CON0377,ACC0189,OPP0405,Stakeholder meeting,Meeting Held,true
ACT0005998,Meeting,2024-09-28 01:30:03,USR011,,CON0377,ACC0189,OPP0405,Executive check-in,Follow-Up Needed,true
ACT0005999,Meeting,2024-10-02 13:39:19,USR011,,CON0377,ACC0189,OPP0405,Commercial review,Meeting Held,true
ACT0006000,Meeting,2024-10-06 02:26:35,USR011,,CON0377,ACC0189,OPP0405,Requirements review,Follow-Up Needed,true
ACT0006001,Email,2024-10-15 21:33:58,USR011,,CON0377,ACC0189,OPP0405,Introductory email,No Response,true
ACT0006002,Demo,2024-10-15 22:55:36,USR011,,CON0377,ACC0189,OPP0405,Workflow demonstration,Meeting Held,true
ACT0006003,Other,2024-10-24 00:00:00,USR011,,CON0377,ACC0189,OPP0405,Internal customer follow-up,Follow-Up Needed,true
ACT0006004,Call,2025-12-04 07:38:05,USR005,,CON0370,ACC0185,OPP0406,Qualification call,No Response,true
ACT0006005,Meeting,2025-12-07 21:17:28,USR005,,CON0370,ACC0185,OPP0406,Requirements review,Follow-Up Needed,true
ACT0006006,Email,2025-12-15 22:12:11,USR005,,CON0370,ACC0185,OPP0406,Proposal follow-up,Follow-Up Needed,true
ACT0006007,Meeting,2025-12-19 08:48:41,USR005,,CON0370,ACC0185,OPP0406,Requirements review,Meeting Held,true
ACT0006008,Meeting,2025-12-23 21:10:52,USR005,,CON0370,ACC0185,OPP0406,Executive check-in,Follow-Up Needed,true
ACT0006009,Call,2025-12-29 11:17:13,USR005,,CON0370,ACC0185,OPP0406,Follow-up call,No Response,true
ACT0006010,Meeting,2025-12-29 17:13:23,USR005,,CON0370,ACC0185,OPP0406,Requirements review,Rescheduled,true
ACT0006011,Demo,2025-12-30 12:58:51,USR005,,CON0370,ACC0185,OPP0406,Technical demo,Rescheduled,true
ACT0006012,Meeting,2026-01-02 14:37:59,USR005,,CON0370,ACC0185,OPP0406,Requirements review,Follow-Up Needed,true
ACT0006013,Meeting,2026-01-07 18:13:25,USR005,,CON0370,ACC0185,OPP0406,Commercial review,Rescheduled,true
ACT0006014,Other,2026-01-08 16:17:37,USR005,,CON0370,ACC0185,OPP0406,Procurement follow-up,Follow-Up Needed,true
ACT0006015,Meeting,2026-08-10 16:52:34,USR005,,,ACC0082,OPP0408,Requirements review,Rescheduled,true
ACT0006016,Demo,2026-08-15 11:51:32,USR005,,,ACC0082,OPP0408,Product demo,Meeting Held,true
ACT0006017,Demo,2026-08-24 17:47:37,USR005,,,ACC0082,OPP0408,Workflow demonstration,Rescheduled,true
ACT0006018,Demo,2026-08-27 20:27:20,USR005,,,ACC0082,OPP0408,Product demo,Rescheduled,true
ACT0006019,Other,2026-09-01 00:00:00,USR005,,,ACC0082,OPP0408,Internal customer follow-up,Connected,true
ACT0006020,Demo,2025-10-20 00:14:02,USR008,,CON0262,ACC0128,OPP0409,Workflow demonstration,Rescheduled,true
ACT0006021,Meeting,2025-10-22 08:55:43,USR008,,CON0262,ACC0128,OPP0409,Stakeholder meeting,Follow-Up Needed,true
ACT0006022,Call,2025-10-25 20:29:40,USR008,,CON0262,ACC0128,OPP0409,Follow-up call,Left Voicemail,true
ACT0006023,Meeting,2025-11-02 14:07:20,USR008,,CON0262,ACC0128,OPP0409,Discovery meeting,Follow-Up Needed,true
ACT0006024,Meeting,2025-11-03 11:09:57,USR008,,CON0262,ACC0128,OPP0409,Requirements review,Rescheduled,true
ACT0006025,Call,2025-11-05 16:00:15,USR008,,CON0262,ACC0128,OPP0409,Pricing follow-up,Connected,true
ACT0006026,Call,2025-11-06 06:50:52,USR008,,CON0262,ACC0128,OPP0409,Pricing follow-up,Follow-Up Needed,true
ACT0006027,Meeting,2025-11-21 19:36:28,USR008,,CON0262,ACC0128,OPP0409,Discovery meeting,Follow-Up Needed,true
ACT0006028,Call,2025-06-29 09:59:33,USR009,,CON0442,ACC0221,OPP0410,Pricing follow-up,No Response,true
ACT0006029,Demo,2025-07-04 06:51:48,USR009,,CON0442,ACC0221,OPP0410,Product demo,Follow-Up Needed,true
ACT0006030,Email,2025-07-11 14:03:16,USR009,,CON0442,ACC0221,OPP0410,Meeting recap,No Response,true
ACT0006031,Call,2025-07-12 01:48:30,USR009,,CON0442,ACC0221,OPP0410,Follow-up call,Left Voicemail,true
ACT0006032,Meeting,2025-07-15 06:06:53,USR009,,CON0442,ACC0221,OPP0410,Requirements review,Meeting Held,true
ACT0006033,Meeting,2025-07-23 20:27:56,USR009,,CON0442,ACC0221,OPP0410,Discovery meeting,Meeting Held,true
ACT0006034,Email,2025-07-28 19:49:42,USR009,,CON0442,ACC0221,OPP0410,Proposal follow-up,Connected,true
ACT0006035,Email,2025-08-12 01:19:31,USR009,,CON0442,ACC0221,OPP0410,Next steps email,Follow-Up Needed,true
ACT0006036,Email,2025-08-29 04:14:51,USR009,,CON0442,ACC0221,OPP0410,Proposal follow-up,Follow-Up Needed,true
ACT0006037,Email,2026-09-01 04:02:00,USR012,,CON0649,ACC0324,OPP0412,Meeting recap,Connected,true
ACT0006038,Email,2026-09-06 12:26:01,USR012,,CON0649,ACC0324,OPP0412,Meeting recap,Follow-Up Needed,true
ACT0006039,Email,2026-09-12 00:00:00,USR012,,CON0649,ACC0324,OPP0412,Proposal follow-up,No Response,true
ACT0006040,Meeting,2026-05-20 23:31:33,USR012,,CON0123,ACC0062,OPP0413,Discovery meeting,Rescheduled,true
ACT0006041,Meeting,2026-05-26 12:10:40,USR012,,CON0123,ACC0062,OPP0413,Requirements review,Rescheduled,true
ACT0006042,Call,2026-05-27 21:27:49,USR012,,CON0123,ACC0062,OPP0413,Qualification call,Left Voicemail,true
ACT0006043,Email,2026-05-27 21:45:21,USR012,,CON0123,ACC0062,OPP0413,Next steps email,No Response,true
ACT0006044,Email,2026-06-01 10:04:48,USR012,,CON0123,ACC0062,OPP0413,Introductory email,No Response,true
ACT0006045,Email,2026-06-14 16:28:57,USR012,,CON0123,ACC0062,OPP0413,Meeting recap,Connected,true
ACT0006046,Meeting,2026-07-12 03:27:03,USR012,,CON0123,ACC0062,OPP0413,Discovery meeting,Rescheduled,true
ACT0006047,Meeting,2026-07-17 13:35:47,USR012,,CON0123,ACC0062,OPP0413,Discovery meeting,Rescheduled,true
ACT0006048,Meeting,2026-07-30 16:27:08,USR012,,CON0123,ACC0062,OPP0413,Commercial review,Meeting Held,true
ACT0006049,Email,2026-08-07 20:01:00,USR012,,CON0123,ACC0062,OPP0413,Follow-up email,Connected,true
ACT0006050,Meeting,2026-06-19 18:13:04,USR012,,,ACC0219,OPP0414,Executive check-in,Rescheduled,true
ACT0006051,Demo,2026-07-07 05:36:43,USR012,,,ACC0219,OPP0414,Workflow demonstration,Rescheduled,true
ACT0006052,Call,2026-07-13 07:15:26,USR012,,,ACC0219,OPP0414,Follow-up call,Follow-Up Needed,true
ACT0006053,Meeting,2026-07-14 00:51:22,USR012,,,ACC0219,OPP0414,Discovery meeting,Meeting Held,true
ACT0006054,Email,2026-07-17 21:11:38,USR012,,,ACC0219,OPP0414,Introductory email,Follow-Up Needed,true
ACT0006055,Meeting,2026-07-26 04:03:18,USR012,,,ACC0219,OPP0414,Stakeholder meeting,Meeting Held,true
ACT0006056,Other,2026-08-27 13:54:05,USR012,,,ACC0219,OPP0414,Contract coordination,Follow-Up Needed,true
ACT0006057,Email,2024-04-12 08:59:45,USR009,,CON0372,ACC0186,OPP0415,Introductory email,No Response,true
ACT0006058,Email,2024-04-16 23:08:29,USR009,,CON0372,ACC0186,OPP0415,Meeting recap,Follow-Up Needed,true
ACT0006059,Call,2024-04-25 07:37:21,USR009,,CON0372,ACC0186,OPP0415,Pricing follow-up,Left Voicemail,true
ACT0006060,Meeting,2024-05-07 06:51:05,USR009,,CON0372,ACC0186,OPP0415,Discovery meeting,Meeting Held,true
ACT0006061,Other,2024-05-12 18:22:18,USR009,,CON0372,ACC0186,OPP0415,Contract coordination,Follow-Up Needed,true
ACT0006062,Demo,2024-05-14 03:57:39,USR009,,CON0372,ACC0186,OPP0415,Technical demo,Follow-Up Needed,true
ACT0006063,Call,2024-05-29 06:53:19,USR009,,CON0372,ACC0186,OPP0415,Pricing follow-up,No Response,true
ACT0006064,Email,2024-06-17 00:00:00,USR009,,CON0372,ACC0186,OPP0415,Next steps email,Connected,true
ACT0006065,Email,2025-08-21 17:28:17,USR005,,CON0094,ACC0048,OPP0416,Next steps email,No Response,true
ACT0006066,Meeting,2025-08-27 01:36:03,USR005,,CON0094,ACC0048,OPP0416,Stakeholder meeting,Follow-Up Needed,true
ACT0006067,Call,2025-08-30 22:54:31,USR005,,CON0094,ACC0048,OPP0416,Follow-up call,Connected,true
ACT0006068,Call,2025-09-02 02:12:50,USR005,,CON0094,ACC0048,OPP0416,Follow-up call,Left Voicemail,true
ACT0006069,Meeting,2025-09-04 10:22:27,USR005,,CON0094,ACC0048,OPP0416,Stakeholder meeting,Follow-Up Needed,true
ACT0006070,Meeting,2025-09-05 11:18:48,USR005,,CON0094,ACC0048,OPP0416,Discovery meeting,Meeting Held,true
ACT0006071,Other,2025-09-07 19:31:10,USR005,,CON0094,ACC0048,OPP0416,Procurement follow-up,Other,true
ACT0006072,Other,2025-09-12 02:17:33,USR005,,CON0094,ACC0048,OPP0416,Internal customer follow-up,Connected,true
ACT0006073,Meeting,2026-03-18 16:09:02,USR011,,CON0222,ACC0109,OPP0417,Requirements review,Follow-Up Needed,true
ACT0006074,Call,2026-04-01 06:02:37,USR011,,CON0222,ACC0109,OPP0417,Follow-up call,No Response,true
ACT0006075,Meeting,2026-04-09 12:29:21,USR011,,CON0222,ACC0109,OPP0417,Executive check-in,Meeting Held,true
ACT0006076,Call,2026-04-10 06:46:02,USR011,,CON0222,ACC0109,OPP0417,Pricing follow-up,No Response,true
ACT0006077,Demo,2026-04-20 07:28:20,USR011,,CON0222,ACC0109,OPP0417,Solution review,Follow-Up Needed,true
ACT0006078,Demo,2026-05-28 04:11:57,USR011,,CON0222,ACC0109,OPP0417,Workflow demonstration,Follow-Up Needed,true
ACT0006079,Meeting,2026-05-31 22:55:24,USR011,,CON0222,ACC0109,OPP0417,Commercial review,Follow-Up Needed,true
ACT0006080,Meeting,2026-06-07 22:53:58,USR011,,CON0222,ACC0109,OPP0417,Stakeholder meeting,Rescheduled,true
ACT0006081,Email,2026-06-14 20:46:39,USR011,,CON0222,ACC0109,OPP0417,Next steps email,Follow-Up Needed,true
ACT0006082,Call,2026-07-12 18:52:27,USR012,,CON0585,ACC0293,OPP0418,Follow-up call,No Response,true
ACT0006083,Email,2026-07-13 10:46:14,USR012,,CON0585,ACC0293,OPP0418,Proposal follow-up,Follow-Up Needed,true
ACT0006084,Email,2026-07-13 23:01:40,USR012,,CON0585,ACC0293,OPP0418,Next steps email,No Response,true
ACT0006085,Meeting,2026-07-14 02:08:22,USR012,,CON0585,ACC0293,OPP0418,Stakeholder meeting,Follow-Up Needed,true
ACT0006086,Meeting,2026-07-15 02:10:17,USR012,,CON0585,ACC0293,OPP0418,Commercial review,Follow-Up Needed,true
ACT0006087,Email,2026-07-17 22:57:22,USR012,,CON0585,ACC0293,OPP0418,Follow-up email,Connected,true
ACT0006088,Other,2026-07-18 00:00:00,USR012,,CON0585,ACC0293,OPP0418,Contract coordination,Other,true
ACT0006089,Email,2026-03-01 17:21:31,USR009,,CON0286,ACC0141,OPP0419,Meeting recap,No Response,true
ACT0006090,Call,2026-03-03 12:51:43,USR009,,CON0286,ACC0141,OPP0419,Pricing follow-up,Follow-Up Needed,true
ACT0006091,Email,2026-03-07 07:18:33,USR009,,CON0286,ACC0141,OPP0419,Introductory email,No Response,true
ACT0006092,Other,2026-03-11 07:04:29,USR009,,CON0286,ACC0141,OPP0419,Contract coordination,Other,true
ACT0006093,Call,2026-04-05 16:20:48,USR009,,CON0286,ACC0141,OPP0419,Pricing follow-up,Follow-Up Needed,true
ACT0006094,Meeting,2026-04-06 19:38:55,USR009,,CON0286,ACC0141,OPP0419,Commercial review,Follow-Up Needed,true
ACT0006095,Email,2026-04-20 15:38:08,USR009,,CON0286,ACC0141,OPP0419,Proposal follow-up,Connected,true
ACT0006096,Email,2026-05-06 02:21:28,USR009,,CON0286,ACC0141,OPP0419,Introductory email,Follow-Up Needed,true
ACT0006097,Demo,2025-01-26 14:46:03,USR007,,,ACC0197,OPP0420,Technical demo,Follow-Up Needed,true
ACT0006098,Email,2025-01-26 15:39:04,USR007,,,ACC0197,OPP0420,Proposal follow-up,Connected,true
ACT0006099,Meeting,2025-02-04 18:54:12,USR007,,,ACC0197,OPP0420,Executive check-in,Follow-Up Needed,true
ACT0006100,Demo,2025-02-09 23:20:11,USR007,,,ACC0197,OPP0420,Solution review,Rescheduled,true
ACT0006101,Call,2025-02-14 12:29:06,USR007,,,ACC0197,OPP0420,Follow-up call,No Response,true
ACT0006102,Demo,2025-02-19 07:28:22,USR007,,,ACC0197,OPP0420,Solution review,Rescheduled,true
ACT0006103,Demo,2025-02-24 09:42:50,USR007,,,ACC0197,OPP0420,Technical demo,Rescheduled,true
ACT0006104,Email,2025-03-02 00:00:00,USR007,,,ACC0197,OPP0420,Proposal follow-up,No Response,true
ACT0006105,Demo,2026-08-30 20:33:19,USR009,,CON0477,ACC0237,OPP0421,Product demo,Rescheduled,true
ACT0006106,Email,2026-08-30 21:58:11,USR009,,CON0477,ACC0237,OPP0421,Next steps email,Follow-Up Needed,true
ACT0006107,Call,2026-08-31 17:21:06,USR009,,CON0477,ACC0237,OPP0421,Follow-up call,No Response,true
ACT0006108,Meeting,2026-09-01 04:48:44,USR009,,CON0477,ACC0237,OPP0421,Executive check-in,Follow-Up Needed,true
ACT0006109,Email,2026-09-01 16:34:53,USR009,,CON0477,ACC0237,OPP0421,Next steps email,Connected,true
ACT0006110,Other,2026-09-02 00:00:00,USR009,,CON0477,ACC0237,OPP0421,Contract coordination,Other,true
ACT0006111,Meeting,2025-09-16 18:03:24,USR010,,CON0221,ACC0109,OPP0422,Commercial review,Rescheduled,true
ACT0006112,Demo,2025-09-25 20:15:18,USR010,,CON0221,ACC0109,OPP0422,Product demo,Follow-Up Needed,true
ACT0006113,Other,2025-10-06 22:27:34,USR010,,CON0221,ACC0109,OPP0422,Internal customer follow-up,Other,true
ACT0006114,Email,2025-10-17 02:34:04,USR010,,CON0221,ACC0109,OPP0422,Follow-up email,Follow-Up Needed,true
ACT0006115,Call,2025-11-13 00:08:58,USR010,,CON0221,ACC0109,OPP0422,Qualification call,No Response,true
ACT0006116,Email,2025-11-19 16:33:04,USR010,,CON0221,ACC0109,OPP0422,Follow-up email,Connected,true
ACT0006117,Demo,2025-11-27 06:35:21,USR010,,CON0221,ACC0109,OPP0422,Product demo,Meeting Held,true
ACT0006118,Call,2024-02-08 07:09:08,USR005,,CON0240,ACC0119,OPP0423,Pricing follow-up,No Response,true
ACT0006119,Email,2024-02-10 06:03:07,USR005,,CON0240,ACC0119,OPP0423,Proposal follow-up,Follow-Up Needed,true
ACT0006120,Demo,2024-02-11 14:44:00,USR005,,CON0240,ACC0119,OPP0423,Solution review,Follow-Up Needed,true
ACT0006121,Meeting,2024-02-12 22:20:55,USR005,,CON0240,ACC0119,OPP0423,Discovery meeting,Follow-Up Needed,true
ACT0006122,Meeting,2024-02-14 21:47:32,USR005,,CON0240,ACC0119,OPP0423,Commercial review,Meeting Held,true
ACT0006123,Email,2024-02-16 03:42:09,USR005,,CON0240,ACC0119,OPP0423,Next steps email,Connected,true
ACT0006124,Meeting,2024-02-16 10:03:52,USR005,,CON0240,ACC0119,OPP0423,Requirements review,Rescheduled,true
ACT0006125,Other,2024-02-17 12:20:01,USR005,,CON0240,ACC0119,OPP0423,Internal customer follow-up,Follow-Up Needed,true
ACT0006126,Meeting,2024-02-24 18:54:09,USR005,,CON0240,ACC0119,OPP0423,Executive check-in,Rescheduled,true
ACT0006127,Other,2024-03-01 23:32:03,USR005,,CON0240,ACC0119,OPP0423,Contract coordination,Follow-Up Needed,true
ACT0006128,Other,2024-03-04 04:02:38,USR005,,CON0240,ACC0119,OPP0423,Contract coordination,Follow-Up Needed,true
ACT0006129,Meeting,2026-08-24 21:58:11,USR011,,CON0279,ACC0139,OPP0424,Discovery meeting,Meeting Held,true
ACT0006130,Email,2026-08-25 04:49:15,USR011,,CON0279,ACC0139,OPP0424,Follow-up email,Connected,true
ACT0006131,Meeting,2026-08-25 12:38:51,USR011,,CON0279,ACC0139,OPP0424,Stakeholder meeting,Rescheduled,true
ACT0006132,Email,2026-08-30 02:50:12,USR011,,CON0279,ACC0139,OPP0424,Follow-up email,No Response,true
ACT0006133,Demo,2026-08-31 08:10:06,USR011,,CON0279,ACC0139,OPP0424,Solution review,Meeting Held,true
ACT0006134,Email,2026-09-02 10:58:14,USR011,,CON0279,ACC0139,OPP0424,Introductory email,Connected,true
ACT0006135,Call,2026-09-07 00:12:15,USR011,,CON0279,ACC0139,OPP0424,Stakeholder check-in,No Response,true
ACT0006136,Meeting,2026-09-10 13:42:52,USR011,,CON0279,ACC0139,OPP0424,Requirements review,Rescheduled,true
ACT0006137,Meeting,2026-09-16 03:48:31,USR011,,CON0279,ACC0139,OPP0424,Requirements review,Follow-Up Needed,true
ACT0006138,Other,2026-09-18 00:00:00,USR011,,CON0279,ACC0139,OPP0424,Contract coordination,Other,true
ACT0006139,Email,2025-10-03 15:36:14,USR007,,CON0486,ACC0241,OPP0425,Introductory email,No Response,true
ACT0006140,Meeting,2025-10-12 13:28:34,USR007,,CON0486,ACC0241,OPP0425,Commercial review,Meeting Held,true
ACT0006141,Meeting,2025-10-12 21:43:49,USR007,,CON0486,ACC0241,OPP0425,Stakeholder meeting,Meeting Held,true
ACT0006142,Meeting,2025-10-15 06:54:06,USR007,,CON0486,ACC0241,OPP0425,Requirements review,Rescheduled,true
ACT0006143,Email,2025-10-27 15:14:51,USR007,,CON0486,ACC0241,OPP0425,Meeting recap,Connected,true
ACT0006144,Meeting,2025-10-31 10:35:39,USR007,,CON0486,ACC0241,OPP0425,Stakeholder meeting,Follow-Up Needed,true
ACT0006145,Call,2025-11-07 01:08:55,USR007,,CON0486,ACC0241,OPP0425,Follow-up call,Connected,true
ACT0006146,Email,2025-11-10 11:48:37,USR007,,CON0486,ACC0241,OPP0425,Introductory email,No Response,true
