lead_id,first_name,last_name,email,company_name,job_title,employee_count,state_code,segment,lead_source,lead_score,lifecycle_stage,lead_status,owner_id,created_at,mql_at,owner_assigned_at,first_response_at,sql_at,disqualification_reason,is_converted,converted_at,converted_account_id,converted_contact_id,converted_opportunity_id
LEAD0001,Ella,Bell,ella.bell@westfieldconstruction.com,Westfield Construction Group,Senior Operations Manager,725,MI,Mid-Market,Content Download,72,Opportunity,Converted,USR011,2026-03-12 16:21:11,2026-03-14 20:21:11,2026-03-14 21:36:11,2026-03-15 19:36:11,2026-03-16 06:36:11,,true,2026-08-08 23:21:11,ACC0097,CON0193,OPP0188
LEAD0002,Abigail,Roberts,abigail.roberts@bridgewaylearningsystems.com,Bridgeway Learning Systems Group,Executive Assistant,2073,NY,Upper Mid-Market,Partner Referral,77,Customer,Converted,USR009,2024-12-27 03:55:53,2024-12-28 20:55:53,2024-12-28 21:14:53,2024-12-29 02:14:53,2024-12-29 10:14:53,,true,2025-03-02 06:55:53,ACC0098,CON0198,
LEAD0003,Anthony,Moore,anthony.moore@northstarsoftware.com,Northstar Software,President,37,CA,SMB,Outbound SDR,72,Customer,Converted,USR008,2024-09-29 00:36:08,2024-09-30 14:36:08,2024-09-30 15:31:08,2024-10-01 00:31:08,2024-10-01 17:31:08,,true,2025-01-05 14:36:08,ACC0271,CON0541,
LEAD0004,Thomas,Gomez,thomas.gomez@fairviewdigital.com,Fairview Digital,VP of Operations,130,IN,SMB,Inbound Demo Request,89,Customer,Converted,USR007,2022-02-12 10:41:02,2022-02-15 01:41:02,2022-02-15 03:00:02,2022-02-16 09:00:02,2022-02-18 20:00:02,,true,2022-04-06 14:41:02,ACC0218,CON0435,OPP0329
LEAD0005,Andrea,Flores,andrea.flores@clearpathadvisory.com,ClearPath Advisory,Transformation Manager,718,GA,Mid-Market,Inbound Demo Request,75,Customer,Converted,USR010,2026-05-22 20:26:42,2026-05-24 00:26:42,2026-05-24 00:49:42,2026-05-24 02:41:42,2026-05-26 11:41:42,,true,2026-09-01 00:26:42,ACC0068,CON0137,OPP0232
LEAD0006,Aiden,Murphy,aiden.murphy@silveroakacademy.com,Silver Oak Academy,Director of Operations,111,LA,SMB,Content Download,72,Customer,Converted,USR006,2026-04-28 21:01:59,2026-04-29 07:01:59,2026-04-29 07:12:59,2026-04-29 10:09:59,2026-05-01 09:09:59,,true,2026-08-15 11:01:59,ACC0306,CON0609,OPP0125
LEAD0007,Carlos,Rodriguez,carlos.rodriguez@suncrestcarenetwork.com,Suncrest Care Network,IT Project Manager,474,NJ,Mid-Market,Webinar / Event,72,Customer,Converted,USR009,2022-08-13 14:00:02,2022-08-14 11:00:02,2022-08-14 12:16:02,2022-08-14 12:50:02,2022-08-16 02:50:02,,true,2022-11-26 22:00:02,ACC0314,CON0627,
LEAD0008,Benjamin,Taylor,benjamin.taylor@brookstonehealthservices.com,Brookstone Health Services,Office Manager,93,GA,SMB,Outbound SDR,75,Opportunity,Converted,USR006,2024-07-28 07:28:23,2024-07-30 04:28:23,2024-07-30 04:54:23,2024-07-30 08:21:23,2024-07-30 11:21:23,,true,2024-09-27 17:28:23,ACC0212,CON0422,OPP0148
LEAD0009,Lucas,Morgan,lucas.morgan@meridianfinancialservices.com,Meridian Financial Services,IT Project Manager,582,IL,Mid-Market,Content Download,72,Customer,Converted,USR011,2021-11-11 15:47:02,2021-11-11 18:47:02,2021-11-11 19:48:02,2021-11-11 21:31:02,2021-11-12 09:31:02,,true,2022-03-21 03:47:02,ACC0127,CON0261,OPP0191
LEAD0010,David,Gonzalez,david.gonzalez@oakridgeindustries.com,Oakridge Industries,Vendor Management Director,2096,CO,Upper Mid-Market,Webinar / Event,80,Customer,Converted,USR012,2025-11-19 16:23:40,2025-11-22 11:23:40,2025-11-22 12:42:40,2025-11-22 15:06:40,2025-11-22 23:06:40,,true,2026-03-16 09:23:40,ACC0062,CON0125,
LEAD0011,Alicia,Mitchell,alicia.mitchell@cornerstonetraining.com,Cornerstone Training,Finance Manager,76,NY,SMB,Customer Referral,86,Opportunity,Converted,USR005,2023-04-08 22:06:25,2023-04-09 16:06:25,2023-04-09 16:47:25,2023-04-10 20:47:25,2023-04-13 20:47:25,,true,2023-04-30 22:06:25,ACC0174,CON0353,
LEAD0012,Aaliyah,Jackson,aaliyah.jackson@evergreenwealthpartners.com,Evergreen Wealth Partners LLC,Director of Operations,303,ID,Mid-Market,Customer Referral,94,Customer,Converted,USR012,2025-10-27 17:26:39,2025-10-28 11:26:39,2025-10-28 12:40:39,2025-10-29 05:40:39,2025-10-30 19:40:39,,true,2026-01-24 20:26:39,ACC0074,CON0151,OPP0015
LEAD0013,Aiden,Perry,aiden.perry@skylinefabrication.com,Skyline Fabrication LLC,President,117,FL,SMB,Webinar / Event,72,Customer,Converted,USR006,2024-10-12 08:52:43,2024-10-14 12:52:43,2024-10-14 13:12:43,2024-10-14 15:55:43,2024-10-16 19:55:43,,true,2025-02-17 17:52:43,ACC0305,CON0608,OPP0150
LEAD0014,Sarah,Scott,sarah.scott@eastwoodconsulting.com,Eastwood Consulting,VP of Operations,529,MA,Mid-Market,Paid Search,80,Opportunity,Converted,USR009,2025-08-10 21:41:42,2025-08-13 07:41:42,2025-08-13 08:18:42,2025-08-13 10:42:42,2025-08-14 20:42:42,,true,2025-12-27 07:41:42,ACC0116,CON0235,
LEAD0015,Daniel,Rogers,daniel.rogers@horizonfabrication.com,Horizon Fabrication,Senior Program Manager,1224,NY,Upper Mid-Market,Webinar / Event,78,Opportunity,Converted,USR009,2024-10-14 03:25:40,2024-10-16 09:25:40,2024-10-16 10:50:40,2024-10-16 12:44:40,2024-10-17 21:44:40,,true,2024-11-09 12:25:40,ACC0182,CON0367,OPP0294
LEAD0016,Ashley,Young,ashley.young@blueharborbrands.com,Blue Harbor Brands,IT Manager,148,WA,SMB,Inbound Demo Request,91,Opportunity,Converted,USR008,2024-06-07 00:19:24,2024-06-08 02:19:24,2024-06-08 03:03:24,2024-06-08 03:58:24,2024-06-10 11:58:24,,true,2024-09-06 16:19:24,ACC0169,CON0341,OPP0109
LEAD0017,Brandon,Evans,brandon.evans@rivermarkdigital.com,Rivermark Digital,Director of Procurement,1136,PA,Upper Mid-Market,Paid Search,72,Opportunity,Converted,USR009,2025-02-02 03:02:11,2025-02-03 08:02:11,2025-02-03 08:54:11,2025-02-03 09:48:11,2025-02-04 03:48:11,,true,2025-04-27 16:02:11,ACC0100,CON0204,OPP0156
LEAD0018,Dominic,Lewis,dominic.lewis@skylinecarenetwork.com,Skyline Care Network,Operations Analyst,113,NJ,SMB,Outbound SDR,72,Opportunity,Converted,USR005,2026-03-06 20:54:17,2026-03-09 18:54:17,2026-03-09 19:15:17,2026-03-09 22:30:17,2026-03-12 20:30:17,,true,2026-05-30 05:54:17,ACC0057,CON0114,OPP0141
LEAD0019,Rebecca,Rivera,rebecca.rivera@riverbendsupportservices.com,Riverbend Support Services Inc.,IT Manager,122,WA,SMB,Webinar / Event,72,Opportunity,Converted,USR008,2024-07-10 16:59:16,2024-07-10 22:59:16,2024-07-11 00:27:16,2024-07-11 00:49:16,2024-07-11 04:59:16,,true,2024-10-12 02:59:16,ACC0138,CON0278,OPP0389
LEAD0020,Derek,Martin,derek.martin@northstarbusinesssolutions.com,Northstar Business Solutions Inc.,Purchasing Manager,349,CA,Mid-Market,Customer Referral,81,Opportunity,Converted,USR012,2024-02-08 08:49:50,2024-02-08 22:49:50,2024-02-08 23:52:50,2024-02-09 03:21:50,2024-02-11 07:21:50,,true,2024-04-02 18:49:50,ACC0142,CON0291,OPP0002
LEAD0021,Carmen,Perez,carmen.perez@bridgewaylearningsystems.com,Bridgeway Learning Systems Group,Senior Director of Operations,2073,NY,Upper Mid-Market,Content Download,72,Customer,Converted,USR009,2024-10-09 19:54:21,2024-10-10 07:54:21,2024-10-10 08:26:21,2024-10-10 11:05:21,2024-10-12 13:05:21,,true,2025-01-30 08:54:21,ACC0098,CON0196,OPP0214
LEAD0022,Michelle,Kelly,michelle.kelly@harborviewdigital.com,Harborview Digital,"Senior Manager, Operations",2147,TX,Upper Mid-Market,Webinar / Event,72,Customer,Converted,USR010,2023-04-12 19:03:28,2023-04-14 19:03:28,2023-04-14 19:33:28,2023-04-14 22:41:28,2023-04-16 16:41:28,,true,2023-06-29 04:03:28,ACC0030,CON0065,OPP0116
LEAD0023,Eva,Nguyen,eva.nguyen@rivermarkmedical.com,Rivermark Medical Group,VP of Technology,62,NH,SMB,Organic Search,72,Opportunity,Converted,USR005,2024-03-23 21:18:29,2024-03-24 03:18:29,2024-03-24 03:35:29,2024-03-24 05:45:29,2024-03-27 05:45:29,,true,2024-05-11 00:18:29,ACC0323,CON0644,OPP0084
LEAD0024,Kevin,Wright,kevin.wright@rivermarkretail.com,Rivermark Retail,Project Manager,3773,OK,,Organic Search,72,Customer,Converted,USR010,2026-05-12 21:45:57,2026-05-13 15:45:57,2026-05-13 15:57:57,2026-05-13 18:42:57,2026-05-16 06:42:57,,true,2026-09-01 15:45:57,ACC0210,CON0417,OPP0315
LEAD0025,Isaiah,Harris,isaiah.harris@sterlingmedical.com,Sterling Medical Group,Director of Enterprise Applications,1801,MA,Upper Mid-Market,Organic Search,72,Opportunity,Converted,USR009,2026-02-14 19:55:48,2026-02-15 05:55:48,2026-02-15 07:06:48,2026-02-15 09:02:48,2026-02-17 21:02:48,,true,2026-06-14 11:55:48,ACC0052,CON0103,OPP0009
LEAD0026,Leah,Smith,leah.smith@beaconcapital.com,Beacon Capital,Director of Enterprise Applications,2121,NY,Upper Mid-Market,Outbound SDR,72,Customer,Converted,USR009,2026-05-04 02:06:39,2026-05-05 03:06:39,2026-05-05 03:46:39,2026-05-05 05:15:39,2026-05-07 07:15:39,,true,2026-06-16 09:06:39,ACC0141,CON0287,
LEAD0027,Carmen,Green,carmen.green@foxbridgecapital.com,Foxbridge Capital,President,122,NY,SMB,Webinar / Event,72,Customer,Converted,USR005,2025-05-16 14:45:41,2025-05-18 10:45:41,2025-05-18 11:34:41,2025-05-18 14:36:41,2025-05-20 11:36:41,,true,2025-08-30 07:45:41,ACC0226,CON0455,OPP0286
LEAD0028,Priya,Torres,priya.torres@oakridgesupportservices.com,Oakridge Support Services,Office Manager,165,IA,SMB,Content Download,72,Opportunity,Converted,USR007,2024-12-05 16:17:45,2024-12-05 19:17:45,2024-12-05 20:25:45,2024-12-06 11:25:45,2024-12-08 16:25:45,,true,2024-12-27 06:17:45,ACC0091,CON0179,OPP0342
LEAD0029,Rebecca,Jones,rebecca.jones@clearwaterfinancial.com,Clearwater Financial Group,Procurement Manager,5,CT,,Partner Referral,82,Customer,Converted,USR005,2025-11-24 23:13:45,2025-11-26 12:13:45,2025-11-26 13:01:45,2025-11-26 15:10:45,2025-11-29 05:10:45,,true,2026-01-16 13:13:45,ACC0045,CON0090,OPP0268
LEAD0030,Jordan,Smith,jordan.smith@cedarstonehealthpartners.com,Cedarstone Health Partners Group,Chief Information Officer,549,NY,Mid-Market,Partner Referral,72,Opportunity,Converted,USR009,2023-09-27 06:18:15,2023-09-29 05:18:15,2023-09-29 05:41:15,2023-09-29 06:12:15,2023-09-29 22:12:15,,true,2023-11-20 16:18:15,ACC0315,CON0628,
LEAD0031,Vanessa,Chen,vanessa.chen@granitepeakadvisorypartners.com,Granite Peak Advisory Partners,Strategic Sourcing Manager,502,NC,Mid-Market,Partner Referral,88,Customer,Converted,USR010,2022-05-23 07:38:43,2022-05-26 00:38:43,2022-05-26 01:10:43,2022-05-26 01:50:43,2022-05-27 01:50:43,,true,2022-09-28 22:38:43,ACC0063,CON0127,OPP0337
LEAD0032,Emily,Williams,emily.williams@maplewoodconsulting.com,Maplewood Consulting,VP of Digital Transformation,1910,WA,Upper Mid-Market,Webinar / Event,73,Customer,Converted,USR012,2023-12-19 20:35:40,2023-12-21 11:35:40,2023-12-21 12:44:40,2023-12-21 14:51:40,2023-12-24 10:51:40,,true,2024-03-04 22:35:40,ACC0219,CON0436,OPP0092
LEAD0033,Bianca,Nelson,bianca.nelson@crownstonefinancialservices.com,Crownstone Financial Services Group,Solutions Architect,691,NJ,Mid-Market,Partner Referral,73,Opportunity,Converted,USR009,2026-01-30 18:25:44,2026-02-02 05:25:44,2026-02-02 06:48:44,2026-02-02 09:54:44,2026-02-05 04:54:44,,true,2026-04-30 21:25:44,ACC0021,CON0049,
LEAD0034,Jason,Edwards,jason.edwards@ironwoodprecisionworks.com,Ironwood Precision Works,Director of Business Systems,586,RI,Mid-Market,Webinar / Event,72,Customer,Converted,USR009,2022-04-01 15:11:13,2022-04-02 03:11:13,2022-04-02 03:54:13,2022-04-02 05:10:13,2022-04-03 18:10:13,,true,2022-07-06 02:11:13,ACC0054,CON0107,OPP0364
LEAD0035,Justin,Rodriguez,justin.rodriguez@vantageretail.com,Vantage Retail,VP of Technology,126,WV,SMB,Outbound SDR,72,Opportunity,Converted,USR007,2026-07-11 08:33:40,2026-07-14 03:33:40,2026-07-14 04:58:40,2026-07-14 10:58:40,2026-07-15 03:58:40,,true,2026-09-18 23:33:40,ACC0058,CON0115,
LEAD0036,Henry,Cooper,henry.cooper@vertexdigital.com,Vertex Digital Group,Chief Operating Officer,391,TN,Mid-Market,Content Download,73,Customer,Converted,USR010,2022-03-26 14:52:53,2022-03-29 01:52:53,2022-03-29 02:59:53,2022-03-29 03:37:53,2022-03-29 12:37:53,,true,2022-04-16 02:52:53,ACC0092,CON0180,
LEAD0037,Michelle,Peterson,michelle.peterson@blueharborlabs.com,Blue Harbor Labs,Strategic Sourcing Manager,488,FL,Mid-Market,Paid Search,81,Opportunity,Converted,USR010,2024-02-07 18:38:06,2024-02-08 13:38:06,2024-02-08 14:13:06,2024-02-08 16:48:06,2024-02-08 23:48:06,,true,2024-05-14 03:38:06,ACC0025,CON0056,
LEAD0038,Omar,Bennett,omar.bennett@brightpathadvisorypartners.com,BrightPath Advisory Partners LLC,General Manager,52,CA,SMB,Partner Referral,72,Customer,Converted,USR008,2022-08-27 16:49:27,2022-08-28 15:49:27,2022-08-28 16:09:27,2022-08-28 16:28:27,2022-08-30 13:28:27,,true,2023-01-18 21:49:27,ACC0250,CON0503,OPP0158
LEAD0039,Benjamin,Ramirez,benjamin.ramirez@catalysthealthpartners.com,Catalyst Health Partners Inc.,IT Applications Manager,437,CA,Mid-Market,Outbound SDR,72,Customer,Converted,USR012,2025-04-26 11:38:46,2025-04-28 14:38:46,2025-04-28 15:04:46,2025-04-28 17:14:46,2025-05-01 15:14:46,,true,2025-07-28 13:38:46,ACC0296,CON0591,OPP0008
LEAD0040,Michael,Chen,michael.chen@vantagesystems.com,Vantage Systems,Strategic Sourcing Manager,577,MA,Mid-Market,Paid Search,73,Opportunity,Converted,USR009,2026-07-08 05:58:56,2026-07-09 04:58:56,2026-07-09 05:22:56,2026-07-09 06:25:56,2026-07-10 05:25:56,,true,2026-08-29 12:58:56,ACC0124,CON0255,OPP0179
LEAD0041,Isaiah,Thomas,isaiah.thomas@bluewaterfreight.com,Bluewater Freight,Operations Manager,68,OH,SMB,Outbound SDR,72,Opportunity,Converted,USR007,2025-06-17 11:48:37,2025-06-17 16:48:37,2025-06-17 17:25:37,2025-06-17 17:56:37,2025-06-20 16:56:37,,true,2025-10-03 11:48:37,ACC0241,CON0486,OPP0425
LEAD0042,Jasmine,Thomas,jasmine.thomas@silverlinetransportation.com,Silverline Transportation,Business Operations Manager,65,FL,SMB,Inbound Demo Request,83,Opportunity,Converted,USR006,2023-07-27 08:22:09,2023-07-28 02:22:09,2023-07-28 02:55:09,2023-07-28 05:26:09,2023-07-30 14:26:09,,true,2023-10-28 18:22:09,ACC0149,CON0303,OPP0242
LEAD0043,Liam,Kelly,liam.kelly@riverbendcontracting.com,Riverbend Contracting Group,Owner,53,CA,SMB,Content Download,72,Customer,Converted,USR008,2024-08-20 07:09:03,2024-08-22 18:09:03,2024-08-22 19:03:03,2024-08-22 21:58:03,2024-08-24 07:58:03,,true,2024-11-30 07:09:03,ACC0032,CON0068,OPP0356
LEAD0044,Lucas,Reed,lucas.reed@bluewaterhealthpartners.com,Bluewater Health Partners,Transformation Manager,542,NY,Mid-Market,Inbound Demo Request,83,Opportunity,Converted,USR009,2024-05-30 08:40:49,2024-06-02 00:40:49,2024-06-02 01:14:49,2024-06-02 01:51:49,2024-06-04 08:51:49,,true,2024-07-27 08:40:49,ACC0003,CON0008,
LEAD0045,Jordan,Nguyen,jordan.nguyen@truenorthsolutions.com,TrueNorth Solutions Inc.,Transformation Manager,293,NY,Mid-Market,Outbound SDR,81,Opportunity,Converted,USR009,2026-05-06 19:03:54,2026-05-09 18:03:54,2026-05-09 18:21:54,2026-05-09 20:22:54,2026-05-10 12:22:54,,true,2026-08-04 20:03:54,ACC0012,CON0029,
LEAD0046,Madison,Reed,madison.reed@brightwellfabrication.com,Brightwell Fabrication Inc.,General Manager,73,WV,SMB,Inbound Demo Request,80,Opportunity,Converted,USR005,2026-04-19 01:17:18,2026-04-20 22:17:18,2026-04-20 22:29:18,2026-04-21 00:08:18,2026-04-22 20:08:18,,true,2026-09-06 08:17:18,ACC0236,CON0476,OPP0113
LEAD0047,Ethan,Green,ethan.green@brightpathretail.com,BrightPath Retail,Senior Program Manager,2058,NC,Upper Mid-Market,Paid Search,72,Opportunity,Converted,USR010,2023-11-08 15:53:31,2023-11-09 01:53:31,2023-11-09 02:13:31,2023-11-09 03:55:31,2023-11-10 23:55:31,,true,2023-12-12 02:53:31,ACC0172,CON0349,
LEAD0048,Maya,Walker,maya.walker@cobaltsupplychain.com,Cobalt Supply Chain LLC,Director of Procurement,1642,CA,Upper Mid-Market,Content Download,72,Customer,Converted,USR012,2022-11-09 18:55:22,2022-11-11 06:55:22,2022-11-11 07:28:22,2022-11-11 08:26:22,2022-11-13 23:26:22,,true,2022-11-28 10:55:22,ACC0140,CON0284,OPP0174
LEAD0049,Jenna,Cooper,jenna.cooper@highlandfabrication.com,Highland Fabrication,VP of Information Technology,288,IL,Mid-Market,Paid Search,80,Customer,Converted,USR011,2025-10-09 09:03:59,2025-10-10 01:03:59,2025-10-10 01:56:59,2025-10-10 05:05:59,2025-10-10 16:05:59,,true,2026-02-01 03:03:59,ACC0072,CON0146,OPP0322
LEAD0050,Catherine,Brooks,catherine.brooks@vantagefreight.com,Vantage Freight LLC,Business Operations Director,738,MI,Mid-Market,Webinar / Event,72,Opportunity,Converted,USR011,2024-03-09 17:56:53,2024-03-10 11:56:53,2024-03-10 12:42:53,2024-03-10 13:16:53,2024-03-13 08:16:53,,true,2024-06-03 19:56:53,ACC0008,CON0021,OPP0090
LEAD0051,Alexandra,Perez,alexandra.perez@sterlingadvisory.com,Sterling Advisory,Transformation Manager,609,DE,Mid-Market,Paid Search,77,Customer,Converted,USR009,2024-05-21 23:59:24,2024-05-24 06:59:24,2024-05-24 08:03:24,2024-05-24 09:40:24,2024-05-24 20:40:24,,true,2024-06-21 10:59:24,ACC0106,CON0214,OPP0142
LEAD0052,Aiden,Hayes,aiden.hayes@foxbridgelabs.com,Foxbridge Labs LLC,Vendor Management Director,1561,CA,Upper Mid-Market,Webinar / Event,72,Customer,Converted,USR012,2022-02-26 08:55:45,2022-02-27 01:55:45,2022-02-27 02:51:45,2022-02-27 03:22:45,2022-02-28 03:22:45,,true,2022-05-26 19:55:45,ACC0286,CON0572,OPP0184
LEAD0053,Brianna,Wright,brianna.wright@elmwoodfreight.com,Elmwood Freight,Enterprise Applications Lead,2018,MT,Upper Mid-Market,Webinar / Event,77,Opportunity,Converted,USR012,2026-05-21 00:12:14,2026-05-21 04:12:14,2026-05-21 04:37:14,2026-05-21 05:51:14,2026-05-21 12:51:14,,true,2026-09-19 08:12:14,ACC0013,CON0033,OPP0131
LEAD0054,David,Turner,david.turner@stonebridgeprofessionalservices.com,Stonebridge Professional Services Group,Systems Analyst,622,MN,Mid-Market,Inbound Demo Request,93,Customer,Converted,USR011,2025-01-22 18:02:26,2025-01-25 09:02:26,2025-01-25 10:01:26,2025-01-25 11:35:26,2025-01-26 09:35:26,,true,2025-04-16 18:02:26,ACC0051,CON0101,OPP0112
LEAD0055,Elizabeth,Miller,elizabeth.miller@lakeshoretraining.com,Lakeshore Training,Transformation Manager,483,KS,Mid-Market,Inbound Demo Request,90,Opportunity,Converted,USR011,2026-03-19 19:12:17,2026-03-20 07:12:17,2026-03-20 08:15:17,2026-03-20 11:01:17,2026-03-23 11:01:17,,true,2026-08-11 03:12:17,ACC0027,CON0059,OPP0348
LEAD0056,Zoe,Butler,zoe.butler@skylineindustries.com,Skyline Industries,Process Analyst,497,OK,Mid-Market,Inbound Demo Request,84,Opportunity,Converted,USR010,2023-10-06 04:33:01,2023-10-07 12:33:01,2023-10-07 13:50:01,2023-10-07 16:13:01,2023-10-09 22:13:01,,true,2023-12-24 04:33:01,ACC0077,CON0158,OPP0067
LEAD0057,Thomas,Cruz,thomas.cruz@rivermarkcapital.com,Rivermark Capital Group,Transformation Manager,641,FL,Mid-Market,Webinar / Event,72,Opportunity,Converted,USR011,2024-12-02 02:19:38,2024-12-02 16:19:38,2024-12-02 17:20:38,2024-12-02 18:52:38,2024-12-03 22:52:38,,true,2025-01-11 15:19:38,ACC0066,CON0133,OPP0222
LEAD0058,Hannah,Ward,hannah.ward@brightpathretail.com,BrightPath Retail,Solutions Architect,2058,NC,Upper Mid-Market,Inbound Demo Request,99,Opportunity,Converted,USR010,2022-12-04 12:38:00,2022-12-06 02:38:00,2022-12-06 03:27:00,2022-12-06 06:06:00,2022-12-09 03:06:00,,true,2023-05-02 22:38:00,ACC0172,CON0350,
LEAD0059,Noah,Evans,noah.evans@oakridgeindustries.com,Oakridge Industries,Chief Technology Officer,2096,CO,Upper Mid-Market,Outbound SDR,72,Customer,Converted,USR012,2026-03-12 17:11:45,2026-03-15 12:11:45,2026-03-15 12:24:45,2026-03-15 14:51:45,2026-03-18 04:51:45,,true,2026-07-03 03:11:45,ACC0062,CON0122,
LEAD0060,Ariana,Washington,ariana.washington@ridgeviewmarketplace.com,Ridgeview Marketplace,Project Manager,150,FL,SMB,Paid Search,72,Customer,Converted,USR006,2024-09-27 17:08:41,2024-09-30 02:08:41,2024-09-30 02:34:41,2024-10-01 06:34:41,2024-10-02 08:34:41,,true,2024-10-26 08:08:41,ACC0144,CON0294,OPP0244
LEAD0061,Ethan,Brooks,ethan.brooks@fairviewconsulting.com,Fairview Consulting Group,Chief Operating Officer,365,CO,Mid-Market,Organic Search,72,Customer,Converted,USR012,2024-03-13 15:52:01,2024-03-14 21:52:01,2024-03-14 22:55:01,2024-03-15 06:55:01,2024-03-16 05:55:01,,true,2024-05-08 09:52:01,ACC0171,CON0344,
LEAD0062,Priya,Chen,priya.chen@greenfieldsoftware.com,Greenfield Software,IT Manager,73,IL,SMB,Content Download,72,Customer,Converted,USR007,2024-07-12 17:47:43,2024-07-14 18:47:43,2024-07-14 19:07:43,2024-07-14 22:15:43,2024-07-16 04:15:43,,true,2024-10-04 08:47:43,ACC0075,CON0153,OPP0291
LEAD0063,Angela,Hayes,angela.hayes@brookstonebusinesssolutions.com,Brookstone Business Solutions,Owner,127,MN,SMB,Organic Search,72,Customer,Converted,USR007,2026-04-09 05:17:04,2026-04-09 19:17:04,2026-04-09 19:48:04,2026-04-10 04:48:04,2026-04-10 12:48:04,,true,2026-07-22 20:17:04,ACC0159,CON0322,OPP0340
LEAD0064,Christopher,Allen,christopher.allen@stonebridgelearning.com,Stonebridge Learning,Procurement Manager,618,MO,Mid-Market,Customer Referral,92,Opportunity,Converted,USR011,2023-04-21 09:10:54,2023-04-22 02:10:54,2023-04-22 02:58:54,2023-04-22 04:12:54,2023-04-23 08:12:54,,true,2023-08-12 01:10:54,ACC0279,CON0559,
LEAD0065,Ariana,Roberts,ariana.roberts@arborcarenetwork.com,Arbor Care Network,Business Operations Director,761,FL,Mid-Market,Content Download,72,Opportunity,Converted,USR010,2025-08-22 10:25:25,2025-08-25 02:25:25,2025-08-25 03:02:25,2025-08-25 03:24:25,2025-08-25 17:24:25,,true,2025-12-27 03:25:25,ACC0277,CON0554,OPP0050
LEAD0066,Catherine,White,catherine.white@sterlingprofessionalservices.com,Sterling Professional Services,VP of Transformation,259,VA,Mid-Market,Content Download,72,Customer,Converted,USR010,2025-03-24 10:43:45,2025-03-25 09:43:45,2025-03-25 09:57:45,2025-03-25 10:32:45,2025-03-26 04:32:45,,true,2025-05-30 17:43:45,ACC0291,CON0579,
LEAD0067,Taylor,Gray,taylor.gray@vertexsupportservices.com,Vertex Support Services,Transformation Manager,744,OH,Mid-Market,Customer Referral,99,Opportunity,Converted,USR011,2026-06-12 00:50:10,2026-06-12 11:50:10,2026-06-12 12:34:10,2026-06-12 14:52:10,2026-06-15 00:52:10,,true,2026-08-31 17:50:10,ACC0146,CON0298,OPP0274
LEAD0068,Noah,Richardson,noah.richardson@keystonelabs.com,Keystone Labs LLC,VP of Information Technology,261,WA,Mid-Market,Inbound Demo Request,94,Opportunity,Converted,USR012,2026-04-02 05:23:13,2026-04-03 17:23:13,2026-04-03 18:02:13,2026-04-03 18:51:13,2026-04-06 11:51:13,,true,2026-08-26 16:23:13,ACC0121,CON0243,OPP0212
LEAD0069,Henry,Miller,henry.miller@granitepeakmanufacturing.com,Granite Peak Manufacturing LLC,Business Analyst,135,IL,SMB,Paid Search,72,Customer,Converted,USR007,2025-09-28 05:40:08,2025-09-30 21:40:08,2025-09-30 22:49:08,2025-10-01 00:02:08,2025-10-03 20:02:08,,true,2026-02-11 18:40:08,ACC0114,CON0230,
LEAD0070,Sophia,Johnson,sophia.johnson@brightwelldigital.com,Brightwell Digital Group,VP of Operations,226,OH,Mid-Market,Paid Search,72,Customer,Converted,USR011,2023-04-28 23:08:31,2023-04-29 14:08:31,2023-04-29 14:30:31,2023-04-29 17:37:31,2023-05-02 16:37:31,,true,2023-06-12 08:08:31,ACC0179,CON0360,OPP0079
LEAD0071,Rebecca,Diaz,rebecca.diaz@cobaltlabs.com,Cobalt Labs,Chief Information Officer,2161,OR,Upper Mid-Market,Inbound Demo Request,92,Opportunity,Converted,USR012,2026-04-10 15:53:39,2026-04-13 06:53:39,2026-04-13 07:18:39,2026-04-13 09:21:39,2026-04-15 15:21:39,,true,2026-05-12 04:53:39,ACC0245,CON0491,OPP0260
LEAD0072,Brianna,Anderson,brianna.anderson@primepointsoftware.com,PrimePoint Software,Enterprise Architect,1398,LA,Upper Mid-Market,Organic Search,72,Opportunity,Converted,USR010,2026-07-27 19:45:59,2026-07-28 12:45:59,2026-07-28 13:40:59,2026-07-28 14:19:59,2026-07-29 10:19:59,,true,2026-08-27 20:45:59,ACC0122,CON0248,OPP0006
LEAD0073,Diana,Nguyen,diana.nguyen@vertexconsulting.com,Vertex Consulting,Senior Director of Operations,1669,GA,Upper Mid-Market,Content Download,72,Opportunity,Converted,USR010,2023-07-04 03:33:09,2023-07-06 13:33:09,2023-07-06 14:30:09,2023-07-06 15:55:09,2023-07-08 15:55:09,,true,2023-08-19 16:33:09,ACC0312,CON0620,OPP0171
LEAD0074,Ethan,Moore,ethan.moore@vertexretail.com,Vertex Retail Inc.,Project Coordinator,139,TX,SMB,Content Download,72,Opportunity,Converted,USR006,2024-12-11 00:48:47,2024-12-13 07:48:47,2024-12-13 08:10:47,2024-12-13 10:54:47,2024-12-14 03:54:47,,true,2025-03-26 14:48:47,ACC0308,CON0613,OPP0223
LEAD0075,Ariana,Rodriguez,ariana.rodriguez@pioneercarenetwork.com,Pioneer Care Network Inc.,Business Operations Manager,143,NY,SMB,Paid Search,72,Opportunity,Converted,USR005,2025-08-18 15:58:29,2025-08-20 23:58:29,2025-08-21 00:47:29,2025-08-21 01:30:29,2025-08-21 23:30:29,,true,2025-10-11 22:58:29,ACC0270,CON0539,OPP0170
LEAD0076,Eli,Butler,eli.butler@clearpathmanufacturing.com,ClearPath Manufacturing LLC,Director of Procurement,1191,KY,Upper Mid-Market,Content Download,72,Customer,Converted,USR010,2025-01-22 00:05:04,2025-01-23 08:05:04,2025-01-23 08:26:04,2025-01-23 10:51:04,2025-01-26 01:51:04,,true,2025-06-07 17:05:04,ACC0109,CON0222,OPP0199
LEAD0077,Jason,Thomas,jason.thomas@frontieracademy.com,Frontier Academy Group,Enterprise Systems Manager,1614,NM,Upper Mid-Market,Inbound Demo Request,72,Opportunity,Converted,USR012,2026-06-27 06:32:26,2026-06-29 12:32:26,2026-06-29 13:19:26,2026-06-29 15:50:26,2026-06-30 11:50:26,,true,2026-07-26 12:32:26,ACC0324,CON0647,OPP0335
LEAD0078,Megan,Edwards,megan.edwards@truenorthhealthservices.com,TrueNorth Health Services,Operations Manager,139,CA,SMB,Webinar / Event,73,Opportunity,Converted,USR008,2024-06-27 01:34:07,2024-06-29 04:34:07,2024-06-29 04:56:07,2024-06-29 05:49:07,2024-07-01 15:49:07,,true,2024-10-01 15:34:07,ACC0105,CON0212,OPP0211
LEAD0079,Dominic,Richardson,dominic.richardson@ridgeviewretail.com,Ridgeview Retail Group,Director of Business Systems,663,FL,Mid-Market,Inbound Demo Request,73,Customer,Converted,USR010,2024-04-13 16:17:56,2024-04-16 04:17:56,2024-04-16 05:07:56,2024-04-16 06:01:56,2024-04-18 10:01:56,,true,2024-07-16 20:17:56,ACC0084,CON0170,OPP0307
LEAD0080,Charles,Green,charles.green@bridgewaylearningsystems.com,Bridgeway Learning Systems Group,Enterprise Applications Lead,2073,NY,Upper Mid-Market,Inbound Demo Request,86,Customer,Converted,USR009,2025-02-17 14:20:06,2025-02-20 13:20:06,2025-02-20 14:25:06,2025-02-20 15:45:06,2025-02-22 04:45:06,,true,2025-03-21 06:20:06,ACC0098,CON0197,OPP0297
LEAD0081,Christopher,Patel,christopher.patel@catalystsupportservices.com,Catalyst Support Services,Enterprise Architect,1806,MO,Upper Mid-Market,Outbound SDR,78,Customer,Converted,USR011,2025-09-12 02:35:03,2025-09-12 10:35:03,2025-09-12 11:35:03,2025-09-13 17:35:03,2025-09-14 02:35:03,,true,2025-11-28 15:35:03,ACC0113,CON0228,
LEAD0082,Benjamin,Cooper,benjamin.cooper@redwoodfabrication.com,Redwood Fabrication,IT Manager,79,GA,SMB,Organic Search,72,Customer,Converted,USR006,2022-11-08 01:42:15,2022-11-09 20:42:15,2022-11-09 21:18:15,2022-11-10 00:43:15,2022-11-10 09:43:15,,true,2023-03-29 11:42:15,ACC0031,CON0066,OPP0086
LEAD0083,Alicia,Lewis,alicia.lewis@primepointcommerce.com,PrimePoint Commerce Inc.,Director of Operations,163,NJ,SMB,Content Download,72,Opportunity,Converted,USR007,2026-05-14 13:58:36,2026-05-14 21:58:36,2026-05-14 22:34:36,2026-05-15 00:38:36,2026-05-15 04:38:36,,true,2026-08-05 06:58:36,ACC0157,CON0319,OPP0014
LEAD0084,Isabella,Adams,isabella.adams@vertexlogistics.com,Vertex Logistics,General Manager,82,CA,SMB,Inbound Demo Request,93,Customer,Converted,USR008,2024-01-26 08:44:37,2024-01-27 00:44:37,2024-01-27 01:58:37,2024-01-27 05:03:37,2024-01-28 11:03:37,,true,2024-03-14 11:44:37,ACC0147,CON0299,OPP0135
LEAD0085,Angela,Garcia,angela.garcia@elmwoodfreight.com,Elmwood Freight,Vendor Management Director,2018,MT,Upper Mid-Market,Content Download,72,Opportunity,Converted,USR012,2026-06-30 16:16:42,2026-07-02 13:16:42,2026-07-02 13:51:42,2026-07-02 14:42:42,2026-07-05 07:42:42,,true,2026-09-10 23:16:42,ACC0013,CON0034,OPP0005
LEAD0086,Carlos,Perry,carlos.perry@cedarstoneoperations.com,Cedarstone Operations,Chief Information Officer,595,OR,Mid-Market,Inbound Demo Request,87,Opportunity,Converted,USR012,2026-04-13 06:46:52,2026-04-15 01:46:52,2026-04-15 02:43:52,2026-04-15 03:48:52,2026-04-17 19:48:52,,true,2026-08-11 20:46:52,ACC0004,CON0010,OPP0160
LEAD0087,Marcus,Garcia,marcus.garcia@harborviewclinicalservices.com,Harborview Clinical Services Group,Director of Business Systems,513,NJ,Mid-Market,Paid Search,79,Opportunity,Converted,USR009,2023-09-10 01:36:35,2023-09-12 20:36:35,2023-09-12 21:11:35,2023-09-13 00:24:35,2023-09-15 03:24:35,,true,2024-01-13 12:36:35,ACC0156,CON0318,OPP0251
LEAD0088,Chloe,Perry,chloe.perry@goldcrestdistribution.com,Goldcrest Distribution Inc.,Solutions Architect,1704,NY,Upper Mid-Market,Partner Referral,96,Opportunity,Converted,USR009,2023-08-08 01:55:25,2023-08-10 21:55:25,2023-08-10 22:57:25,2023-08-10 23:40:25,2023-08-12 08:40:25,,true,2023-09-06 15:55:25,ACC0001,CON0004,OPP0230
LEAD0089,Michael,Hill,michael.hill@clearpathadvisory.com,ClearPath Advisory,Program Coordinator,718,GA,Mid-Market,Webinar / Event,77,Customer,Converted,USR010,2025-08-18 19:25:29,2025-08-21 11:25:29,2025-08-21 12:40:29,2025-08-21 13:58:29,2025-08-21 23:58:29,,true,2025-11-07 05:25:29,ACC0068,CON0138,OPP0127
LEAD0090,Steven,Reed,steven.reed@truenorthsupplychain.com,TrueNorth Supply Chain,Strategic Sourcing Manager,826,CT,Mid-Market,Paid Search,72,Customer,Converted,USR009,2026-02-27 23:56:44,2026-03-02 04:56:44,2026-03-02 05:36:44,2026-03-03 08:36:44,2026-03-06 02:36:44,,true,2026-05-09 08:56:44,ACC0247,CON0499,OPP0126
LEAD0091,Chloe,Bell,chloe.bell@eastwoodfinancialservices.com,Eastwood Financial Services Group,Business Systems Analyst,587,GA,Mid-Market,Organic Search,72,Customer,Converted,USR010,2026-02-14 03:01:04,2026-02-16 08:01:04,2026-02-16 08:56:04,2026-02-16 12:17:04,2026-02-17 10:17:04,,true,2026-06-23 11:01:04,ACC0272,CON0544,OPP0182
LEAD0092,Aaron,Collins,aaron.collins@frontierlabs.com,Frontier Labs LLC,Owner,179,VA,SMB,Outbound SDR,72,Opportunity,Converted,USR006,2025-08-03 01:12:26,2025-08-03 12:12:26,2025-08-03 13:41:26,2025-08-03 15:04:26,2025-08-04 06:04:26,,true,2025-12-23 05:12:26,ACC0024,CON0053,
LEAD0093,Nicole,Turner,nicole.turner@northwindsupportservices.com,Northwind Support Services Inc.,Chief Operating Officer,353,IL,Mid-Market,Content Download,72,Opportunity,Converted,USR011,2026-03-08 05:30:07,2026-03-10 06:30:07,2026-03-10 07:11:07,2026-03-10 09:36:07,2026-03-11 00:36:07,,true,2026-07-20 12:30:07,ACC0211,CON0418,
LEAD0094,Omar,Morgan,omar.morgan@westfieldlabs.com,Westfield Labs,Systems Administrator,83,TX,SMB,Partner Referral,84,Customer,Converted,USR006,2023-08-22 03:42:07,2023-08-25 02:42:07,2023-08-25 03:41:07,2023-08-25 04:18:07,2023-08-26 06:18:07,,true,2023-10-02 13:42:07,ACC0208,CON0411,OPP0338
LEAD0095,Eli,Thomas,eli.thomas@cedarstonehealthservices.com,Cedarstone Health Services LLC,Business Analyst,147,NY,SMB,Paid Search,72,Opportunity,Converted,USR005,2025-06-14 20:45:19,2025-06-15 05:45:19,2025-06-15 05:59:19,2025-06-15 07:06:19,2025-06-17 08:06:19,,true,2025-09-06 04:45:19,ACC0267,CON0536,OPP0224
LEAD0096,David,Howard,david.howard@clearwatersupportservices.com,Clearwater Support Services Group,IT Applications Manager,447,TN,Mid-Market,Webinar / Event,72,Opportunity,Converted,USR010,2025-11-02 10:55:09,2025-11-03 06:55:09,2025-11-03 07:05:09,2025-11-03 09:48:09,2025-11-04 08:48:09,,true,2026-03-05 21:55:09,ACC0202,CON0397,
LEAD0097,Ella,Smith,ella.smith@bluepeakdistribution.com,BluePeak Distribution Group,VP of Technology,130,GA,SMB,Outbound SDR,72,Opportunity,Converted,USR006,2023-07-17 03:31:06,2023-07-18 18:31:06,2023-07-18 19:22:06,2023-07-18 20:34:06,2023-07-21 04:34:06,,true,2023-10-30 06:31:06,ACC0002,CON0005,OPP0259
LEAD0098,Ashley,Smith,ashley.smith@granitepeakcarenetwork.com,Granite Peak Care Network LLC,Operations Manager,71,OK,SMB,Partner Referral,82,Customer,Converted,USR006,2024-08-22 07:32:53,2024-08-23 14:32:53,2024-08-23 15:42:53,2024-08-23 16:34:53,2024-08-25 14:34:53,,true,2025-01-03 22:32:53,ACC0153,CON0312,OPP0245
LEAD0099,Steven,Butler,steven.butler@primepointsoftware.com,PrimePoint Software,Director of Business Transformation,1398,LA,Upper Mid-Market,Partner Referral,75,Opportunity,Converted,USR010,2026-06-26 03:52:16,2026-06-27 04:52:16,2026-06-27 06:05:16,2026-06-27 08:27:16,2026-06-28 04:27:16,,true,2026-08-24 06:52:16,ACC0122,CON0247,OPP0361
LEAD0100,Angela,Cooper,angela.cooper@suncrestfreight.com,Suncrest Freight Inc.,Purchasing Manager,56,,SMB,Customer Referral,72,Opportunity,Converted,USR005,2024-09-09 06:51:00,2024-09-11 09:51:00,2024-09-11 10:36:00,2024-09-11 12:08:00,2024-09-14 06:08:00,,true,2025-01-09 09:51:00,ACC0134,CON0271,OPP0354
LEAD0101,Lucas,Stewart,lucas.stewart@maplewoodsystems.com,Maplewood Systems,Owner,126,VA,SMB,Partner Referral,75,Customer,Converted,USR006,2022-11-19 14:11:14,2022-11-22 07:11:14,2022-11-22 07:59:14,2022-11-22 08:42:14,2022-11-24 04:42:14,,true,2023-01-06 00:11:14,ACC0053,CON0105,OPP0252
LEAD0102,Grace,Lopez,grace.lopez@fairviewmanufacturing.com,Fairview Manufacturing,Solutions Architect,2011,NC,Upper Mid-Market,Partner Referral,79,Opportunity,Converted,USR010,2024-03-14 23:28:56,2024-03-16 03:28:56,2024-03-16 04:11:56,2024-03-16 07:30:56,2024-03-16 18:30:56,,true,2024-06-26 11:28:56,ACC0282,CON0565,OPP0270
LEAD0103,Charles,Peterson,charles.peterson@suncrestfreight.com,Suncrest Freight Inc.,Operations Manager,56,,SMB,Organic Search,72,Opportunity,Converted,USR005,2024-02-18 10:44:12,2024-02-20 06:44:12,2024-02-20 07:58:12,2024-02-20 10:48:12,2024-02-23 10:48:12,,true,2024-06-23 18:44:12,ACC0134,CON0270,
LEAD0104,Chloe,Collins,chloe.collins@skylineindustries.com,Skyline Industries,VP of Business Systems,497,OK,Mid-Market,Organic Search,77,Opportunity,Converted,USR010,2024-07-26 17:20:17,2024-07-28 06:20:17,2024-07-28 07:49:17,2024-07-28 11:13:17,2024-07-30 06:13:17,,true,2024-10-24 11:20:17,ACC0077,CON0156,
LEAD0105,Jose,Roberts,jose.roberts@oakridgeprofessionalservices.com,Oakridge Professional Services,Business Operations Manager,83,OH,SMB,Webinar / Event,72,Opportunity,Converted,USR007,2023-07-10 00:38:00,2023-07-13 00:38:00,2023-07-13 01:18:00,2023-07-13 02:41:00,2023-07-13 09:41:00,,true,2023-11-17 00:38:00,ACC0199,CON0393,OPP0320
LEAD0106,Elena,Jones,elena.jones@northstarprofessionalservices.com,Northstar Professional Services,Finance Manager,148,CA,SMB,Customer Referral,75,Opportunity,Converted,USR008,2026-03-23 08:09:37,2026-03-23 14:09:37,2026-03-23 15:02:37,2026-03-23 15:31:37,2026-03-24 07:31:37,,true,2026-08-15 19:09:37,ACC0009,CON0024,OPP0121
LEAD0107,Christopher,Collins,christopher.collins@cedarstonehealthservices.com,Cedarstone Health Services LLC,President,147,NY,SMB,Customer Referral,92,Opportunity,Converted,USR005,2025-03-29 05:30:59,2025-03-29 09:30:59,2025-03-29 10:31:59,2025-03-29 13:07:59,2025-03-30 18:07:59,,true,2025-05-27 17:30:59,ACC0267,CON0535,OPP0076
LEAD0108,Liam,Patel,liam.patel@westlakeservices.com,Westlake Services Group,Business Analyst,69,AZ,SMB,Organic Search,72,Customer,Converted,USR008,2026-03-04 05:45:05,2026-03-04 09:45:05,2026-03-04 10:04:05,2026-03-04 10:25:05,2026-03-07 10:25:05,,true,2026-07-08 14:45:05,ACC0151,CON0306,OPP0249
LEAD0109,Abigail,Washington,abigail.washington@lakeshoretraining.com,Lakeshore Training,VP of Transformation,483,KS,Mid-Market,Outbound SDR,72,Opportunity,Converted,USR011,2026-04-26 12:32:19,2026-04-27 21:32:19,2026-04-27 22:15:19,2026-04-28 01:42:19,2026-04-29 17:42:19,,true,2026-08-26 19:32:19,ACC0027,CON0058,OPP0087
LEAD0110,Aaliyah,Kelly,aaliyah.kelly@frontierbuilders.com,Frontier Builders,Chief Technology Officer,1510,NJ,Upper Mid-Market,Partner Referral,92,Customer,Converted,USR009,2023-06-29 18:47:44,2023-06-30 06:47:44,2023-06-30 07:06:44,2023-06-30 15:06:44,2023-07-01 01:06:44,,true,2023-11-04 12:47:44,ACC0322,CON0640,
LEAD0111,Jordan,Collins,jordan.collins@crescentsolutions.com,Crescent Solutions,Solutions Architect,711,NY,Mid-Market,Outbound SDR,72,Customer,Converted,USR012,2026-03-08 16:21:01,2026-03-10 10:21:01,2026-03-10 11:20:01,2026-03-10 14:47:01,2026-03-11 18:47:01,,true,2026-07-19 21:21:01,ACC0258,CON0518,OPP0257
LEAD0112,Alicia,Rivera,alicia.rivera@northstarretail.com,Northstar Retail,Procurement Manager,512,KS,Mid-Market,Organic Search,72,Opportunity,Converted,USR011,2024-03-05 12:02:01,2024-03-07 20:02:01,2024-03-07 20:19:01,2024-03-07 21:48:01,2024-03-09 21:48:01,,true,2024-04-25 05:02:01,ACC0196,CON0389,
LEAD0113,Aaron,Robinson,aaron.robinson@skylineprecisionworks.com,Skyline Precision Works Group,Systems Manager,842,TX,Mid-Market,Outbound SDR,72,Customer,Converted,USR010,2026-02-18 08:12:22,2026-02-19 17:12:22,2026-02-19 18:32:22,2026-02-20 13:32:22,2026-02-21 15:32:22,,true,2026-06-09 10:12:22,ACC0136,CON0275,OPP0298
LEAD0114,Andrew,Martinez,andrew.martinez@horizonsupportservices.com,Horizon Support Services,Chief Operating Officer,2368,WV,Upper Mid-Market,Partner Referral,72,Customer,Converted,USR009,2024-08-22 11:18:49,2024-08-22 23:18:49,2024-08-22 23:46:49,2024-08-23 02:18:49,2024-08-23 10:18:49,,true,2024-12-18 20:18:49,ACC0274,CON0546,OPP0401
LEAD0115,Emily,Shah,emily.shah@truenorthfabrication.com,TrueNorth Fabrication,Operations Manager,46,FL,SMB,Webinar / Event,72,Customer,Converted,USR006,2021-12-28 07:38:07,2021-12-31 06:38:07,2021-12-31 08:07:07,2021-12-31 11:36:07,2022-01-01 10:36:07,,true,2022-03-20 23:38:07,ACC0022,CON0050,OPP0236
LEAD0116,Andrea,Butler,andrea.butler@bluewaterprecisionworks.com,Bluewater Precision Works,General Manager,97,AK,SMB,Inbound Demo Request,94,Opportunity,Converted,USR008,2024-02-20 11:37:41,2024-02-21 19:37:41,2024-02-21 20:21:41,2024-02-21 21:33:41,2024-02-23 17:33:41,,true,2024-04-09 15:37:41,ACC0036,CON0077,
LEAD0117,Emily,Adams,emily.adams@westfieldretail.com,Westfield Retail Group,Operations Manager,59,CA,SMB,Customer Referral,91,Opportunity,Converted,USR008,2024-01-28 00:06:58,2024-01-30 11:06:58,2024-01-30 12:08:58,2024-01-30 12:26:58,2024-01-31 02:26:58,,true,2024-04-25 02:06:58,ACC0251,CON0505,OPP0063
LEAD0118,William,Gomez,william.gomez@fairviewmanufacturing.com,Fairview Manufacturing,Senior Procurement Manager,2011,NC,Upper Mid-Market,Content Download,72,Opportunity,Converted,USR010,2024-04-12 13:47:14,2024-04-14 10:47:14,2024-04-14 12:10:14,2024-04-14 13:30:14,2024-04-17 03:30:14,,true,2024-07-22 21:47:14,ACC0282,CON0564,OPP0300
LEAD0119,Anthony,Morris,anthony.morris@fairviewmanufacturing.com,Fairview Manufacturing,Chief Information Officer,2011,NC,Upper Mid-Market,Outbound SDR,76,Opportunity,Converted,USR010,2024-11-20 21:14:43,2024-11-22 02:14:43,2024-11-22 03:11:43,2024-11-22 05:51:43,2024-11-24 01:51:43,,true,2024-12-23 14:14:43,ACC0282,CON0562,OPP0181
LEAD0120,Eric,Lopez,eric.lopez@skylineclinicalservices.com,Skyline Clinical Services,VP of Technology,64,GA,SMB,Content Download,72,Customer,Converted,USR006,2025-02-24 12:08:13,2025-02-26 22:08:13,2025-02-26 22:45:13,2025-02-26 23:33:13,2025-02-28 14:33:13,,true,2025-06-20 13:08:13,ACC0046,CON0091,OPP0288
LEAD0121,Andrea,Howard,andrea.howard@stonebridgelearning.com,Stonebridge Learning,Business Operations Director,618,MO,Mid-Market,Inbound Demo Request,84,Opportunity,Converted,USR011,2023-04-30 17:32:47,2023-05-03 08:32:47,2023-05-03 08:59:47,2023-05-03 10:35:47,2023-05-05 23:35:47,,true,2023-09-17 08:32:47,ACC0279,CON0558,OPP0155
LEAD0122,Ethan,Phillips,ethan.phillips@keystonelabs.com,Keystone Labs,Transformation Manager,365,WV,Mid-Market,Paid Search,72,Opportunity,Converted,USR009,2025-04-07 18:14:51,2025-04-09 04:14:51,2025-04-09 05:31:51,2025-04-09 23:31:51,2025-04-12 16:31:51,,true,2025-06-29 04:14:51,ACC0221,CON0442,OPP0410
LEAD0123,Camila,Young,camila.young@mosaicprecisionworks.com,Mosaic Precision Works,Owner,56,TN,SMB,Inbound Demo Request,79,Customer,Converted,USR006,2026-02-09 08:32:21,2026-02-12 03:32:21,2026-02-12 04:18:21,2026-02-12 05:11:21,2026-02-13 18:11:21,,true,2026-07-04 15:32:21,ACC0318,CON0633,OPP0365
LEAD0124,Taylor,Thompson,taylor.thompson@riverbendcontracting.com,Riverbend Contracting Group,Project Manager,53,CA,SMB,Partner Referral,74,Customer,Converted,USR008,2024-12-12 13:32:42,2024-12-13 07:32:42,2024-12-13 08:30:42,2024-12-13 12:00:42,2024-12-13 16:00:42,,true,2025-01-22 07:32:42,ACC0032,CON0069,
LEAD0125,Brianna,Parker,brianna.parker@elmwoodfreight.com,Elmwood Freight,Director of Process Excellence,2018,MT,Upper Mid-Market,Webinar / Event,72,Opportunity,Converted,USR012,2026-06-06 19:25:58,2026-06-08 19:25:58,2026-06-08 19:51:58,2026-06-09 02:51:58,2026-06-11 15:51:58,,true,2026-08-20 20:25:58,ACC0013,CON0032,OPP0177
LEAD0126,Eva,Allen,eva.allen@evergreenservices.com,Evergreen Services Group Inc.,VP of Operations,79,WA,SMB,Inbound Demo Request,95,Customer,Converted,USR008,2024-08-25 08:33:20,2024-08-27 05:33:20,2024-08-27 05:56:20,2024-08-27 06:58:20,2024-08-29 07:58:20,,true,2024-10-30 08:33:20,ACC0049,CON0095,OPP0313
LEAD0127,Ariana,Thompson,ariana.thompson@highpointhealthpartners.com,Highpoint Health Partners,Chief Information Officer,377,FL,Mid-Market,Webinar / Event,72,Opportunity,Converted,USR010,2025-05-11 23:31:53,2025-05-12 20:31:53,2025-05-12 20:47:53,2025-05-12 21:09:53,2025-05-15 14:09:53,,true,2025-08-28 05:31:53,ACC0249,CON0501,OPP0209
LEAD0128,Aaron,Bailey,,Cedarstone Freight LLC,Director of Operations,61,CA,SMB,Webinar / Event,72,Opportunity,Converted,USR008,2024-05-01 21:37:26,2024-05-02 11:37:26,2024-05-02 12:14:26,2024-05-02 14:07:26,2024-05-03 16:07:26,,true,2024-06-09 21:37:26,ACC0222,CON0444,OPP0185
LEAD0129,Amanda,Clark,amanda.clark@vertexdigital.com,Vertex Digital LLC,Senior Director of Operations,1774,FL,Upper Mid-Market,Organic Search,72,Opportunity,Converted,USR010,2023-10-03 19:29:33,2023-10-04 03:29:33,2023-10-04 04:12:33,2023-10-04 05:38:33,2023-10-06 11:38:33,,true,2024-01-12 07:29:33,ACC0014,CON0036,
LEAD0130,Aiden,Kim,aiden.kim@clearwatermanufacturing.com,Clearwater Manufacturing,Business Operations Manager,52,MS,SMB,Content Download,72,Opportunity,Converted,USR006,2024-05-07 13:45:43,2024-05-09 23:45:43,2024-05-10 00:52:43,2024-05-10 03:04:43,2024-05-11 17:04:43,,true,2024-06-12 13:45:43,ACC0299,CON0598,OPP0093
LEAD0131,Andrew,Martinez,andrew.martinez@eastgateadvisorypartners.com,Eastgate Advisory Partners,Chief Technology Officer,1862,OH,Upper Mid-Market,Webinar / Event,77,Opportunity,Converted,USR011,2026-04-11 17:17:50,2026-04-14 17:17:50,2026-04-14 18:08:50,2026-04-14 18:43:50,2026-04-15 22:43:50,,true,2026-08-29 07:17:50,ACC0223,CON0446,
LEAD0132,Nicole,White,nicole.white@suncrestsystems.com,Suncrest Systems,Director of Operations,510,IN,Mid-Market,Webinar / Event,72,Opportunity,Converted,USR011,2024-12-21 05:42:30,2024-12-21 13:42:30,2024-12-21 14:04:30,2024-12-21 15:05:30,2024-12-23 23:05:30,,true,2025-03-17 12:42:30,ACC0298,CON0596,OPP0024
LEAD0133,Carmen,Scott,carmen.scott@riverbendmedicalgroup.com,Riverbend Medical Group Inc.,SVP of Operations,2013,CO,Upper Mid-Market,Outbound SDR,77,Customer,Converted,USR012,2023-10-11 00:40:54,2023-10-12 03:40:54,2023-10-12 04:35:54,2023-10-13 08:35:54,2023-10-13 21:35:54,,true,2023-11-29 05:40:54,ACC0246,CON0494,
LEAD0134,Jenna,Hernandez,jenna.hernandez@bluepeakfabrication.com,BluePeak Fabrication,IT Manager,162,WY,SMB,Organic Search,72,Customer,Converted,USR008,2024-11-28 15:47:58,2024-11-28 22:47:58,2024-11-29 00:10:58,2024-11-29 02:58:58,2024-11-29 08:58:58,,true,2025-04-25 19:47:58,ACC0188,CON0374,OPP0379
LEAD0135,Jessica,Scott,jessica.scott@vantagetraining.com,Vantage Training,Senior Operations Manager,701,WA,Mid-Market,Content Download,72,Opportunity,Converted,USR012,2025-03-13 14:36:06,2025-03-15 11:36:06,2025-03-15 11:54:06,2025-03-15 15:05:06,2025-03-16 04:05:06,,true,2025-07-01 21:36:06,ACC0292,CON0582,OPP0377
LEAD0136,Aaliyah,Kim,aaliyah.kim@clearpathmanufacturing.com,ClearPath Manufacturing LLC,Senior Director of Operations,1191,KY,Upper Mid-Market,Webinar / Event,72,Customer,Converted,USR010,2026-02-22 06:15:07,2026-02-24 03:15:07,2026-02-24 04:01:07,2026-02-24 06:00:07,2026-02-24 10:00:07,,true,2026-05-27 00:15:07,ACC0109,CON0220,OPP0374
LEAD0137,Emily,Hayes,emily.hayes@riverbendlearningsystems.com,Riverbend Learning Systems,Director of Process Excellence,2169,DC,Upper Mid-Market,Inbound Demo Request,90,Customer,Converted,USR009,2025-05-23 05:59:47,2025-05-24 20:59:47,2025-05-24 21:11:47,2025-05-24 21:43:47,2025-05-27 20:43:47,,true,2025-10-10 17:59:47,ACC0254,CON0511,
LEAD0138,Ella,Rodriguez,ella.rodriguez@crescentsolutions.com,Crescent Solutions,VP of Transformation,711,NY,Mid-Market,Inbound Demo Request,81,Customer,Converted,USR012,2026-07-12 15:48:41,2026-07-15 13:48:41,2026-07-15 15:02:41,2026-07-16 10:02:41,2026-07-17 16:02:41,,true,2026-09-02 00:48:41,ACC0258,CON0517,OPP0062
LEAD0139,Katherine,Rivera,katherine.rivera@northstartechnologies.com,Northstar Technologies Inc.,VP of Business Systems,586,AZ,Mid-Market,Inbound Demo Request,86,Opportunity,Converted,USR012,2026-03-30 15:35:39,2026-03-31 10:35:39,2026-03-31 11:55:39,2026-03-31 13:52:39,2026-04-03 04:52:39,,true,2026-07-24 15:35:39,ACC0078,CON0159,OPP0323
LEAD0140,Eric,Bell,eric.bell@cobaltsupplychain.com,Cobalt Supply Chain LLC,Senior Business Systems Analyst,1642,CA,Upper Mid-Market,Paid Search,72,Customer,Converted,USR012,2022-06-02 07:54:34,2022-06-02 14:54:34,2022-06-02 16:19:34,2022-06-02 18:08:34,2022-06-04 20:08:34,,true,2022-06-24 23:54:34,ACC0140,CON0285,OPP0025
LEAD0141,Aiden,Walker,aiden.walker@clearwaterprecisionworks.com,Clearwater Precision Works LLC,VP of Technology,131,FL,SMB,Inbound Demo Request,79,Customer,Converted,USR006,2023-06-16 21:00:04,2023-06-17 22:00:04,2023-06-17 23:03:04,2023-06-18 00:59:04,2023-06-18 23:59:04,,true,2023-08-27 13:00:04,ACC0176,CON0356,OPP0295
LEAD0142,Olivia,Campbell,olivia.campbell@horizonoperations.com,Horizon Operations Group,Business Operations Director,612,WA,Mid-Market,Outbound SDR,73,Opportunity,Converted,USR012,2023-11-04 01:25:54,2023-11-04 12:25:54,2023-11-04 13:28:54,2023-11-04 14:21:54,2023-11-05 17:21:54,,true,2023-12-23 01:25:54,ACC0293,CON0585,OPP0233
LEAD0143,Aiden,Taylor,aiden.taylor@vertexlogistics.com,Vertex Logistics,Project Manager,82,CA,SMB,Inbound Demo Request,83,Customer,Converted,USR008,2023-05-17 01:12:45,2023-05-18 22:12:45,2023-05-18 22:52:45,2023-05-19 01:29:45,2023-05-20 03:29:45,,true,2023-09-27 06:12:45,ACC0147,CON0300,OPP0285
LEAD0144,Camila,Perez,camila.perez@sterlingdistribution.com,Sterling Distribution,Business Operations Director,462,MI,Mid-Market,Organic Search,78,Customer,Converted,USR011,2022-08-28 11:04:55,2022-08-30 13:04:55,2022-08-30 14:14:55,2022-08-30 14:47:55,2022-08-31 09:47:55,,true,2022-12-05 11:04:55,ACC0060,CON0119,
LEAD0145,Jacob,Hill,jacob.hill@parklinemanufacturing.com,Parkline Manufacturing,Solutions Architect,370,WI,Mid-Market,Content Download,72,Customer,Converted,USR011,2023-07-05 05:59:14,2023-07-06 04:59:14,2023-07-06 05:33:14,2023-07-06 07:33:14,2023-07-07 18:33:14,,true,2023-09-14 12:59:14,ACC0216,CON0430,OPP0314
LEAD0146,Leah,Gomez,leah.gomez@redstoneconstruction.com,Redstone Construction,Senior Analyst,323,CO,Mid-Market,Outbound SDR,72,Opportunity,Converted,USR012,2026-02-05 12:45:04,2026-02-06 00:45:04,2026-02-06 01:14:04,2026-02-06 03:15:04,2026-02-07 16:15:04,,true,2026-06-12 04:45:04,ACC0160,CON0326,
LEAD0147,Jose,King,jose.king@greenfieldservices.com,Greenfield Services Group LLC,VP of Operations,590,CT,Mid-Market,Webinar / Event,72,Customer,Converted,USR009,2026-02-20 22:20:15,2026-02-22 23:20:15,2026-02-23 00:08:15,2026-02-23 08:08:15,2026-02-25 23:08:15,,true,2026-06-06 03:20:15,ACC0313,CON0622,OPP0316
LEAD0148,Carmen,Johnson,carmen.johnson@sterlingdistribution.com,Sterling Distribution,Chief Information Officer,462,MI,Mid-Market,Partner Referral,87,Customer,Converted,USR011,2023-07-31 02:37:04,2023-07-31 22:37:04,2023-07-31 23:28:04,2023-08-01 01:26:04,2023-08-02 13:26:04,,true,2023-09-19 16:37:04,ACC0060,CON0118,OPP0124
LEAD0149,Sofia,Taylor,sofia.taylor@apextechnologies.com,Apex Technologies Group,Business Operations Manager,41,MD,SMB,Content Download,72,Customer,Converted,USR005,2023-09-04 22:55:23,2023-09-07 21:55:23,2023-09-07 22:08:23,2023-09-08 00:23:23,2023-09-10 10:23:23,,true,2024-01-23 12:55:23,ACC0039,CON0081,OPP0280
LEAD0150,Zoe,Jenkins,zoe.jenkins@ironwoodfinancial.com,Ironwood Financial Group,General Manager,45,FL,SMB,Organic Search,72,Opportunity,Converted,USR006,2026-04-12 20:21:51,2026-04-14 09:21:51,2026-04-14 10:19:51,2026-04-14 10:47:51,2026-04-16 06:47:51,,true,2026-07-02 00:21:51,ACC0191,CON0381,OPP0403
LEAD0151,Madison,Brooks,madison.brooks@keystonelabs.com,Keystone Labs,Senior Business Analyst,365,WV,Mid-Market,Content Download,72,Opportunity,Converted,USR009,2024-11-04 20:51:02,2024-11-06 21:51:02,2024-11-06 23:15:02,2024-11-07 00:11:02,2024-11-09 00:11:02,,true,2025-01-08 02:51:02,ACC0221,CON0443,OPP0372
LEAD0152,Claire,Johnson,claire.johnson@bluewatercontracting.com,Bluewater Contracting,Operations Manager,113,CA,SMB,Content Download,72,Customer,Converted,USR008,2026-01-29 14:52:13,2026-01-30 19:52:13,2026-01-30 20:23:13,2026-01-30 22:44:13,2026-02-02 10:44:13,,true,2026-03-09 07:52:13,ACC0173,CON0351,OPP0027
LEAD0153,Megan,James,megan.james@maplewoodconsulting.com,Maplewood Consulting,Senior Director of Operations,1910,WA,Upper Mid-Market,Content Download,72,Customer,Converted,USR012,2024-02-11 10:44:36,2024-02-13 00:44:36,2024-02-13 01:33:36,2024-02-13 01:56:36,2024-02-14 16:56:36,,true,2024-06-10 16:44:36,ACC0219,CON0437,OPP0204
LEAD0154,Elizabeth,Gray,elizabeth.gray@sterlingdigital.com,Sterling Digital,Chief Information Officer,895,IL,Mid-Market,Outbound SDR,72,Customer,Converted,USR011,2023-01-21 20:35:46,2023-01-24 13:35:46,2023-01-24 15:01:46,2023-01-24 17:47:46,2023-01-27 13:47:46,,true,2023-03-03 04:35:46,ACC0257,CON0516,OPP0026
LEAD0155,Michael,Ramirez,michael.ramirez@apexmarketplace.com,Apex Marketplace,Chief Operating Officer,306,MD,Mid-Market,Organic Search,80,Opportunity,Converted,USR009,2023-08-06 20:02:15,2023-08-07 18:02:15,2023-08-07 19:24:15,2023-08-07 20:04:15,2023-08-08 21:04:15,,true,2023-09-04 03:02:15,ACC0269,CON0538,OPP0049
LEAD0156,Michael,Hall,michael.hall@lakeshoremanufacturing.com,Lakeshore Manufacturing,Solutions Architect,1448,IL,Upper Mid-Market,Organic Search,72,Customer,Converted,USR011,2023-07-15 17:38:52,2023-07-16 11:38:52,2023-07-16 12:11:52,2023-07-16 13:08:52,2023-07-18 22:08:52,,true,2023-11-22 06:38:52,ACC0266,CON0534,OPP0327
LEAD0157,Angela,Edwards,angela.edwards@bluewaterindustrial.com,Bluewater Industrial,Chief Operating Officer,693,,Mid-Market,Outbound SDR,75,Opportunity,Converted,USR010,2024-09-29 04:44:22,2024-10-01 14:44:22,2024-10-01 15:07:22,2024-10-02 16:07:22,2024-10-03 19:07:22,,true,2024-12-27 22:44:22,ACC0190,CON0378,OPP0159
LEAD0158,Jason,Jenkins,jason.jenkins@opengateadvisorypartners.com,OpenGate Advisory Partners Inc.,VP of Digital Transformation,1853,MN,Upper Mid-Market,Content Download,72,Opportunity,Converted,USR011,2025-06-01 09:54:09,2025-06-01 15:54:09,2025-06-01 16:26:09,2025-06-01 17:06:09,2025-06-02 18:06:09,,true,2025-10-07 23:54:09,ACC0230,CON0463,OPP0358
LEAD0159,Christopher,Torres,christopher.torres@maplewooddistribution.com,Maplewood Distribution Inc.,Strategic Sourcing Manager,731,MO,Mid-Market,Content Download,72,Customer,Converted,USR011,2026-01-31 16:34:37,2026-01-31 21:34:37,2026-01-31 22:16:37,2026-02-01 01:39:37,2026-02-03 02:39:37,,true,2026-03-28 16:34:37,ACC0139,CON0281,OPP0318
LEAD0160,Ashley,Campbell,ashley.campbell@catalystsupportservices.com,Catalyst Support Services,Chief Information Officer,1806,MO,Upper Mid-Market,Paid Search,72,Customer,Converted,USR011,2025-09-21 00:11:51,2025-09-23 12:11:51,2025-09-23 12:40:51,2025-09-23 22:40:51,2025-09-24 11:40:51,,true,2025-12-22 16:11:51,ACC0113,CON0226,
LEAD0161,Aiden,Nelson,aiden.nelson@cobaltsupplychain.com,Cobalt Supply Chain LLC,VP of Enterprise Systems,1642,CA,Upper Mid-Market,Partner Referral,75,Customer,Converted,USR012,2022-10-15 03:48:07,2022-10-17 13:48:07,2022-10-17 15:13:07,2022-10-18 10:13:07,2022-10-20 13:13:07,,true,2023-01-29 11:48:07,ACC0140,CON0282,OPP0173
LEAD0162,Danielle,Hughes,danielle.hughes@arborlearningsystems.com,Arbor Learning Systems Group,Chief Operating Officer,128,FL,SMB,Webinar / Event,72,Opportunity,Converted,USR006,2023-06-15 20:59:17,2023-06-16 19:59:17,2023-06-16 20:37:17,2023-06-16 21:24:17,2023-06-17 02:24:17,,true,2023-09-16 05:59:17,ACC0043,CON0086,OPP0056
LEAD0163,Aiden,Campbell,aiden.campbell@silverlineservices.com,Silverline Services Group LLC,President,3289,TX,,Paid Search,72,Customer,Converted,USR010,2024-08-16 05:37:52,2024-08-17 14:37:52,2024-08-17 15:22:52,2024-08-17 17:06:52,2024-08-19 02:06:52,,true,2024-10-10 22:37:52,ACC0309,CON0614,
LEAD0164,Noah,Anderson,noah.anderson@silveroakprofessionalservices.com,Silver Oak Professional Services LLC,VP of Transformation,283,PA,Mid-Market,Content Download,72,Opportunity,Converted,USR009,2026-05-09 11:20:33,2026-05-12 06:20:33,2026-05-12 06:54:33,2026-05-12 07:12:33,2026-05-13 01:12:33,,true,2026-09-01 13:20:33,ACC0237,CON0477,OPP0045
LEAD0165,Nathan,Stewart,nathan.stewart@bluepeakconstruction.com,BluePeak Construction,VP of Transformation,447,TX,Mid-Market,Inbound Demo Request,93,Customer,Converted,USR010,2026-05-04 14:16:00,2026-05-05 15:16:00,2026-05-05 15:47:00,2026-05-06 13:47:00,2026-05-07 01:47:00,,true,2026-07-19 15:16:00,ACC0181,CON0363,OPP0051
LEAD0166,Aiden,Richardson,aiden.richardson@skylinebusinesssolutions.com,Skyline Business Solutions,Owner,166,CT,SMB,Organic Search,72,Opportunity,Converted,USR005,2023-09-09 05:07:48,2023-09-10 02:07:48,2023-09-10 02:24:48,2023-09-10 02:44:48,2023-09-11 23:44:48,,true,2023-11-22 18:07:48,ACC0094,CON0185,
LEAD0167,Eli,Ramirez,eli.ramirez@rivermarkdigital.com,Rivermark Digital,Senior Business Systems Analyst,1136,PA,Upper Mid-Market,Organic Search,72,Opportunity,Converted,USR009,2024-11-15 12:02:03,2024-11-16 04:02:03,2024-11-16 04:16:03,2024-11-16 06:07:03,2024-11-19 00:07:03,,true,2024-12-05 00:02:03,ACC0100,CON0203,OPP0263
LEAD0168,Jenna,Peterson,jenna.peterson@lakeshoretraining.com,Lakeshore Training,Program Manager,483,KS,Mid-Market,Content Download,72,Opportunity,Converted,USR011,2026-04-23 03:26:58,2026-04-26 01:26:58,2026-04-26 01:50:58,2026-04-26 03:51:58,2026-04-27 17:51:58,,true,2026-08-15 11:26:58,ACC0027,CON0060,OPP0283
LEAD0169,Nathan,Miller,nathan.miller@brookstoneprecisionworks.com,Brookstone Precision Works,IT Applications Manager,735,MA,Mid-Market,Customer Referral,80,Opportunity,Converted,USR009,2025-03-27 20:32:47,2025-03-29 06:32:47,2025-03-29 06:50:47,2025-03-29 07:39:47,2025-03-29 12:32:47,,true,2025-08-09 10:32:47,ACC0132,CON0266,OPP0094
LEAD0170,Elizabeth,Johnson,elizabeth.johnson@blueharborprecisionworks.com,Blue Harbor Precision Works LLC,Vendor Management Director,1296,OH,Upper Mid-Market,Organic Search,72,Customer,Converted,USR011,2024-03-12 15:00:55,2024-03-12 21:00:55,2024-03-12 21:26:55,2024-03-12 22:42:55,2024-03-13 09:42:55,,true,2024-08-03 08:00:55,ACC0203,CON0402,OPP0254
LEAD0171,Anthony,Perez,anthony.perez@northstarbusinesssolutions.com,Northstar Business Solutions Inc.,Director of Operations,349,CA,Mid-Market,Outbound SDR,72,Opportunity,Converted,USR012,2023-07-31 12:50:18,2023-08-03 12:50:18,2023-08-03 13:19:18,2023-08-03 16:23:18,2023-08-06 11:23:18,,true,2023-10-23 17:50:18,ACC0142,CON0290,OPP0016
LEAD0172,Christopher,Sanchez,christopher.sanchez@ridgeviewconsulting.com,Ridgeview Consulting Group,Transformation Manager,587,CA,Mid-Market,Webinar / Event,72,Opportunity,Converted,USR012,2026-04-01 13:58:36,2026-04-03 04:58:36,2026-04-03 05:41:36,2026-04-03 07:18:36,2026-04-05 09:18:36,,true,2026-08-22 01:58:36,ACC0319,CON0635,
LEAD0173,Eric,Bennett,eric.bennett@evergreensupportservices.com,Evergreen Support Services,Finance Manager,48,AL,SMB,Inbound Demo Request,92,Opportunity,Converted,USR006,2026-03-21 14:06:33,2026-03-22 15:06:33,2026-03-22 16:19:33,2026-03-22 19:32:33,2026-03-24 12:32:33,,true,2026-08-18 06:06:33,ACC0131,CON0265,
LEAD0174,Alicia,Davis,alicia.davis@vertexservices.com,Vertex Services Group Group,VP of Operations,129,NC,SMB,Inbound Demo Request,72,Opportunity,Converted,USR006,2026-08-02 08:09:27,2026-08-04 19:09:27,2026-08-04 20:00:27,2026-08-05 12:00:27,2026-08-08 08:00:27,,true,2026-09-04 15:09:27,ACC0177,CON0358,OPP0029
LEAD0175,David,Cooper,david.cooper@foxbridgelabs.com,Foxbridge Labs LLC,Director of Enterprise Applications,1561,CA,Upper Mid-Market,Organic Search,72,Customer,Converted,USR012,2022-08-15 00:15:06,2022-08-15 11:15:06,2022-08-15 12:29:06,2022-08-15 14:00:06,2022-08-17 00:00:06,,true,2022-09-15 16:15:06,ACC0286,CON0570,OPP0144
LEAD0176,Ethan,Hughes,ethan.hughes@cobaltprecisionworks.com,Cobalt Precision Works,Department Manager,59,OH,SMB,Organic Search,72,Opportunity,Converted,USR007,2025-12-17 17:49:27,2025-12-18 02:49:27,2025-12-18 03:36:27,2025-12-18 04:24:27,2025-12-20 04:24:27,,true,2026-03-01 09:49:27,ACC0166,CON0336,OPP0007
LEAD0177,Samuel,Clark,samuel.clark@ironwoodsoftware.com,Ironwood Software Group,Operations Manager,160,NY,SMB,Content Download,72,Customer,Converted,USR005,2022-12-07 08:39:23,2022-12-08 07:39:23,2022-12-08 08:10:23,2022-12-08 11:33:23,2022-12-09 18:33:23,,true,2023-03-04 14:39:23,ACC0126,CON0259,OPP0154
LEAD0178,Kevin,Gomez,kevin.gomez@crownstonefinancialservices.com,Crownstone Financial Services Group,VP of Business Systems,691,NJ,Mid-Market,Partner Referral,72,Opportunity,Converted,USR009,2025-11-25 08:10:06,2025-11-26 21:10:06,2025-11-26 22:14:06,2025-11-27 01:21:06,2025-11-29 16:21:06,,true,2026-03-13 20:10:06,ACC0021,CON0047,
LEAD0179,Sofia,Perez,sofia.perez@cornerstoneadvisorypartners.com,Cornerstone Advisory Partners,Systems Administrator,91,NC,SMB,Outbound SDR,72,Opportunity,Converted,USR006,2024-05-02 16:13:00,2024-05-05 08:13:00,2024-05-05 09:39:00,2024-05-05 10:08:00,2024-05-07 21:08:00,,true,2024-07-22 01:13:00,ACC0034,CON0074,OPP0161
LEAD0180,Vanessa,Patel,vanessa.patel@brightpathhealthpartners.com,BrightPath Health Partners LLC,VP of Operations,476,TX,Mid-Market,Content Download,72,Customer,Converted,USR010,2023-05-13 15:32:32,2023-05-15 09:32:32,2023-05-15 10:13:32,2023-05-15 13:35:32,2023-05-17 18:35:32,,true,2023-08-28 02:32:32,ACC0207,CON0408,OPP0397
LEAD0181,Adrian,Miller,adrian.miller@primepointsoftware.com,PrimePoint Software,Senior Procurement Manager,1398,LA,Upper Mid-Market,Organic Search,72,Opportunity,Converted,USR010,2026-07-13 23:52:53,2026-07-14 16:52:53,2026-07-14 18:13:53,2026-07-14 21:03:53,2026-07-15 04:03:53,,true,2026-08-28 14:52:53,ACC0122,CON0249,OPP0349
LEAD0182,Jordan,Lopez,jordan.lopez@skylinesystems.com,Skyline Systems,IT Manager,57,NJ,SMB,Organic Search,72,Opportunity,Converted,USR005,2023-09-02 07:58:21,2023-09-02 16:58:21,2023-09-02 18:26:21,2023-09-02 21:46:21,2023-09-04 04:46:21,,true,2023-09-27 15:58:21,ACC0017,CON0041,OPP0404
LEAD0183,Justin,Phillips,justin.phillips@meridiancontracting.com,Meridian Contracting Group,Purchasing Manager,135,,SMB,Customer Referral,88,Opportunity,Converted,USR006,2023-02-28 13:47:34,2023-03-01 13:47:34,2023-03-01 14:54:34,2023-03-02 08:54:34,2023-03-04 00:54:34,,true,2023-05-04 04:47:34,ACC0200,CON0394,
LEAD0184,Carmen,Chen,carmen.chen@brookstonebusinesssolutions.com,Brookstone Business Solutions,Team Lead,127,MN,SMB,Organic Search,72,Customer,Converted,USR007,2026-02-01 15:37:46,2026-02-02 18:37:46,2026-02-02 20:00:46,2026-02-02 21:04:46,2026-02-03 23:04:46,,true,2026-04-20 19:37:46,ACC0159,CON0323,
LEAD0185,Abigail,Campbell,,Highpoint Financial Services Group,VP of Technology,114,IL,SMB,Content Download,72,Customer,Converted,USR007,2023-06-17 02:18:34,2023-06-17 07:18:34,2023-06-17 08:42:34,2023-06-17 09:03:34,2023-06-19 04:03:34,,true,2023-10-31 12:18:34,ACC0280,CON0560,OPP0373
LEAD0186,Daniel,Peterson,daniel.peterson@arborsoftware.com,Arbor Software Inc.,Project Coordinator,124,AL,SMB,Partner Referral,79,Opportunity,Converted,USR006,2024-03-01 10:48:29,2024-03-04 05:48:29,2024-03-04 06:47:29,2024-03-04 22:47:29,2024-03-07 21:47:29,,true,2024-05-07 03:48:29,ACC0148,CON0302,
LEAD0187,Charles,Peterson,,Rivermark Labs Inc.,Owner,55,FL,SMB,Organic Search,72,Customer,Converted,USR006,2026-02-07 19:44:59,2026-02-08 11:44:59,2026-02-08 12:25:59,2026-02-09 09:25:59,2026-02-10 00:25:59,,true,2026-07-07 05:44:59,ACC0256,CON0515,OPP0284
LEAD0188,Dominic,Mitchell,dominic.mitchell@cobaltclinicalservices.com,Cobalt Clinical Services LLC,VP of Information Technology,490,ID,Mid-Market,Paid Search,74,Customer,Converted,USR012,2024-05-14 04:55:53,2024-05-15 13:55:53,2024-05-15 14:55:53,2024-05-15 17:26:53,2024-05-17 01:26:53,,true,2024-06-19 14:55:53,ACC0120,CON0241,OPP0218
LEAD0189,Julia,Hernandez,julia.hernandez@foxbridgelabs.com,Foxbridge Labs LLC,Chief Technology Officer,1561,CA,Upper Mid-Market,Paid Search,72,Customer,Converted,USR012,2022-05-28 07:12:22,2022-05-30 05:12:22,2022-05-30 05:40:22,2022-05-30 08:53:22,2022-06-01 07:53:22,,true,2022-08-08 01:12:22,ACC0286,CON0569,OPP0044
LEAD0190,Jacob,Foster,jacob.foster@evergreenwealthpartners.com,Evergreen Wealth Partners LLC,VP of Operations,303,ID,Mid-Market,Inbound Demo Request,85,Customer,Converted,USR012,2026-05-30 04:05:36,2026-05-31 07:05:36,2026-05-31 07:58:36,2026-06-01 11:58:36,2026-06-01 21:58:36,,true,2026-09-18 18:05:36,ACC0074,CON0150,
LEAD0191,Justin,Edwards,justin.edwards@harborviewcapital.com,Harborview Capital,VP of Information Technology,783,CT,Mid-Market,Partner Referral,74,Customer,Converted,USR011,2023-01-19 10:12:18,2023-01-21 19:12:18,2023-01-21 20:11:18,2023-01-21 23:14:18,2023-01-24 07:14:18,,true,2023-02-14 18:12:18,ACC0294,CON0586,OPP0133
LEAD0192,Emily,Kim,emily.kim@cobalthealthservices.com,Cobalt Health Services,Vendor Management Director,1879,NE,Upper Mid-Market,Organic Search,78,Customer,Converted,USR011,2023-11-20 16:38:04,2023-11-22 09:38:04,2023-11-22 10:17:04,2023-11-23 02:17:04,2023-11-25 13:17:04,,true,2024-01-25 17:38:04,ACC0115,CON0234,
LEAD0193,Jordan,Reed,jordan.reed@blueharborprecisionworks.com,Blue Harbor Precision Works LLC,Senior Director of Operations,1296,OH,Upper Mid-Market,Content Download,72,Customer,Converted,USR011,2025-02-01 00:24:44,2025-02-03 12:24:44,2025-02-03 13:29:44,2025-02-03 14:59:44,2025-02-05 10:59:44,,true,2025-03-04 03:24:44,ACC0203,CON0400,OPP0189
LEAD0194,Gabriel,Turner,gabriel.turner@parklineprofessionalservices.com,Parkline Professional Services,Owner,106,CT,SMB,Webinar / Event,80,Customer,Converted,USR005,2024-07-25 07:47:42,2024-07-26 16:47:42,2024-07-26 18:07:42,2024-07-26 19:36:42,2024-07-29 11:36:42,,true,2024-09-12 16:47:42,ACC0260,CON0520,OPP0381
LEAD0195,Brianna,Cooper,brianna.cooper@evergreenconsulting.com,Evergreen Consulting,Chief Information Officer,1885,CA,Upper Mid-Market,Outbound SDR,72,Opportunity,Converted,USR012,2025-11-14 03:41:05,2025-11-14 12:41:05,2025-11-14 13:15:05,2025-11-14 13:37:05,2025-11-16 23:37:05,,true,2026-01-01 09:41:05,ACC0056,CON0110,OPP0073
LEAD0196,Carlos,Torres,carlos.torres@clearwatertransportation.com,Clearwater Transportation,IT Manager,59,NC,SMB,Webinar / Event,82,Opportunity,Converted,USR006,2025-05-17 04:19:41,2025-05-19 01:19:41,2025-05-19 01:54:41,2025-05-19 04:08:41,2025-05-20 17:08:41,,true,2025-08-31 05:19:41,ACC0061,CON0121,
LEAD0197,Steven,Collins,steven.collins@cobaltbuilders.com,Cobalt Builders Inc.,VP of Technology,66,IL,SMB,Content Download,72,Opportunity,Converted,USR007,2025-10-22 02:09:00,2025-10-24 14:09:00,2025-10-24 15:06:00,2025-10-24 17:17:00,2025-10-26 15:17:00,,true,2026-01-01 18:09:00,ACC0020,CON0045,OPP0243
LEAD0198,Henry,Gray,henry.gray@highlandclinicalservices.com,Highland Clinical Services,General Manager,89,NC,SMB,Paid Search,72,Opportunity,Converted,USR006,2023-10-24 07:55:34,2023-10-24 09:55:34,2023-10-24 10:48:34,2023-10-24 12:39:34,2023-10-25 00:39:34,,true,2023-12-21 23:55:34,ACC0235,CON0474,OPP0265
LEAD0199,Ella,Shah,ella.shah@elmwoodtransportation.com,Elmwood Transportation,Business Analyst,93,OR,SMB,Organic Search,72,Customer,Converted,USR008,2025-05-12 16:55:18,2025-05-13 11:55:18,2025-05-13 13:07:18,2025-05-13 18:07:18,2025-05-14 04:07:18,,true,2025-06-19 07:55:18,ACC0297,CON0594,OPP0098
LEAD0200,Claire,Gomez,claire.gomez@opengateadvisorypartners.com,OpenGate Advisory Partners Inc.,Director of Process Excellence,1853,MN,Upper Mid-Market,Webinar / Event,85,Opportunity,Converted,USR011,2025-05-03 23:10:36,2025-05-05 01:10:36,2025-05-05 01:45:36,2025-05-05 02:21:36,2025-05-07 10:21:36,,true,2025-07-02 10:10:36,ACC0230,CON0464,
LEAD0201,Thomas,Edwards,thomas.edwards@eastgatesupplychain.com,Eastgate Supply Chain,IT Manager,61,NY,SMB,Content Download,72,Customer,Converted,USR005,2026-03-24 13:14:15,2026-03-26 06:14:15,2026-03-26 06:49:15,2026-03-26 07:28:15,2026-03-27 13:28:15,,true,2026-08-04 14:14:15,ACC0161,CON0327,OPP0264
LEAD0202,Noah,Rogers,noah.rogers@frontierfinancialservices.com,Frontier Financial Services Inc.,Team Lead,164,GA,SMB,Customer Referral,83,Customer,Converted,USR006,2025-02-06 23:08:51,2025-02-08 01:08:51,2025-02-08 01:47:51,2025-02-08 02:58:51,2025-02-09 17:58:51,,true,2025-04-24 10:08:51,ACC0175,CON0355,OPP0281
LEAD0203,Jordan,Diaz,jordan.diaz@cobaltbuilders.com,Cobalt Builders Inc.,Procurement Manager,66,IL,SMB,Inbound Demo Request,78,Opportunity,Converted,USR007,2025-11-14 06:47:50,2025-11-15 23:47:50,2025-11-16 00:03:50,2025-11-16 23:03:50,2025-11-19 05:03:50,,true,2026-01-12 16:47:50,ACC0020,CON0046,OPP0105
LEAD0204,Alexandra,Cooper,alexandra.cooper@lakeshoreinfrastructure.com,Lakeshore Infrastructure,IT Manager,97,FL,SMB,Outbound SDR,72,Opportunity,Converted,USR006,2026-04-17 05:42:58,2026-04-19 03:42:58,2026-04-19 05:07:58,2026-04-19 06:48:58,2026-04-20 04:48:58,,true,2026-07-27 15:42:58,ACC0275,CON0550,OPP0225
LEAD0205,Marcus,Roberts,marcus.roberts@maplewoodbrands.com,Maplewood Brands,Transformation Manager,532,CA,Mid-Market,Content Download,72,Opportunity,Converted,USR012,2026-06-23 01:03:39,2026-06-25 06:03:39,2026-06-25 06:41:39,2026-06-25 08:55:39,2026-06-27 08:55:39,,true,2026-08-10 11:03:39,ACC0255,CON0514,OPP0362
LEAD0206,Olivia,Miller,olivia.miller@beaconhealthpartners.com,Beacon Health Partners,Director of Operations,39,FL,SMB,Organic Search,72,Opportunity,Converted,USR006,2024-09-11 18:03:22,2024-09-12 23:03:22,2024-09-13 00:20:22,2024-09-13 02:55:22,2024-09-15 05:55:22,,true,2024-12-31 01:03:22,ACC0325,CON0650,OPP0277
LEAD0207,Diana,Nguyen,diana.nguyen@riverbendsystems.com,Riverbend Systems Group,Business Analyst,38,CA,SMB,Partner Referral,72,Customer,Converted,USR008,2023-04-10 18:51:14,2023-04-11 04:51:14,2023-04-11 05:02:14,2023-04-11 07:08:14,2023-04-13 21:08:14,,true,2023-05-02 07:51:14,ACC0201,CON0395,OPP0012
LEAD0208,Jacob,Mitchell,jacob.mitchell@ridgeviewconsulting.com,Ridgeview Consulting Group,Systems Analyst,587,CA,Mid-Market,Paid Search,72,Opportunity,Converted,USR012,2026-07-14 06:42:49,2026-07-15 00:42:49,2026-07-15 02:05:49,2026-07-15 03:32:49,2026-07-15 15:32:49,,true,2026-09-06 20:42:49,ACC0319,CON0636,
LEAD0209,Leah,Miller,leah.miller@granitepeakmanufacturing.com,Granite Peak Manufacturing LLC,VP of Technology,135,IL,SMB,Customer Referral,83,Customer,Converted,USR007,2026-02-09 11:14:28,2026-02-10 14:14:28,2026-02-10 14:55:28,2026-02-10 15:48:28,2026-02-10 20:14:28,,true,2026-06-05 20:14:28,ACC0114,CON0229,OPP0386
LEAD0210,Henry,White,henry.white@beaconcapital.com,Beacon Capital,Chief Technology Officer,2121,NY,Upper Mid-Market,Outbound SDR,77,Customer,Converted,USR009,2026-02-22 04:39:12,2026-02-24 16:39:12,2026-02-24 17:39:12,2026-02-24 20:12:12,2026-02-25 22:12:12,,true,2026-06-06 11:39:12,ACC0141,CON0286,OPP0198
LEAD0211,Christopher,Hill,christopher.hill@arborlearningsystems.com,Arbor Learning Systems Group,Procurement Manager,128,FL,SMB,Organic Search,77,Opportunity,Converted,USR006,2023-06-14 14:31:09,2023-06-15 09:31:09,2023-06-15 10:27:09,2023-06-15 12:02:09,2023-06-17 13:02:09,,true,2023-10-03 03:31:09,ACC0043,CON0087,OPP0128
LEAD0212,Elizabeth,Edwards,elizabeth.edwards@cornerstoneconstruction.com,Cornerstone Construction,Transformation Manager,695,CA,Mid-Market,Outbound SDR,72,Customer,Converted,USR012,2026-05-21 23:32:32,2026-05-24 06:32:32,2026-05-24 06:52:32,2026-05-24 10:11:32,2026-05-25 06:11:32,,true,2026-09-13 23:32:32,ACC0228,CON0460,
LEAD0213,Dominic,Perry,dominic.perry@frontiersoftware.com,Frontier Software,Owner,162,CA,SMB,Webinar / Event,80,Customer,Converted,USR008,2024-09-21 14:45:33,2024-09-21 16:45:33,2024-09-21 17:11:33,2024-09-21 18:20:33,2024-09-24 15:20:33,,true,2024-12-07 19:45:33,ACC0143,CON0292,OPP0157
LEAD0214,Ella,Harris,ella.harris@northstarbusinesssolutions.com,Northstar Business Solutions Inc.,VP of Transformation,349,CA,Mid-Market,Outbound SDR,72,Opportunity,Converted,USR012,2024-04-12 07:55:27,2024-04-14 21:55:27,2024-04-14 22:06:27,2024-04-14 22:46:27,2024-04-15 06:46:27,,true,2024-06-19 01:55:27,ACC0142,CON0289,
LEAD0215,Brandon,Richardson,brandon.richardson@westlakeacademy.com,Westlake Academy LLC,President,141,MA,SMB,Partner Referral,72,Opportunity,Converted,USR005,2026-01-05 13:11:06,2026-01-07 02:11:06,2026-01-07 02:24:06,2026-01-07 05:36:06,2026-01-07 17:36:06,,true,2026-04-20 00:11:06,ACC0193,CON0383,
LEAD0216,Leah,Clark,leah.clark@brookstoneprecisionworks.com,Brookstone Precision Works,Department Manager,735,MA,Mid-Market,Outbound SDR,72,Opportunity,Converted,USR009,2024-09-14 09:06:28,2024-09-15 19:06:28,2024-09-15 19:28:28,2024-09-15 21:25:28,2024-09-18 18:25:28,,true,2024-11-24 21:06:28,ACC0132,CON0267,
LEAD0217,Maya,Collins,maya.collins@foxbridgefinancial.com,Foxbridge Financial Group,Process Improvement Manager,87,AZ,SMB,Inbound Demo Request,73,Customer,Converted,USR008,2024-05-09 11:52:20,2024-05-12 05:52:20,2024-05-12 07:05:20,2024-05-12 09:53:20,2024-05-13 04:53:20,,true,2024-07-02 04:52:20,ACC0099,CON0199,OPP0213
LEAD0218,Noah,Perez,noah.perez@brookstonesolutions.com,Brookstone Solutions Inc.,Operations Analyst,89,TX,SMB,Inbound Demo Request,90,Opportunity,Converted,USR006,2025-07-23 14:52:07,2025-07-24 20:52:07,2025-07-24 21:37:07,2025-07-25 00:17:07,2025-07-26 15:17:07,,true,2025-09-12 07:52:07,ACC0307,CON0611,OPP0202
LEAD0219,Andrew,Moore,andrew.moore@redwoodoperations.com,Redwood Operations,President,105,SC,SMB,Organic Search,72,Opportunity,Converted,USR006,2023-02-09 10:50:40,2023-02-12 07:50:40,2023-02-12 09:05:40,2023-02-12 09:28:40,2023-02-13 04:28:40,,true,2023-05-12 01:50:40,ACC0163,CON0330,OPP0048
LEAD0220,Henry,Ross,henry.ross@horizonsupportservices.com,Horizon Support Services,Director of Procurement,2368,WV,Upper Mid-Market,Content Download,72,Customer,Converted,USR009,2025-01-17 22:45:18,2025-01-20 18:45:18,2025-01-20 20:10:18,2025-01-20 23:05:18,2025-01-21 06:05:18,,true,2025-03-14 14:45:18,ACC0274,CON0549,
LEAD0221,Natalie,Torres,natalie.torres@clearpathprofessionalservices.com,ClearPath Professional Services,VP of Information Technology,310,CA,Mid-Market,Inbound Demo Request,86,Opportunity,Converted,USR012,2026-01-28 00:00:39,2026-01-29 08:00:39,2026-01-29 08:26:39,2026-01-29 11:42:39,2026-01-29 21:42:39,,true,2026-03-18 04:00:39,ACC0007,CON0017,
LEAD0222,Brianna,Morgan,brianna.morgan@granitepeakclinicalservices.com,Granite Peak Clinical Services,Purchasing Manager,235,WV,Mid-Market,Paid Search,72,Opportunity,Converted,USR009,2024-05-13 03:27:29,2024-05-13 23:27:29,2024-05-14 00:42:29,2024-05-14 01:32:29,2024-05-16 10:32:29,,true,2024-08-08 10:27:29,ACC0155,CON0316,
LEAD0223,Lucas,White,lucas.white@opengateadvisorypartners.com,OpenGate Advisory Partners Inc.,Executive Assistant,1853,MN,Upper Mid-Market,Organic Search,72,Opportunity,Converted,USR011,2025-08-10 05:11:32,2025-08-11 09:11:32,2025-08-11 09:51:32,2025-08-11 11:08:32,2025-08-12 09:08:32,,true,2025-09-28 14:11:32,ACC0230,CON0465,
LEAD0224,Lauren,Williams,lauren.williams@vertexconsulting.com,Vertex Consulting,Strategic Sourcing Director,1669,GA,Upper Mid-Market,Partner Referral,75,Opportunity,Converted,USR010,2023-08-17 09:15:47,2023-08-19 22:15:47,2023-08-19 22:53:47,2023-08-20 00:58:47,2023-08-21 14:58:47,,true,2023-12-06 20:15:47,ACC0312,CON0621,
LEAD0225,Eva,Allen,,Pinecrest Labs,Chief Information Officer,421,NE,Mid-Market,Partner Referral,88,Opportunity,Converted,USR011,2023-11-13 05:58:45,2023-11-13 12:58:45,2023-11-13 13:45:45,2023-11-13 14:40:45,2023-11-14 17:40:45,,true,2023-12-26 11:58:45,ACC0232,CON0469,OPP0310
LEAD0226,Isaiah,Allen,isaiah.allen@highpointfreight.com,Highpoint Freight,"Senior Manager, Operations",1557,PA,Upper Mid-Market,Content Download,72,Opportunity,Converted,USR009,2024-06-27 23:19:50,2024-06-28 17:19:50,2024-06-28 18:02:50,2024-06-28 18:52:50,2024-06-29 08:52:50,,true,2024-10-25 15:19:50,ACC0209,CON0414,OPP0192
LEAD0227,Christopher,Miller,christopher.miller@silveroakretail.com,Silver Oak Retail Group,Business Operations Manager,2605,IN,,Inbound Demo Request,82,Opportunity,Converted,USR011,2026-05-07 17:20:27,2026-05-09 08:20:27,2026-05-09 09:16:27,2026-05-09 10:55:27,2026-05-11 00:55:27,,true,2026-09-19 01:20:27,ACC0213,CON0424,OPP0101
LEAD0228,Jordan,Taylor,jordan.taylor@vertexwealthpartners.com,Vertex Wealth Partners Inc.,IT Applications Manager,452,FL,Mid-Market,Paid Search,72,Customer,Converted,USR010,2023-03-25 02:05:36,2023-03-27 04:05:36,2023-03-27 05:22:36,2023-03-27 07:50:36,2023-03-30 03:50:36,,true,2023-05-01 04:05:36,ACC0295,CON0589,OPP0169
LEAD0229,Katherine,Lee,katherine.lee@greenfieldindustries.com,Greenfield Industries LLC,Transformation Manager,864,KS,Mid-Market,Webinar / Event,83,Customer,Converted,USR011,2026-01-03 15:10:54,2026-01-04 13:10:54,2026-01-04 13:21:54,2026-01-04 15:05:54,2026-01-05 13:05:54,,true,2026-04-27 19:10:54,ACC0071,CON0143,OPP0196
LEAD0230,Daniel,Kim,daniel.kim@clearwatersupportservices.com,Clearwater Support Services Group,VP of Operations,447,TN,Mid-Market,Outbound SDR,72,Opportunity,Converted,USR010,2025-11-27 14:04:06,2025-11-28 19:04:06,2025-11-28 19:30:06,2025-11-28 22:28:06,2025-11-29 03:28:06,,true,2026-02-13 03:04:06,ACC0202,CON0396,OPP0054
LEAD0231,Andrea,Cruz,andrea.cruz@bluewaterhealthpartners.com,Bluewater Health Partners,Operations Program Manager,542,NY,Mid-Market,Inbound Demo Request,88,Opportunity,Converted,USR009,2024-03-07 03:19:06,2024-03-09 15:19:06,2024-03-09 16:06:06,2024-03-10 06:06:06,2024-03-10 11:06:06,,true,2024-08-03 10:19:06,ACC0003,CON0009,OPP0037
LEAD0232,Carlos,Bennett,carlos.bennett@westfieldcommerce.com,Westfield Commerce Group,VP of Operations,146,AZ,SMB,Webinar / Event,72,Opportunity,Converted,USR008,2025-11-25 21:54:34,2025-11-28 09:54:34,2025-11-28 10:43:34,2025-11-28 12:03:34,2025-11-30 13:03:34,,true,2026-04-16 14:54:34,ACC0265,CON0529,
LEAD0233,Rebecca,Walker,rebecca.walker@clearpathindustrial.com,ClearPath Industrial,VP of Operations,19,TN,,Inbound Demo Request,76,Opportunity,Converted,USR006,2025-06-03 15:54:11,2025-06-04 01:54:11,2025-06-04 03:20:11,2025-06-04 05:28:11,2025-06-05 21:28:11,,true,2025-10-21 08:54:11,ACC0029,CON0062,OPP0004
LEAD0234,Justin,Evans,justin.evans@goldcrestdistribution.com,Goldcrest Distribution Inc.,Director of Business Transformation,1053,NY,Upper Mid-Market,Content Download,72,Opportunity,Converted,USR009,2023-12-22 05:44:13,2023-12-24 22:44:13,2023-12-24 23:28:13,2023-12-25 02:07:13,2023-12-25 11:07:13,,true,2024-02-08 21:44:13,ACC0001,CON0002,OPP0276
LEAD0235,Rebecca,Gomez,rebecca.gomez@northwindlearningsystems.com,Northwind Learning Systems Group,Chief Operating Officer,104,NJ,SMB,Inbound Demo Request,72,Opportunity,Converted,USR005,2024-09-13 02:53:18,2024-09-15 12:53:18,2024-09-15 13:31:18,2024-09-15 16:27:18,2024-09-16 03:27:18,,true,2024-10-11 06:53:18,ACC0085,CON0172,OPP0261
LEAD0236,Rebecca,Ortiz,rebecca.ortiz@meridianconstruction.com,Meridian Construction Group,Purchasing Manager,125,NV,SMB,Content Download,72,Customer,Converted,USR008,2024-07-09 11:51:36,2024-07-12 00:51:36,2024-07-12 01:52:36,2024-07-12 04:27:36,2024-07-13 16:27:36,,true,2024-08-03 14:51:36,ACC0069,CON0140,
LEAD0237,Abigail,Chen,abigail.chen@pinecrestlabs.com,Pinecrest Labs,Director of Operations,421,NE,Mid-Market,Webinar / Event,72,Opportunity,Converted,USR011,2024-02-15 06:33:23,2024-02-16 17:33:23,2024-02-16 18:09:23,2024-02-16 19:46:23,2024-02-17 07:46:23,,true,2024-04-10 00:33:23,ACC0232,CON0470,
LEAD0238,Taylor,Lee,taylor.lee@brookstonelabs.com,Brookstone Labs Inc.,Office Manager,96,NY,SMB,Webinar / Event,72,Customer,Converted,USR005,2025-06-28 22:31:34,2025-07-01 17:31:34,2025-07-01 18:21:34,2025-07-01 20:44:34,2025-07-03 23:44:34,,true,2025-08-03 10:31:34,ACC0185,CON0370,OPP0247
LEAD0239,Nathan,Hill,nathan.hill@silveroakretail.com,Silver Oak Retail Group,Owner,2605,IN,,Webinar / Event,72,Opportunity,Converted,USR011,2026-04-26 07:48:18,2026-04-29 07:48:18,2026-04-29 09:02:18,2026-04-29 09:55:18,2026-04-30 21:55:18,,true,2026-09-19 13:48:18,ACC0213,CON0423,
LEAD0240,Jacob,Peterson,jacob.peterson@frontierbuilders.com,Frontier Builders,Solutions Architect,1510,NJ,Upper Mid-Market,Outbound SDR,72,Customer,Converted,USR009,2024-03-02 21:51:20,2024-03-04 05:51:20,2024-03-04 07:03:20,2024-03-04 10:05:20,2024-03-07 02:05:20,,true,2024-07-01 01:51:20,ACC0322,CON0642,OPP0115
LEAD0241,Henry,Garcia,henry.garcia@highlandlogistics.com,Highland Logistics,Purchasing Manager,37,NY,SMB,Outbound SDR,72,Customer,Converted,USR005,2024-04-14 21:14:57,2024-04-15 20:14:57,2024-04-15 21:27:57,2024-04-16 00:22:57,2024-04-18 22:22:57,,true,2024-06-17 10:14:57,ACC0079,CON0162,
LEAD0242,Danielle,Gray,danielle.gray@westlakesupportservices.com,Westlake Support Services Group,Senior Operations Manager,398,NV,Mid-Market,Organic Search,72,Customer,Converted,USR012,2024-04-06 10:04:47,2024-04-08 18:04:47,2024-04-08 19:07:47,2024-04-08 20:23:47,2024-04-09 05:23:47,,true,2024-04-29 00:04:47,ACC0239,CON0482,OPP0100
LEAD0243,Carmen,Diaz,carmen.diaz@parklinemanufacturing.com,Parkline Manufacturing,VP of Transformation,370,WI,Mid-Market,Content Download,72,Customer,Converted,USR011,2022-11-02 17:17:12,2022-11-04 03:17:12,2022-11-04 03:42:12,2022-11-04 06:16:12,2022-11-06 09:16:12,,true,2022-12-02 11:17:12,ACC0216,CON0428,OPP0041
LEAD0244,Rachel,Thomas,rachel.thomas@foxbridgefinancial.com,Foxbridge Financial Group,Office Manager,87,AZ,SMB,Organic Search,72,Customer,Converted,USR008,2025-04-29 21:10:17,2025-05-01 10:10:17,2025-05-01 11:22:17,2025-05-01 12:23:17,2025-05-04 06:23:17,,true,2025-06-06 14:10:17,ACC0099,CON0200,OPP0047
LEAD0245,Brianna,Lopez,brianna.lopez@eastwoodfinancialservices.com,Eastwood Financial Services Group,Chief Information Officer,587,GA,Mid-Market,Organic Search,72,Customer,Converted,USR010,2025-12-10 11:02:31,2025-12-10 14:02:31,2025-12-10 15:00:31,2025-12-10 15:51:31,2025-12-12 07:51:31,,true,2026-03-21 14:02:31,ACC0272,CON0543,OPP0138
LEAD0246,Olivia,Cooper,olivia.cooper@clearwaterprecisionworks.com,Clearwater Precision Works LLC,Process Improvement Manager,131,FL,SMB,Webinar / Event,80,Customer,Converted,USR006,2023-03-09 14:37:05,2023-03-09 19:37:05,2023-03-09 20:14:05,2023-03-09 22:15:05,2023-03-10 17:15:05,,true,2023-06-14 19:37:05,ACC0176,CON0357,OPP0219
LEAD0247,Jasmine,Robinson,jasmine.robinson@blueharborhealthservices.com,Blue Harbor Health Services,President,69,NJ,SMB,Outbound SDR,72,Customer,Converted,USR005,2024-01-15 12:02:38,2024-01-16 23:02:38,2024-01-16 23:31:38,2024-01-17 00:04:38,2024-01-18 14:04:38,,true,2024-02-07 04:02:38,ACC0119,CON0240,OPP0423
LEAD0248,Henry,Miller,henry.miller@bluewaterbuilders.com,Bluewater Builders,Director of Business Systems,657,OH,Mid-Market,Organic Search,72,Opportunity,Converted,USR011,2024-10-27 00:16:27,2024-10-29 09:16:27,2024-10-29 09:45:27,2024-10-29 12:08:27,2024-10-31 18:08:27,,true,2025-02-17 13:16:27,ACC0055,CON0109,
LEAD0249,Henry,Roberts,henry.roberts@clearpathmanufacturing.com,ClearPath Manufacturing LLC,Program Manager,1191,KY,Upper Mid-Market,Organic Search,72,Customer,Converted,USR010,2025-05-26 06:35:21,2025-05-26 10:35:21,2025-05-26 11:36:21,2025-05-26 12:11:21,2025-05-28 23:11:21,,true,2025-09-05 06:35:21,ACC0109,CON0221,OPP0422
LEAD0250,Sofia,Evans,sofia.evans@cedarstoneretailgroup.com,Cedarstone Retail Group Inc.,Owner,56,CT,SMB,Outbound SDR,72,Customer,Converted,USR005,2025-05-30 11:06:55,2025-06-01 13:06:55,2025-06-01 14:19:55,2025-06-01 16:06:55,2025-06-04 06:06:55,,true,2025-10-10 23:06:55,ACC0048,CON0093,OPP0081
LEAD0251,Jose,Young,jose.young@granitepeakadvisorypartners.com,Granite Peak Advisory Partners,Chief Information Officer,502,NC,Mid-Market,Organic Search,72,Customer,Converted,USR010,2023-01-01 12:06:44,2023-01-02 17:06:44,2023-01-02 17:23:44,2023-01-03 19:23:44,2023-01-05 13:23:44,,true,2023-04-17 19:06:44,ACC0063,CON0126,
LEAD0252,Ariana,Wilson,ariana.wilson@lakeshorecommerce.com,Lakeshore Commerce,Senior Business Analyst,805,NY,Mid-Market,Inbound Demo Request,79,Customer,Converted,USR009,2025-12-30 02:28:52,2025-12-30 17:28:52,2025-12-30 18:02:52,2025-12-31 10:02:52,2026-01-02 04:02:52,,true,2026-05-23 04:28:52,ACC0133,CON0269,
LEAD0253,Jose,Hernandez,jose.hernandez@vantagetraining.com,Vantage Training,Operations Program Manager,701,WA,Mid-Market,Webinar / Event,79,Opportunity,Converted,USR012,2025-10-15 21:32:45,2025-10-15 23:32:45,2025-10-16 00:34:45,2025-10-16 01:55:45,2025-10-18 03:55:45,,true,2026-03-12 08:32:45,ACC0292,CON0583,OPP0334
LEAD0254,Brianna,Rodriguez,brianna.rodriguez@highlandclinicalservices.com,Highland Clinical Services,Department Manager,89,NC,SMB,Paid Search,72,Opportunity,Converted,USR006,2024-08-06 11:25:08,2024-08-07 14:25:08,2024-08-07 15:24:08,2024-08-07 17:48:08,2024-08-09 09:48:08,,true,2024-10-16 01:25:08,ACC0235,CON0475,
LEAD0255,Amanda,Gomez,amanda.gomez@cornerstoneindustries.com,Cornerstone Industries Inc.,IT Specialist,162,WA,SMB,Organic Search,72,Opportunity,Converted,USR008,2025-07-26 19:36:28,2025-07-29 13:36:28,2025-07-29 13:57:28,2025-07-29 15:37:28,2025-07-31 00:37:28,,true,2025-10-17 19:36:28,ACC0128,CON0262,OPP0409
LEAD0256,Adrian,Carter,adrian.carter@vantagesystems.com,Vantage Systems,IT Applications Manager,577,MA,Mid-Market,Partner Referral,72,Opportunity,Converted,USR009,2026-05-20 19:40:40,2026-05-23 03:40:40,2026-05-23 04:11:40,2026-05-23 22:11:40,2026-05-25 07:11:40,,true,2026-09-04 23:40:40,ACC0124,CON0254,
LEAD0257,Dominic,Robinson,dominic.robinson@fairviewmanufacturing.com,Fairview Manufacturing,Enterprise Systems Manager,2011,NC,Upper Mid-Market,Paid Search,79,Opportunity,Converted,USR010,2024-06-03 14:01:15,2024-06-03 18:01:15,2024-06-03 19:04:15,2024-06-03 22:19:15,2024-06-06 12:19:15,,true,2024-09-22 14:01:15,ACC0282,CON0563,
LEAD0258,Dominic,Morris,dominic.morris@sterlingdigital.com,Sterling Digital Inc.,,56,PA,SMB,Outbound SDR,72,Opportunity,Converted,USR005,2026-02-12 07:17:36,2026-02-12 22:17:36,2026-02-12 23:00:36,2026-02-13 00:54:36,2026-02-14 16:54:36,,true,2026-04-06 22:17:36,ACC0227,CON0457,OPP0367
LEAD0259,Maya,Williams,maya.williams@highpointfreight.com,Highpoint Freight,Program Manager,1557,PA,Upper Mid-Market,Organic Search,72,Opportunity,Converted,USR009,2024-02-08 22:14:41,2024-02-10 23:14:41,2024-02-10 23:53:41,2024-02-11 01:12:41,2024-02-13 11:12:41,,true,2024-03-26 02:14:41,ACC0209,CON0415,OPP0166
LEAD0260,Justin,Mitchell,justin.mitchell@catalystsupplychain.com,Catalyst Supply Chain LLC,IT Specialist,169,VA,SMB,Inbound Demo Request,82,Opportunity,Converted,USR006,2025-10-22 19:22:42,2025-10-23 22:22:42,2025-10-23 23:15:42,2025-10-24 01:16:42,2025-10-27 00:16:42,,true,2025-12-22 13:22:42,ACC0238,CON0481,OPP0382
LEAD0261,Noah,Shah,noah.shah@cedarstonefinancial.com,Cedarstone Financial Group,Chief Information Officer,542,WV,Mid-Market,Outbound SDR,72,Customer,Converted,USR009,2022-06-25 00:15:45,2022-06-27 02:15:45,2022-06-27 03:32:45,2022-06-27 04:45:45,2022-06-27 18:45:45,,true,2022-08-13 02:15:45,ACC0284,CON0567,OPP0059
LEAD0262,Maya,Shah,maya.shah@goldcrestdistribution.com,Goldcrest Distribution Inc.,Chief Operating Officer,1958,NY,Upper Mid-Market,Content Download,72,Opportunity,Converted,USR009,2024-01-14 13:36:59,2024-01-17 03:36:59,2024-01-17 04:47:59,2024-01-17 05:53:59,2024-01-18 13:53:59,,true,2024-03-29 06:36:59,ACC0001,CON0001,
LEAD0263,Emily,Evans,emily.evans@oakridgeindustries.com,Oakridge Industries,Director of Enterprise Applications,2096,CO,Upper Mid-Market,Outbound SDR,72,Customer,Converted,USR012,2025-12-01 19:29:50,2025-12-02 00:29:50,2025-12-02 01:34:50,2025-12-02 02:08:50,2025-12-04 17:08:50,,true,2026-03-07 11:29:50,ACC0062,CON0123,OPP0139
LEAD0264,Olivia,Thompson,olivia.thompson@blueharbordigital.com,Blue Harbor Digital Inc.,Finance Manager,80,KY,SMB,Paid Search,72,Opportunity,Converted,USR006,2023-04-01 09:36:28,2023-04-02 02:36:28,2023-04-02 03:08:28,2023-04-03 02:08:28,2023-04-03 08:08:28,,true,2023-06-25 11:36:28,ACC0198,CON0392,OPP0296
LEAD0265,Victoria,Phillips,victoria.phillips@sterlingdistribution.com,Sterling Distribution,Systems Analyst,462,MI,Mid-Market,Paid Search,72,Customer,Converted,USR011,2022-10-21 02:59:43,2022-10-22 03:59:43,2022-10-22 04:18:43,2022-10-22 05:21:43,2022-10-24 21:21:43,,true,2022-12-17 03:59:43,ACC0060,CON0120,OPP0061
LEAD0266,Liam,Edwards,liam.edwards@beaconfreight.com,Beacon Freight,Director of Process Excellence,2214,NV,Upper Mid-Market,Content Download,72,Customer,Converted,USR012,2023-04-12 12:50:11,2023-04-12 17:50:11,2023-04-12 19:11:11,2023-04-13 20:11:11,2023-04-16 06:11:11,,true,2023-09-01 03:50:11,ACC0225,CON0452,OPP0235
LEAD0267,Justin,Lee,justin.lee@crownstonefabrication.com,Crownstone Fabrication,Department Manager,131,NY,SMB,Partner Referral,77,Customer,Converted,USR005,2026-06-28 22:57:20,2026-06-30 07:57:20,2026-06-30 09:15:20,2026-06-30 09:31:20,2026-07-03 04:31:20,,true,2026-09-12 23:57:20,ACC0234,CON0473,OPP0394
LEAD0268,Noah,Howard,noah.howard@blueharbordigital.com,Blue Harbor Digital Inc.,Operations Manager,80,KY,SMB,Content Download,72,Opportunity,Converted,USR006,2022-12-03 06:36:16,2022-12-06 03:36:16,2022-12-06 04:07:16,2022-12-06 05:17:16,2022-12-08 21:17:16,,true,2023-04-06 00:36:16,ACC0198,CON0391,OPP0363
LEAD0269,Nathan,Edwards,nathan.edwards@riverbendconsulting.com,Riverbend Consulting Group,Business Analyst,158,KY,SMB,Webinar / Event,74,Customer,Converted,USR006,2023-10-16 16:58:23,2023-10-19 13:58:23,2023-10-19 15:18:23,2023-10-19 18:33:23,2023-10-20 19:33:23,,true,2023-12-09 21:58:23,ACC0026,CON0057,OPP0311
LEAD0270,Samuel,Martinez,samuel.martinez@oakridgedistribution.com,Oakridge Distribution,Director of Business Systems,299,MI,Mid-Market,Organic Search,72,Opportunity,Converted,USR011,2025-10-18 23:53:44,2025-10-20 09:53:44,2025-10-20 10:49:44,2025-10-20 12:27:44,2025-10-22 01:27:44,,true,2026-01-27 15:53:44,ACC0137,CON0277,OPP0239
LEAD0271,Chloe,Collins,chloe.collins@maplewooddistribution.com,Maplewood Distribution Inc.,VP of Information Technology,731,MO,Mid-Market,Partner Referral,74,Customer,Converted,USR011,2026-04-22 17:55:53,2026-04-25 02:55:53,2026-04-25 03:10:53,2026-04-25 05:24:53,2026-04-27 14:24:53,,true,2026-08-22 04:55:53,ACC0139,CON0279,OPP0424
LEAD0272,Nathan,Bell,nathan.bell@suncrestclinicalservices.com,Suncrest Clinical Services,IT Specialist,154,VA,SMB,Partner Referral,77,Opportunity,Converted,USR006,2023-10-25 20:48:53,2023-10-28 02:48:53,2023-10-28 03:35:53,2023-10-28 05:25:53,2023-10-29 02:25:53,,true,2024-02-29 22:48:53,ACC0065,CON0131,OPP0344
LEAD0273,Abigail,Ward,abigail.ward@cedarstoneoperations.com,Cedarstone Operations,,595,OR,Mid-Market,Organic Search,75,Opportunity,Converted,USR012,2026-03-08 21:09:23,2026-03-11 20:09:23,2026-03-11 21:04:23,2026-03-12 00:28:23,2026-03-14 04:28:23,,true,2026-05-19 03:09:23,ACC0004,CON0012,OPP0228
LEAD0274,Grace,King,grace.king@mosaicfabrication.com,Mosaic Fabrication Inc.,Systems Administrator,142,MI,SMB,Webinar / Event,72,Customer,Converted,USR007,2026-03-26 15:10:55,2026-03-26 20:10:55,2026-03-26 20:24:55,2026-03-26 22:56:55,2026-03-29 20:56:55,,true,2026-06-27 07:10:55,ACC0164,CON0332,OPP0200
LEAD0275,Brianna,Thompson,brianna.thompson@granitepeakfreight.com,Granite Peak Freight,Chief Operating Officer,74,OR,SMB,Customer Referral,85,Customer,Converted,USR008,2025-06-15 08:02:19,2025-06-17 06:02:19,2025-06-17 06:28:19,2025-06-17 08:10:19,2025-06-20 02:10:19,,true,2025-11-07 21:02:19,ACC0019,CON0043,OPP0022
LEAD0276,Brianna,Morris,brianna.morris@silveroakprofessionalservices.com,Silver Oak Professional Services LLC,Vendor Management Manager,283,PA,Mid-Market,Outbound SDR,72,Opportunity,Converted,USR009,2026-07-07 20:17:24,2026-07-09 13:17:24,2026-07-09 13:54:24,2026-07-09 17:12:24,2026-07-10 14:12:24,,true,2026-09-11 05:17:24,ACC0237,CON0479,
LEAD0277,Andrew,Price,andrew.price@pioneersoftware.com,Pioneer Software,Operations Manager,34,IL,SMB,Content Download,72,Opportunity,Converted,USR007,2023-12-03 12:33:44,2023-12-03 16:33:44,2023-12-03 17:54:44,2023-12-04 00:54:44,2023-12-06 09:54:44,,true,2024-04-24 01:33:44,ACC0093,CON0184,
LEAD0278,Victoria,Washington,victoria.washington@silveroakprofessionalservices.com,Silver Oak Professional Services LLC,Director of Business Systems,283,PA,Mid-Market,Inbound Demo Request,90,Opportunity,Converted,USR009,2026-04-19 05:16:16,2026-04-19 11:16:16,2026-04-19 12:16:16,2026-04-19 15:29:16,2026-04-22 13:29:16,,true,2026-09-09 10:16:16,ACC0237,CON0478,
LEAD0279,Carmen,Jackson,carmen.jackson@rivermarkcapital.com,Rivermark Capital Group,Procurement Manager,641,FL,Mid-Market,Content Download,72,Opportunity,Converted,USR011,2025-03-12 16:31:59,2025-03-15 12:31:59,2025-03-15 13:29:59,2025-03-15 14:33:59,2025-03-17 07:33:59,,true,2025-05-24 06:31:59,ACC0066,CON0134,
LEAD0280,Elena,Smith,elena.smith@northstarcommerce.com,Northstar Commerce,Program Manager,1073,CA,Upper Mid-Market,Organic Search,72,Customer,Converted,USR012,2025-09-02 19:07:38,2025-09-04 07:07:38,2025-09-04 07:22:38,2025-09-04 09:40:38,2025-09-06 21:40:38,,true,2025-10-20 22:07:38,ACC0152,CON0310,OPP0312
LEAD0281,Dominic,Collins,dominic.collins@bluepeakconstruction.com,BluePeak Construction,Business Operations Director,447,TX,Mid-Market,Outbound SDR,72,Customer,Converted,USR010,2025-12-07 20:04:04,2025-12-09 05:04:04,2025-12-09 05:19:04,2025-12-09 07:35:04,2025-12-12 03:35:04,,true,2026-04-08 09:04:04,ACC0181,CON0364,OPP0149
LEAD0282,Derek,Bennett,derek.bennett@redstonemanufacturing.com,Redstone Manufacturing,Operations Manager,3048,AR,,Content Download,72,Customer,Converted,USR010,2025-02-11 08:00:49,2025-02-12 07:00:49,2025-02-12 07:23:49,2025-02-12 09:20:49,2025-02-14 05:20:49,,true,2025-06-06 15:00:49,ACC0112,CON0225,OPP0227
LEAD0283,Brandon,Taylor,brandon.taylor@arborcarenetwork.com,Arbor Care Network,Chief Operating Officer,761,FL,Mid-Market,Customer Referral,85,Opportunity,Converted,USR010,2025-07-26 12:05:50,2025-07-27 07:05:50,2025-07-27 07:16:50,2025-07-27 10:46:50,2025-07-30 00:46:50,,true,2025-12-09 22:05:50,ACC0277,CON0553,OPP0106
LEAD0284,Adrian,King,adrian.king@harborviewretail.com,Harborview Retail Group,Operations Analyst,112,NY,SMB,Webinar / Event,77,Opportunity,Converted,USR005,2026-03-07 13:07:59,2026-03-09 08:07:59,2026-03-09 09:18:59,2026-03-09 10:46:59,2026-03-11 02:46:59,,true,2026-03-31 03:07:59,ACC0167,CON0338,OPP0359
LEAD0285,Emily,Green,emily.green@suncrestcarenetwork.com,Suncrest Care Network,Director of Business Systems,474,NJ,Mid-Market,Inbound Demo Request,83,Customer,Converted,USR009,2022-06-17 18:09:08,2022-06-18 01:09:08,2022-06-18 02:33:08,2022-06-18 05:33:08,2022-06-20 01:33:08,,true,2022-11-09 18:09:08,ACC0314,CON0626,OPP0210
LEAD0286,Ariana,Reed,ariana.reed@cedarstonelabs.com,Cedarstone Labs,VP of Technology,129,MI,SMB,Inbound Demo Request,75,Opportunity,Converted,USR007,2024-12-16 06:24:02,2024-12-16 14:24:02,2024-12-16 15:24:02,2024-12-16 18:28:02,2024-12-17 15:28:02,,true,2025-02-22 21:24:02,ACC0059,CON0117,
LEAD0287,Ryan,Moore,ryan.moore@brookstonelearningsystems.com,Brookstone Learning Systems,Project Manager,55,WA,SMB,Outbound SDR,72,Opportunity,Converted,USR008,2025-07-22 02:30:41,2025-07-23 16:30:41,2025-07-23 16:52:41,2025-07-23 19:00:41,2025-07-26 02:00:41,,true,2025-12-10 17:30:41,ACC0242,CON0487,OPP0146
LEAD0288,Henry,Martin,henry.martin@riverbendlearningsystems.com,Riverbend Learning Systems,Solutions Architect,2169,DC,Upper Mid-Market,Webinar / Event,77,Customer,Converted,USR009,2025-01-02 08:51:10,2025-01-02 11:51:10,2025-01-02 12:51:10,2025-01-02 16:14:10,2025-01-04 19:14:10,,true,2025-05-30 21:51:10,ACC0254,CON0513,OPP0293
LEAD0289,Ariana,Harris,ariana.harris@summitridgebuilders.com,Summit Ridge Builders Group,VP of Enterprise Systems,2097,PA,Upper Mid-Market,Content Download,72,Opportunity,Converted,USR009,2024-08-30 16:09:43,2024-09-02 11:09:43,2024-09-02 12:19:43,2024-09-02 12:57:43,2024-09-03 06:57:43,,true,2024-12-06 10:09:43,ACC0102,CON0206,OPP0206
LEAD0290,Olivia,Phillips,olivia.phillips@frontierprecisionworks.com,Frontier Precision Works LLC,VP of Technology,49,TX,SMB,Paid Search,78,Opportunity,Converted,USR006,2026-02-04 03:19:03,2026-02-05 00:19:03,2026-02-05 01:38:03,2026-02-05 03:09:03,2026-02-06 15:09:03,,true,2026-06-14 11:19:03,ACC0110,CON0223,OPP0392
LEAD0291,Noah,Cruz,noah.cruz@apexretail.com,Apex Retail,,238,OR,Mid-Market,Paid Search,72,Opportunity,Converted,USR012,2024-09-22 10:32:57,2024-09-24 13:32:57,2024-09-24 14:43:57,2024-09-24 17:06:57,2024-09-27 15:06:57,,true,2025-02-08 13:32:57,ACC0083,CON0168,OPP0108
LEAD0292,Alexandra,Jackson,alexandra.jackson@brightpathhealthpartners.com,BrightPath Health Partners LLC,Director of Operations,476,TX,Mid-Market,Inbound Demo Request,97,Customer,Converted,USR010,2023-05-03 06:44:51,2023-05-06 05:44:51,2023-05-06 06:37:51,2023-05-06 09:35:51,2023-05-08 09:35:51,,true,2023-06-09 13:44:51,ACC0207,CON0409,OPP0333
LEAD0293,Andrew,Miller,andrew.miller@pioneersoftware.com,Pioneer Software,General Manager,34,IL,SMB,Inbound Demo Request,83,Opportunity,Converted,USR007,2024-04-18 19:02:08,2024-04-19 20:02:08,2024-04-19 21:25:08,2024-04-20 11:25:08,2024-04-21 18:25:08,,true,2024-08-05 19:02:08,ACC0093,CON0183,OPP0096
LEAD0294,Camila,Brooks,camila.brooks@keystonelabs.com,Keystone Labs LLC,Systems Manager,261,WA,Mid-Market,Partner Referral,78,Opportunity,Converted,USR012,2026-04-08 05:07:53,2026-04-11 00:07:53,2026-04-11 01:19:53,2026-04-11 04:16:53,2026-04-12 19:16:53,,true,2026-07-16 18:07:53,ACC0121,CON0245,
LEAD0295,Bianca,Phillips,bianca.phillips@highpointhealthpartners.com,Highpoint Health Partners,Director of Operations,377,FL,Mid-Market,Customer Referral,76,Opportunity,Converted,USR010,2025-11-20 04:02:20,2025-11-21 03:02:20,2025-11-21 03:26:20,2025-11-21 04:38:20,2025-11-21 23:38:20,,true,2025-12-24 20:02:20,ACC0249,CON0502,OPP0099
LEAD0296,Andrea,Barnes,andrea.barnes@riverbendmedicalgroup.com,Riverbend Medical Group Inc.,Director of Enterprise Applications,2013,CO,Upper Mid-Market,Partner Referral,85,Customer,Converted,USR012,2023-05-21 13:08:48,2023-05-24 11:08:48,2023-05-24 11:28:48,2023-05-24 14:31:48,2023-05-25 10:31:48,,true,2023-06-29 14:08:48,ACC0246,CON0495,
LEAD0297,Noah,Hall,noah.hall@redstoneconstruction.com,Redstone Construction,IT Applications Manager,323,CO,Mid-Market,Paid Search,72,Opportunity,Converted,USR012,2026-04-09 16:58:49,2026-04-11 11:58:49,2026-04-11 13:00:49,2026-04-11 16:18:49,2026-04-12 01:18:49,,true,2026-07-21 19:58:49,ACC0160,CON0325,OPP0165
LEAD0298,Jack,Rogers,jack.rogers@frontierlearning.com,Frontier Learning,IT Applications Manager,553,CA,Mid-Market,Organic Search,72,Opportunity,Converted,USR012,2023-01-21 19:18:03,2023-01-23 21:18:03,2023-01-23 22:11:03,2023-01-23 22:28:03,2023-01-26 07:28:03,,true,2023-04-16 12:18:03,ACC0111,CON0224,OPP0275
LEAD0299,William,Wilson,william.wilson@primepointconsulting.com,PrimePoint Consulting,Director of Operations,87,KY,SMB,Webinar / Event,73,Opportunity,Converted,USR006,2026-05-28 18:42:19,2026-05-30 01:42:19,2026-05-30 02:56:19,2026-05-30 11:56:19,2026-05-31 01:56:19,,true,2026-09-12 08:42:19,ACC0076,CON0155,
LEAD0300,Rachel,Torres,rachel.torres@summitridgebuilders.com,Summit Ridge Builders Group,Director of Enterprise Applications,2097,PA,Upper Mid-Market,Partner Referral,79,Opportunity,Converted,USR009,2025-02-22 05:47:07,2025-02-23 00:47:07,2025-02-23 01:55:07,2025-02-23 04:23:07,2025-02-26 04:23:07,,true,2025-05-23 20:47:07,ACC0102,CON0207,OPP0336
LEAD0301,Parker,Smith,parker.smith@goldcresttechnology.com,Goldcrest Technology Systems,Process Improvement Manager,90,WA,SMB,Paid Search,69,Marketing Qualified Lead,Working,USR008,2024-03-12 03:45:03,2024-03-16 01:45:03,2024-03-12 04:28:03,2024-03-12 05:58:03,,,false,,,,
LEAD0302,Taylor,Thomas,taylor.thomas@ironwoodresources.com,Ironwood Resources Co.,Procurement Manager,164,SC,SMB,Content Download,65,Marketing Qualified Lead,Connected,USR006,2026-01-07 23:19:02,2026-01-08 18:19:02,2026-01-08 04:42:02,2026-01-08 07:32:02,,,false,,,,
LEAD0303,Ella,Price,ella.price@rivertonlabs.com,Riverton Labs Systems,Director of Business Transformation,839,SD,Mid-Market,Inbound Demo Request,87,Lead,Working,USR011,2024-02-27 06:53:11,,2024-02-27 10:42:11,2024-02-27 11:49:11,,,false,,,,
LEAD0304,Jordan,Kelly,jordan.kelly@westbrook.com,Westbrook Systems LLC,IT Manager,134,GA,SMB,Organic Search,68,Lead,Nurture,USR006,2026-04-24 17:35:05,,2026-04-24 18:16:05,2026-04-24 19:06:05,,,false,,,,
LEAD0305,Cameron,Kim,cameron.kim@newbridge.com,Newbridge Partners Partners,VP of Technology,104,UT,SMB,Organic Search,45,Lead,Nurture,USR008,2024-02-18 14:06:57,,2024-02-18 18:32:57,2024-02-18 21:25:57,,,false,,,,
LEAD0306,Riley,Green,riley.green@falcon.com,Falcon Solutions LLC,Revenue Operations Manager,81,GA,SMB,Content Download,55,Marketing Qualified Lead,Working,,2025-06-26 23:57:12,2025-06-30 06:57:12,,,,,false,,,,
LEAD0307,Chloe,Brooks,chloe.brooks@brightwelldistribution.com,Brightwell Distribution Group,Enterprise Applications Manager,22,NV,SMB,Webinar / Event,71,Lead,Disqualified,USR008,2025-09-02 13:50:41,,2025-09-02 17:47:41,2025-09-02 19:24:41,,Timing Not Right,false,,,,
LEAD0308,Sophia,Wood,sophia.wood@northstarindustries.com,Northstar Industries Inc.,Program Manager,678,SC,SMB,Paid Search,77,Marketing Qualified Lead,Working,USR010,2025-03-07 01:04:58,2025-03-07 10:04:58,2025-03-07 05:43:58,2025-03-07 06:58:58,,,false,,,,
LEAD0309,Sophia,Evans,sophia.evans@copperdistribution.com,Copper Distribution Systems,Systems Manager,183,WI,SMB,Paid Search,80,Marketing Qualified Lead,Connected,,2025-02-06 08:06:44,2025-02-07 05:06:44,,,,,false,,,,
LEAD0310,Quinn,Patel,quinn.patel@mapleworks.com,Maple Works Systems,Operations Manager,362,VA,Mid-Market,Content Download,60,Lead,Disqualified,USR010,2025-01-15 03:25:02,,2025-01-15 03:35:02,2025-01-15 04:50:02,,Bad Contact Data,false,,,,
LEAD0311,Caleb,Kelly,logan.morgan@newbridgecommerce.com,Parkside Commerce LLC,VP of Operations,97,MA,SMB,Organic Search,56,Lead,Nurture,USR005,2025-09-01 23:37:29,,2025-09-02 00:12:29,2025-09-02 02:31:29,,,false,,,,
LEAD0312,Quinn,Ortiz,quinn.ortiz@evergreenoperations.com,Evergreen Operations Solutions,Director of Business Transformation,53,NY,SMB,Webinar / Event,76,Marketing Qualified Lead,Working,,2025-08-08 04:05:36,2025-08-10 04:05:36,,,,,false,,,,
LEAD0313,Drew,Williams,drew.williams@redwoodresources.com,Redwood Resources Inc.,Revenue Operations Manager,660,NJ,Mid-Market,Customer Referral,71,Sales Qualified Lead,Qualified,USR009,2024-06-21 18:05:13,2024-06-22 13:05:13,2024-06-21 18:40:13,2024-06-21 19:26:13,2024-06-25 10:05:13,,false,,,,
LEAD0314,Blake,Mitchell,blake.mitchell@bridgepoint.com,Bridgepoint Solutions Systems,VP of Operations,171,FL,SMB,Webinar / Event,56,Lead,Disqualified,USR006,2025-01-24 21:51:08,,2025-01-25 02:22:08,2025-01-25 02:58:08,,Enterprise Requirements,false,,,,
LEAD0315,Henry,Brooks,henry.brooks@pioneerworks.com,Pioneer Works Partners,Systems Manager,123,IL,Upper Mid-Market,Partner Referral,66,Lead,Working,USR007,2025-01-08 03:47:11,,2025-01-08 05:52:11,2025-01-09 14:52:11,,,false,,,,
LEAD0316,Alex,Mitchell,alex.mitchell@goldcrestservices.com,Goldcrest Services Inc.,VP of Technology,135,IN,SMB,Content Download,43,Lead,New,USR007,2025-06-05 18:28:02,,2025-06-05 23:31:02,,,,false,,,,
LEAD0317,Miles,Ramirez,miles.ramirez@parkside.com,Parkside Solutions Inc.,Business Systems Manager,708,PA,Mid-Market,Organic Search,47,Marketing Qualified Lead,Nurture,USR009,2026-07-25 09:25:17,2026-07-26 18:25:17,2026-07-25 10:25:17,2026-07-25 19:25:17,,,false,,,,
LEAD0318,Sydney,Sanchez,sydney.sanchez@sterlingworks.com,Sterling Works Group,Business Operations Manager,329,NE,Mid-Market,Webinar / Event,56,Marketing Qualified Lead,Working,USR011,2025-05-08 19:49:37,2025-05-09 21:49:37,2025-05-08 21:58:37,2025-05-08 23:31:37,,,false,,,,
LEAD0319,Avery,Patel,avery.patel@crescentresources.com,Crescent Resources Co.,Procurement Manager,77,WA,SMB,Inbound Demo Request,91,Lead,Working,USR006,2026-08-10 20:35:20,,2026-08-10 21:36:20,2026-08-11 02:36:20,,,false,,,,
LEAD0320,Owen,Jackson,owen.jackson@lakesideholdings.com,Lakeside Holdings Solutions,Business Operations Manager,423,VA,Mid-Market,Customer Referral,89,Marketing Qualified Lead,Disqualified,USR010,2025-10-04 16:43:18,2025-10-06 05:43:18,2025-10-04 18:55:18,2025-10-04 19:05:18,,Not a Fit,false,,,,
LEAD0321,Chloe,Scott,chloe.scott@clearpath.com,ClearPath Group Systems,Business Systems Manager,563,WA,Mid-Market,Customer Referral,95,Sales Qualified Lead,Qualified,USR012,2024-12-21 14:56:35,2024-12-25 05:56:35,2024-12-21 15:45:35,2024-12-21 16:28:35,2024-12-26 00:56:35,,false,,,,
LEAD0322,Ethan,Ramirez,ethan.ramirez@prime.com,Prime Partners Co.,Finance Director,64,IN,SMB,Outbound SDR,65,Marketing Qualified Lead,Disqualified,USR007,2026-04-14 00:18:57,2026-04-16 03:18:57,2026-04-14 00:47:57,2026-04-14 03:50:57,,Bad Contact Data,false,,,,
LEAD0323,Casey,Patel,casey.patel@solsticenetworks.com,Solstice Networks Group,IT Manager,421,KS,Mid-Market,Content Download,63,Marketing Qualified Lead,Disqualified,,2024-10-26 14:44:39,2024-10-27 10:44:39,,,,No Budget,false,,,,
LEAD0324,Olivia,Turner,olivia.turner@redwood.com,Redwood Solutions Solutions,Operations Manager,150,MA,SMB,Inbound Demo Request,86,Lead,Nurture,USR005,2025-03-12 04:06:17,,2025-03-12 08:29:17,2025-03-12 10:23:17,,,false,,,,
LEAD0325,Ella,Green,ella.green@riverbendresources.com,Riverbend Resources Solutions,Process Improvement Manager,630,IL,Mid-Market,Inbound Demo Request,91,Sales Qualified Lead,Qualified,USR011,2024-04-24 10:20:41,2024-04-27 20:20:41,2024-04-24 13:50:41,2024-04-24 15:10:41,2024-05-07 15:20:41,,false,,,,
LEAD0326,Jamie,Mitchell,jamie.mitchell@oakridgeconsulting.com,Oakridge Consulting Systems,IT Manager,120,WV,SMB,Content Download,34,Lead,Working,USR005,2024-03-22 12:15:05,,2024-03-22 16:12:05,2024-03-22 17:47:05,,,false,,,,
LEAD0327,Jack,Ramirez,jack.ramirez@summitoperations.com,Summit Operations Systems,Project Manager,184,TX,SMB,Customer Referral,84,Sales Qualified Lead,Qualified,USR006,2025-09-15 16:47:56,2025-09-19 07:47:56,2025-09-15 17:57:56,2025-09-15 19:38:56,2025-09-21 22:47:56,,false,,,,
LEAD0328,Caleb,Jackson,caleb.jackson@vertexresources.com,Vertex Resources LLC,Procurement Manager,988,NY,Mid-Market,Paid Search,68,Lead,New,USR009,2025-03-24 23:23:50,,2025-03-25 00:43:50,,,,false,,,,
LEAD0329,Owen,Jenkins,owen.jenkins@granite.com,Granite Partners Solutions,Finance Director,284,FL,Mid-Market,Content Download,50,Lead,Nurture,USR010,2025-03-10 08:25:59,,2025-03-10 10:07:59,2025-03-10 11:33:59,,,false,,,,
LEAD0330,Grant,Edwards,grant.edwards@highland.com,Highland Solutions Inc.,Director of IT,145,CA,SMB,Paid Search,61,Marketing Qualified Lead,Nurture,USR008,2024-01-15 04:26:13,2024-01-17 20:26:13,2024-01-15 06:21:13,,,,false,,,,
LEAD0331,Ruby,Nguyen,ruby.nguyen@atlasdistribution.com,Atlas Distribution LLC,Finance Director,183,DC,SMB,Webinar / Event,60,Sales Qualified Lead,Connected,USR005,2025-01-04 17:19:42,2025-01-08 23:19:42,2025-01-04 19:57:42,2025-01-04 22:28:42,2025-01-11 00:19:42,,false,,,,
LEAD0332,Alex,Richardson,alex.richardson@evergreennetworks.com,Evergreen Networks Inc.,Director of IT,31,MI,Mid-Market,Outbound SDR,49,Lead,New,USR007,2025-08-12 04:43:56,,2025-08-12 08:38:56,,,,false,,,,
LEAD0333,Olivia,Shah,olivia.shah@monarch.com,Monarch Systems Partners,Project Manager,944,NY,Mid-Market,Organic Search,61,Marketing Qualified Lead,Nurture,USR009,2026-05-11 06:42:25,2026-05-13 18:42:25,2026-05-11 10:50:25,2026-05-11 13:45:25,,,false,,,,
LEAD0334,Cameron,White,cameron.white@falcon.com,Falcon Systems Solutions,IT Manager,189,NY,SMB,Customer Referral,87,Marketing Qualified Lead,Working,USR005,2025-05-15 19:34:21,2025-05-17 00:34:21,2025-05-15 23:21:21,2025-05-16 00:31:21,,,false,,,,
LEAD0335,Grace,Nguyen,grace.nguyen@eastgate.com,Eastgate Partners Systems,Project Manager,30,GA,SMB,Organic Search,54,Lead,Working,USR006,2026-06-16 14:15:45,,2026-06-16 15:34:45,2026-06-16 17:42:45,,,false,,,,
LEAD0336,Sydney,Mitchell,sydney.mitchell@pioneerlabs.com,Pioneer Labs Group,IT Manager,63,GA,SMB,Customer Referral,75,Sales Qualified Lead,Qualified,USR006,2024-12-04 09:43:50,2024-12-06 13:43:50,2024-12-04 14:22:50,2024-12-05 04:22:50,2024-12-14 08:43:50,,false,,,,
LEAD0337,Mia,Shah,jamie.morgan@cobalt.com,Ironwood Manufacturing LLC,Director of IT,178,CO,SMB,Paid Search,46,Lead,New,USR006,2025-04-11 14:49:14,,2025-04-11 17:47:14,,,,false,,,,
LEAD0338,Cole,Bennett,cole.bennett@copper.com,Copper Group Systems,Systems Manager,179,NY,SMB,Customer Referral,70,Lead,Nurture,USR005,2025-01-20 09:11:24,,2025-01-20 14:53:24,2025-01-20 17:23:24,,,false,,,,
LEAD0339,Drew,Turner,drew.turner@summitdynamics.com,Summit Dynamics LLC,Finance Director,810,TX,Mid-Market,Webinar / Event,70,Marketing Qualified Lead,Disqualified,USR010,2026-02-10 01:35:19,2026-02-10 11:35:19,2026-02-10 01:57:19,2026-02-10 05:33:19,,Duplicate Lead,false,,,,
LEAD0340,Morgan,Taylor,morgan.taylor@stonebridgeholdings.com,Stonebridge Holdings Group,Program Manager,155,DE,SMB,Paid Search,57,Lead,Disqualified,USR005,2024-07-25 01:02:08,,2024-07-25 01:33:08,2024-07-25 03:05:08,,Enterprise Requirements,false,,,,
LEAD0341,Cameron,Turner,cameron.turner@lakesideenterprises.com,Lakeside Enterprises Co.,Finance Director,1512,CO,Mid-Market,Organic Search,46,Lead,Nurture,USR012,2026-03-29 15:07:42,,2026-03-29 19:40:42,2026-03-29 22:43:42,,,false,,,,
LEAD0342,Mia,Sanchez,mia.sanchez@harbor.com,Harbor Group Inc.,VP of Operations,171,NC,SMB,Outbound SDR,58,Marketing Qualified Lead,Working,USR006,2025-09-11 22:34:16,2025-09-14 07:34:16,2025-09-11 23:46:16,2025-09-12 00:59:16,,,false,,,,
LEAD0343,Casey,Morgan,casey.morgan@summitsupply.com,Summit Supply Solutions,Program Manager,172,TX,SMB,Outbound SDR,53,Lead,Disqualified,USR006,2024-11-07 10:39:11,,2024-11-07 11:10:11,2024-11-07 12:37:11,,Not a Fit,false,,,,
LEAD0344,Parker,Wilson,parker.wilson@northstarlogistics.com,Northstar Logistics Solutions,Sales Operations Manager,26,CO,SMB,Organic Search,61,Marketing Qualified Lead,Disqualified,USR008,2026-03-11 15:15:10,2026-03-16 00:15:10,2026-03-11 17:44:10,2026-03-11 20:32:10,,Not a Fit,false,,,,
LEAD0345,Owen,Parker,owen.parker@bridgepointresources.com,Bridgepoint Resources Inc.,VP of Operations,255,MA,Mid-Market,Paid Search,84,Lead,New,USR009,2024-08-30 16:29:27,,2024-08-30 19:58:27,,,,false,,,,
LEAD0346,Logan,Hall,logan.hall@brightwellhealth.com,Brightwell Health Solutions,Business Operations Manager,12,CO,,Organic Search,73,Marketing Qualified Lead,Disqualified,,2024-10-12 06:43:25,2024-10-16 20:43:25,,,,No Response,false,,,,
LEAD0347,Grace,Williams,grace.williams@riverbendnetworks.com,Riverbend Networks Partners,Director of Business Transformation,1876,,Upper Mid-Market,Customer Referral,93,Marketing Qualified Lead,Nurture,USR010,2025-08-09 13:27:18,2025-08-11 02:27:18,2025-08-09 18:12:18,2025-08-09 20:32:18,,,false,,,,
LEAD0348,Casey,Garcia,casey.garcia@falconmanufacturing.com,Falcon Manufacturing Solutions,Process Improvement Manager,915,AK,Mid-Market,Organic Search,56,Lead,New,USR012,2026-01-15 20:37:02,,2026-01-15 21:29:02,,,,false,,,,
LEAD0349,Ruby,Kim,ruby.kim@northstar.com,Northstar Group Solutions,Finance Director,947,CA,Mid-Market,Customer Referral,98,Sales Qualified Lead,Qualified,USR012,2025-04-02 06:51:31,2025-04-03 19:51:31,2025-04-02 12:03:31,2025-04-02 13:06:31,2025-04-06 15:51:31,,false,,,,
LEAD0350,Caleb,Sanchez,caleb.sanchez@newbridgenetworks.com,Newbridge Networks Solutions,Operations Manager,874,PA,Mid-Market,Content Download,47,Lead,Nurture,USR009,2024-02-27 12:22:24,,2024-02-27 13:37:24,2024-02-27 15:47:24,,,false,,,,
LEAD0351,Lucas,Wilson,lucas.wilson@cobaltlabs.com,Cobalt Labs Partners,Director of Business Transformation,119,NJ,Upper Mid-Market,Organic Search,78,Sales Qualified Lead,Qualified,USR005,2026-04-02 07:03:52,2026-04-06 09:03:52,2026-04-02 10:22:52,2026-04-02 13:49:52,2026-04-08 10:03:52,,false,,,,
LEAD0352,Jamie,Miller,jamie.miller@monarchindustries.com,Monarch Industries Co.,Sales Operations Manager,820,FL,Mid-Market,Content Download,69,Marketing Qualified Lead,Working,USR010,2024-10-20 18:34:45,2024-10-23 14:34:45,2024-10-20 23:31:45,2024-10-21 02:35:45,,,false,,,,
LEAD0353,Cole,Kim,cole.kim@keystoneresources.com,Keystone Resources Solutions,Revenue Operations Manager,774,CA,Mid-Market,Content Download,45,Lead,Nurture,USR012,2026-09-03 05:06:12,,2026-09-03 05:38:12,2026-09-03 07:56:12,,,false,,,,
LEAD0354,Sophia,Perry,sophia.perry@harborhealth.com,Harbor Health Solutions,Process Improvement Manager,737,IL,Mid-Market,Inbound Demo Request,92,Marketing Qualified Lead,Nurture,USR011,2024-12-05 21:05:49,2024-12-08 01:05:49,2024-12-06 02:13:49,2024-12-06 05:35:49,,,false,,,,
LEAD0355,Emma,Howard,emma.howard@atlasservices.com,Atlas Services Group,Systems Manager,311,GA,Mid-Market,Partner Referral,75,Sales Qualified Lead,Qualified,USR010,2024-12-13 03:45:21,2024-12-13 14:45:21,2024-12-13 06:46:21,2024-12-14 00:46:21,2024-12-19 10:45:21,,false,,,,
LEAD0356,Morgan,Patel,morgan.patel@falconindustries.com,Falcon Industries LLC,Finance Director,111,ND,SMB,Paid Search,77,Sales Qualified Lead,Connected,USR007,2024-10-03 23:52:36,2024-10-07 18:52:36,2024-10-04 04:11:36,2024-10-04 05:33:36,2024-10-08 12:52:36,,false,,,,
LEAD0357,Jordan,Peterson,jordan.peterson@beaconconsulting.com,Beacon Consulting LLC,Systems Manager,766,MD,Mid-Market,Paid Search,73,Marketing Qualified Lead,Working,USR011,2024-01-11 09:09:36,2024-01-15 22:09:36,2024-01-11 10:58:36,2024-01-11 21:58:36,,,false,,,,
LEAD0358,Jordan,Jackson,jordan.jackson@summitdynamics.com,Summit Dynamics Systems,Operations Manager,97,OH,SMB,Organic Search,42,Lead,New,USR007,2024-11-24 19:13:03,,2024-11-25 00:46:03,,,,false,,,,
LEAD0359,Grace,Bennett,grace.bennett@keystonehealth.com,Keystone Health Solutions,Operations Manager,170,RI,SMB,Content Download,69,Lead,New,USR005,2025-04-03 04:46:41,,2025-04-03 08:28:41,,,,false,,,,
LEAD0360,Grant,Walker,grant.walker@goldcrest.com,Goldcrest Partners Inc.,Operations Manager,169,MN,SMB,Organic Search,77,Lead,Working,USR007,2024-05-26 05:20:09,,2024-05-26 07:45:09,2024-05-26 08:32:09,,,false,,,,
LEAD0361,Jack,Carter,jack.carter@libertyenterprises.com,Liberty Enterprises Inc.,Systems Manager,173,CA,SMB,Webinar / Event,52,Lead,Disqualified,USR008,2025-11-11 11:07:15,,2025-11-11 13:48:15,2025-11-11 17:26:15,,Timing Not Right,false,,,,
LEAD0362,Leo,Parker,leo.parker@redwooddynamics.com,Redwood Dynamics Co.,Director of Operations,341,FL,Mid-Market,Outbound SDR,81,Sales Qualified Lead,Qualified,USR010,2024-11-16 16:43:51,2024-11-19 10:43:51,2024-11-16 18:39:51,2024-11-16 20:46:51,2024-11-20 05:43:51,,false,,,,
LEAD0363,Mia,Jenkins,taylor.bennett@falconconsulting.com,Redwood Health Group,Director of IT,1759,OH,Upper Mid-Market,Outbound SDR,56,Lead,Working,USR011,2024-11-03 12:13:36,,2024-11-03 12:27:36,,,,false,,,,
LEAD0364,Jack,Smith,jack.smith@harbormanufacturing.com,Harbor Manufacturing Co.,Operations Manager,154,IL,SMB,Outbound SDR,56,Lead,Nurture,USR007,2025-05-13 10:57:26,,2025-05-13 16:32:26,2025-05-13 17:21:26,,,false,,,,
LEAD0365,Emma,Rivera,emma.rivera@copperholdings.com,Copper Holdings Solutions,VP of Operations,519,GA,Mid-Market,Content Download,69,Marketing Qualified Lead,Working,USR010,2025-10-10 03:42:08,2025-10-13 08:42:08,2025-10-10 05:28:08,2025-10-11 13:28:08,,,false,,,,
LEAD0366,Leah,Kim,leah.kim@crescenttechnology.com,Crescent Technology Systems,VP of Operations,147,ME,SMB,Webinar / Event,70,Lead,Working,USR005,2026-03-20 12:49:45,,2026-03-20 16:37:45,2026-03-20 18:32:45,,,false,,,,
LEAD0367,Mason,Walker,mason.walker@atlashealth.com,Atlas Health Group,Chief Operating Officer,139,NY,SMB,Content Download,72,Lead,Working,USR005,2025-04-20 06:32:36,,2025-04-20 08:10:36,2025-04-20 17:10:36,,,false,,,,
LEAD0368,Casey,Ross,casey.ross@parkside.com,Parkside Solutions Partners,Program Manager,138,NJ,SMB,Content Download,71,Sales Qualified Lead,Qualified,USR005,2024-07-23 12:34:24,2024-07-25 01:34:24,2024-07-23 14:49:24,2024-07-23 15:27:24,2024-07-29 03:34:24,,false,,,,
LEAD0369,Reese,Hughes,reese.hughes@primeconsulting.com,Prime Consulting Group,VP of Operations,49,CO,SMB,Webinar / Event,54,Marketing Qualified Lead,Nurture,USR008,2026-06-08 22:01:38,2026-06-10 05:01:38,2026-06-09 01:42:38,2026-06-09 04:13:38,,,false,,,,
LEAD0370,Ella,Perry,ella.perry@clearpathlogistics.com,ClearPath Logistics Systems,Project Manager,25,PA,SMB,Content Download,47,Lead,Working,USR005,2025-08-21 01:11:21,,2025-08-21 02:12:21,2025-08-21 03:02:21,,,false,,,,
LEAD0371,Cole,Kim,cole.kim@atlaslogistics.com,Atlas Logistics Group,Process Improvement Manager,412,CO,Mid-Market,Webinar / Event,65,Lead,Working,USR012,2026-08-04 22:39:12,,2026-08-05 02:50:12,2026-08-05 03:52:12,,,false,,,,
LEAD0372,Morgan,Carter,morgan.carter@crescenttechnology.com,Crescent Technology Partners,Business Systems Manager,2081,CA,Upper Mid-Market,Content Download,50,Lead,Nurture,USR012,2025-10-12 03:57:39,,2025-10-12 04:20:39,2025-10-12 07:10:39,,,false,,,,
LEAD0373,Hayden,Hall,hayden.hall@libertytechnology.com,Liberty Technology Inc.,Chief Operating Officer,173,DC,SMB,Content Download,50,Lead,Nurture,USR005,2025-12-21 19:25:49,,2025-12-21 19:47:49,2025-12-21 23:03:49,,,false,,,,
LEAD0374,Owen,Martin,owen.martin@bridgepointconsulting.com,Bridgepoint Consulting Solutions,Solutions Architect,15,PA,,Organic Search,57,Lead,Qualified,,2024-06-16 22:32:12,,,,,,false,,,,
LEAD0375,Noah,Lee,noah.lee@bridgepointlabs.com,Bridgepoint Labs Partners,Operations Manager,383,FL,Mid-Market,Partner Referral,82,Lead,Nurture,USR010,2025-10-22 19:32:05,,2025-10-22 22:36:05,2025-10-23 00:10:05,,,false,,,,
LEAD0376,Leah,Morgan,leah.morgan@silverlineenterprises.com,Silverline Enterprises LLC,Business Systems Manager,5807,IA,,,63,Lead,Qualified,,2024-12-09 06:32:42,,,,,Enterprise Requirements,false,,,,
LEAD0377,Sydney,Miller,sydney.miller@solsticeanalytics.com,Solstice Analytics Inc.,Systems Manager,198,MA,SMB,Organic Search,63,Marketing Qualified Lead,Nurture,USR005,2026-01-30 15:36:39,2026-01-30 19:36:39,2026-01-30 17:58:39,2026-01-30 19:49:39,,,false,,,,
LEAD0378,Jack,Patel,jack.patel@oakridge.com,Oakridge Partners Co.,Business Systems Manager,157,CO,SMB,Partner Referral,80,Marketing Qualified Lead,Connected,USR008,2026-06-05 11:03:04,2026-06-07 17:03:04,2026-06-05 11:51:04,,,,false,,,,
LEAD0379,Ethan,Green,owen.jenkins@granite.com,Cobalt Solutions Group,Operations Manager,82,DE,SMB,Content Download,43,Lead,New,USR005,2024-09-20 08:33:42,,2024-09-20 13:18:42,,,,false,,,,
LEAD0380,Jack,Williams,jack.williams@rivertonindustries.com,Riverton Industries LLC,IT Manager,1441,FL,Upper Mid-Market,Outbound SDR,46,Lead,Nurture,USR010,2024-09-29 04:50:33,,2024-09-29 08:42:33,2024-09-29 09:14:33,,,false,,,,
LEAD0381,Jordan,Scott,jordan.scott@sterlingdistribution.com,Sterling Distribution Partners,VP of Technology,119,TN,SMB,Outbound SDR,50,Marketing Qualified Lead,Working,USR006,2026-07-21 09:52:57,2026-07-22 06:52:57,2026-07-21 12:13:57,2026-07-21 14:23:57,,,false,,,,
LEAD0382,Lily,Carter,lily.carter@parksidedistribution.com,Parkside Distribution Systems,Business Systems Manager,541,AZ,Mid-Market,Webinar / Event,77,Marketing Qualified Lead,Working,USR012,2025-12-07 15:25:03,2025-12-12 07:25:03,2025-12-07 20:49:03,2025-12-07 21:10:03,,,false,,,,
LEAD0383,Nora,Murphy,nora.murphy@highland.com,Highland Solutions Solutions,Chief Operating Officer,72,DC,SMB,Outbound SDR,43,Lead,Working,USR005,2025-04-18 20:35:11,,2025-04-18 22:48:11,2025-04-19 01:15:11,,,false,,,,
LEAD0384,Emerson,Campbell,emerson.campbell@oakridgeconsulting.com,Oakridge Consulting LLC,Solutions Architect,981,MI,Mid-Market,Webinar / Event,80,Marketing Qualified Lead,Working,USR011,2024-08-08 03:32:13,2024-08-10 00:32:13,2024-08-08 05:39:13,2024-08-08 09:02:13,,,false,,,,
LEAD0385,Ella,Hayes,ella.hayes@eastgateresources.com,Eastgate Resources Solutions,Director of Business Transformation,75,CO,SMB,Organic Search,70,Lead,New,USR008,2026-08-14 19:37:54,,2026-08-14 22:14:54,,,,false,,,,
LEAD0386,Drew,Price,drew.price@lakesidecommerce.com,Lakeside Commerce Systems,Operations Manager,342,UT,Mid-Market,Organic Search,60,Lead,Working,USR012,2024-01-25 11:50:37,,2024-01-25 17:20:37,2024-01-25 20:36:37,,,false,,,,
LEAD0387,Grant,Collins,grant.collins@redwooddistribution.com,Redwood Distribution Group,Business Systems Manager,80,KS,SMB,Paid Social,38,Lead,Nurture,USR007,2025-06-03 20:36:13,,2025-06-04 01:30:13,2025-06-04 02:18:13,,,false,,,,
LEAD0388,Caleb,Sanchez,caleb.sanchez@evergreendistribution.com,Evergreen Distribution LLC,Director of IT,136,NY,SMB,Organic Search,69,Lead,Disqualified,USR005,2025-05-22 18:30:37,,2025-05-23 00:03:37,2025-05-23 03:12:37,,Timing Not Right,false,,,,
LEAD0389,Jamie,Turner,jamie.turner@eastgatemanufacturing.com,Eastgate Manufacturing LLC,VP of Technology,362,NJ,Mid-Market,Organic Search,71,Marketing Qualified Lead,Connected,USR009,2025-06-27 10:45:40,2025-06-28 07:45:40,2025-06-27 13:27:40,2025-06-27 17:01:40,,,false,,,,
LEAD0390,Skyler,Foster,skyler.foster@riverton.com,Riverton Solutions Systems,Director of Operations,51,SD,SMB,,74,Marketing Qualified Lead,Connected,USR007,2025-05-30 14:42:34,2025-06-02 03:42:34,2025-05-30 17:06:34,2025-05-30 20:01:34,,,false,,,,
LEAD0391,Dakota,Lewis,dakota.lewis@monarchanalytics.com,Monarch Analytics Group,VP of Technology,108,SC,SMB,Content Download,61,Marketing Qualified Lead,Connected,USR006,2024-06-12 09:06:43,2024-06-13 18:06:43,2024-06-12 11:10:43,2024-06-12 13:55:43,,,false,,,,
LEAD0392,Lucas,Edwards,lucas.edwards@copperhealth.com,Copper Health Inc.,Solutions Architect,174,DE,SMB,Organic Search,77,Lead,Nurture,USR005,2025-09-30 07:23:41,,2025-09-30 12:48:41,2025-09-30 15:42:41,,,false,,,,
LEAD0393,Cole,Hughes,cole.hughes@oakridge.com,Oakridge Group Solutions,Procurement Manager,93,ME,SMB,Content Download,72,Lead,Nurture,USR005,2026-09-18 23:44:35,,2026-09-19 00:26:35,2026-09-19 01:59:35,,,false,,,,
LEAD0394,Jack,Wright,jack.wright@horizon.com,Horizon Systems Inc.,Business Systems Manager,145,OH,SMB,Paid Search,46,Lead,Working,USR007,2026-02-15 03:07:17,,2026-02-15 05:18:17,2026-02-15 08:34:17,,,false,,,,
LEAD0395,Leo,Campbell,leo.campbell@mapleautomation.com,Maple Automation Inc.,Operations Manager,83,MA,SMB,Content Download,36,Marketing Qualified Lead,Nurture,USR005,2024-10-07 06:04:35,2024-10-09 08:04:35,2024-10-07 10:32:35,2024-10-07 13:42:35,,,false,,,,
LEAD0396,Emerson,Morgan,emerson.morgan@beaconenterprises.com,Beacon Enterprises Partners,Solutions Architect,822,NC,Mid-Market,Paid Search,77,Lead,New,USR010,2024-08-19 07:11:48,,2024-08-19 10:01:48,,,,false,,,,
LEAD0397,Chloe,Thomas,chloe.thomas@cobaltindustries.com,Cobalt Industries Co.,Chief Operating Officer,37,SC,SMB,Paid Search,68,Marketing Qualified Lead,Working,USR006,2024-03-07 16:43:48,2024-03-11 11:43:48,2024-03-07 17:01:48,,,,false,,,,
LEAD0398,Cole,Evans,cole.evans@newbridgeconsulting.com,Newbridge Consulting Solutions,Enterprise Applications Manager,339,MA,Mid-Market,Customer Referral,92,Marketing Qualified Lead,Nurture,USR009,2024-02-12 03:39:04,2024-02-16 00:39:04,2024-02-12 08:18:04,2024-02-12 09:33:04,,,false,,,,
LEAD0399,Caleb,Mitchell,caleb.mitchell@stonebridge.com,Stonebridge Solutions Partners,Director of Business Transformation,11,CA,,Inbound Demo Request,78,Lead,Disqualified,,2024-12-30 02:04:14,,,,,Company Too Small,false,,,,
LEAD0400,Taylor,Patel,taylor.patel@goldcrestdistribution.com,Goldcrest Distribution Group,Systems Manager,204,TX,Mid-Market,Organic Search,59,Lead,Working,USR010,2024-09-08 14:53:55,,2024-09-08 18:40:55,2024-09-08 22:13:55,,,false,,,,
LEAD0401,Blake,Nelson,blake.nelson@primetechnology.com,Prime Technology Inc.,Enterprise Applications Manager,745,GA,Mid-Market,Paid Search,68,Marketing Qualified Lead,Disqualified,USR010,2025-09-06 20:10:55,2025-09-10 18:10:55,2025-09-06 20:46:55,2025-09-06 23:52:55,,Bad Contact Data,false,,,,
LEAD0402,Owen,Miller,owen.miller@pioneer.com,Pioneer Systems Solutions,Director of Business Transformation,13,MA,,Outbound SDR,57,Lead,Working,,2025-04-10 12:43:48,,,,,,false,,,,
LEAD0403,Logan,Bennett,logan.bennett@pioneerhealth.com,Pioneer Health Solutions,VP of Operations,298,NM,Mid-Market,Outbound SDR,72,Lead,Nurture,USR012,2026-07-29 23:41:28,,2026-07-30 00:10:28,2026-07-30 02:13:28,,,false,,,,
LEAD0404,Zoe,Walker,zoe.walker@riverbendanalytics.com,Riverbend Analytics Partners,Director of Business Transformation,665,GA,Mid-Market,Organic Search,63,Marketing Qualified Lead,Connected,USR010,2025-11-26 05:25:26,2025-11-29 12:25:26,2025-11-26 11:10:26,2025-11-27 09:10:26,,,false,,,,
LEAD0405,Ella,Nelson,ella.nelson@bridgepointdynamics.com,Bridgepoint Dynamics Partners,VP of Technology,4740,NY,,Organic Search,56,Lead,Disqualified,,2025-01-24 06:53:13,,,,,Enterprise Requirements,false,,,,
LEAD0406,Logan,Morgan,logan.morgan@newbridgecommerce.com,Newbridge Commerce Co.,Process Improvement Manager,944,AZ,Mid-Market,Inbound Demo Request,87,Marketing Qualified Lead,Working,USR012,2026-04-26 13:28:55,2026-04-29 03:28:55,2026-04-26 17:03:55,2026-04-26 20:29:55,,,false,,,,
LEAD0407,Emerson,Hall,emerson.hall@monarchindustries.com,Monarch Industries Partners,Systems Manager,236,MA,Mid-Market,Outbound SDR,74,Marketing Qualified Lead,Nurture,USR009,2024-05-08 03:13:10,2024-05-11 17:13:10,2024-05-08 09:05:10,2024-05-08 11:08:10,,,false,,,,
LEAD0408,Grant,Kim,grant.kim@oakridgedistribution.com,Oakridge Distribution Solutions,Sales Operations Manager,116,NC,SMB,Organic Search,49,Lead,Working,USR006,2026-02-10 00:53:27,,2026-02-10 05:10:27,2026-02-10 07:36:27,,,false,,,,
LEAD0409,Skyler,Peterson,skyler.peterson@parksideenterprises.com,Parkside Enterprises LLC,Director of IT,959,FL,Mid-Market,Organic Search,52,Lead,New,USR010,2026-03-08 11:09:24,,2026-03-08 15:07:24,,,,false,,,,
LEAD0410,Maya,Shah,maya.shah@ironwoodnetworks.com,Ironwood Networks Partners,Director of Operations,126,KS,SMB,Content Download,51,Marketing Qualified Lead,Working,,2025-07-22 04:57:20,2025-07-26 07:57:20,,,,,false,,,,
LEAD0411,Evan,Smith,evan.smith@vertexresources.com,Vertex Resources Systems,Procurement Manager,179,DE,SMB,Outbound SDR,50,Marketing Qualified Lead,Connected,USR005,2025-10-08 09:11:30,2025-10-09 16:11:30,2025-10-08 12:33:30,2025-10-08 14:51:30,,,false,,,,
LEAD0412,Mia,Turner,mia.turner@riverton.com,Riverton Partners Co.,Process Improvement Manager,74,CA,SMB,Paid Search,72,Marketing Qualified Lead,Working,USR008,2024-03-05 03:54:03,2024-03-08 06:54:03,2024-03-05 03:59:03,2024-03-05 06:49:03,,,false,,,,
LEAD0413,Maya,Young,maya.young@cedarstoneindustries.com,Cedarstone Industries LLC,Revenue Operations Manager,691,,Mid-Market,Paid Search,50,Lead,New,USR012,2024-02-03 19:50:23,,2024-02-03 20:11:23,,,,false,,,,
LEAD0414,Ava,Johnson,ava.johnson@crescentholdings.com,Crescent Holdings Group,Program Manager,14,NC,,Outbound SDR,60,Marketing Qualified Lead,Working,,2024-08-25 17:03:51,2024-08-27 16:03:51,,,,,false,,,,
LEAD0415,Jordan,Peterson,jordan.peterson@maple.com,Maple Solutions LLC,Director of IT,481,RI,Mid-Market,Inbound Demo Request,88,Lead,New,USR009,2026-08-19 00:32:42,,2026-08-19 04:33:42,,,,false,,,,
LEAD0416,Caleb,Roberts,caleb.roberts@stonebridgelogistics.com,Stonebridge Logistics Solutions,Process Improvement Manager,183,NY,SMB,Organic Search,47,Lead,Working,USR005,2024-09-12 16:55:28,,2024-09-12 20:03:28,2024-09-13 22:03:28,,,false,,,,
LEAD0417,Ella,Bennett,ella.bennett@solsticedynamics.com,Solstice Dynamics Group,IT Manager,901,CT,Mid-Market,Content Download,71,Sales Qualified Lead,Qualified,USR009,2025-10-28 13:05:35,2025-10-30 07:05:35,2025-10-28 18:04:35,2025-10-28 20:46:35,2025-11-08 03:05:35,,false,,,,
LEAD0418,Ava,Price,ava.price@cedarstone.com,Cedarstone Group Partners,Systems Manager,34,CA,SMB,Organic Search,61,Lead,Disqualified,USR008,2024-08-07 05:20:41,,2024-08-07 10:37:41,2024-08-08 16:37:41,,Company Too Small,false,,,,
LEAD0419,Quinn,Murphy,quinn.murphy@silverlineresources.com,Silverline Resources Partners,VP of Technology,916,MA,Mid-Market,Outbound SDR,41,Lead,Nurture,USR009,2024-02-23 14:14:39,,2024-02-23 15:41:39,2024-02-23 18:19:39,,,false,,,,
LEAD0420,Lucas,Richardson,lucas.richardson@stonebridgedistribution.com,Stonebridge Distribution Partners,Director of IT,184,IL,SMB,Inbound Demo Request,80,Sales Qualified Lead,Qualified,USR007,2024-06-07 11:14:05,2024-06-10 06:14:05,2024-06-07 13:13:05,2024-06-07 16:12:05,2024-06-16 01:14:05,,false,,,,
LEAD0421,Jamie,Turner,jamie.turner@brightwell.com,Brightwell Solutions Solutions,Business Systems Manager,134,GA,SMB,Outbound SDR,76,Marketing Qualified Lead,Nurture,USR006,2024-09-14 01:48:42,2024-09-19 00:48:42,2024-09-14 06:06:42,2024-09-14 07:51:42,,,false,,,,
LEAD0422,Jordan,Green,jordan.green@northstarholdings.com,Northstar Holdings Group,VP of Technology,110,TN,SMB,Content Download,49,Marketing Qualified Lead,Nurture,USR006,2025-08-30 03:20:35,2025-09-02 15:20:35,2025-08-30 05:57:35,2025-08-30 08:44:35,,,false,,,,
LEAD0423,Chloe,Peterson,chloe.peterson@oakridgedynamics.com,Oakridge Dynamics Systems,Revenue Operations Manager,2332,WA,Upper Mid-Market,Outbound SDR,81,Lead,New,USR012,2026-09-06 17:33:42,,2026-09-06 23:03:42,,,,false,,,,
LEAD0424,Evan,Reed,evan.reed@rivertoncommerce.com,Riverton Commerce Systems,Sales Operations Manager,656,OH,Mid-Market,Content Download,48,Lead,Disqualified,USR011,2026-04-06 17:56:10,,2026-04-06 23:06:10,2026-04-07 00:48:10,,Company Too Small,false,,,,
LEAD0425,Liam,Parker,liam.parker@greenfielddynamics.com,Greenfield Dynamics Co.,VP of Technology,739,TX,Mid-Market,Content Download,76,Lead,Working,USR010,2025-01-24 09:14:34,,2025-01-24 14:15:34,2025-01-24 16:34:34,,,false,,,,
LEAD0426,Nora,Taylor,nora.taylor@newbridge.com,Newbridge Systems Partners,Solutions Architect,220,TX,Mid-Market,Organic Search,66,Lead,Nurture,USR010,2026-06-10 06:11:38,,2026-06-10 08:41:38,2026-06-10 18:41:38,,,false,,,,
LEAD0427,Drew,Ward,drew.ward@clearpathdynamics.com,ClearPath Dynamics Partners,VP of Operations,50,RI,Mid-Market,Inbound Demo Request,78,Marketing Qualified Lead,Nurture,USR006,2025-10-26 14:46:20,2025-10-27 00:46:20,2025-10-26 18:58:20,2025-10-26 21:10:20,,,false,,,,
LEAD0428,Riley,Reed,riley.reed@libertyresources.com,Liberty Resources Group,Solutions Architect,820,IL,Mid-Market,Paid Search,77,Marketing Qualified Lead,Nurture,USR011,2024-03-02 07:45:38,2024-03-02 20:45:38,2024-03-02 13:09:38,2024-03-02 18:09:38,,,false,,,,
LEAD0429,Mason,Miller,mason.miller@evergreenindustries.com,Evergreen Industries Group,Operations Manager,124,NJ,SMB,Content Download,55,Lead,Nurture,USR005,2024-07-31 02:36:46,,2024-07-31 06:50:46,,,,false,,,,
LEAD0430,Caleb,Martin,caleb.martin@liberty.com,Liberty Group Group,Operations Manager,33,WA,SMB,Outbound SDR,51,Lead,Working,USR008,2025-09-30 12:20:21,,2025-09-30 15:10:21,2025-09-30 16:50:21,,,false,,,,
LEAD0431,Evan,Peterson,evan.peterson@bluepeakconsulting.com,BluePeak Consulting LLC,Procurement Manager,73,PA,SMB,Webinar / Event,71,Marketing Qualified Lead,Nurture,USR005,2025-06-28 09:14:25,2025-06-30 04:14:25,2025-06-28 12:03:25,2025-06-28 15:04:25,,,false,,,,
LEAD0432,Evan,Hall,evan.hall@mapleanalytics.com,Maple Analytics Inc.,Chief Operating Officer,67,VA,SMB,Inbound Demo Request,90,Marketing Qualified Lead,Working,USR006,2024-08-25 01:51:51,2024-08-28 02:51:51,2024-08-25 06:28:51,2024-08-26 04:28:51,,,false,,,,
LEAD0433,Maya,Kelly,maya.kelly@cedarstoneoperations.com,Cedarstone Operations LLC,Enterprise Applications Manager,78,MS,SMB,Inbound Demo Request,95,Lead,Working,USR006,2025-12-03 18:59:34,,2025-12-03 23:53:34,2025-12-04 02:11:34,,,false,,,,
LEAD0434,Grant,Miller,grant.miller@oakridgeautomation.com,Oakridge Automation Inc.,VP of Operations,88,GA,SMB,Organic Search,53,Lead,Working,USR006,2026-04-24 12:37:12,,2026-04-24 14:59:12,,,,false,,,,
LEAD0435,Skyler,White,skyler.white@primeautomation.com,Prime Automation LLC,Director of IT,176,AR,SMB,Organic Search,74,Marketing Qualified Lead,Working,USR006,2025-03-18 06:56:54,2025-03-22 04:56:54,2025-03-18 08:24:54,2025-03-19 08:24:54,,,false,,,,
LEAD0436,Ava,Ross,ava.ross@evergreenhealth.com,Evergreen Health Inc.,Revenue Operations Manager,140,IN,SMB,Content Download,53,Lead,New,USR007,2024-08-30 21:33:04,,2024-08-30 22:35:04,,,,false,,,,
LEAD0437,Liam,Hughes,liam.hughes@falconcommerce.com,Falcon Commerce Co.,Sales Operations Manager,987,GA,Mid-Market,Outbound SDR,74,Marketing Qualified Lead,Working,USR010,2024-12-25 04:25:12,2024-12-29 19:25:12,2024-12-25 04:33:12,2024-12-25 04:52:12,,,false,,,,
LEAD0438,Ethan,Scott,ethan.scott@redwoodcommerce.com,Redwood Commerce Group,Operations Manager,101,OH,SMB,Outbound SDR,51,Lead,Working,USR007,2025-07-23 17:26:08,,2025-07-23 21:46:08,2025-07-23 22:58:08,,,false,,,,
LEAD0439,Caleb,Perry,caleb.perry@lakesidenetworks.com,Lakeside Networks Co.,Solutions Architect,122,CO,SMB,Customer Referral,84,Sales Qualified Lead,Qualified,USR008,2026-08-15 01:40:08,2026-08-15 18:40:08,2026-08-15 07:39:08,2026-08-15 09:07:08,2026-08-19 19:40:08,,false,,,,
LEAD0440,Quinn,Hayes,quinn.hayes@riverbendhealth.com,Riverbend Health Co.,Project Manager,159,ID,SMB,Partner Referral,67,Lead,Working,USR008,2025-04-10 13:05:44,,2025-04-10 13:24:44,2025-04-10 14:39:44,,,false,,,,
LEAD0441,Olivia,Patel,olivia.patel@falconholdings.com,Falcon Holdings Systems,Procurement Manager,268,VA,Mid-Market,Paid Search,47,Lead,Nurture,,2024-03-16 17:12:05,,,,,,false,,,,
LEAD0442,Zoe,Thomas,zoe.thomas@eastgateoperations.com,Eastgate Operations Solutions,Sales Operations Manager,210,PA,Mid-Market,Paid Search,81,Lead,New,USR009,2025-10-15 01:22:56,,2025-10-15 05:50:56,,,,false,,,,
LEAD0443,Ruby,Green,ruby.green@northstarautomation.com,Northstar Automation Co.,Director of Business Transformation,48,TX,Upper Mid-Market,Organic Search,72,Marketing Qualified Lead,Connected,USR006,2024-02-18 11:24:32,2024-02-21 14:24:32,2024-02-18 14:38:32,2024-02-19 12:38:32,,,false,,,,
LEAD0444,Ella,Brooks,ella.brooks@clearpathdistribution.com,ClearPath Distribution Solutions,IT Manager,66,DE,SMB,Webinar / Event,51,Lead,Disqualified,USR005,2025-06-07 23:06:03,,2025-06-08 04:35:03,2025-06-08 05:37:03,,Not a Fit,false,,,,
LEAD0445,Blake,Green,blake.green@rivertonautomation.com,Riverton Automation LLC,Procurement Manager,136,KS,SMB,Outbound SDR,35,Lead,Disqualified,USR007,2026-03-18 23:18:11,,2026-03-18 23:46:11,2026-03-19 00:34:11,,Timing Not Right,false,,,,
LEAD0446,Miles,Reed,miles.reed@brightwelllabs.com,Brightwell Labs Solutions,Director of Business Transformation,1656,NH,Upper Mid-Market,Inbound Demo Request,90,Sales Qualified Lead,Qualified,USR009,2024-10-27 11:09:46,2024-10-29 17:09:46,2024-10-27 11:29:46,2024-10-27 12:10:46,2024-11-08 08:09:46,,false,,,,
LEAD0447,Skyler,Morgan,skyler.morgan@maplelogistics.com,Maple Logistics LLC,Sales Operations Manager,172,ME,SMB,Inbound Demo Request,78,Sales Qualified Lead,Qualified,USR005,2024-02-09 21:55:36,2024-02-10 19:55:36,2024-02-10 01:56:36,2024-02-10 04:55:36,2024-02-12 03:55:36,,false,,,,
LEAD0448,Leo,Campbell,leo.campbell@apexmanufacturing.com,Apex Manufacturing Partners,Systems Manager,467,TX,Mid-Market,Organic Search,67,Sales Qualified Lead,Qualified,USR010,2026-02-27 17:24:12,2026-03-01 13:24:12,2026-02-27 22:34:12,2026-02-28 01:11:12,2026-03-10 08:24:12,,false,,,,
LEAD0449,Natalie,Patel,natalie.patel@copperlabs.com,Copper Labs Co.,Systems Manager,39,IA,SMB,Content Download,36,Lead,Nurture,USR007,2024-11-22 21:22:32,,2024-11-22 22:30:32,2024-11-22 23:55:32,,,false,,,,
LEAD0450,Riley,Garcia,riley.garcia@riverton.com,Riverton Solutions Co.,Operations Manager,226,OH,Mid-Market,Customer Referral,77,Marketing Qualified Lead,Nurture,USR011,2025-06-12 23:02:12,2025-06-13 07:02:12,2025-06-13 02:49:12,2025-06-13 06:18:12,,,false,,,,
LEAD0451,Reese,Hayes,reese.hayes@lakeside.com,Lakeside Solutions Inc.,Enterprise Applications Manager,56,WA,Upper Mid-Market,Webinar / Event,67,Marketing Qualified Lead,Working,USR008,2026-08-13 13:27:54,2026-08-15 14:27:54,2026-08-13 17:12:54,2026-08-13 20:26:54,,,false,,,,
LEAD0452,Mason,Martin,mason.martin@ironwoodnetworks.com,Ironwood Networks Inc.,VP of Technology,111,GA,SMB,Content Download,46,Marketing Qualified Lead,Connected,USR006,2024-11-29 14:41:54,2024-11-30 22:41:54,2024-11-29 18:06:54,2024-11-29 19:47:54,,,false,,,,
LEAD0453,Avery,Ward,avery.ward@rivertonlabs.com,Riverton Labs Group,Director of IT,241,CO,Mid-Market,Webinar / Event,69,Marketing Qualified Lead,Nurture,USR012,2026-08-16 23:32:59,2026-08-17 17:32:59,2026-08-17 03:01:59,2026-08-17 06:14:59,,,false,,,,
LEAD0454,Drew,Garcia,drew.garcia@bridgepointlogistics.com,Bridgepoint Logistics Partners,Chief Operating Officer,354,CO,Mid-Market,Organic Search,76,Marketing Qualified Lead,Connected,USR011,2026-05-19 17:26:56,2026-05-23 02:26:56,2026-05-19 22:29:56,2026-05-20 00:18:56,,,false,,,,
LEAD0455,Jordan,Jenkins,jordan.jenkins@ironwood.com,Ironwood Group Solutions,Procurement Manager,87,WA,SMB,Webinar / Event,81,Lead,Nurture,USR008,2026-05-28 03:43:15,,2026-05-28 09:42:15,2026-05-28 10:46:15,,,false,,,,
LEAD0456,Leah,Walker,leah.walker@monarch.com,Monarch Solutions LLC,Director of IT,317,NC,Mid-Market,Content Download,58,Lead,New,USR010,2025-07-27 10:43:37,,2025-07-27 13:38:37,,,,false,,,,
LEAD0457,Grace,Price,grace.price@oakridgeoperations.com,Oakridge Operations LLC,Procurement Manager,326,TX,Mid-Market,Partner Referral,70,Lead,Working,USR010,2024-02-08 04:17:01,,2024-02-08 07:23:01,2024-02-08 09:49:01,,,false,,,,
LEAD0458,Riley,Evans,riley.evans@bluepeakhealth.com,BluePeak Health Co.,Sales Operations Manager,20,CA,SMB,Customer Referral,89,Lead,New,USR008,2026-02-22 13:23:46,,2026-02-22 18:01:46,,,,false,,,,
LEAD0459,Maya,Wood,maya.wood@northstarcommerce.com,Northstar Commerce Solutions,Director of Operations,839,VT,Mid-Market,Organic Search,76,Marketing Qualified Lead,Working,USR009,2024-07-24 05:41:47,2024-07-24 15:41:47,2024-07-24 07:57:47,2024-07-24 08:45:47,,,false,,,,
LEAD0460,Sydney,Wilson,sydney.wilson@summitautomation.com,Summit Automation Group,VP of Technology,33,NY,SMB,Webinar / Event,61,Lead,Nurture,USR005,2025-06-16 21:50:19,,2025-06-16 22:02:19,,,,false,,,,
LEAD0461,Zoe,Martin,zoe.martin@silverlineconsulting.com,Silverline Consulting Solutions,Solutions Architect,196,TX,SMB,Content Download,46,Lead,Nurture,USR006,2025-06-04 11:31:09,,2025-06-04 13:44:09,2025-06-04 15:33:09,,,false,,,,
LEAD0462,Grace,Jackson,grace.jackson@brightwell.com,Brightwell Solutions LLC,Revenue Operations Manager,265,GA,Mid-Market,Organic Search,56,Marketing Qualified Lead,Nurture,USR010,2025-10-12 13:17:35,2025-10-14 05:17:35,2025-10-12 13:25:35,2025-10-13 04:25:35,,,false,,,,
LEAD0463,Ava,Collins,ava.collins@westbrooklabs.com,Westbrook Labs LLC,VP of Technology,725,CA,Mid-Market,Paid Search,67,Marketing Qualified Lead,Working,USR012,2025-11-07 23:20:43,2025-11-09 04:20:43,2025-11-08 01:48:43,2025-11-08 04:09:43,,,false,,,,
LEAD0464,Chloe,Hayes,chloe.hayes@windwardlogistics.com,Windward Logistics LLC,Process Improvement Manager,414,MA,SMB,Content Download,73,Marketing Qualified Lead,Working,USR012,2026-07-03 12:54:28,2026-07-03 17:54:28,2026-07-03 15:42:28,2026-07-04 07:42:28,,,false,,,,
LEAD0465,Cameron,Campbell,cameron.campbell@evergreendynamics.com,Evergreen Dynamics Systems,VP of Operations,137,FL,SMB,Content Download,45,Marketing Qualified Lead,Working,USR005,2025-06-08 09:04:43,2025-06-10 01:04:43,2025-06-08 11:12:43,2025-06-08 13:17:43,,,false,,,,
LEAD0466,Cole,Thomas,cole.thomas@silverline.com,Silverline Systems LLC,Sales Operations Manager,24,NY,SMB,Outbound SDR,63,Lead,Disqualified,USR005,2026-09-20 10:45:12,,2026-09-20 12:32:12,2026-09-20 14:22:12,,Bad Contact Data,false,,,,
LEAD0467,Dakota,Carter,dakota.carter@riverbendtechnology.com,Riverbend Technology Partners,Sales Operations Manager,61,OK,SMB,Content Download,61,Marketing Qualified Lead,Nurture,USR006,2025-07-22 14:50:02,2025-07-26 08:50:02,2025-07-22 15:50:02,,,,false,,,,
LEAD0468,Owen,Ross,owen.ross@pioneerdistribution.com,Pioneer Distribution Solutions,VP of Operations,512,OR,Mid-Market,Paid Search,57,Lead,Nurture,USR012,2025-11-23 20:47:05,,2025-11-23 21:08:05,2025-11-23 23:40:05,,,false,,,,
LEAD0469,Henry,Scott,henry.scott@windwarddistribution.com,Windward Distribution Group,Operations Manager,150,MN,SMB,Webinar / Event,56,Lead,Disqualified,USR007,2026-01-11 11:23:58,,2026-01-11 12:32:58,2026-01-12 16:32:58,,No Budget,false,,,,
LEAD0470,Emerson,Cooper,emerson.cooper@liberty.com,Liberty Partners Inc.,Systems Manager,109,MS,SMB,Content Download,65,Sales Qualified Lead,Qualified,USR006,2026-02-28 18:00:47,2026-03-02 00:00:47,2026-02-28 19:52:47,2026-02-28 21:40:47,2026-03-06 21:00:47,,false,,,,
LEAD0471,Leah,Carter,leah.carter@highlandcommerce.com,Highland Commerce LLC,Systems Manager,50,CA,SMB,Outbound SDR,36,Lead,New,USR008,2025-05-15 16:26:45,,2025-05-15 17:58:45,,,,false,,,,
LEAD0472,Ruby,Young,ruby.young@solsticeenterprises.com,Solstice Enterprises Co.,Sales Operations Manager,1714,IL,Upper Mid-Market,Inbound Demo Request,92,Marketing Qualified Lead,Connected,USR011,2024-10-02 19:58:14,2024-10-04 08:58:14,2024-10-02 20:14:14,2024-10-03 04:14:14,,,false,,,,
LEAD0473,Avery,Wright,avery.wright@atlastechnology.com,Atlas Technology Solutions,VP of Operations,14,CA,,Content Download,70,Lead,Disqualified,,2026-03-30 21:58:03,,,,,Company Too Small,false,,,,
LEAD0474,Ethan,Roberts,ethan.roberts@copperdistribution.com,Copper Distribution Inc.,VP of Technology,651,SC,Mid-Market,Customer Referral,83,Lead,New,USR010,2026-04-08 16:15:03,,2026-04-08 19:59:03,,,,false,,,,
LEAD0475,Leo,Martin,leo.martin@riverbendenterprises.com,Riverbend Enterprises LLC,Solutions Architect,24,OH,SMB,Organic Search,67,Lead,Nurture,USR007,2024-05-25 09:15:26,,2024-05-25 13:26:26,2024-05-25 15:54:26,,,false,,,,
LEAD0476,Jack,Scott,jack.scott@monarchworks.com,Monarch Works LLC,VP of Operations,58,KS,SMB,Organic Search,62,Marketing Qualified Lead,Working,USR007,2025-09-14 10:44:27,2025-09-18 18:44:27,2025-09-14 11:15:27,2025-09-14 14:01:27,,,false,,,,
LEAD0477,Cole,Hall,cole.hall@greenfield.com,Greenfield Solutions Group,VP of Technology,47,OK,SMB,Inbound Demo Request,86,Sales Qualified Lead,Qualified,USR006,2026-08-09 00:15:04,2026-08-09 13:15:04,2026-08-09 03:45:04,2026-08-09 16:45:04,2026-08-16 08:15:04,,false,,,,
LEAD0478,Ian,Rivera,ian.rivera@lakeside.com,Lakeside Systems Co.,VP of Technology,140,CA,SMB,Outbound SDR,44,Lead,New,USR008,2025-05-22 14:55:23,,2025-05-22 15:59:23,,,,false,,,,
LEAD0479,Avery,Ross,avery.ross@brightwelloperations.com,Brightwell Operations Solutions,Business Systems Manager,91,GA,SMB,Organic Search,77,Sales Qualified Lead,Qualified,USR006,2025-01-28 13:20:54,2025-02-02 00:20:54,2025-01-28 19:09:54,2025-01-28 22:32:54,2025-02-06 23:20:54,,false,,,,
LEAD0480,Lily,Parker,lily.parker@cobaltoperations.com,Cobalt Operations LLC,Program Manager,299,TX,Mid-Market,Customer Referral,71,Lead,Disqualified,USR010,2026-07-30 12:00:03,,2026-07-30 14:52:03,2026-07-30 16:57:03,,Company Too Small,false,,,,
LEAD0481,Morgan,Williams,morgan.williams@pioneerdynamics.com,Pioneer Dynamics Group,Enterprise Applications Manager,89,GA,SMB,Partner Referral,69,Marketing Qualified Lead,Disqualified,USR006,2026-01-19 02:48:56,2026-01-21 16:48:56,2026-01-19 03:10:56,2026-01-20 03:10:56,,No Budget,false,,,,
LEAD0482,Grace,Rivera,grace.rivera@newbridgelogistics.com,Newbridge Logistics Co.,Process Improvement Manager,25,MO,SMB,Paid Search,58,Marketing Qualified Lead,Working,USR007,2026-09-08 10:22:23,2026-09-12 19:22:23,2026-09-08 15:31:23,2026-09-09 03:31:23,,,false,,,,
LEAD0483,Quinn,Nguyen,quinn.nguyen@copper.com,Copper Partners LLC,Revenue Operations Manager,688,UT,Mid-Market,Paid Search,53,Lead,Nurture,USR012,2025-09-12 04:09:51,,2025-09-12 05:06:51,2025-09-12 05:44:51,,,false,,,,
LEAD0484,Zoe,Edwards,zoe.edwards@granitedistribution.com,Granite Distribution Systems,Director of Operations,12,WA,,Organic Search,72,Lead,Disqualified,,2024-05-09 13:08:27,,,,,Company Too Small,false,,,,
LEAD0485,Blake,Anderson,blake.anderson@lakesidetechnology.com,Lakeside Technology Solutions,Operations Manager,185,TN,SMB,Organic Search,73,Lead,Nurture,USR006,2026-03-16 22:57:10,,2026-03-17 02:10:10,2026-03-17 05:13:10,,,false,,,,
LEAD0486,Hayden,Roberts,hayden.roberts@granitehealth.com,Granite Health Inc.,Program Manager,130,NE,SMB,Customer Referral,68,Sales Qualified Lead,Connected,USR007,2025-04-01 14:26:37,2025-04-02 22:26:37,2025-04-01 15:31:37,2025-04-01 18:35:37,2025-04-10 20:26:37,,false,,,,
LEAD0487,Jordan,Nelson,jordan.nelson@eastgatesupply.com,Eastgate Supply Partners,Business Systems Manager,612,GA,Mid-Market,Organic Search,53,Marketing Qualified Lead,Connected,USR010,2025-08-14 14:35:02,2025-08-19 07:35:02,2025-08-14 15:16:02,2025-08-14 16:43:02,,,false,,,,
LEAD0488,Sophia,Diaz,sophia.diaz@falcondistribution.com,Falcon Distribution Partners,Chief Operating Officer,195,WI,SMB,Partner Referral,63,Lead,New,USR007,2025-12-21 10:10:49,,2025-12-21 11:59:49,,,,false,,,,
LEAD0489,Grace,Ward,grace.ward@clearpathanalytics.com,ClearPath Analytics LLC,Enterprise Applications Manager,273,TX,Mid-Market,Inbound Demo Request,74,Sales Qualified Lead,Qualified,USR010,2024-09-10 10:24:12,2024-09-10 17:24:12,2024-09-10 13:55:12,2024-09-10 16:40:12,2024-09-12 03:24:12,,false,,,,
LEAD0490,Sydney,White,sydney.white@stonebridgeresources.com,Stonebridge Resources LLC,Process Improvement Manager,480,KS,Mid-Market,Paid Search,55,Lead,Working,USR011,2024-12-17 00:52:41,,2024-12-17 04:34:41,2024-12-17 05:27:41,,,false,,,,
LEAD0491,Maya,Bennett,maya.bennett@silverlinemanufacturing.com,Silverline Manufacturing Co.,Solutions Architect,286,FL,Mid-Market,Organic Search,76,Lead,Nurture,USR010,2026-07-04 01:01:49,,2026-07-04 02:11:49,2026-07-04 03:27:49,,,false,,,,
LEAD0492,Blake,Walker,blake.walker@beaconcommerce.com,Beacon Commerce Solutions,Business Systems Manager,645,PA,Mid-Market,Customer Referral,92,Sales Qualified Lead,Qualified,USR009,2025-10-25 09:58:02,2025-10-28 11:58:02,2025-10-25 14:55:02,2025-10-25 18:12:02,2025-11-02 08:58:02,,false,,,,
LEAD0493,Emma,Campbell,emma.campbell@newbridgeoperations.com,Newbridge Operations Inc.,Chief Operating Officer,96,FL,SMB,Inbound Demo Request,96,Sales Qualified Lead,Qualified,USR006,2025-11-25 23:17:00,2025-11-26 09:17:00,2025-11-26 03:10:00,2025-11-27 03:10:00,2025-11-27 09:17:00,,false,,,,
LEAD0494,Maya,Campbell,maya.campbell@eastgateautomation.com,Eastgate Automation LLC,IT Manager,13,NC,,Organic Search,64,Marketing Qualified Lead,Working,,2024-03-10 19:10:29,2024-03-13 01:10:29,,,,,false,,,,
LEAD0495,Mia,Anderson,mia.anderson@cedarstoneindustries.com,Cedarstone Industries Co.,VP of Operations,1748,NJ,Upper Mid-Market,Organic Search,70,Sales Qualified Lead,Qualified,USR009,2024-10-17 21:40:37,2024-10-21 05:40:37,2024-10-18 02:40:37,2024-10-18 04:42:37,2024-10-25 11:40:37,,false,,,,
LEAD0496,Avery,Martin,avery.martin@silverline.com,Silverline Solutions Systems,Director of IT,137,TN,SMB,Organic Search,76,Lead,New,USR006,2024-06-06 05:11:12,,2024-06-06 06:05:12,,,,false,,,,
LEAD0497,Jordan,Nguyen,jordan.nguyen@northstarconsulting.com,Northstar Consulting Inc.,Director of Business Transformation,955,MA,Mid-Market,Outbound SDR,40,Lead,New,USR009,2024-04-04 10:10:59,,2024-04-04 14:08:59,,,,false,,,,
LEAD0498,Blake,Murphy,blake.murphy@evergreennetworks.com,Evergreen Networks Solutions,Director of Operations,86,MA,SMB,Content Download,54,Lead,New,USR005,2024-03-10 18:29:32,,2024-03-10 19:57:32,,,,false,,,,
LEAD0499,Logan,White,logan.white@crescentmanufacturing.com,Crescent Manufacturing LLC,VP of Technology,158,NC,SMB,Outbound SDR,54,Lead,New,USR006,2024-12-29 19:46:06,,2024-12-29 23:56:06,,,,false,,,,
LEAD0500,Sydney,White,sydney.white@cedarstonelabs.com,Cedarstone Labs Co.,Sales Operations Manager,85,,SMB,Content Download,38,Lead,Disqualified,USR007,2025-03-15 08:04:14,,2025-03-15 11:29:14,2025-03-15 14:31:14,,Enterprise Requirements,false,,,,
LEAD0501,Leah,Foster,leah.foster@cobaltdistribution.com,Cobalt Distribution LLC,Revenue Operations Manager,132,WV,SMB,Content Download,71,Lead,Working,USR005,2024-02-13 17:47:31,,2024-02-13 19:22:31,2024-02-13 22:13:31,,,false,,,,
LEAD0502,Mason,Jackson,mason.jackson@keystonedynamics.com,Keystone Dynamics Systems,Business Operations Manager,149,WI,SMB,Partner Referral,64,Marketing Qualified Lead,Nurture,USR007,2025-12-19 11:50:16,2025-12-23 10:50:16,2025-12-19 15:28:16,2025-12-20 05:28:16,,,false,,,,
LEAD0503,Alex,Shah,alex.shah@beacondynamics.com,Beacon Dynamics Systems,VP of Technology,8,TN,,Paid Search,77,Lead,Disqualified,,2026-06-11 05:26:15,,,,,Company Too Small,false,,,,
LEAD0504,Dakota,Patel,dakota.patel@sterlingmanufacturing.com,Sterling Manufacturing Solutions,Sales Operations Manager,565,NJ,Mid-Market,Customer Referral,89,Marketing Qualified Lead,Connected,USR009,2025-01-28 01:51:45,2025-01-30 21:51:45,2025-01-28 05:45:45,2025-01-28 06:59:45,,,false,,,,
LEAD0505,Reese,Carter,reese.carter@westbrook.com,Westbrook Solutions Solutions,VP of Operations,869,CO,Mid-Market,Content Download,51,Marketing Qualified Lead,Connected,USR012,2026-05-13 19:12:02,2026-05-14 15:12:02,2026-05-14 00:07:02,2026-05-14 01:30:02,,,false,,,,
LEAD0506,Parker,Richardson,parker.richardson@greenfield.com,Greenfield Partners Co.,Chief Operating Officer,150,NC,SMB,Outbound SDR,53,Lead,Nurture,USR006,2024-10-04 01:26:59,,2024-10-04 06:43:59,2024-10-04 10:05:59,,,false,,,,
LEAD0507,Skyler,Richardson,skyler.richardson@greenfieldautomation.com,Greenfield Automation Inc.,Program Manager,150,IL,SMB,Organic Search,53,Lead,Qualified,USR006,2025-04-06 20:52:01,,2025-04-07 00:17:01,2025-04-07 01:19:01,,,false,,,,
LEAD0508,Reese,Young,reese.young@falcon.com,Falcon Systems Systems,VP of Operations,388,FL,Mid-Market,Partner Referral,71,Lead,Disqualified,USR010,2026-05-15 08:16:09,,2026-05-15 10:07:09,2026-05-15 11:08:09,,Company Too Small,false,,,,
LEAD0509,Sophia,Kim,sophia.kim@apexworks.com,Apex Works Co.,IT Manager,117,NY,SMB,Outbound SDR,43,Marketing Qualified Lead,Working,USR005,2024-02-25 17:38:25,2024-02-26 04:38:25,2024-02-25 18:24:25,2024-02-25 21:58:25,,,false,,,,
LEAD0510,Reese,Kelly,reese.kelly@windwardsupply.com,Windward Supply Co.,IT Manager,311,MD,Mid-Market,Outbound SDR,53,Lead,Nurture,USR009,2024-11-23 19:30:51,,2024-11-23 22:30:51,2024-11-23 23:22:51,,,false,,,,
LEAD0511,Maya,Patel,maya.patel@atlas.com,Atlas Solutions Co.,Project Manager,134,MN,SMB,Partner Referral,82,Marketing Qualified Lead,Nurture,USR007,2026-04-13 17:13:16,2026-04-14 21:13:16,2026-04-13 21:24:16,2026-04-13 21:43:16,,,false,,,,
LEAD0512,Cole,Ward,cole.ward@sterlingresources.com,Sterling Resources Solutions,Director of Operations,752,TX,Mid-Market,Organic Search,71,Marketing Qualified Lead,Working,USR010,2026-01-09 12:53:47,2026-01-12 02:53:47,2026-01-09 18:18:47,2026-01-09 21:01:47,,,false,,,,
LEAD0513,Leah,Thomas,leah.thomas@eastgatemanufacturing.com,Eastgate Manufacturing Co.,Business Systems Manager,94,NM,SMB,Organic Search,56,Lead,Working,USR008,2024-08-07 16:00:58,,2024-08-07 20:14:58,2024-08-08 05:14:58,,,false,,,,
LEAD0514,Cole,Cooper,cole.cooper@parksidesupply.com,Parkside Supply Partners,Program Manager,793,CA,Mid-Market,Organic Search,44,Lead,Disqualified,USR012,2024-01-14 15:16:35,,2024-01-14 16:29:35,2024-01-14 16:54:35,,Duplicate Lead,false,,,,
LEAD0515,Henry,Green,henry.green@parksidenetworks.com,Parkside Networks Group,Operations Manager,981,AR,Mid-Market,Outbound SDR,61,Lead,Working,USR010,2024-03-10 18:23:42,,2024-03-10 19:53:42,2024-03-10 22:28:42,,,false,,,,
LEAD0516,Quinn,Shah,quinn.shah@silverlinecommerce.com,Silverline Commerce Co.,Director of Business Transformation,499,MN,Mid-Market,Outbound SDR,47,Lead,New,,2025-12-30 02:01:57,,,,,,false,,,,
LEAD0517,Cameron,Walker,cameron.walker@pioneeroperations.com,Pioneer Operations Systems,VP of Operations,126,MI,SMB,Webinar / Event,75,Lead,Working,USR007,2024-11-05 05:25:57,,2024-11-05 06:56:57,2024-11-05 09:15:57,,,false,,,,
LEAD0518,Ava,Hayes,ava.hayes@monarchdynamics.com,Monarch Dynamics Inc.,Business Operations Manager,183,TN,SMB,Website,80,Sales Qualified Lead,Qualified,USR006,2025-05-04 14:41:11,2025-05-08 16:41:11,2025-05-04 20:38:11,2025-05-04 23:35:11,2025-05-16 05:41:11,,false,,,,
LEAD0519,Zoe,Howard,zoe.howard@northstarservices.com,Northstar Services Co.,Revenue Operations Manager,1699,DC,Upper Mid-Market,Customer Referral,86,Sales Qualified Lead,Qualified,USR009,2024-03-26 13:04:02,2024-03-27 04:04:02,2024-03-26 15:09:02,2024-03-26 17:40:02,2024-03-28 16:04:02,,false,,,,
LEAD0520,Ella,Murphy,ella.murphy@rivertonhealth.com,Riverton Health Co.,Project Manager,134,CO,SMB,Webinar / Event,58,Marketing Qualified Lead,Nurture,USR008,2025-11-02 15:27:02,2025-11-05 22:27:02,2025-11-02 15:44:02,,,,false,,,,
LEAD0521,Mia,Williams,mia.williams@cobaltholdings.com,Cobalt Holdings Solutions,Enterprise Applications Manager,359,TX,Mid-Market,Organic Search,53,Lead,Disqualified,USR010,2025-02-07 09:04:40,,2025-02-07 13:07:40,2025-02-08 12:07:40,,Bad Contact Data,false,,,,
LEAD0522,Owen,Morgan,owen.morgan@keystonehealth.com,Keystone Health Systems,Director of Operations,634,MI,SMB,Content Download,70,Marketing Qualified Lead,Working,USR011,2024-10-21 02:27:29,2024-10-23 17:27:29,2024-10-21 04:40:29,2024-10-22 08:40:29,,,false,,,,
LEAD0523,Dakota,Hayes,dakota.hayes@highlandworks.com,Highland Works Solutions,Systems Manager,507,PA,Mid-Market,Partner Referral,69,Lead,Nurture,USR009,2025-02-17 19:05:33,,2025-02-17 21:05:33,2025-02-18 00:27:33,,,false,,,,
LEAD0524,Sydney,Price,sydney.price@bridgepointautomation.com,Bridgepoint Automation Solutions,Chief Operating Officer,369,MN,Mid-Market,,71,Marketing Qualified Lead,Working,USR011,2024-09-30 03:46:30,2024-10-04 14:46:30,2024-09-30 07:44:30,2024-09-30 08:42:30,,,false,,,,
LEAD0525,Zoe,Green,zoe.green@brightwellcommerce.com,Brightwell Commerce Solutions,Systems Manager,238,DC,Mid-Market,Outbound SDR,60,Lead,New,USR009,2026-06-19 08:07:54,,2026-06-19 13:40:54,,,,false,,,,
LEAD0526,Reese,Lee,reese.lee@maplecommerce.com,Maple Commerce Co.,Business Operations Manager,91,GA,SMB,Content Download,66,Marketing Qualified Lead,Disqualified,USR006,2025-10-03 12:23:30,2025-10-06 01:23:30,2025-10-03 16:46:30,2025-10-04 14:46:30,,No Response,false,,,,
LEAD0527,Sydney,Hall,sydney.hall@falconsupply.com,Falcon Supply LLC,Process Improvement Manager,436,MA,Mid-Market,Organic Search,48,Marketing Qualified Lead,Disqualified,USR009,2025-10-02 14:39:59,2025-10-03 08:39:59,2025-10-02 15:29:59,2025-10-03 17:29:59,,Company Too Small,false,,,,
LEAD0528,Leah,Williams,leah.williams@redwood.com,Redwood Solutions Systems,Project Manager,7,MN,,Paid Search,50,Lead,Disqualified,,2026-08-17 10:07:26,,,,,Company Too Small,false,,,,
LEAD0529,Jack,Turner,jack.turner@westbrookconsulting.com,Westbrook Consulting Solutions,IT Manager,23,IA,SMB,Paid Search,50,Lead,New,USR008,2024-04-20 04:27:44,,2024-04-20 04:51:44,,,,false,,,,
LEAD0530,Nora,Thomas,nora.thomas@mapleoperations.com,Maple Operations Partners,VP of Operations,326,VA,Mid-Market,Outbound SDR,51,Marketing Qualified Lead,Working,USR010,2024-02-23 13:48:44,2024-02-25 17:48:44,2024-02-23 14:23:44,2024-02-23 15:38:44,,,false,,,,
LEAD0531,Sydney,Wood,sydney.wood@riverbendtechnology.com,Riverbend Technology LLC,Systems Manager,611,CA,Mid-Market,Organic Search,68,Sales Qualified Lead,Qualified,USR012,2024-11-07 08:29:25,2024-11-08 10:29:25,2024-11-07 09:08:25,2024-11-07 09:56:25,2024-11-09 02:29:25,,false,,,,
LEAD0532,Evan,Garcia,olivia.patel@falconholdings.com,Horizon Enterprises Co.,Program Manager,1569,MN,Upper Mid-Market,Paid Search,78,Marketing Qualified Lead,Working,USR011,2024-02-26 10:30:33,2024-02-27 05:30:33,2024-02-26 15:56:33,2024-02-26 17:38:33,,,false,,,,
LEAD0533,Chloe,Peterson,chloe.peterson@lakesidedynamics.com,Lakeside Dynamics LLC,Solutions Architect,148,FL,SMB,Paid Search,60,Marketing Qualified Lead,Connected,USR006,2025-05-26 06:11:12,2025-05-31 02:11:12,2025-05-26 09:57:12,2025-05-26 12:15:12,,,false,,,,
LEAD0534,Mason,Wood,mason.wood@ironwood.com,Ironwood Solutions Group,Project Manager,49,CT,SMB,Webinar / Event,71,Sales Qualified Lead,Qualified,USR005,2024-01-26 16:11:39,2024-01-30 00:11:39,2024-01-26 21:08:39,2024-01-27 03:08:39,2024-02-06 20:11:39,,false,,,,
LEAD0535,Taylor,Walker,taylor.walker@clearpathautomation.com,ClearPath Automation Group,Solutions Architect,151,AZ,SMB,Inbound Demo Request,86,Marketing Qualified Lead,Working,USR008,2025-08-23 14:56:42,2025-08-23 21:56:42,2025-08-23 18:18:42,2025-08-23 20:20:42,,,false,,,,
LEAD0536,Morgan,Shah,morgan.shah@greenfieldindustries.com,Greenfield Industries Partners,VP of Operations,845,IL,Mid-Market,Organic Search,68,Marketing Qualified Lead,Nurture,USR011,2025-10-07 15:13:14,2025-10-10 18:13:14,2025-10-07 20:36:14,2025-10-07 23:04:14,,,false,,,,
LEAD0537,Cole,Green,cole.green@cobaltmanufacturing.com,Cobalt Manufacturing Systems,Business Operations Manager,17,GA,,Inbound Demo Request,72,Lead,Disqualified,,2025-02-01 20:21:35,,,,,Company Too Small,false,,,,
LEAD0538,Miles,Wright,miles.wright@falcon.com,Falcon Solutions Solutions,Systems Manager,174,CA,SMB,Webinar / Event,50,Lead,Nurture,USR008,2026-06-17 01:05:32,,2026-06-17 06:06:32,2026-06-17 07:13:32,,,false,,,,
LEAD0539,Reese,Roberts,reese.roberts@pioneer.com,Pioneer Group LLC,Systems Manager,996,MO,Mid-Market,Partner Referral,75,Marketing Qualified Lead,Connected,USR011,2024-07-18 08:33:42,2024-07-20 02:33:42,2024-07-18 09:29:42,2024-07-18 11:02:42,,,false,,,,
LEAD0540,Evan,Price,evan.price@horizonholdings.com,Horizon Holdings Co.,Program Manager,623,OH,Mid-Market,Customer Referral,70,Lead,New,USR011,2026-02-25 12:24:27,,2026-02-25 16:25:27,,,,false,,,,
LEAD0541,Owen,Jackson,owen.jackson@windwardservices.com,Windward Services Partners,VP of Technology,68,KS,SMB,Content Download,59,Marketing Qualified Lead,Connected,USR007,2025-06-21 18:24:59,2025-06-24 11:24:59,2025-06-21 19:00:59,2025-06-21 20:26:59,,,false,,,,
LEAD0542,Caleb,Patel,caleb.patel@apexoperations.com,Apex Operations LLC,Solutions Architect,22,CO,SMB,Inbound Demo Request,93,Marketing Qualified Lead,Connected,USR008,2025-08-19 23:46:27,2025-08-24 04:46:27,2025-08-20 01:27:27,2025-08-20 02:53:27,,,false,,,,
LEAD0543,Emma,Jackson,emma.jackson@lakesidemanufacturing.com,Lakeside Manufacturing Systems,Procurement Manager,171,PA,SMB,Paid Search,52,Lead,Nurture,USR007,2026-03-08 16:12:15,,2026-03-08 18:18:15,2026-03-10 05:18:15,,,false,,,,
LEAD0544,Emma,Mitchell,emma.mitchell@lakesideservices.com,Lakeside Services Inc.,Solutions Architect,190,WV,SMB,Paid Search,53,Lead,New,USR005,2026-02-14 03:32:43,,2026-02-14 05:39:43,,,,false,,,,
LEAD0545,Riley,Jackson,riley.jackson@beacon.com,Beacon Systems LLC,Enterprise Applications Manager,137,NM,SMB,Referral,50,Lead,Disqualified,USR008,2025-12-06 11:48:02,,2025-12-06 12:49:02,2025-12-08 00:49:02,,Company Too Small,false,,,,
LEAD0546,Maya,Wilson,maya.wilson@clearpathresources.com,ClearPath Resources Solutions,Business Systems Manager,77,OH,Upper Mid-Market,Paid Search,55,Lead,Working,USR007,2024-02-05 08:35:46,,2024-02-05 12:10:46,2024-02-05 14:51:46,,,false,,,,
LEAD0547,Mia,Cooper,mia.cooper@beacon.com,Beacon Partners LLC,Procurement Manager,82,CA,SMB,Organic Search,56,Lead,Nurture,USR008,2025-10-17 17:32:46,,2025-10-17 20:39:46,2025-10-17 20:53:46,,,false,,,,
LEAD0548,Mia,Shah,mia.shah@crescent.com,Crescent Partners Systems,Business Operations Manager,152,AR,SMB,Webinar / Event,64,Lead,Nurture,USR006,2025-06-10 15:41:25,,2025-06-10 17:56:25,2025-06-12 00:56:25,,,false,,,,
LEAD0549,Miles,Williams,miles.williams@bridgepointholdings.com,Bridgepoint Holdings Systems,Director of Business Transformation,1583,MA,Upper Mid-Market,Organic Search,57,Lead,Working,USR009,2025-07-02 19:44:23,,2025-07-02 20:40:23,2025-07-02 20:57:23,,,false,,,,
LEAD0550,Blake,Lewis,blake.lewis@bridgepointlabs.com,Bridgepoint Labs Co.,Process Improvement Manager,134,SC,SMB,Webinar / Event,63,Marketing Qualified Lead,Working,USR006,2025-01-14 00:08:54,2025-01-17 00:08:54,2025-01-14 01:29:54,2025-01-14 06:29:54,,,false,,,,
LEAD0551,Jack,Jackson,jack.jackson@eastgateanalytics.com,Eastgate Analytics LLC,Sales Operations Manager,950,FL,Mid-Market,Organic Search,53,Lead,Disqualified,USR010,2024-10-25 20:10:40,,2024-10-25 22:51:40,2024-10-26 01:45:40,,Company Too Small,false,,,,
LEAD0552,Mason,Shah,mason.shah@bluepeak.com,BluePeak Solutions Group,Process Improvement Manager,197,NM,SMB,Customer Referral,80,Sales Qualified Lead,Qualified,USR008,2025-12-08 11:21:54,2025-12-11 16:21:54,2025-12-08 14:46:54,,2025-12-13 19:21:54,,false,,,,
LEAD0553,Lily,Garcia,lily.garcia@goldcrestlabs.com,Goldcrest Labs Systems,Enterprise Applications Manager,53,CA,SMB,Organic Search,65,Marketing Qualified Lead,Working,USR008,2026-04-23 13:50:18,2026-04-23 20:50:18,2026-04-23 17:32:18,2026-04-23 17:58:18,,,false,,,,
LEAD0554,Jack,Reed,jack.reed@highland.com,Highland Systems Partners,Business Systems Manager,189,NC,SMB,Content Download,55,Lead,New,USR006,2026-01-16 00:06:55,,2026-01-16 00:48:55,,,,false,,,,
LEAD0555,Parker,Patel,parker.patel@atlasanalytics.com,Atlas Analytics LLC,Finance Director,2440,MD,Upper Mid-Market,Outbound SDR,47,Lead,Working,USR009,2024-03-29 02:18:20,,2024-03-29 05:19:20,2024-03-29 07:26:20,,,false,,,,
LEAD0556,Mia,Kim,mia.kim@riverbendsupply.com,Riverbend Supply Co.,Director of Business Transformation,107,FL,SMB,Content Download,43,Lead,Disqualified,USR006,2024-07-06 05:01:12,,2024-07-06 07:12:12,2024-07-07 17:12:12,,Company Too Small,false,,,,
LEAD0557,Casey,Brooks,casey.brooks@brightwelllabs.com,Brightwell Labs Co.,Chief Operating Officer,597,AZ,Mid-Market,Outbound SDR,40,Lead,Disqualified,USR012,2024-09-03 18:06:57,,2024-09-03 19:31:57,2024-09-03 20:24:57,,Bad Contact Data,false,,,,
LEAD0558,Zoe,Ross,zoe.ross@greenfielddistribution.com,Greenfield Distribution Partners,VP of Operations,5,TX,,Webinar / Event,63,Lead,Disqualified,,2026-04-26 05:34:10,,,,,Company Too Small,false,,,,
LEAD0559,Maya,Ross,maya.ross@clearpathlabs.com,ClearPath Labs LLC,Business Operations Manager,914,GA,Mid-Market,Content Download,63,Lead,Disqualified,USR010,2025-11-23 20:50:05,,2025-11-24 02:23:05,2025-11-24 04:09:05,,Not a Fit,false,,,,
LEAD0560,Avery,Price,avery.price@harborenterprises.com,Harbor Enterprises Co.,Business Operations Manager,2028,MT,Upper Mid-Market,Webinar / Event,64,Marketing Qualified Lead,Connected,USR012,2025-11-25 12:40:56,2025-11-27 10:40:56,2025-11-25 16:23:56,2025-11-25 17:39:56,,,false,,,,
LEAD0561,Henry,White,henry.white@vertex.com,Vertex Systems Group,Enterprise Applications Manager,80,GA,SMB,Paid Search,49,Lead,Disqualified,USR006,2025-04-06 19:20:33,,2025-04-06 19:41:33,2025-04-06 22:10:33,,No Response,false,,,,
LEAD0562,Emma,Jackson,emma.jackson@bluepeakoperations.com,BluePeak Operations Inc.,Business Systems Manager,141,IA,SMB,Organic Search,50,Lead,Working,USR007,2024-07-24 17:37:53,,2024-07-24 20:44:53,2024-07-24 23:08:53,,,false,,,,
LEAD0563,Blake,Campbell,blake.campbell@solstice.com,Solstice Group LLC,Director of IT,486,MA,Upper Mid-Market,Content Download,56,Lead,Nurture,USR009,2025-06-19 00:37:13,,2025-06-19 02:07:13,2025-06-19 04:19:13,,,false,,,,
LEAD0564,Morgan,Bennett,morgan.bennett@parksideservices.com,Parkside Services Co.,Sales Operations Manager,1819,NY,Mid-Market,Paid Search,59,Marketing Qualified Lead,Disqualified,USR009,2024-07-09 20:59:45,2024-07-13 08:59:45,2024-07-09 22:51:45,2024-07-10 01:36:45,,Duplicate Lead,false,,,,
LEAD0565,Jack,White,jack.white@westbrooknetworks.com,Westbrook Networks Co.,Finance Director,61,NM,SMB,Outbound SDR,35,Lead,New,USR008,2025-02-14 13:51:25,,2025-02-14 19:23:25,,,,false,,,,
LEAD0566,Ella,Shah,ella.shah@keystoneanalytics.com,Keystone Analytics Co.,Process Improvement Manager,404,TX,Mid-Market,Content Download,43,Marketing Qualified Lead,Working,USR010,2026-04-03 06:36:39,2026-04-05 11:36:39,2026-04-03 08:31:39,2026-04-03 16:31:39,,,false,,,,
LEAD0567,Reese,Reed,reese.reed@pioneer.com,Pioneer Partners Co.,Procurement Manager,597,VA,Mid-Market,Organic Search,73,Lead,Nurture,USR010,2024-07-28 03:31:45,,2024-07-28 09:14:45,2024-07-28 09:55:45,,,false,,,,
LEAD0568,Natalie,Wright,natalie.wright@lakesidelabs.com,Lakeside Labs LLC,Director of Business Transformation,189,PA,SMB,Webinar / Event,79,Sales Qualified Lead,Connected,USR005,2025-04-04 19:10:31,2025-04-07 00:10:31,2025-04-04 22:19:31,,2025-04-13 08:10:31,,false,,,,
LEAD0569,Taylor,Wilson,taylor.wilson@silverlineconsulting.com,Silverline Consulting Group,Sales Operations Manager,106,PA,SMB,Partner Referral,79,Sales Qualified Lead,Qualified,USR005,2025-05-04 05:32:57,2025-05-08 19:32:57,2025-05-04 10:00:57,2025-05-04 12:39:57,2025-05-18 00:32:57,,false,,,,
LEAD0570,Ian,Reed,ian.reed@rivertondistribution.com,Riverton Distribution LLC,Finance Director,35,CA,SMB,Webinar / Event,59,Marketing Qualified Lead,Working,USR008,2025-07-23 04:10:25,2025-07-25 16:10:25,2025-07-23 09:54:25,2025-07-24 11:54:25,,,false,,,,
LEAD0571,Leah,Collins,leah.collins@monarchdynamics.com,Monarch Dynamics Systems,Operations Manager,153,FL,SMB,Inbound Demo Request,79,Sales Qualified Lead,Connected,USR006,2026-08-21 00:23:04,2026-08-24 09:23:04,2026-08-21 05:39:04,2026-08-21 06:46:04,2026-08-27 19:23:04,,false,,,,
LEAD0572,Sydney,Parker,sydney.parker@silverlineautomation.com,Silverline Automation Solutions,Process Improvement Manager,142,TX,SMB,Content Download,51,Lead,Nurture,USR006,2024-11-26 00:46:55,,2024-11-26 02:49:55,2024-11-26 04:24:55,,,false,,,,
LEAD0573,Sydney,Collins,sydney.collins@highlandoperations.com,Highland Operations Partners,Program Manager,853,IN,Mid-Market,Content Download,67,Lead,New,USR011,2025-05-20 21:47:38,,2025-05-21 01:05:38,,,,false,,,,
LEAD0574,Cameron,Kim,cameron.kim@cedarstoneholdings.com,Cedarstone Holdings LLC,Business Operations Manager,118,NY,SMB,Paid Social,64,Marketing Qualified Lead,Working,USR005,2026-04-27 01:49:20,2026-04-28 18:49:20,2026-04-27 06:14:20,2026-04-27 08:49:20,,,false,,,,
LEAD0575,Ian,Johnson,ian.johnson@evergreen.com,Evergreen Group LLC,VP of Technology,18,WI,,Outbound SDR,35,Marketing Qualified Lead,Working,,2024-11-30 05:30:38,2024-12-02 09:30:38,,,,,false,,,,
LEAD0576,Maya,Peterson,maya.peterson@stonebridgeconsulting.com,Stonebridge Consulting Systems,Director of Business Transformation,193,WI,SMB,Organic Search,69,Marketing Qualified Lead,Working,USR007,2025-12-11 05:17:51,2025-12-13 06:17:51,2025-12-11 07:45:51,2025-12-12 19:45:51,,,false,,,,
LEAD0577,Lily,Mitchell,lily.mitchell@keystonelabs.com,Keystone Labs Group,Solutions Architect,974,PA,Mid-Market,Organic Search,70,Marketing Qualified Lead,Connected,USR009,2026-06-03 15:33:17,2026-06-04 18:33:17,2026-06-03 20:25:17,2026-06-04 00:05:17,,,false,,,,
LEAD0578,Ethan,Miller,ethan.miller@cobaltresources.com,Cobalt Resources LLC,Process Improvement Manager,993,IL,Mid-Market,Content Download,50,Lead,New,USR011,2026-03-15 00:18:12,,2026-03-15 04:43:12,,,,false,,,,
LEAD0579,Drew,Diaz,drew.diaz@cobaltconsulting.com,Cobalt Consulting Co.,Finance Director,2032,NJ,Upper Mid-Market,Inbound Demo Request,81,Sales Qualified Lead,Qualified,USR009,2024-06-08 00:35:16,2024-06-08 22:35:16,2024-06-08 02:29:16,2024-06-08 06:07:16,2024-06-11 13:35:16,,false,,,,
LEAD0580,Hayden,Kim,hayden.kim@monarch.com,Monarch Group Systems,Process Improvement Manager,33,OH,SMB,Website,55,Lead,New,USR007,2024-09-24 19:00:42,,2024-09-24 23:45:42,,,,false,,,,
LEAD0581,Natalie,Mitchell,natalie.mitchell@newbridgeholdings.com,Newbridge Holdings Systems,Business Systems Manager,63,NY,SMB,Outbound SDR,43,Marketing Qualified Lead,Connected,USR005,2024-07-26 17:28:30,2024-07-29 12:28:30,2024-07-26 18:28:30,2024-07-26 18:52:30,,,false,,,,
LEAD0582,Parker,Wood,parker.wood@libertylabs.com,Liberty Labs LLC,Business Operations Manager,148,TX,SMB,Organic Search,71,Marketing Qualified Lead,Connected,USR006,2026-08-30 13:55:46,2026-08-31 06:55:46,2026-08-30 14:19:46,2026-08-30 23:19:46,,,false,,,,
LEAD0583,Reese,Diaz,owen.morgan@keystonehealth.com,Brightwell Consulting Solutions,IT Manager,69,MA,SMB,Inbound Demo Request,91,Sales Qualified Lead,Qualified,USR005,2024-07-26 11:27:04,2024-07-29 14:27:04,2024-07-26 11:34:04,2024-07-26 14:31:04,2024-08-01 13:27:04,,false,,,,
LEAD0584,Jordan,Evans,jordan.evans@beaconsupply.com,Beacon Supply Solutions,Operations Manager,178,MI,SMB,Webinar / Event,72,Marketing Qualified Lead,Connected,USR007,2025-12-24 23:47:40,2025-12-29 18:47:40,2025-12-25 02:47:40,2025-12-25 06:12:40,,,false,,,,
LEAD0585,Olivia,Wilson,olivia.wilson@harborautomation.com,Harbor Automation LLC,Process Improvement Manager,160,FL,SMB,Outbound SDR,41,Lead,Nurture,USR006,2025-10-20 03:44:02,,2025-10-20 07:41:02,2025-10-20 08:21:02,,,false,,,,
LEAD0586,Grace,Wood,grace.wood@falconworks.com,Falcon Works Solutions,Project Manager,115,NC,SMB,Customer Referral,81,Sales Qualified Lead,Qualified,USR006,2025-09-03 16:57:01,2025-09-05 10:57:01,2025-09-03 22:24:01,2025-09-04 23:24:01,2025-09-06 16:57:01,,false,,,,
LEAD0587,Quinn,Lewis,quinn.lewis@evergreendynamics.com,Evergreen Dynamics Group,VP of Technology,76,SD,SMB,Inbound Demo Request,75,Lead,Nurture,USR007,2025-12-25 17:32:35,,2025-12-25 17:42:35,2025-12-27 01:42:35,,,false,,,,
LEAD0588,Grace,Hughes,grace.hughes@keystonemanufacturing.com,Keystone Manufacturing Inc.,Solutions Architect,74,NC,SMB,Inbound Demo Request,95,Sales Qualified Lead,Qualified,USR005,2025-07-28 09:24:20,2025-07-30 07:24:20,2025-07-28 13:39:20,2025-07-28 14:42:20,2025-08-01 23:24:20,,false,,,,
LEAD0589,Lily,Anderson,lily.anderson@beaconautomation.com,Beacon Automation Co.,Enterprise Applications Manager,2362,ND,Upper Mid-Market,Inbound Demo Request,80,Lead,Disqualified,USR011,2026-04-19 01:47:30,,2026-04-19 04:47:30,2026-04-19 05:38:30,,Company Too Small,false,,,,
LEAD0590,Noah,Martin,noah.martin@copper.com,Copper Systems Partners,Chief Operating Officer,176,VA,SMB,Inbound Demo Request,82,Sales Qualified Lead,Qualified,USR006,2026-09-04 20:00:57,2026-09-07 12:00:57,2026-09-04 23:39:57,2026-09-05 02:55:57,2026-09-14 03:00:57,,false,,,,
LEAD0591,Skyler,Miller,skyler.miller@monarch.com,Monarch Partners Partners,Revenue Operations Manager,999,IL,Mid-Market,Outbound SDR,69,Marketing Qualified Lead,Working,USR011,2025-11-07 19:38:09,2025-11-08 11:38:09,2025-11-07 21:14:09,2025-11-07 21:54:09,,,false,,,,
LEAD0592,Skyler,Jenkins,skyler.jenkins@crescententerprises.com,Crescent Enterprises Solutions,Business Operations Manager,174,NC,SMB,Partner Referral,87,Marketing Qualified Lead,Nurture,USR006,2025-04-12 21:23:49,2025-04-16 16:23:49,2025-04-12 22:24:49,2025-04-13 01:50:49,,,false,,,,
LEAD0593,Leah,Turner,leah.turner@harbor.com,Harbor Group Partners,Procurement Manager,815,NC,Mid-Market,Webinar / Event,75,Marketing Qualified Lead,Working,USR010,2024-04-22 02:22:51,2024-04-23 16:22:51,2024-04-22 05:10:51,2024-04-22 05:33:51,,,false,,,,
LEAD0594,Ella,Patel,ella.patel@falconholdings.com,Falcon Holdings LLC,VP of Technology,637,FL,Mid-Market,Content Download,63,Sales Qualified Lead,Qualified,USR010,2026-02-16 00:22:19,2026-02-19 05:22:19,2026-02-16 03:30:19,2026-02-16 04:26:19,2026-02-21 03:22:19,,false,,,,
LEAD0595,Alex,Foster,alex.foster@windwardholdings.com,Windward Holdings Solutions,Project Manager,662,CA,Mid-Market,Organic Search,81,Lead,Nurture,USR012,2025-06-05 09:47:48,,2025-06-05 13:52:48,2025-06-05 17:20:48,,,false,,,,
LEAD0596,Zoe,Nguyen,zoe.nguyen@bluepeaklogistics.com,BluePeak Logistics Group,Operations Manager,150,CA,SMB,Content Download,38,Lead,New,USR008,2024-09-26 11:26:49,,2024-09-26 15:04:49,,,,false,,,,
LEAD0597,Ruby,Miller,ruby.miller@northstarenterprises.com,Northstar Enterprises Co.,Sales Operations Manager,113,GA,SMB,Paid Search,48,Lead,Working,USR006,2024-11-03 21:34:05,,2024-11-03 22:58:05,2024-11-04 20:58:05,,,false,,,,
LEAD0598,Emerson,Miller,emerson.miller@redwood.com,Redwood Partners Partners,VP of Operations,180,NY,SMB,Organic Search,72,Lead,Nurture,USR005,2026-04-18 22:41:57,,2026-04-18 23:03:57,2026-04-19 00:21:57,,,false,,,,
LEAD0599,Owen,Turner,owen.turner@ironwoodholdings.com,Ironwood Holdings Partners,Chief Operating Officer,27,TN,SMB,Content Download,50,Lead,New,USR006,2024-01-14 09:20:31,,2024-01-14 11:51:31,,,,false,,,,
LEAD0600,Ava,Rivera,ava.rivera@sterling.com,Sterling Partners Co.,Program Manager,56,NJ,SMB,Organic Search,62,Lead,New,USR005,2026-03-05 19:59:36,,2026-03-06 01:42:36,,,,false,,,,
LEAD0601,Blake,Miller,blake.miller@cobaltenterprises.com,Cobalt Enterprises Inc.,Solutions Architect,951,OR,Mid-Market,Organic Search,54,Marketing Qualified Lead,Connected,USR012,2024-01-07 07:03:30,2024-01-09 12:03:30,2024-01-07 09:46:30,2024-01-07 10:56:30,,,false,,,,
LEAD0602,Noah,Lee,noah.lee@rivertonenterprises.com,Riverton Enterprises Partners,Revenue Operations Manager,124,HI,SMB,Content Download,52,Lead,Nurture,USR008,2024-10-25 17:50:30,,2024-10-25 23:48:30,2024-10-27 04:48:30,,,false,,,,
LEAD0603,Ava,Lee,ava.lee@bluepeakhealth.com,BluePeak Health Inc.,Finance Director,96,TX,SMB,Organic Search,65,Lead,Nurture,USR006,2024-02-18 00:12:38,,2024-02-18 04:45:38,2024-02-18 06:08:38,,,false,,,,
LEAD0604,Leo,Shah,leo.shah@parkside.com,Parkside Solutions Solutions,Solutions Architect,1207,FL,Upper Mid-Market,Content Download,68,Lead,Disqualified,USR010,2025-12-28 02:18:49,,2025-12-28 06:23:49,2025-12-28 09:28:49,,Duplicate Lead,false,,,,
LEAD0605,Ian,Green,ian.green@parksideautomation.com,Parkside Automation Inc.,Sales Operations Manager,159,IL,SMB,Outbound SDR,59,Sales Qualified Lead,Connected,USR007,2025-02-04 21:15:12,2025-02-09 20:15:12,2025-02-04 23:19:12,2025-02-05 02:26:12,2025-02-18 19:15:12,,false,,,,
LEAD0606,Ruby,Hall,ruby.hall@vertexindustries.com,Vertex Industries Partners,Solutions Architect,2100,NJ,Upper Mid-Market,Paid Search,53,Lead,New,USR009,2024-05-21 09:15:26,,2024-05-21 14:11:26,,,,false,,,,
LEAD0607,Nora,Ramirez,nora.ramirez@libertyoperations.com,Liberty Operations Group,Program Manager,257,AR,Mid-Market,Content Download,68,Sales Qualified Lead,Qualified,USR010,2024-10-30 08:17:07,2024-11-02 02:17:07,2024-10-30 09:56:07,2024-10-30 12:38:07,2024-11-03 07:17:07,,false,,,,
LEAD0608,Lucas,Lewis,lucas.lewis@primelogistics.com,Prime Logistics Solutions,Finance Director,142,GA,SMB,Paid Search,56,Lead,Working,USR006,2024-10-22 04:25:26,,2024-10-22 05:53:26,2024-10-22 06:58:26,,,false,,,,
LEAD0609,Jack,Kelly,jack.kelly@horizonresources.com,Horizon Resources Systems,Finance Director,48,WY,SMB,Customer Referral,68,Lead,Nurture,USR008,2024-07-07 07:38:17,,2024-07-07 09:20:17,2024-07-07 11:40:17,,,false,,,,
LEAD0610,Ethan,Kelly,ethan.kelly@horizonanalytics.com,Horizon Analytics Group,Enterprise Applications Manager,100,AZ,SMB,Paid Search,59,Marketing Qualified Lead,Connected,USR008,2025-09-04 07:45:56,2025-09-09 03:45:56,2025-09-04 11:48:56,2025-09-04 14:36:56,,,false,,,,
LEAD0611,Lily,Anderson,lily.anderson@vertex.com,Vertex Partners Co.,Project Manager,90,ME,SMB,Organic Search,67,Marketing Qualified Lead,Disqualified,USR005,2024-10-08 22:39:06,2024-10-09 15:39:06,2024-10-09 00:50:06,2024-10-09 01:06:06,,No Response,false,,,,
LEAD0612,Blake,Jackson,blake.jackson@bridgepoint.com,Bridgepoint Group Systems,Finance Director,186,SC,SMB,Content Download,42,Marketing Qualified Lead,Working,USR006,2025-09-13 23:47:39,2025-09-14 13:47:39,2025-09-14 01:45:39,2025-09-14 03:33:39,,,false,,,,
LEAD0613,Ethan,Roberts,ethan.roberts@bridgepointdynamics.com,Bridgepoint Dynamics Solutions,Enterprise Applications Manager,68,IL,SMB,Customer Referral,77,Marketing Qualified Lead,Working,USR007,2026-04-30 20:15:58,2026-05-04 12:15:58,2026-04-30 21:27:58,2026-04-30 22:44:58,,,false,,,,
LEAD0614,Skyler,Turner,skyler.turner@apexcommerce.com,Apex Commerce Group,Solutions Architect,48,CA,SMB,Inbound Demo Request,77,Marketing Qualified Lead,Disqualified,USR008,2024-06-26 12:31:50,2024-06-27 14:31:50,2024-06-26 13:36:50,2024-06-26 17:13:50,,Duplicate Lead,false,,,,
LEAD0615,Casey,Ramirez,casey.ramirez@redwoodoperations.com,Redwood Operations LLC,Systems Manager,931,NY,Mid-Market,Paid Search,52,Lead,Working,USR009,2026-07-15 16:36:20,,2026-07-15 21:03:20,,,,false,,,,
LEAD0616,Leo,Lewis,leo.lewis@cedarstoneholdings.com,Cedarstone Holdings Systems,Sales Operations Manager,105,GA,SMB,Organic Search,53,Lead,Working,USR006,2024-03-03 18:50:47,,2024-03-03 19:24:47,2024-03-04 14:24:47,,,false,,,,
LEAD0617,Skyler,Collins,skyler.collins@westbrookdynamics.com,Westbrook Dynamics Partners,Chief Operating Officer,109,MD,SMB,Organic Search,59,Sales Qualified Lead,Connected,USR005,2024-11-29 17:38:22,2024-12-03 13:38:22,2024-11-29 18:19:22,2024-11-29 21:17:22,2024-12-05 19:38:22,,false,,,,
LEAD0618,Reese,Young,reese.young@evergreenindustries.com,Evergreen Industries Systems,Sales Operations Manager,163,IL,Mid-Market,Partner Referral,65,Sales Qualified Lead,Qualified,USR007,2026-02-11 15:37:26,2026-02-15 19:37:26,2026-02-11 19:25:26,2026-02-11 20:50:26,2026-02-22 04:37:26,,false,,,,
LEAD0619,Zoe,Richardson,zoe.richardson@northstaranalytics.com,Northstar Analytics Group,Project Manager,706,FL,Mid-Market,Outbound SDR,43,Lead,Working,USR010,2024-01-13 05:20:58,,2024-01-13 06:18:58,2024-01-13 09:21:58,,,false,,,,
LEAD0620,Grant,Patel,grant.patel@greenfieldservices.com,Greenfield Services Group,Operations Manager,342,SD,Mid-Market,Outbound SDR,48,Lead,Nurture,USR011,2025-08-29 23:50:43,,2025-08-30 02:04:43,2025-08-30 04:46:43,,,false,,,,
LEAD0621,Emerson,Perry,emerson.perry@brightwellindustries.com,Brightwell Industries LLC,Operations Manager,191,MN,SMB,Inbound Demo Request,93,Sales Qualified Lead,Qualified,USR007,2026-03-26 04:50:19,2026-03-28 22:50:19,2026-03-26 09:21:19,2026-03-26 10:52:19,2026-03-29 06:50:19,,false,,,,
LEAD0622,Grant,Sanchez,grant.sanchez@ironwoodlabs.com,Ironwood Labs Group,Business Systems Manager,93,RI,SMB,Partner Referral,72,Lead,Working,USR005,2026-03-30 05:04:37,,2026-03-30 08:48:37,2026-03-30 09:56:37,,,false,,,,
LEAD0623,Casey,Ramirez,casey.ramirez@pioneerhealth.com,Pioneer Health Systems,Business Systems Manager,987,WA,Mid-Market,Organic Search,72,Lead,Working,USR012,2024-09-07 22:06:05,,2024-09-08 03:22:05,2024-09-08 03:36:05,,,false,,,,
LEAD0624,Nora,Diaz,nora.diaz@clearpath.com,ClearPath Group Solutions,Director of Operations,64,CA,SMB,Outbound SDR,52,Marketing Qualified Lead,Working,USR007,2026-08-29 08:52:41,2026-08-30 18:52:41,2026-08-29 09:45:41,2026-08-29 11:57:41,,,false,,,,
LEAD0625,Blake,Hughes,blake.hughes@westbrookcommerce.com,Westbrook Commerce Systems,Systems Manager,545,MO,Mid-Market,Outbound SDR,54,Lead,New,USR011,2026-05-24 11:18:11,,2026-05-24 12:12:11,,,,false,,,,
LEAD0626,Ian,Williams,ian.williams@bridgepointenterprises.com,Bridgepoint Enterprises Systems,Finance Director,209,NY,Mid-Market,Content Download,48,Lead,Disqualified,USR009,2025-11-27 01:09:59,,2025-11-27 02:18:59,2025-11-27 04:19:59,,Bad Contact Data,false,,,,
LEAD0627,Ian,Martin,ian.martin@harborworks.com,Harbor Works Group,Project Manager,22,AZ,SMB,Outbound SDR,43,Marketing Qualified Lead,Nurture,USR008,2026-09-02 03:30:08,2026-09-03 01:30:08,2026-09-02 06:51:08,2026-09-02 08:13:08,,,false,,,,
LEAD0628,Avery,Garcia,avery.garcia@bluepeakanalytics.com,BluePeak Analytics Co.,Program Manager,100,WA,Mid-Market,Organic Search,55,Lead,Nurture,USR008,2024-03-29 13:26:03,,2024-03-29 13:42:03,2024-03-29 17:19:03,,,false,,,,
LEAD0629,Maya,Ramirez,maya.ramirez@ironwoodoperations.com,Ironwood Operations Inc.,VP of Operations,20,TN,SMB,Inbound Demo Request,91,Sales Qualified Lead,Qualified,USR006,2025-07-20 06:15:08,2025-07-22 04:15:08,2025-07-20 11:52:08,2025-07-21 09:52:08,2025-07-29 20:15:08,,false,,,,
LEAD0630,Jamie,Lewis,jamie.lewis@silverlineservices.com,Silverline Services Solutions,Director of Business Transformation,83,PA,SMB,Organic Search,64,Marketing Qualified Lead,Working,USR005,2025-08-26 12:52:05,2025-08-28 03:52:05,2025-08-26 14:06:05,2025-08-26 14:16:05,,,false,,,,
LEAD0631,Casey,Johnson,casey.johnson@westbrooklabs.com,Westbrook Labs Solutions,Director of Business Transformation,1218,NY,Upper Mid-Market,Webinar / Event,55,Lead,Nurture,USR009,2024-02-05 19:38:36,,2024-02-05 20:10:36,2024-02-05 23:44:36,,,false,,,,
LEAD0632,Cole,Diaz,cole.diaz@highlandoperations.com,Highland Operations Solutions,VP of Operations,761,TX,Mid-Market,Content Download,43,Lead,Nurture,USR010,2024-06-29 20:01:57,,2024-06-29 21:37:57,2024-06-30 00:09:57,,,false,,,,
LEAD0633,Olivia,Ramirez,olivia.ramirez@windwardlabs.com,Windward Labs Solutions,Procurement Manager,1545,NY,Upper Mid-Market,Content Download,37,Lead,Disqualified,USR009,2026-03-16 04:18:35,,2026-03-16 05:45:35,2026-03-16 06:27:35,,Not a Fit,false,,,,
LEAD0634,Dakota,Price,dakota.price@horizoncommerce.com,Horizon Commerce Systems,Solutions Architect,169,AK,SMB,Paid Search,52,Lead,Nurture,USR008,2025-11-22 22:09:54,,2025-11-23 02:04:54,2025-11-23 05:08:54,,,false,,,,
LEAD0635,Parker,Kelly,parker.kelly@eastgate.com,Eastgate Group Group,Director of Business Transformation,668,WA,Mid-Market,Partner Referral,71,Marketing Qualified Lead,Working,USR012,2024-02-14 00:35:55,2024-02-14 13:35:55,2024-02-14 03:51:55,2024-02-14 04:41:55,,,false,,,,
LEAD0636,Caleb,Sanchez,caleb.sanchez@horizonlogistics.com,Horizon Logistics LLC,Procurement Manager,517,CT,Mid-Market,Content Download,38,Lead,New,USR009,2025-06-12 10:10:04,,2025-06-12 12:28:04,,,,false,,,,
LEAD0637,Miles,Turner,miles.turner@cedarstoneworks.com,Cedarstone Works Solutions,Systems Manager,5,NM,,Paid Search,68,Lead,Disqualified,,2024-12-03 22:46:41,,,,,Company Too Small,false,,,,
LEAD0638,Alex,Murphy,alex.murphy@atlasoperations.com,Atlas Operations Co.,Enterprise Applications Manager,153,GA,SMB,Outbound SDR,50,Lead,Working,USR006,2025-02-11 09:40:13,,2025-02-11 10:17:13,,,,false,,,,
LEAD0639,Morgan,Hayes,morgan.hayes@beaconhealth.com,Beacon Health Group,Director of Operations,243,VA,Mid-Market,Content Download,64,Lead,Nurture,USR010,2024-12-06 12:37:01,,2024-12-06 13:51:01,2024-12-07 18:51:01,,,false,,,,
LEAD0640,Leah,Wood,leah.wood@ironwoodresources.com,Ironwood Resources Inc.,VP of Technology,87,IL,SMB,Outbound SDR,58,Marketing Qualified Lead,Disqualified,USR007,2024-10-26 12:14:55,2024-10-30 20:14:55,2024-10-26 12:39:55,,,No Response,false,,,,
LEAD0641,Leah,Ward,leah.ward@goldcrestholdings.com,Goldcrest Holdings Group,Operations Manager,40,MN,SMB,Content Download,41,Lead,Nurture,,2025-06-15 12:45:19,,,,,,false,,,,
LEAD0642,Owen,Martin,owen.martin@summitdistribution.com,Summit Distribution Co.,Sales Operations Manager,715,AK,Mid-Market,Partner Referral,77,Lead,Nurture,USR012,2025-10-06 06:54:09,,2025-10-06 09:52:09,2025-10-06 10:58:09,,,false,,,,
LEAD0643,Cameron,Taylor,cameron.taylor@highlandenterprises.com,Highland Enterprises Partners,Program Manager,48,NV,SMB,Content Download,66,Marketing Qualified Lead,Disqualified,USR008,2024-04-10 19:30:37,2024-04-11 23:30:37,2024-04-11 00:21:37,2024-04-12 07:21:37,,Bad Contact Data,false,,,,
LEAD0644,Skyler,Kelly,skyler.kelly@riverbendlogistics.com,Riverbend Logistics Group,Director of IT,5594,CA,,Inbound Demo Request,92,Lead,Disqualified,,2025-11-28 08:43:00,,,,,Enterprise Requirements,false,,,,
LEAD0645,Leo,Carter,leo.carter@northstarnetworks.com,Northstar Networks Solutions,VP of Technology,1042,SC,Upper Mid-Market,Organic Search,64,Lead,New,USR010,2024-06-25 21:27:31,,2024-06-26 02:15:31,,,,false,,,,
LEAD0646,Alex,Young,alex.young@libertyautomation.com,Liberty Automation Solutions,Finance Director,316,OR,Mid-Market,Outbound SDR,55,Lead,Disqualified,USR012,2025-09-03 08:17:29,,2025-09-03 11:43:29,2025-09-04 15:43:29,,No Budget,false,,,,
LEAD0647,Sophia,Peterson,sophia.peterson@apexlogistics.com,Apex Logistics Inc.,Operations Manager,155,MD,Upper Mid-Market,Inbound Demo Request,73,Sales Qualified Lead,Qualified,USR005,2024-11-30 07:03:36,2024-12-05 05:03:36,2024-11-30 12:31:36,2024-11-30 14:20:36,2024-12-10 11:03:36,,false,,,,
LEAD0648,Alex,Bennett,alex.bennett@bridgepointsupply.com,Bridgepoint Supply LLC,Enterprise Applications Manager,352,MN,Mid-Market,Paid Search,64,Marketing Qualified Lead,Connected,USR011,2024-11-11 16:55:49,2024-11-15 08:55:49,2024-11-11 20:06:49,2024-11-11 21:45:49,,,false,,,,
LEAD0649,Evan,Campbell,evan.campbell@clearpathworks.com,ClearPath Works LLC,Systems Manager,171,NY,SMB,Outbound SDR,59,Lead,Qualified,USR005,2024-09-11 17:32:11,,2024-09-11 23:31:11,2024-09-12 16:31:11,,,false,,,,
LEAD0650,Parker,Edwards,parker.edwards@goldcrestresources.com,Goldcrest Resources Systems,Systems Manager,69,VT,SMB,Organic Search,70,Marketing Qualified Lead,Nurture,USR005,2025-05-21 03:37:43,2025-05-23 06:37:43,2025-05-21 03:46:43,2025-05-21 04:46:43,,,false,,,,
LEAD0651,Taylor,Ward,taylor.ward@riverbendindustries.com,Riverbend Industries Co.,Revenue Operations Manager,35,NC,SMB,Outbound SDR,42,Lead,New,USR006,2024-09-08 05:09:24,,2024-09-08 09:58:24,,,,false,,,,
LEAD0652,Morgan,Reed,morgan.reed@riverbenddynamics.com,Riverbend Dynamics Systems,VP of Operations,94,MA,SMB,Organic Search,51,Marketing Qualified Lead,Connected,USR005,2024-11-23 11:21:54,2024-11-24 23:21:54,2024-11-23 17:17:54,2024-11-23 18:38:54,,,false,,,,
LEAD0653,Drew,Sanchez,drew.sanchez@harbormanufacturing.com,Harbor Manufacturing Solutions,Process Improvement Manager,2491,LA,Upper Mid-Market,Webinar / Event,50,Lead,Disqualified,USR010,2026-03-20 18:38:23,,2026-03-20 22:58:23,2026-03-20 23:58:23,,No Response,false,,,,
LEAD0654,Lucas,Taylor,lucas.taylor@redwoodlabs.com,Redwood Labs Partners,Director of Business Transformation,579,PA,Upper Mid-Market,Organic Search,64,Marketing Qualified Lead,Connected,USR009,2026-02-27 14:14:01,2026-03-03 23:14:01,2026-02-27 14:53:01,2026-02-28 19:53:01,,,false,,,,
LEAD0655,Sophia,Kelly,sophia.kelly@silverlineautomation.com,Silverline Automation Partners,Solutions Architect,537,WA,Mid-Market,Outbound SDR,35,Lead,Disqualified,USR012,2024-12-23 01:58:55,,2024-12-23 04:14:55,2024-12-23 07:26:55,,No Response,false,,,,
LEAD0656,Taylor,Bennett,taylor.bennett@falconconsulting.com,Falcon Consulting Co.,Operations Manager,116,CA,SMB,Organic Search,65,Marketing Qualified Lead,Working,USR008,2025-08-25 21:02:40,2025-08-28 01:02:40,2025-08-25 23:52:40,2025-08-26 01:53:40,,,false,,,,
LEAD0657,Ian,Taylor,ian.taylor@parksideindustries.com,Parkside Industries Group,Business Operations Manager,301,IL,Mid-Market,Organic Search,63,Lead,Nurture,USR011,2024-12-29 02:54:31,,2024-12-29 07:42:31,2024-12-29 18:42:31,,,false,,,,
LEAD0658,Nora,Martin,nora.martin@oakridge.com,Oakridge Group LLC,Systems Manager,30,SD,SMB,,45,Marketing Qualified Lead,Disqualified,USR007,2026-09-01 00:28:06,2026-09-01 07:28:06,2026-09-01 04:37:06,,,No Budget,false,,,,
LEAD0659,Skyler,Hall,skyler.hall@apexlabs.com,Apex Labs Systems,Sales Operations Manager,155,NY,SMB,Partner Referral,64,Lead,Nurture,USR005,2026-07-16 08:26:44,,2026-07-16 12:50:44,2026-07-17 18:50:44,,,false,,,,
LEAD0660,Reese,Rivera,reese.rivera@parkside.com,Parkside Group Group,Enterprise Applications Manager,222,IL,Mid-Market,Paid Search,64,Lead,Working,USR011,2024-06-19 06:59:48,,2024-06-19 11:53:48,2024-06-19 14:12:48,,,false,,,,
LEAD0661,Morgan,Roberts,morgan.roberts@granitelogistics.com,Granite Logistics Group,Director of IT,92,CA,SMB,Customer Referral,83,Sales Qualified Lead,Qualified,USR008,2025-05-28 12:24:28,2025-05-31 16:24:28,2025-05-28 12:57:28,2025-05-28 13:12:28,2025-06-05 13:24:28,,false,,,,
LEAD0662,Emma,Wilson,emma.wilson@apex.com,Apex Group Inc.,Solutions Architect,185,MO,SMB,Content Download,36,Lead,Disqualified,USR007,2024-06-08 15:57:25,,2024-06-08 19:37:25,2024-06-08 19:47:25,,Not a Fit,false,,,,
LEAD0663,Ethan,Evans,ethan.evans@greenfielddynamics.com,Greenfield Dynamics Inc.,Process Improvement Manager,759,TX,Mid-Market,Content Download,70,Lead,Working,USR010,2025-08-04 13:04:07,,2025-08-04 13:16:07,2025-08-04 15:41:07,,,false,,,,
LEAD0664,Cole,Diaz,cole.diaz@summit.com,Summit Systems Systems,IT Manager,186,KS,SMB,Outbound SDR,40,Lead,Working,USR007,2025-05-20 08:55:06,,2025-05-20 12:32:06,2025-05-21 03:32:06,,,false,,,,
LEAD0665,Liam,Patel,liam.patel@parksidehealth.com,Parkside Health LLC,Sales Operations Manager,308,KY,Mid-Market,Paid Search,66,Marketing Qualified Lead,Working,USR010,2025-08-10 12:47:49,2025-08-11 07:47:49,2025-08-10 15:34:49,2025-08-10 16:38:49,,,false,,,,
LEAD0666,Lucas,Peterson,evan.reed@rivertoncommerce.com,Ironwood Analytics Inc.,VP of Operations,417,CA,Mid-Market,Organic Search,66,Sales Qualified Lead,Connected,USR012,2024-03-17 11:02:13,2024-03-21 06:02:13,2024-03-17 15:24:13,2024-03-18 01:24:13,2024-03-23 20:02:13,,false,,,,
LEAD0667,Chloe,Nelson,chloe.nelson@redwoodconsulting.com,Redwood Consulting Co.,Operations Manager,787,NC,Mid-Market,Inbound Demo Request,81,Marketing Qualified Lead,Connected,USR010,2025-01-27 11:23:05,2025-01-30 17:23:05,2025-01-27 16:41:05,2025-01-27 18:40:05,,,false,,,,
LEAD0668,Reese,Price,reese.price@horizonenterprises.com,Horizon Enterprises Solutions,Procurement Manager,109,NY,SMB,Inbound Demo Request,86,Sales Qualified Lead,Qualified,USR005,2024-06-28 18:25:19,2024-07-02 14:25:19,2024-06-28 21:39:19,2024-06-28 22:52:19,2024-07-05 09:25:19,,false,,,,
LEAD0669,Sydney,Foster,sydney.foster@lakeside.com,Lakeside Partners Partners,Solutions Architect,163,VA,SMB,Organic Search,59,Marketing Qualified Lead,Working,USR006,2026-04-01 12:49:44,2026-04-05 18:49:44,2026-04-01 17:17:44,2026-04-01 18:38:44,,,false,,,,
LEAD0670,Owen,Hall,owen.hall@bridgepointsupply.com,Bridgepoint Supply Co.,Director of Operations,1441,SD,Upper Mid-Market,Organic Search,46,Lead,Disqualified,USR011,2025-05-04 21:04:59,,2025-05-04 23:06:59,2025-05-05 01:14:59,,No Budget,false,,,,
LEAD0671,Caleb,Hughes,caleb.hughes@clearpathenterprises.com,ClearPath Enterprises LLC,Operations Manager,305,GA,Mid-Market,Inbound Demo Request,99,Marketing Qualified Lead,Working,USR010,2024-05-14 03:25:19,2024-05-18 01:25:19,2024-05-14 06:38:19,2024-05-14 09:56:19,,,false,,,,
LEAD0672,Maya,Carter,maya.carter@lakesideholdings.com,Lakeside Holdings Partners,Director of Business Transformation,83,CA,SMB,Paid Search,48,Lead,Working,USR008,2025-07-21 19:35:29,,2025-07-21 21:21:29,2025-07-23 01:21:29,,,false,,,,
LEAD0673,Grace,Patel,grace.patel@silverlinemanufacturing.com,Silverline Manufacturing Group,Director of Business Transformation,19,MA,,Partner Referral,67,Lead,Working,,2025-06-28 12:01:31,,,,,,false,,,,
LEAD0674,Mason,Ward,mason.ward@monarch.com,Monarch Partners Group,VP of Operations,78,CA,SMB,Outbound SDR,48,Lead,Nurture,USR008,2026-01-06 13:56:04,,2026-01-06 15:53:04,2026-01-06 22:53:04,,,false,,,,
LEAD0675,Evan,Perry,evan.perry@keystoneindustries.com,Keystone Industries LLC,IT Manager,283,PA,Mid-Market,Outbound SDR,58,Marketing Qualified Lead,Connected,USR009,2025-01-06 12:16:09,2025-01-10 05:16:09,2025-01-06 15:58:09,2025-01-07 07:58:09,,,false,,,,
LEAD0676,Caleb,Rivera,caleb.rivera@greenfieldtechnology.com,Greenfield Technology Inc.,Business Operations Manager,122,NC,SMB,Inbound Demo Request,92,Marketing Qualified Lead,Working,USR006,2025-06-16 08:13:29,2025-06-20 09:13:29,2025-06-16 08:49:29,2025-06-16 09:57:29,,,false,,,,
LEAD0677,Natalie,Hughes,natalie.hughes@lakesidecommerce.com,Lakeside Commerce Group,VP of Technology,172,IL,SMB,Paid Search,73,Lead,Working,USR007,2026-07-07 07:13:11,,2026-07-07 08:59:11,2026-07-08 11:59:11,,,false,,,,
LEAD0678,Riley,Taylor,riley.taylor@vertexlogistics.com,Vertex Logistics Group,Chief Operating Officer,532,AL,Mid-Market,Outbound SDR,49,Lead,Working,USR010,2025-04-28 10:33:54,,2025-04-28 15:51:54,2025-04-28 16:01:54,,,false,,,,
LEAD0679,Miles,Wright,miles.wright@oakridge.com,Oakridge Solutions Partners,Revenue Operations Manager,40,PA,SMB,Webinar / Event,50,Lead,Working,USR005,2025-11-12 20:54:57,,2025-11-13 01:14:57,2025-11-13 03:57:57,,,false,,,,
LEAD0680,Reese,Reed,reese.reed@riverbenddynamics.com,Riverbend Dynamics Partners,VP of Operations,1809,PA,Upper Mid-Market,Inbound Demo Request,87,Sales Qualified Lead,Qualified,USR009,2024-04-30 02:10:36,2024-05-03 19:10:36,2024-04-30 07:49:36,2024-04-30 17:49:36,2024-05-13 15:10:36,,false,,,,
LEAD0681,Evan,Young,evan.young@riverbend.com,Riverbend Group Inc.,Director of Operations,59,TX,SMB,Partner Referral,76,Marketing Qualified Lead,Working,USR006,2025-02-07 11:15:51,2025-02-10 23:15:51,2025-02-07 14:02:51,2025-02-07 16:46:51,,,false,,,,
LEAD0682,Evan,Miller,evan.miller@parksidelabs.com,Parkside Labs Co.,Procurement Manager,718,MN,Mid-Market,Content Download,42,Marketing Qualified Lead,Nurture,USR011,2025-04-23 07:27:24,2025-04-25 02:27:24,2025-04-23 09:11:24,2025-04-23 12:40:24,,,false,,,,
LEAD0683,Jordan,Price,jordan.price@goldcrestindustries.com,Goldcrest Industries Systems,IT Manager,39,WY,SMB,Organic Search,49,Marketing Qualified Lead,Working,USR008,2025-01-10 00:07:27,2025-01-11 13:07:27,2025-01-10 05:26:27,2025-01-10 07:58:27,,,false,,,,
LEAD0684,Mia,Kim,mia.kim@clearpathholdings.com,ClearPath Holdings Inc.,VP of Technology,182,NJ,SMB,Paid Search,51,Lead,Disqualified,USR005,2024-06-18 09:10:04,,2024-06-18 12:00:04,2024-06-18 14:40:04,,Bad Contact Data,false,,,,
LEAD0685,Nora,Carter,nora.carter@riverbendenterprises.com,Riverbend Enterprises Partners,Director of IT,649,CA,Mid-Market,Outbound SDR,65,Marketing Qualified Lead,Nurture,USR012,2025-10-03 03:26:51,2025-10-05 10:26:51,2025-10-03 03:53:51,,,,false,,,,
LEAD0686,Morgan,Jenkins,morgan.jenkins@silverlinedistribution.com,Silverline Distribution Partners,Procurement Manager,252,NY,Mid-Market,Partner Referral,72,Marketing Qualified Lead,Working,USR009,2025-05-31 03:43:56,2025-06-02 19:43:56,2025-05-31 07:58:56,2025-05-31 08:52:56,,,false,,,,
LEAD0687,Parker,Howard,parker.howard@cedarstonedynamics.com,Cedarstone Dynamics LLC,Chief Operating Officer,73,MA,SMB,Outbound SDR,66,Lead,Nurture,USR005,2026-06-10 16:52:31,,2026-06-10 19:01:31,2026-06-10 21:29:31,,,false,,,,
LEAD0688,Natalie,Ramirez,natalie.ramirez@crescentnetworks.com,Crescent Networks Partners,Procurement Manager,132,FL,SMB,Organic Search,75,Sales Qualified Lead,Connected,USR006,2025-04-01 13:45:47,2025-04-05 12:45:47,2025-04-01 17:04:47,2025-04-01 19:52:47,2025-04-12 15:45:47,,false,,,,
LEAD0689,Ian,Lewis,ian.lewis@primedynamics.com,Prime Dynamics Inc.,Director of Business Transformation,848,MS,Mid-Market,Organic Search,52,Marketing Qualified Lead,Disqualified,USR010,2026-05-22 03:31:58,2026-05-24 05:31:58,2026-05-22 08:05:58,2026-05-22 09:18:58,,Company Too Small,false,,,,
LEAD0690,Ethan,Williams,ethan.williams@newbridgehealth.com,Newbridge Health LLC,Finance Director,156,VA,SMB,Partner Referral,80,Sales Qualified Lead,Qualified,USR006,2026-09-12 05:09:36,2026-09-16 05:09:36,2026-09-12 09:19:36,2026-09-12 12:28:36,2026-09-18 09:09:36,,false,,,,
LEAD0691,Nora,Taylor,nora.taylor@falconhealth.com,Falcon Health LLC,Program Manager,977,GA,Mid-Market,Paid Search,57,Lead,Disqualified,USR010,2025-07-20 00:53:12,,2025-07-20 03:26:12,2025-07-20 05:32:12,,Timing Not Right,false,,,,
LEAD0692,Sophia,Turner,sophia.turner@solstice.com,Solstice Solutions Solutions,Director of Business Transformation,64,CA,SMB,Partner Referral,85,Marketing Qualified Lead,Working,USR008,2025-09-29 08:27:16,2025-10-02 16:27:16,2025-09-29 10:11:16,2025-09-29 13:12:16,,,false,,,,
LEAD0693,Morgan,Carter,morgan.carter@riverbendindustries.com,Riverbend Industries Partners,VP of Technology,654,FL,Mid-Market,Webinar / Event,77,Marketing Qualified Lead,Nurture,USR010,2025-08-07 02:06:47,2025-08-11 04:06:47,2025-08-07 04:24:47,2025-08-07 06:01:47,,,false,,,,
LEAD0694,Casey,Rivera,casey.rivera@crescent.com,Crescent Partners Partners,Director of Operations,109,FL,SMB,Content Download,58,Lead,Nurture,USR006,2026-05-11 07:23:50,,2026-05-11 11:20:50,2026-05-11 14:37:50,,,false,,,,
LEAD0695,Natalie,Turner,owen.jenkins@granite.com,Ironwood Partners LLC,Business Operations Manager,85,OH,SMB,Organic Search,46,Lead,Nurture,USR007,2025-02-25 07:25:57,,2025-02-25 11:45:57,2025-02-26 12:45:57,,,false,,,,
LEAD0696,Morgan,Patel,morgan.patel@stonebridgeresources.com,Stonebridge Resources Partners,Program Manager,179,TX,SMB,Content Download,36,Lead,New,USR006,2025-11-28 03:45:28,,2025-11-28 08:52:28,,,,false,,,,
LEAD0697,Jordan,Thomas,jordan.thomas@riverbendautomation.com,Riverbend Automation Solutions,Process Improvement Manager,63,IL,Mid-Market,Paid Search,79,Marketing Qualified Lead,Nurture,USR007,2024-09-12 13:05:17,2024-09-16 01:05:17,2024-09-12 15:52:17,2024-09-12 16:22:17,,,false,,,,
LEAD0698,Grace,Roberts,grace.roberts@riverbenddistribution.com,Riverbend Distribution Co.,Enterprise Applications Manager,964,OH,Mid-Market,Inbound Demo Request,76,Marketing Qualified Lead,Nurture,USR011,2024-12-23 05:32:00,2024-12-27 17:32:00,2024-12-23 07:44:00,2024-12-23 10:01:00,,,false,,,,
LEAD0699,Taylor,Ward,taylor.ward@vertexresources.com,Vertex Resources Solutions,Business Systems Manager,67,OH,SMB,Organic Search,77,Lead,Nurture,USR007,2025-09-15 15:16:20,,2025-09-15 20:42:20,,,,false,,,,
LEAD0700,Dakota,Howard,dakota.howard@libertyresources.com,Liberty Resources LLC,Project Manager,20,NY,SMB,Content Download,72,Lead,New,USR005,2025-03-13 05:47:57,,2025-03-13 07:00:57,,,,false,,,,
LEAD0701,Ian,Johnson,ian.johnson@stonebridgeenterprises.com,Stonebridge Enterprises Solutions,Finance Director,1539,ME,Mid-Market,Inbound Demo Request,80,Sales Qualified Lead,Qualified,USR009,2026-01-19 05:10:51,2026-01-24 02:10:51,2026-01-19 06:34:51,2026-01-19 14:34:51,2026-01-28 19:10:51,,false,,,,
LEAD0702,Alex,Richardson,alex.richardson@lakesideoperations.com,Lakeside Operations Inc.,Sales Operations Manager,198,OH,SMB,Organic Search,73,Marketing Qualified Lead,Working,USR007,2024-09-10 19:32:25,2024-09-13 11:32:25,2024-09-10 21:52:25,2024-09-10 23:38:25,,,false,,,,
LEAD0703,Alex,Parker,alex.parker@harborenterprises.com,Harbor Enterprises Systems,Program Manager,62,NY,SMB,Inbound Demo Request,80,Marketing Qualified Lead,Working,USR005,2025-05-07 17:35:18,2025-05-12 15:35:18,2025-05-07 18:49:18,2025-05-07 19:39:18,,,false,,,,
LEAD0704,Zoe,Peterson,zoe.peterson@oakridgeworks.com,Oakridge Works Group,Project Manager,58,HI,SMB,Content Download,40,Lead,Disqualified,USR008,2024-07-05 22:46:23,,2024-07-06 00:17:23,2024-07-07 07:17:23,,No Response,false,,,,
LEAD0705,Alex,Price,alex.price@falconoperations.com,Falcon Operations LLC,Systems Manager,146,WI,SMB,Paid Search,71,Lead,New,USR007,2025-12-04 21:18:14,,2025-12-05 03:01:14,,,,false,,,,
LEAD0706,Ava,Young,ava.young@maple.com,Maple Solutions Solutions,Sales Operations Manager,411,OH,Mid-Market,Partner Referral,85,Sales Qualified Lead,Qualified,USR011,2025-11-17 12:40:04,2025-11-21 21:40:04,2025-11-17 17:19:04,2025-11-17 19:55:04,2025-11-26 02:40:04,,false,,,,
LEAD0707,Jack,Jackson,jack.jackson@atlasenterprises.com,Atlas Enterprises Solutions,Program Manager,131,FL,SMB,Paid Search,78,Marketing Qualified Lead,Connected,USR006,2025-09-20 09:29:28,2025-09-23 07:29:28,2025-09-20 14:20:28,,,,false,,,,
LEAD0708,Nora,Price,nora.price@atlaslabs.com,Atlas Labs LLC,Process Improvement Manager,161,WA,SMB,Content Download,44,Lead,Working,USR008,2026-08-04 01:35:13,,2026-08-04 05:23:13,2026-08-05 12:23:13,,,false,,,,
LEAD0709,Lucas,Anderson,lucas.anderson@northstarcommerce.com,Northstar Commerce Partners,Chief Operating Officer,961,ID,Mid-Market,Outbound SDR,62,Sales Qualified Lead,Connected,USR012,2025-01-15 23:20:42,2025-01-20 12:20:42,2025-01-16 02:45:42,2025-01-16 03:54:42,2025-01-28 05:20:42,,false,,,,
LEAD0710,Ruby,Walker,ruby.walker@harbornetworks.com,Harbor Networks Solutions,Process Improvement Manager,518,TN,Mid-Market,Inbound Demo Request,91,Lead,Disqualified,USR010,2025-01-13 00:56:10,,2025-01-13 04:40:10,2025-01-13 08:12:10,,Company Too Small,false,,,,
LEAD0711,Sydney,Murphy,sydney.murphy@goldcrestautomation.com,Goldcrest Automation Systems,Enterprise Applications Manager,1077,OH,Upper Mid-Market,Organic Search,55,Marketing Qualified Lead,Working,USR011,2026-01-14 17:37:31,2026-01-19 03:37:31,2026-01-14 21:47:31,2026-01-15 09:47:31,,,false,,,,
LEAD0712,Evan,Martin,evan.martin@goldcrestdynamics.com,Goldcrest Dynamics LLC,Finance Director,570,NY,Mid-Market,Paid Search,45,Marketing Qualified Lead,Disqualified,USR009,2026-04-15 23:09:18,2026-04-16 21:09:18,2026-04-16 02:18:18,2026-04-16 17:18:18,,Enterprise Requirements,false,,,,
LEAD0713,Grant,Nguyen,grant.nguyen@monarch.com,Monarch Systems Co.,Business Systems Manager,142,OH,SMB,Inbound Demo Request,87,Marketing Qualified Lead,Connected,USR007,2024-01-20 07:07:51,2024-01-23 19:07:51,2024-01-20 11:32:51,2024-01-20 14:04:51,,,false,,,,
LEAD0714,Skyler,Roberts,skyler.roberts@ironwoodservices.com,Ironwood Services Group,VP of Technology,188,CA,SMB,Paid Search,62,Marketing Qualified Lead,Connected,USR008,2024-05-07 13:04:26,2024-05-09 16:04:26,2024-05-07 13:59:26,2024-05-07 14:35:26,,,false,,,,
LEAD0715,Owen,Garcia,owen.garcia@maplenetworks.com,Maple Networks Systems,Operations Manager,173,AZ,SMB,Content Download,54,Lead,Working,USR008,2026-05-09 18:27:21,,2026-05-09 19:39:21,2026-05-09 23:16:21,,,false,,,,
LEAD0716,Ian,Shah,ian.shah@newbridge.com,Newbridge Partners Inc.,Systems Manager,82,MI,SMB,Customer Referral,70,Sales Qualified Lead,Connected,USR007,2025-02-21 03:46:57,2025-02-22 08:46:57,2025-02-21 08:41:57,2025-02-21 11:52:57,2025-02-25 19:46:57,,false,,,,
LEAD0717,Jamie,Jenkins,jamie.jenkins@eastgatelogistics.com,Eastgate Logistics Partners,Business Systems Manager,4079,NY,,Paid Search,76,Lead,Disqualified,,2026-03-04 19:46:55,,,,,Enterprise Requirements,false,,,,
LEAD0718,Emma,Lewis,emma.lewis@monarchautomation.com,Monarch Automation Systems,Enterprise Applications Manager,349,LA,Mid-Market,Inbound Demo Request,92,Sales Qualified Lead,Qualified,,2025-09-02 19:02:30,2025-09-05 12:02:30,,,2025-09-06 19:02:30,,false,,,,
LEAD0719,Morgan,Mitchell,morgan.mitchell@windward.com,Windward Solutions LLC,Process Improvement Manager,307,AZ,Mid-Market,Content Download,39,Lead,Working,USR012,2024-10-12 06:47:48,,2024-10-12 08:43:48,2024-10-13 12:43:48,,,false,,,,
LEAD0720,Nora,Jackson,nora.jackson@keystonemanufacturing.com,Keystone Manufacturing Group,IT Manager,13,NY,,Inbound Demo Request,91,Sales Qualified Lead,Connected,,2025-05-05 01:36:35,2025-05-06 15:36:35,,,2025-05-12 01:36:35,,false,,,,
LEAD0721,Avery,Ortiz,avery.ortiz@evergreenresources.com,Evergreen Resources Inc.,VP of Technology,998,IN,Mid-Market,Webinar / Event,68,Marketing Qualified Lead,Nurture,USR011,2026-03-03 14:54:36,2026-03-05 08:54:36,2026-03-03 19:42:36,2026-03-04 18:42:36,,,false,,,,
LEAD0722,Drew,Martin,drew.martin@atlaslabs.com,Atlas Labs Inc.,VP of Operations,157,PA,SMB,Content Download,36,Lead,Working,USR005,2025-03-19 23:38:32,,2025-03-20 04:05:32,2025-03-20 05:23:32,,,false,,,,
LEAD0723,Morgan,Cooper,morgan.cooper@crescent.com,Crescent Partners Co.,VP of Operations,421,GA,Mid-Market,Organic Search,71,Marketing Qualified Lead,Working,USR012,2024-09-07 14:02:17,2024-09-12 13:02:17,2024-09-07 16:30:17,2024-09-07 19:07:17,,,false,,,,
LEAD0724,Mason,Anderson,mason.anderson@stonebridgemanufacturing.com,Stonebridge Manufacturing Partners,Business Operations Manager,1831,TX,Upper Mid-Market,Paid Search,83,Sales Qualified Lead,Qualified,USR010,2026-08-19 19:22:52,2026-08-22 12:22:52,2026-08-19 21:56:52,2026-08-19 23:45:52,2026-08-24 23:22:52,,false,,,,
LEAD0725,Casey,Wilson,skyler.hall@apexlabs.com,Windward Networks Systems,Solutions Architect,79,TX,SMB,Content Download,37,Lead,New,USR006,2025-03-03 11:52:05,,2025-03-03 13:42:05,,,,false,,,,
LEAD0726,Liam,Wilson,liam.wilson@beaconsupply.com,Beacon Supply LLC,Enterprise Applications Manager,662,CO,Mid-Market,Organic Search,55,Lead,Nurture,USR012,2025-09-08 21:26:01,,2025-09-08 22:49:01,2025-09-09 16:49:01,,,false,,,,
LEAD0727,Riley,Price,riley.price@windward.com,Windward Partners Partners,Director of Operations,1200,OH,Upper Mid-Market,Content Download,57,Lead,New,USR011,2024-04-05 21:59:57,,2024-04-06 01:11:57,,,,false,,,,
LEAD0728,Natalie,Patel,natalie.patel@cedarstone.com,Cedarstone Solutions Inc.,Program Manager,375,OH,Upper Mid-Market,Content Download,52,Lead,Nurture,USR011,2024-07-30 19:37:24,,2024-07-31 00:41:24,,,,false,,,,
LEAD0729,Blake,Ross,blake.ross@highland.com,Highland Systems Inc.,Chief Operating Officer,200,TX,Mid-Market,Organic Search,69,Lead,Nurture,USR010,2026-01-22 19:01:59,,2026-01-23 00:55:59,2026-01-23 03:12:59,,,false,,,,
LEAD0730,Grace,Foster,grace.foster@solstice.com,Solstice Systems Systems,Director of Operations,197,RI,SMB,Customer Referral,73,Marketing Qualified Lead,Working,USR005,2024-10-16 00:06:23,2024-10-21 00:06:23,2024-10-16 04:50:23,2024-10-16 05:04:23,,,false,,,,
LEAD0731,Grace,Williams,grace.williams@maple.com,Maple Systems Systems,Director of Operations,138,TX,SMB,Organic Search,76,Marketing Qualified Lead,Working,USR006,2025-04-11 11:18:33,2025-04-12 08:18:33,2025-04-11 17:11:33,,,,false,,,,
LEAD0732,Blake,Peterson,blake.peterson@pioneerindustries.com,Pioneer Industries LLC,Business Operations Manager,2084,FL,Upper Mid-Market,Content Download,60,Marketing Qualified Lead,Working,USR010,2024-09-30 16:01:13,2024-10-02 11:01:13,2024-09-30 20:50:13,2024-09-30 22:35:13,,,false,,,,
LEAD0733,Lily,Taylor,lily.taylor@horizonholdings.com,Horizon Holdings Solutions,Enterprise Applications Manager,902,HI,Mid-Market,Content Download,50,Lead,Working,USR012,2024-08-01 17:55:14,,2024-08-01 19:35:14,2024-08-01 21:33:14,,,false,,,,
LEAD0734,Henry,Edwards,henry.edwards@stonebridgedistribution.com,Stonebridge Distribution Solutions,Process Improvement Manager,476,CA,Mid-Market,Organic Search,58,Lead,Working,USR012,2024-08-21 12:21:37,,2024-08-21 13:12:37,2024-08-22 14:12:37,,,false,,,,
LEAD0735,Liam,Peterson,liam.peterson@windward.com,Windward Systems LLC,VP of Technology,212,FL,SMB,Paid Search,49,Lead,Working,USR010,2025-12-01 09:10:20,,2025-12-01 12:34:20,2025-12-02 11:34:20,,,false,,,,
LEAD0736,Henry,Perry,henry.perry@pioneerindustries.com,Pioneer Industries Group,IT Manager,177,FL,SMB,Webinar / Event,63,Lead,New,USR006,2025-11-16 21:00:54,,2025-11-17 02:49:54,,,,false,,,,
LEAD0737,Ava,Foster,ava.foster@evergreentechnology.com,Evergreen Technology Systems,Director of IT,176,VA,SMB,Paid Search,59,Lead,Working,USR006,2025-07-18 11:18:48,,2025-07-18 15:46:48,2025-07-18 16:01:48,,,false,,,,
LEAD0738,Evan,Evans,evan.evans@beaconautomation.com,Beacon Automation Solutions,Operations Manager,166,CT,SMB,Paid Search,47,Marketing Qualified Lead,Nurture,USR005,2026-06-26 11:25:50,2026-06-29 16:25:50,2026-06-26 11:35:50,2026-06-27 22:35:50,,,false,,,,
LEAD0739,Jordan,Bennett,jordan.bennett@solsticelogistics.com,Solstice Logistics Group,Enterprise Applications Manager,549,WY,Mid-Market,Content Download,49,Lead,Nurture,USR012,2024-05-29 04:01:32,,2024-05-29 05:05:32,2024-05-29 06:28:32,,,false,,,,
LEAD0740,Mason,Campbell,mason.campbell@falcondynamics.com,Falcon Dynamics Group,Business Operations Manager,54,MI,SMB,Outbound SDR,44,Lead,New,USR007,2025-11-23 17:36:23,,2025-11-23 20:42:23,,,,false,,,,
LEAD0741,Casey,Roberts,casey.roberts@eastgateindustries.com,Eastgate Industries LLC,IT Manager,632,MI,Mid-Market,Customer Referral,86,Sales Qualified Lead,Qualified,USR011,2024-07-11 12:57:25,2024-07-15 16:57:25,2024-07-11 17:39:25,2024-07-11 21:19:25,2024-07-25 05:57:25,,false,,,,
LEAD0742,Drew,Wright,drew.wright@lakesideoperations.com,Lakeside Operations Solutions,Sales Operations Manager,163,FL,SMB,Referral,78,Marketing Qualified Lead,Nurture,,2026-08-29 23:11:56,2026-09-03 22:11:56,,,,,false,,,,
LEAD0743,Skyler,Wilson,skyler.wilson@stonebridgedistribution.com,Stonebridge Distribution Systems,Procurement Manager,407,CA,Mid-Market,Inbound Demo Request,79,Sales Qualified Lead,Qualified,USR012,2025-12-13 19:39:06,2025-12-14 08:39:06,2025-12-13 23:55:06,2025-12-14 00:38:06,2025-12-22 13:39:06,,false,,,,
LEAD0744,Grant,Taylor,grant.taylor@ironwoodanalytics.com,Ironwood Analytics LLC,Director of IT,602,SC,Mid-Market,Organic Search,63,Marketing Qualified Lead,Nurture,USR010,2025-06-17 05:17:46,2025-06-21 11:17:46,2025-06-17 11:16:46,2025-06-18 19:16:46,,,false,,,,
LEAD0745,Jamie,Ross,jamie.ross@redwood.com,Redwood Systems Systems,VP of Technology,684,WA,Mid-Market,Customer Referral,75,Sales Qualified Lead,Qualified,USR012,2026-02-19 23:45:25,2026-02-21 23:45:25,2026-02-20 04:26:25,2026-02-20 05:06:25,2026-02-25 10:45:25,,false,,,,
LEAD0746,Henry,Peterson,henry.peterson@crescentservices.com,Crescent Services Group,Director of Operations,848,TN,Mid-Market,Partner Referral,78,Sales Qualified Lead,Qualified,USR010,2024-06-30 12:56:28,2024-07-04 14:56:28,2024-06-30 15:22:28,2024-07-01 08:22:28,2024-07-05 17:56:28,,false,,,,
LEAD0747,Blake,Diaz,blake.diaz@beaconenterprises.com,Beacon Enterprises LLC,VP of Operations,253,FL,Mid-Market,Paid Search,64,Marketing Qualified Lead,Nurture,USR010,2024-11-24 09:11:38,2024-11-29 01:11:38,2024-11-24 13:50:38,2024-11-25 00:50:38,,,false,,,,
LEAD0748,Ava,Foster,ava.foster@bluepeakholdings.com,BluePeak Holdings Co.,Process Improvement Manager,90,CA,SMB,Customer Referral,71,Lead,Nurture,USR008,2026-05-09 23:22:20,,2026-05-10 05:00:20,2026-05-11 12:00:20,,,false,,,,
LEAD0749,Drew,Smith,drew.smith@redwoodtechnology.com,Redwood Technology Group,Director of Operations,856,NJ,Mid-Market,Paid Search,71,Marketing Qualified Lead,Working,,2026-01-07 08:48:30,2026-01-11 10:48:30,,,,,false,,,,
LEAD0750,Chloe,Turner,chloe.turner@solsticeanalytics.com,Solstice Analytics Systems,Finance Director,1426,NY,Upper Mid-Market,Paid Search,49,Lead,Qualified,USR009,2025-04-09 23:07:49,,2025-04-10 03:32:49,2025-04-10 05:23:49,,,false,,,,
LEAD0751,Liam,Green,liam.green@parksidenetworks.com,Parkside Networks Systems,Revenue Operations Manager,860,KS,Mid-Market,Content Download,51,Lead,Nurture,USR011,2025-04-22 20:03:25,,2025-04-22 21:43:25,2025-04-23 13:43:25,,,false,,,,
LEAD0752,Ava,Ortiz,ava.ortiz@libertytechnology.com,Liberty Technology Co.,VP of Operations,137,IL,SMB,Content Download,34,Lead,New,USR007,2025-03-19 03:48:39,,2025-03-19 04:47:39,,,,false,,,,
LEAD0753,Grace,Smith,grace.smith@westbrookautomation.com,Westbrook Automation LLC,Solutions Architect,820,NM,Mid-Market,Organic Search,62,Marketing Qualified Lead,Working,USR012,2024-05-26 14:16:19,2024-05-31 08:16:19,2024-05-26 19:03:19,2024-05-26 22:30:19,,,false,,,,
LEAD0754,Emerson,Peterson,emerson.peterson@goldcrestlabs.com,Goldcrest Labs Solutions,VP of Operations,419,PA,Mid-Market,Outbound SDR,66,Lead,Working,USR009,2025-02-18 04:48:25,,2025-02-18 07:19:25,2025-02-18 12:19:25,,,false,,,,
LEAD0755,Natalie,Mitchell,natalie.mitchell@newbridge.com,Newbridge Solutions LLC,Business Systems Manager,111,TN,SMB,Inbound Demo Request,95,Lead,Disqualified,USR006,2026-08-03 22:55:56,,2026-08-04 01:38:56,2026-08-04 02:22:56,,Not a Fit,false,,,,
LEAD0756,Alex,Kelly,alex.kelly@crescentdistribution.com,Crescent Distribution Group,Director of Operations,5530,NE,,Webinar / Event,76,Lead,Disqualified,,2024-05-30 03:01:31,,,,,Enterprise Requirements,false,,,,
LEAD0757,Lily,Edwards,lily.edwards@clearpathoperations.com,ClearPath Operations Inc.,Business Systems Manager,343,OK,Mid-Market,Organic Search,59,Lead,New,USR010,2026-01-07 16:02:44,,2026-01-07 18:15:44,,,,false,,,,
LEAD0758,Henry,Richardson,henry.richardson@lakesideautomation.com,Lakeside Automation Co.,Solutions Architect,114,FL,SMB,Inbound Demo Request,94,Sales Qualified Lead,Qualified,USR006,2024-10-16 02:26:02,2024-10-20 11:26:02,2024-10-16 07:47:02,2024-10-17 10:47:02,2024-10-27 22:26:02,,false,,,,
LEAD0759,Casey,Mitchell,casey.mitchell@rivertonlogistics.com,Riverton Logistics Solutions,Director of IT,76,MI,SMB,Organic Search,53,Marketing Qualified Lead,Connected,USR007,2024-09-25 18:54:18,2024-09-26 03:54:18,2024-09-25 21:48:18,2024-09-25 23:19:18,,,false,,,,
LEAD0760,Skyler,Thomas,skyler.thomas@redwoodlabs.com,Redwood Labs Co.,Procurement Manager,1405,OH,Upper Mid-Market,Paid Search,55,Marketing Qualified Lead,Working,USR011,2025-07-06 08:07:16,2025-07-08 00:07:16,2025-07-06 12:01:16,2025-07-07 02:01:16,,,false,,,,
LEAD0761,Logan,Wright,logan.wright@silverlinetechnology.com,Silverline Technology Solutions,Enterprise Applications Manager,190,CA,SMB,Webinar / Event,60,Marketing Qualified Lead,Working,USR008,2024-04-19 14:56:22,2024-04-21 01:56:22,2024-04-19 16:36:22,2024-04-19 19:08:22,,,false,,,,
LEAD0762,Leo,Peterson,leo.peterson@silverlinenetworks.com,Silverline Networks Systems,VP of Technology,12,MS,,Outbound SDR,55,Lead,Disqualified,,2026-08-31 22:02:13,,,,,Company Too Small,false,,,,
LEAD0763,Morgan,Hayes,morgan.hayes@liberty.com,Liberty Group Co.,Program Manager,547,NC,Mid-Market,Organic Search,71,Lead,Nurture,USR010,2026-02-01 21:11:14,,2026-02-02 02:53:14,,,,false,,,,
LEAD0764,Avery,Ross,avery.ross@copperdistribution.com,Copper Distribution Solutions,Director of Business Transformation,168,TX,SMB,Organic Search,75,Lead,Working,USR006,2026-06-05 10:45:34,,2026-06-05 12:26:34,2026-06-05 13:07:34,,,false,,,,
LEAD0765,Morgan,Edwards,morgan.edwards@riverbendservices.com,Riverbend Services Systems,VP of Operations,139,,SMB,Outbound SDR,47,Lead,Working,USR005,2025-07-06 07:04:36,,2025-07-06 11:22:36,2025-07-06 11:50:36,,,false,,,,
LEAD0766,Henry,Mitchell,henry.mitchell@silverline.com,Silverline Group LLC,VP of Operations,647,NJ,Mid-Market,Content Download,58,Lead,Nurture,,2024-06-15 04:37:20,,,,,,false,,,,
LEAD0767,Casey,Hughes,casey.hughes@crescentholdings.com,Crescent Holdings Partners,Solutions Architect,4143,IA,,Outbound SDR,35,Lead,Disqualified,,2024-07-28 16:32:20,,,,,Enterprise Requirements,false,,,,
LEAD0768,Grace,Diaz,grace.diaz@granitecommerce.com,Granite Commerce Co.,Operations Manager,178,NY,SMB,Inbound Demo Request,86,Sales Qualified Lead,Qualified,USR005,2025-08-26 09:02:14,2025-08-30 18:02:14,2025-08-26 10:20:14,2025-08-26 10:58:14,2025-09-07 06:02:14,,false,,,,
LEAD0769,Zoe,Nelson,zoe.nelson@cedarstone.com,Cedarstone Solutions Systems,Revenue Operations Manager,36,HI,SMB,Inbound Demo Request,76,Lead,Disqualified,USR008,2025-07-02 18:15:42,,2025-07-02 21:17:42,2025-07-03 09:17:42,,Enterprise Requirements,false,,,,
LEAD0770,Jack,Turner,jack.turner@monarchdistribution.com,Monarch Distribution Co.,Director of Operations,34,CO,SMB,Organic Search,77,Marketing Qualified Lead,Connected,USR008,2024-02-27 13:41:14,2024-03-03 07:41:14,2024-02-27 14:52:14,2024-02-27 15:46:14,,,false,,,,
LEAD0771,Alex,Johnson,alex.johnson@beacontechnology.com,Beacon Technology Partners,Enterprise Applications Manager,512,WA,Mid-Market,Webinar / Event,80,Lead,Working,USR012,2025-01-16 16:43:06,,2025-01-16 22:39:06,2025-01-16 23:05:06,,,false,,,,
LEAD0772,Emma,Taylor,emma.taylor@granite.com,Granite Solutions Solutions,Finance Director,100,TX,SMB,Paid Search,70,Lead,Nurture,USR006,2024-05-13 18:22:09,,2024-05-13 21:39:09,2024-05-13 22:07:09,,,false,,,,
LEAD0773,Miles,Wilson,miles.wilson@apex.com,Apex Systems Partners,IT Manager,193,TX,SMB,Inbound Demo Request,80,Sales Qualified Lead,Qualified,USR006,2024-01-27 08:02:52,2024-01-29 22:02:52,2024-01-27 12:39:52,2024-01-27 15:04:52,2024-02-08 21:02:52,,false,,,,
LEAD0774,Zoe,Carter,zoe.carter@beaconindustries.com,Beacon Industries Co.,VP of Technology,869,FL,Mid-Market,Paid Search,77,Lead,New,USR010,2024-10-23 00:37:50,,2024-10-23 02:26:50,,,,false,,,,
LEAD0775,Zoe,Brooks,zoe.brooks@evergreenanalytics.com,Evergreen Analytics Systems,Enterprise Applications Manager,71,NY,SMB,Content Download,36,Lead,Disqualified,USR005,2026-06-20 23:17:26,,2026-06-21 03:15:26,,,No Budget,false,,,,
LEAD0776,Sophia,Taylor,sophia.taylor@lakesideanalytics.com,Lakeside Analytics Inc.,Process Improvement Manager,34,IA,SMB,Partner Referral,72,Lead,Disqualified,USR007,2025-05-28 19:58:18,,2025-05-28 20:37:18,2025-05-28 20:55:18,,No Response,false,,,,
LEAD0777,Jamie,Rivera,jamie.rivera@maplenetworks.com,Maple Networks Solutions,Enterprise Applications Manager,2100,AR,Upper Mid-Market,Outbound SDR,69,Lead,Working,,2026-04-11 14:22:30,,,,,,false,,,,
LEAD0778,Grant,Scott,grant.scott@bridgepointnetworks.com,Bridgepoint Networks Partners,VP of Operations,61,VA,SMB,Organic Search,76,Marketing Qualified Lead,Nurture,USR006,2026-06-16 01:20:52,2026-06-19 03:20:52,2026-06-16 06:01:52,2026-06-16 08:26:52,,,false,,,,
LEAD0779,Cameron,Ramirez,cameron.ramirez@evergreenhealth.com,Evergreen Health Solutions,IT Manager,137,CA,SMB,Organic Search,74,Marketing Qualified Lead,Connected,USR008,2024-07-14 02:26:13,2024-07-16 15:26:13,2024-07-14 06:39:13,2024-07-14 08:58:13,,,false,,,,
LEAD0780,Avery,Patel,avery.patel@northstar.com,Northstar Group Group,Program Manager,2187,NE,Upper Mid-Market,Organic Search,79,Lead,Working,USR011,2024-07-11 02:07:19,,2024-07-11 07:19:19,2024-07-11 10:37:19,,,false,,,,
LEAD0781,Jack,Campbell,jack.campbell@eastgateholdings.com,Eastgate Holdings Systems,IT Manager,134,WA,SMB,Partner Referral,81,Sales Qualified Lead,Qualified,USR008,2024-09-23 01:48:51,2024-09-27 04:48:51,2024-09-23 05:19:51,2024-09-23 08:19:51,2024-10-04 12:48:51,,false,,,,
LEAD0782,Liam,Mitchell,liam.mitchell@riverbendoperations.com,Riverbend Operations Systems,Business Operations Manager,284,TX,Mid-Market,Inbound Demo Request,87,Marketing Qualified Lead,Connected,USR010,2024-08-24 13:17:35,2024-08-29 01:17:35,2024-08-24 14:19:35,2024-08-24 16:06:35,,,false,,,,
LEAD0783,Grace,Johnson,grace.johnson@bluepeakhealth.com,BluePeak Health Partners,Project Manager,1450,IL,Upper Mid-Market,Partner Referral,91,Marketing Qualified Lead,Working,USR011,2024-02-16 22:10:24,2024-02-20 10:10:24,2024-02-16 23:16:24,2024-02-17 01:06:24,,,false,,,,
LEAD0784,Caleb,Scott,caleb.scott@crescentanalytics.com,Crescent Analytics Inc.,Systems Manager,189,NJ,SMB,Content Download,44,Marketing Qualified Lead,Connected,USR005,2024-09-27 10:43:14,2024-10-01 17:43:14,2024-09-27 13:25:14,2024-09-27 16:32:14,,,false,,,,
LEAD0785,Casey,Rivera,casey.rivera@windwardsupply.com,Windward Supply Partners,Sales Operations Manager,159,NC,SMB,Outbound SDR,59,Lead,Nurture,USR006,2025-07-08 08:27:43,,2025-07-08 08:46:43,2025-07-09 15:46:43,,,false,,,,
LEAD0786,Grace,Collins,grace.collins@oakridgeenterprises.com,Oakridge Enterprises Systems,Chief Operating Officer,17,MA,,Paid Search,45,Marketing Qualified Lead,Connected,,2025-06-06 19:24:57,2025-06-08 04:24:57,,,,,false,,,,
LEAD0787,Cole,Collins,cole.collins@ironwood.com,Ironwood Partners Co.,Director of Business Transformation,419,GA,Mid-Market,Webinar / Event,81,Sales Qualified Lead,Qualified,USR010,2024-12-03 12:10:54,2024-12-05 06:10:54,2024-12-03 14:00:54,2024-12-03 17:30:54,2024-12-07 20:10:54,,false,,,,
LEAD0788,Dakota,Murphy,dakota.murphy@redwoodanalytics.com,Redwood Analytics Solutions,Process Improvement Manager,161,AZ,SMB,Customer Referral,89,Marketing Qualified Lead,Nurture,USR008,2025-04-12 18:27:45,2025-04-14 23:27:45,2025-04-12 22:30:45,2025-04-13 01:42:45,,,false,,,,
LEAD0789,Blake,Thomas,blake.thomas@bluepeakenterprises.com,BluePeak Enterprises LLC,Director of Operations,443,WV,Mid-Market,Referral,81,Sales Qualified Lead,Connected,USR009,2026-03-19 08:02:10,2026-03-22 03:02:10,2026-03-19 11:01:10,2026-03-19 12:44:10,2026-03-24 23:02:10,,false,,,,
LEAD0790,Quinn,Rivera,quinn.rivera@newbridgeresources.com,Newbridge Resources Solutions,Finance Director,458,NY,Mid-Market,Inbound Demo Request,89,Sales Qualified Lead,Qualified,USR009,2026-02-03 02:05:50,2026-02-07 13:05:50,2026-02-03 03:40:50,2026-02-03 06:50:50,2026-02-10 19:05:50,,false,,,,
LEAD0791,Casey,Walker,casey.walker@parkside.com,Parkside Partners Inc.,VP of Operations,151,CA,SMB,Outbound SDR,67,Marketing Qualified Lead,Connected,USR008,2025-08-01 04:08:04,2025-08-06 03:08:04,2025-08-01 05:52:04,,,,false,,,,
LEAD0792,Jordan,Ross,jordan.ross@windwarddistribution.com,Windward Distribution Solutions,VP of Operations,191,CA,SMB,Customer Referral,83,Marketing Qualified Lead,Connected,USR008,2024-10-23 16:57:34,2024-10-25 15:57:34,2024-10-23 18:52:34,2024-10-23 20:24:34,,,false,,,,
LEAD0793,Leah,Shah,leah.shah@falcon.com,Falcon Systems LLC,Director of Operations,99,AL,SMB,Inbound Demo Request,90,Lead,Nurture,USR006,2025-06-20 18:56:43,,2025-06-20 20:13:43,2025-06-21 03:13:43,,,false,,,,
LEAD0794,Emma,Carter,emma.carter@greenfieldanalytics.com,Greenfield Analytics LLC,Process Improvement Manager,105,NC,SMB,Customer Referral,79,Marketing Qualified Lead,Nurture,USR006,2025-04-23 06:08:02,2025-04-28 04:08:02,2025-04-23 06:55:02,2025-04-23 09:03:02,,,false,,,,
LEAD0795,Evan,Kelly,evan.kelly@cobaltresources.com,Cobalt Resources Solutions,Procurement Manager,1907,FL,Upper Mid-Market,Inbound Demo Request,80,Sales Qualified Lead,Qualified,USR010,2025-02-14 19:33:08,2025-02-16 00:33:08,2025-02-14 23:26:08,2025-02-15 02:22:08,2025-02-24 17:33:08,,false,,,,
LEAD0796,Sydney,Walker,sydney.walker@harbordynamics.com,Harbor Dynamics Group,Enterprise Applications Manager,290,MA,Mid-Market,Outbound SDR,36,Lead,New,USR009,2026-03-28 16:21:46,,2026-03-28 18:06:46,,,,false,,,,
LEAD0797,Casey,Hayes,casey.hayes@northstarsupply.com,Northstar Supply Systems,Operations Manager,232,ID,Mid-Market,Content Download,43,Marketing Qualified Lead,Connected,USR012,2026-07-16 19:47:26,2026-07-17 05:47:26,2026-07-16 21:07:26,2026-07-16 21:20:26,,,false,,,,
LEAD0798,Parker,Jackson,parker.jackson@redwoodindustries.com,Redwood Industries Partners,Director of Operations,112,ND,SMB,Organic Search,58,Marketing Qualified Lead,Connected,USR007,2024-09-01 14:53:05,2024-09-04 16:53:05,2024-09-01 15:27:05,2024-09-01 16:29:05,,,false,,,,
LEAD0799,Evan,Scott,evan.scott@evergreensupply.com,Evergreen Supply Co.,IT Manager,594,OH,Mid-Market,Outbound SDR,55,Marketing Qualified Lead,Connected,USR011,2024-10-06 03:21:47,2024-10-09 10:21:47,2024-10-06 08:38:47,2024-10-07 06:38:47,,,false,,,,
LEAD0800,Liam,Edwards,liam.edwards@newbridgeholdings.com,Newbridge Holdings LLC,Director of Business Transformation,29,NY,SMB,Partner Referral,62,Marketing Qualified Lead,Working,USR005,2025-04-02 19:58:13,2025-04-05 06:58:13,2025-04-03 01:08:13,2025-04-03 03:36:13,,,false,,,,
LEAD0801,Ruby,Ross,ruby.ross@newbridgetechnology.com,Newbridge Technology Systems,VP of Operations,32,OH,SMB,Outbound SDR,78,Sales Qualified Lead,Qualified,USR007,2025-09-23 02:50:49,2025-09-28 01:50:49,2025-09-23 05:49:49,2025-09-23 06:18:49,2025-10-02 13:50:49,,false,,,,
LEAD0802,Natalie,Howard,natalie.howard@silverlinenetworks.com,Silverline Networks LLC,Operations Manager,117,CA,SMB,Paid Search,77,Marketing Qualified Lead,Connected,USR008,2024-09-04 21:32:23,2024-09-05 22:32:23,2024-09-04 23:51:23,2024-09-05 01:33:23,,,false,,,,
LEAD0803,Miles,Reed,miles.reed@monarchmanufacturing.com,Monarch Manufacturing Co.,Sales Operations Manager,172,WI,SMB,Organic Search,58,Lead,Working,USR007,2024-01-09 10:30:49,,2024-01-09 13:48:49,2024-01-09 16:01:49,,,false,,,,
LEAD0804,Liam,Walker,liam.walker@sterlingdistribution.com,Sterling Distribution Inc.,VP of Operations,350,IL,Mid-Market,Content Download,38,Marketing Qualified Lead,Working,USR011,2024-10-30 01:00:49,2024-10-31 07:00:49,2024-10-30 03:53:49,2024-10-30 04:52:49,,,false,,,,
LEAD0805,Maya,Williams,maya.williams@cobaltlabs.com,Cobalt Labs LLC,Process Improvement Manager,185,OK,SMB,Inbound Demo Request,92,Lead,New,USR006,2024-04-26 00:46:37,,2024-04-26 02:33:37,,,,false,,,,
LEAD0806,Blake,Young,blake.young@eastgateworks.com,Eastgate Works Group,Solutions Architect,59,WA,SMB,Inbound Demo Request,81,Sales Qualified Lead,Connected,USR008,2026-03-09 22:44:06,2026-03-11 23:44:06,2026-03-10 02:54:06,2026-03-10 05:09:06,2026-03-13 00:44:06,,false,,,,
LEAD0807,Lucas,Cooper,lucas.cooper@stonebridgetechnology.com,Stonebridge Technology Partners,Director of Business Transformation,30,NM,SMB,Outbound SDR,44,Lead,Disqualified,USR007,2025-08-19 05:42:10,,2025-08-19 08:04:10,2025-08-20 10:04:10,,Bad Contact Data,false,,,,
LEAD0808,Ruby,Campbell,ruby.campbell@stonebridgeworks.com,Stonebridge Works Group,Business Operations Manager,836,GA,Mid-Market,Outbound SDR,45,Marketing Qualified Lead,Nurture,USR010,2024-11-22 22:43:18,2024-11-27 05:43:18,2024-11-23 04:23:18,2024-11-23 04:56:18,,,false,,,,
LEAD0809,Leah,Martin,leah.martin@sterling.com,Sterling Solutions Partners,Procurement Manager,192,AL,SMB,Customer Referral,73,Marketing Qualified Lead,Working,USR006,2024-09-06 01:59:52,2024-09-09 01:59:52,2024-09-06 02:36:52,2024-09-07 12:36:52,,,false,,,,
LEAD0810,Lily,Evans,lily.evans@ironwoodconsulting.com,Ironwood Consulting Systems,Program Manager,162,OH,SMB,Inbound Demo Request,84,Marketing Qualified Lead,Nurture,USR007,2025-05-05 14:07:38,2025-05-06 03:07:38,2025-05-05 17:58:38,2025-05-06 05:58:38,,,false,,,,
LEAD0811,Grant,Turner,grant.turner@sterlingconsulting.com,Sterling Consulting LLC,Business Systems Manager,91,MI,SMB,Organic Search,66,Marketing Qualified Lead,Connected,USR007,2024-10-23 15:49:44,2024-10-27 15:49:44,2024-10-23 17:17:44,2024-10-23 20:53:44,,,false,,,,
LEAD0812,Liam,Evans,liam.evans@riverbenddistribution.com,Riverbend Distribution LLC,Program Manager,336,NY,Mid-Market,Content Download,60,Sales Qualified Lead,Qualified,USR009,2024-03-15 04:11:40,2024-03-16 01:11:40,2024-03-15 07:17:40,2024-03-15 08:54:40,2024-03-19 14:11:40,,false,,,,
LEAD0813,Casey,Morgan,casey.morgan@vertexholdings.com,Vertex Holdings Group,Finance Director,66,TX,SMB,Outbound SDR,41,Lead,Working,USR006,2026-03-17 20:31:19,,2026-03-17 23:30:19,2026-03-19 01:30:19,,,false,,,,
LEAD0814,Avery,Scott,avery.scott@harborhealth.com,Harbor Health Co.,VP of Operations,970,,Mid-Market,Partner Referral,67,Lead,Disqualified,USR010,2024-02-12 11:07:45,,2024-02-12 16:14:45,2024-02-12 19:37:45,,Company Too Small,false,,,,
LEAD0815,Grace,Walker,grace.walker@stonebridgeservices.com,Stonebridge Services Systems,Director of IT,80,KS,SMB,Outbound SDR,62,Marketing Qualified Lead,Working,USR007,2025-05-04 05:12:08,2025-05-06 11:12:08,2025-05-04 10:52:08,2025-05-04 13:04:08,,,false,,,,
LEAD0816,Riley,Price,riley.price@silverlineworks.com,Silverline Works Inc.,Sales Operations Manager,711,FL,Mid-Market,Organic Search,51,Marketing Qualified Lead,Nurture,USR010,2024-01-26 03:04:28,2024-01-29 00:04:28,2024-01-26 04:15:28,2024-01-26 04:30:28,,,false,,,,
LEAD0817,Olivia,Ortiz,olivia.ortiz@summitdistribution.com,Summit Distribution Inc.,Business Systems Manager,185,MD,SMB,Organic Search,69,Marketing Qualified Lead,Working,USR005,2026-05-24 01:53:11,2026-05-24 21:53:11,2026-05-24 02:12:11,2026-05-24 02:42:11,,,false,,,,
LEAD0818,Ethan,Mitchell,ethan.mitchell@riverbendworks.com,Riverbend Works Systems,Business Operations Manager,532,PA,Mid-Market,Content Download,44,Lead,Disqualified,USR009,2025-09-16 16:05:26,,2025-09-16 20:40:26,2025-09-16 23:15:26,,No Budget,false,,,,
LEAD0819,Natalie,Wilson,natalie.wilson@cobalt.com,Cobalt Systems Partners,Chief Operating Officer,1301,NY,SMB,Content Download,38,Lead,Disqualified,USR009,2025-12-30 16:18:29,,2025-12-30 21:51:29,2025-12-30 22:07:29,,Duplicate Lead,false,,,,
LEAD0820,Parker,Parker,parker.parker@evergreendynamics.com,Evergreen Dynamics Partners,Enterprise Applications Manager,143,GA,SMB,Content Download,61,Sales Qualified Lead,Connected,USR006,2024-08-15 15:36:00,2024-08-17 11:36:00,2024-08-15 17:07:00,2024-08-15 18:03:00,2024-08-20 21:36:00,,false,,,,
LEAD0821,Grant,Green,grant.green@graniteservices.com,Granite Services Group,Finance Director,60,WI,SMB,Content Download,42,Lead,Working,USR007,2024-04-03 20:16:03,,2024-04-03 22:38:03,2024-04-03 23:42:03,,,false,,,,
LEAD0822,Parker,Martin,parker.martin@sterlingtechnology.com,Sterling Technology Co.,Director of Operations,864,NC,Mid-Market,Partner Referral,69,Marketing Qualified Lead,Connected,USR010,2025-05-10 01:01:50,2025-05-14 21:01:50,2025-05-10 01:12:50,2025-05-10 04:41:50,,,false,,,,
LEAD0823,Blake,Lee,blake.lee@oakridgenetworks.com,Oakridge Networks Group,Solutions Architect,191,CA,SMB,Inbound Demo Request,89,Marketing Qualified Lead,Working,USR008,2026-02-25 21:06:25,2026-02-26 01:06:25,2026-02-26 02:14:25,2026-02-26 05:37:25,,,false,,,,
LEAD0824,Morgan,Garcia,morgan.garcia@vertexmanufacturing.com,Vertex Manufacturing Partners,Business Systems Manager,71,PA,SMB,Webinar / Event,59,Sales Qualified Lead,Qualified,,2026-08-28 10:16:13,2026-08-30 02:16:13,,,2026-08-31 16:16:13,,false,,,,
LEAD0825,Reese,Hall,reese.hall@copperservices.com,Copper Services Inc.,Revenue Operations Manager,1576,MN,Upper Mid-Market,Organic Search,48,Marketing Qualified Lead,Working,USR011,2026-03-21 23:35:52,2026-03-26 17:35:52,2026-03-22 01:36:52,2026-03-22 04:28:52,,,false,,,,
LEAD0826,Chloe,Carter,chloe.carter@riverbendcommerce.com,Riverbend Commerce Group,Solutions Architect,223,TX,Mid-Market,Webinar,95,Sales Qualified Lead,Qualified,USR010,2024-10-10 11:38:34,2024-10-12 08:38:34,2024-10-10 14:14:34,2024-10-11 04:14:34,2024-10-16 18:38:34,,false,,,,
LEAD0827,Mia,Murphy,mia.murphy@sterlinglogistics.com,Sterling Logistics Solutions,Solutions Architect,104,AL,SMB,Customer Referral,72,Sales Qualified Lead,Qualified,USR006,2026-07-26 03:08:48,2026-07-26 23:08:48,2026-07-26 05:43:48,2026-07-26 07:03:48,2026-07-31 08:08:48,,false,,,,
LEAD0828,Casey,Taylor,casey.taylor@silverlinehealth.com,Silverline Health Inc.,Process Improvement Manager,37,NC,SMB,Organic Search,50,Marketing Qualified Lead,Connected,USR006,2025-09-19 11:13:15,2025-09-22 04:13:15,2025-09-19 11:23:15,2025-09-19 12:38:15,,,false,,,,
LEAD0829,Jamie,Thomas,jamie.thomas@ironwoodresources.com,Ironwood Resources Partners,Solutions Architect,111,OH,SMB,Paid Search,57,Lead,New,USR007,2025-08-19 22:40:10,,2025-08-20 03:23:10,,,,false,,,,
LEAD0830,Lucas,Martin,dakota.garcia@granitenetworks.com,Redwood Enterprises Group,Procurement Manager,1344,AK,Upper Mid-Market,Paid Search,65,Marketing Qualified Lead,Connected,USR012,2025-02-13 16:17:43,2025-02-17 02:17:43,2025-02-13 21:50:43,,,,false,,,,
LEAD0831,Alex,Roberts,alex.roberts@stonebridgeautomation.com,Stonebridge Automation Solutions,Operations Manager,732,TX,Mid-Market,Webinar / Event,54,Lead,Disqualified,USR010,2025-12-23 18:01:34,,2025-12-23 19:41:34,2025-12-23 23:02:34,,Bad Contact Data,false,,,,
LEAD0832,Chloe,Reed,chloe.reed@cedarstone.com,Cedarstone Partners Co.,Business Operations Manager,73,CA,SMB,Inbound Demo Request,76,Marketing Qualified Lead,Nurture,USR008,2024-03-26 02:47:17,2024-03-29 09:47:17,2024-03-26 05:30:17,2024-03-26 07:00:17,,,false,,,,
LEAD0833,Miles,Kim,miles.kim@newbridgedistribution.com,Newbridge Distribution Group,Director of IT,1429,FL,Upper Mid-Market,Organic Search,70,Marketing Qualified Lead,Nurture,USR012,2026-03-05 10:17:43,2026-03-08 02:17:43,2026-03-05 13:37:43,2026-03-05 14:21:43,,,false,,,,
LEAD0834,Henry,Diaz,henry.diaz@greenfieldoperations.com,Greenfield Operations Co.,Revenue Operations Manager,17,ID,,Content Download,69,Lead,New,,2024-02-09 07:11:05,,,,,,false,,,,
LEAD0835,Jack,Shah,jack.shah@northstarholdings.com,Northstar Holdings Co.,VP of Operations,606,MN,Mid-Market,Paid Search,68,Marketing Qualified Lead,Connected,USR011,2026-09-16 02:16:31,2026-09-20 11:16:31,2026-09-16 02:39:31,2026-09-16 05:26:31,,,false,,,,
LEAD0836,Liam,Parker,liam.parker@rivertonworks.com,Riverton Works Co.,Director of Operations,695,NY,Mid-Market,Organic Search,76,Lead,Nurture,USR009,2026-08-24 14:58:07,,2026-08-24 19:36:07,2026-08-25 16:36:07,,,false,,,,
LEAD0837,Henry,Miller,henry.miller@silverlinelogistics.com,Silverline Logistics Partners,Director of IT,1659,NJ,Upper Mid-Market,Customer Referral,71,Lead,Disqualified,USR009,2024-08-06 11:47:15,,2024-08-06 15:08:15,2024-08-06 16:31:15,,No Response,false,,,,
LEAD0838,Morgan,Murphy,morgan.murphy@stonebridge.com,Stonebridge Group Solutions,Revenue Operations Manager,868,GA,Mid-Market,Content Download,66,Lead,Working,USR010,2025-08-01 06:16:17,,2025-08-01 07:29:17,2025-08-01 07:57:17,,,false,,,,
LEAD0839,Ella,Johnson,ella.johnson@apex.com,Apex Solutions Partners,Director of IT,828,NJ,Mid-Market,Paid Search,69,Lead,Working,USR009,2026-01-07 15:48:55,,2026-01-07 20:50:55,2026-01-07 21:37:55,,,false,,,,
LEAD0840,Lily,Ward,lily.ward@summit.com,Summit Solutions Group,Operations Manager,912,AZ,Mid-Market,Organic Search,66,Marketing Qualified Lead,Connected,USR012,2026-02-02 14:06:20,2026-02-07 01:06:20,2026-02-02 17:48:20,2026-02-02 21:16:20,,,false,,,,
LEAD0841,Hayden,Hall,hayden.hall@highlandanalytics.com,Highland Analytics Co.,Enterprise Applications Manager,141,CA,SMB,Content Download,63,Marketing Qualified Lead,Working,USR008,2025-06-20 10:02:10,2025-06-20 21:02:10,2025-06-20 15:08:10,2025-06-20 17:44:10,,,false,,,,
LEAD0842,Ella,Ward,ella.ward@bridgepoint.com,Bridgepoint Partners Group,Process Improvement Manager,1937,NJ,Upper Mid-Market,Content Download,49,Lead,Nurture,USR009,2025-06-05 11:20:55,,2025-06-05 16:18:55,2025-06-05 19:09:55,,,false,,,,
LEAD0843,Reese,Williams,reese.williams@copperworks.com,Copper Works Co.,Chief Operating Officer,21,MO,SMB,Content Download,46,Lead,Working,USR007,2026-02-11 23:14:08,,2026-02-12 01:07:08,2026-02-12 03:45:08,,,false,,,,
LEAD0844,Blake,Collins,blake.collins@libertydistribution.com,Liberty Distribution Systems,Procurement Manager,27,NC,SMB,Customer Referral,73,Sales Qualified Lead,Qualified,USR006,2024-11-11 07:48:50,2024-11-13 10:48:50,2024-11-11 09:27:50,2024-11-11 09:55:50,2024-11-22 12:48:50,,false,,,,
LEAD0845,Liam,Price,liam.price@cobaltholdings.com,Cobalt Holdings Co.,Program Manager,98,NH,SMB,Outbound SDR,37,Marketing Qualified Lead,Working,USR005,2026-02-04 21:34:09,2026-02-08 04:34:09,2026-02-05 00:16:09,2026-02-05 02:24:09,,,false,,,,
LEAD0846,Quinn,Kelly,quinn.kelly@cedarstoneconsulting.com,Cedarstone Consulting LLC,Revenue Operations Manager,626,MA,Mid-Market,Paid Search,66,Lead,Disqualified,USR009,2024-10-16 15:02:11,,2024-10-16 15:17:11,2024-10-16 21:17:11,,No Response,false,,,,
LEAD0847,Taylor,Brooks,taylor.brooks@northstarmanufacturing.com,Northstar Manufacturing Partners,Director of IT,97,AR,SMB,Inbound Demo Request,86,Marketing Qualified Lead,Disqualified,USR006,2025-05-07 11:39:24,2025-05-09 05:39:24,2025-05-07 14:41:24,2025-05-07 18:02:24,,Not a Fit,false,,,,
LEAD0848,Cole,Johnson,cole.johnson@goldcrestcommerce.com,Goldcrest Commerce Inc.,Sales Operations Manager,115,WI,SMB,Organic Search,48,Marketing Qualified Lead,Connected,USR007,2024-05-11 22:36:16,2024-05-16 04:36:16,2024-05-11 23:21:16,2024-05-12 01:27:16,,,false,,,,
LEAD0849,Mia,Wilson,mia.wilson@liberty.com,Liberty Partners Partners,Systems Manager,480,GA,Mid-Market,Paid Search,67,Marketing Qualified Lead,Connected,USR010,2026-01-06 05:45:43,2026-01-07 21:45:43,2026-01-06 08:59:43,2026-01-06 09:38:43,,,false,,,,
LEAD0850,Logan,Sanchez,logan.sanchez@atlas.com,Atlas Partners Partners,VP of Operations,612,GA,Mid-Market,Partner Referral,88,Sales Qualified Lead,Qualified,USR010,2024-09-24 00:25:35,2024-09-28 09:25:35,2024-09-24 05:50:35,2024-09-24 07:35:35,2024-10-01 05:25:35,,false,,,,
LEAD0851,Jordan,Foster,jordan.foster@evergreendistribution.com,Evergreen Distribution Co.,Procurement Manager,364,MI,Mid-Market,Inbound Demo Request,96,Sales Qualified Lead,Qualified,USR011,2025-06-20 06:10:39,2025-06-24 03:10:39,2025-06-20 07:46:39,2025-06-21 12:46:39,2025-07-02 14:10:39,,false,,,,
LEAD0852,Reese,Lewis,reese.lewis@silverlineholdings.com,Silverline Holdings Systems,Operations Manager,347,IL,Mid-Market,Partner Referral,80,Lead,New,USR011,2024-03-30 22:49:50,,2024-03-31 01:08:50,,,,false,,,,
LEAD0853,Casey,Shah,casey.shah@bridgepointmanufacturing.com,Bridgepoint Manufacturing Partners,Director of Business Transformation,2389,MO,Upper Mid-Market,Inbound Demo Request,75,Lead,Nurture,USR011,2024-03-07 23:39:41,,2024-03-08 03:53:41,2024-03-08 05:52:41,,,false,,,,
LEAD0854,Grant,Lee,grant.lee@solstice.com,Solstice Solutions Co.,Project Manager,550,KY,Mid-Market,Outbound SDR,75,Marketing Qualified Lead,Connected,USR010,2025-06-20 10:19:49,2025-06-22 09:19:49,2025-06-20 12:34:49,2025-06-20 16:06:49,,,false,,,,
LEAD0855,Sydney,Wright,sydney.wright@rivertonresources.com,Riverton Resources Solutions,Systems Manager,184,TX,SMB,Inbound Demo Request,80,Sales Qualified Lead,Qualified,USR006,2026-07-04 05:44:43,2026-07-08 03:44:43,2026-07-04 06:29:43,2026-07-05 13:29:43,2026-07-09 20:44:43,,false,,,,
LEAD0856,Logan,Thomas,logan.thomas@maple.com,Maple Solutions Co.,Revenue Operations Manager,125,MI,SMB,Partner Referral,68,Sales Qualified Lead,Connected,USR007,2025-06-06 10:56:50,2025-06-10 09:56:50,2025-06-06 14:53:50,2025-06-06 16:31:50,2025-06-13 17:56:50,,false,,,,
LEAD0857,Hayden,Diaz,hayden.diaz@westbrookdynamics.com,Westbrook Dynamics Systems,Finance Director,149,MI,SMB,Organic Search,50,Lead,New,USR007,2025-11-09 15:32:29,,2025-11-09 16:41:29,,,,false,,,,
LEAD0858,Alex,Hughes,alex.hughes@solstice.com,Solstice Partners Group,Operations Manager,178,SD,SMB,Paid Search,78,Marketing Qualified Lead,Nurture,USR007,2024-04-27 03:49:11,2024-04-30 13:49:11,2024-04-27 09:15:11,2024-04-27 10:22:11,,,false,,,,
LEAD0859,Sydney,Perry,sydney.perry@goldcrestanalytics.com,Goldcrest Analytics LLC,Business Systems Manager,187,CA,SMB,Organic Search,65,Lead,Nurture,USR008,2026-09-02 13:39:27,,2026-09-02 18:52:27,2026-09-02 21:16:27,,,false,,,,
LEAD0860,Emerson,Taylor,emerson.taylor@greenfieldconsulting.com,Greenfield Consulting Co.,Director of IT,138,,SMB,Paid Search,67,Marketing Qualified Lead,Working,USR008,2025-03-28 03:12:14,2025-04-01 06:12:14,2025-03-28 03:24:14,2025-03-28 06:42:14,,,false,,,,
LEAD0861,Emerson,Nguyen,emerson.nguyen@clearpathresources.com,ClearPath Resources Inc.,Systems Manager,137,FL,SMB,Organic Search,47,Lead,Nurture,USR006,2025-10-04 23:02:44,,2025-10-05 04:11:44,2025-10-05 04:58:44,,,false,,,,
LEAD0862,Hayden,Turner,hayden.turner@sterlingservices.com,Sterling Services Co.,VP of Technology,238,CA,Mid-Market,Paid Search,74,Marketing Qualified Lead,Nurture,USR012,2025-09-14 14:20:09,2025-09-19 08:20:09,2025-09-14 15:27:09,2025-09-16 01:27:09,,,false,,,,
LEAD0863,Lily,Smith,lily.smith@westbrookhealth.com,Westbrook Health Partners,Business Systems Manager,1973,ND,Upper Mid-Market,Inbound Demo Request,87,Marketing Qualified Lead,Working,USR011,2026-01-16 18:40:17,2026-01-19 14:40:17,2026-01-16 19:45:17,2026-01-16 22:56:17,,,false,,,,
LEAD0864,Noah,Johnson,noah.johnson@westbrookconsulting.com,Westbrook Consulting Group,Solutions Architect,189,TN,SMB,Organic Search,45,Lead,Working,USR006,2025-06-09 21:04:50,,2025-06-10 00:48:50,2025-06-11 09:48:50,,,false,,,,
LEAD0865,Avery,Howard,avery.howard@falconmanufacturing.com,Falcon Manufacturing Inc.,Director of Operations,569,FL,Mid-Market,Paid Search,69,Marketing Qualified Lead,Connected,USR010,2026-05-02 01:12:54,2026-05-03 16:12:54,2026-05-02 03:10:54,2026-05-02 05:15:54,,,false,,,,
LEAD0866,Alex,Brooks,alex.brooks@falconlabs.com,Falcon Labs Systems,VP of Operations,869,NC,Mid-Market,Outbound SDR,62,Marketing Qualified Lead,Connected,USR010,2025-03-05 02:01:45,2025-03-08 12:01:45,2025-03-05 07:53:45,2025-03-05 09:31:45,,,false,,,,
LEAD0867,Jordan,Richardson,jordan.richardson@pioneeroperations.com,Pioneer Operations Group,Director of IT,1843,FL,Upper Mid-Market,Organic Search,61,Marketing Qualified Lead,Nurture,USR011,2025-10-24 08:46:22,2025-10-25 11:46:22,2025-10-24 12:11:22,2025-10-24 15:09:22,,,false,,,,
LEAD0868,Nora,Wilson,nora.wilson@horizonlabs.com,Horizon Labs Partners,Systems Manager,754,AZ,Mid-Market,Content Download,56,Marketing Qualified Lead,Connected,USR012,2024-04-11 01:17:06,2024-04-12 21:17:06,2024-04-11 06:25:06,2024-04-11 06:50:06,,,false,,,,
LEAD0869,Drew,Hughes,drew.hughes@crescent.com,Crescent Partners Group,Revenue Operations Manager,171,FL,SMB,Content Download,37,Lead,Disqualified,USR006,2026-05-09 03:51:16,,2026-05-09 09:37:16,2026-05-09 12:49:16,,Enterprise Requirements,false,,,,
LEAD0870,Leo,Young,leo.young@lakesideenterprises.com,Lakeside Enterprises Group,VP of Technology,134,MA,SMB,Organic Search,77,Marketing Qualified Lead,Disqualified,USR005,2025-06-30 05:23:48,2025-07-01 02:23:48,2025-06-30 06:11:48,2025-07-01 14:11:48,,Duplicate Lead,false,,,,
LEAD0871,Liam,Morgan,liam.morgan@newbridge.com,Newbridge Partners Systems,IT Manager,680,PA,Mid-Market,Customer Referral,83,Sales Qualified Lead,Qualified,USR009,2025-04-05 08:37:25,2025-04-09 00:37:25,2025-04-05 10:23:25,2025-04-05 12:15:25,2025-04-12 07:37:25,,false,,,,
LEAD0872,Emerson,Parker,emerson.parker@cobaltlogistics.com,Cobalt Logistics Partners,Enterprise Applications Manager,6,ND,,Organic Search,66,Marketing Qualified Lead,Working,,2024-04-19 17:46:14,2024-04-23 06:46:14,,,,,false,,,,
LEAD0873,Mia,Patel,mia.patel@granitelogistics.com,Granite Logistics LLC,IT Manager,151,MA,SMB,Inbound Demo Request,82,Sales Qualified Lead,Connected,USR005,2024-12-05 11:20:51,2024-12-09 13:20:51,2024-12-05 14:25:51,2024-12-05 14:49:51,2024-12-18 05:20:51,,false,,,,
LEAD0874,Henry,Ortiz,henry.ortiz@liberty.com,Liberty Partners Solutions,Chief Operating Officer,87,NC,SMB,Webinar / Event,72,Lead,Disqualified,USR006,2025-05-24 06:11:08,,2025-05-24 09:19:08,2025-05-24 12:25:08,,Duplicate Lead,false,,,,
LEAD0875,Logan,Ramirez,logan.ramirez@cobaltholdings.com,Cobalt Holdings Partners,Program Manager,125,CO,SMB,Paid Search,49,Lead,Disqualified,USR008,2026-02-15 03:43:36,,2026-02-15 06:00:36,2026-02-15 08:25:36,,Not a Fit,false,,,,
LEAD0876,Sophia,Perry,sophia.perry@newbridgelogistics.com,Newbridge Logistics Solutions,Procurement Manager,25,TN,SMB,Webinar / Event,58,Lead,Disqualified,USR006,2024-04-01 11:24:52,,2024-04-01 16:04:52,2024-04-01 19:01:52,,Duplicate Lead,false,,,,
LEAD0877,Emerson,Jenkins,emerson.jenkins@pioneercommerce.com,Pioneer Commerce Solutions,Chief Operating Officer,116,FL,Upper Mid-Market,Customer Referral,74,Marketing Qualified Lead,Nurture,USR006,2026-09-13 13:40:08,2026-09-16 10:40:08,2026-09-13 14:13:08,2026-09-13 17:29:08,,,false,,,,
LEAD0878,Nora,Nelson,nora.nelson@cedarstonenetworks.com,Cedarstone Networks LLC,Business Operations Manager,74,MI,SMB,Organic Search,52,Marketing Qualified Lead,Connected,USR007,2024-08-13 21:24:56,2024-08-17 14:24:56,2024-08-13 23:17:56,2024-08-14 00:29:56,,,false,,,,
LEAD0879,Owen,Shah,owen.shah@highlanddistribution.com,Highland Distribution Group,Business Operations Manager,124,MA,SMB,Partner Referral,89,Sales Qualified Lead,Qualified,USR005,2025-01-22 14:09:46,2025-01-23 05:09:46,2025-01-22 16:06:46,2025-01-22 19:08:46,2025-01-24 10:09:46,,false,,,,
LEAD0880,Sydney,Parker,sydney.parker@clearpath.com,ClearPath Systems Group,Chief Operating Officer,29,TX,SMB,Organic Search,66,Marketing Qualified Lead,Connected,USR006,2026-08-02 12:39:26,2026-08-02 15:39:26,2026-08-02 16:33:26,2026-08-02 18:57:26,,,false,,,,
LEAD0881,Cameron,Turner,cameron.turner@rivertonmanufacturing.com,Riverton Manufacturing Partners,Revenue Operations Manager,808,FL,Mid-Market,Content Download,53,Lead,Disqualified,USR010,2024-06-24 19:53:58,,2024-06-24 20:43:58,2024-06-24 22:30:58,,Bad Contact Data,false,,,,
LEAD0882,Jamie,Wilson,jamie.wilson@evergreendynamics.com,Evergreen Dynamics Solutions,Finance Director,969,CT,Mid-Market,Paid Search,62,Marketing Qualified Lead,Nurture,USR009,2024-04-20 09:51:20,2024-04-22 23:51:20,2024-04-20 12:36:20,2024-04-20 12:57:20,,,false,,,,
LEAD0883,Jordan,Evans,jordan.evans@lakesidecommerce.com,Lakeside Commerce Co.,Director of Business Transformation,664,MD,Mid-Market,Outbound SDR,43,Marketing Qualified Lead,Nurture,USR009,2025-05-08 02:19:26,2025-05-10 18:19:26,2025-05-08 02:42:26,2025-05-09 01:42:26,,,false,,,,
LEAD0884,Ella,Richardson,ella.richardson@stonebridgeenterprises.com,Stonebridge Enterprises LLC,Chief Operating Officer,662,IA,Mid-Market,Paid Search,60,Sales Qualified Lead,Connected,USR011,2026-07-18 05:18:32,2026-07-21 10:18:32,2026-07-18 05:54:32,2026-07-18 09:17:32,2026-07-31 03:18:32,,false,,,,
LEAD0885,Reese,Foster,reese.foster@eastgate.com,Eastgate Group Inc.,Enterprise Applications Manager,915,NJ,Mid-Market,Webinar / Event,79,Sales Qualified Lead,Qualified,USR009,2025-12-10 17:37:00,2025-12-12 00:37:00,2025-12-10 20:13:00,,2025-12-20 12:37:00,,false,,,,
LEAD0886,Riley,Edwards,riley.edwards@solstice.com,Solstice Group Solutions,VP of Technology,120,WA,SMB,Organic Search,51,Marketing Qualified Lead,Working,USR008,2025-12-27 06:53:46,2025-12-31 02:53:46,2025-12-27 10:03:46,2025-12-27 13:24:46,,,false,,,,
LEAD0887,Cole,Hall,cole.hall@cobaltworks.com,Cobalt Works Inc.,Process Improvement Manager,129,IL,SMB,Webinar / Event,76,Marketing Qualified Lead,Connected,USR007,2025-04-30 10:13:00,2025-05-04 00:13:00,2025-04-30 13:42:00,2025-05-01 17:42:00,,,false,,,,
LEAD0888,Emma,Nguyen,emma.nguyen@atlasworks.com,Atlas Works Co.,Director of Business Transformation,118,TX,SMB,Customer Referral,84,Marketing Qualified Lead,Working,USR006,2024-11-24 13:30:53,2024-11-29 09:30:53,2024-11-24 15:08:53,2024-11-24 15:40:53,,,false,,,,
LEAD0889,Chloe,Edwards,chloe.edwards@harborautomation.com,Harbor Automation Partners,Director of Operations,889,CA,Mid-Market,Outbound SDR,69,Lead,Disqualified,USR010,2026-09-02 02:14:50,,2026-09-02 07:05:50,2026-09-02 10:11:50,,Timing Not Right,false,,,,
LEAD0890,Grant,Wright,grant.wright@primeresources.com,Prime Resources Systems,Procurement Manager,934,CA,Mid-Market,Inbound Demo Request,78,Lead,New,USR009,2024-10-02 08:06:36,,2024-10-02 13:42:36,,,,false,,,,
LEAD0891,Ruby,Carter,ruby.carter@lakesidesupply.com,Lakeside Supply Inc.,Director of Business Transformation,103,FL,SMB,Content Download,70,Lead,New,USR006,2025-04-11 12:50:44,,2025-04-11 13:18:44,,,,false,,,,
LEAD0892,Logan,Edwards,logan.edwards@goldcrestlabs.com,Goldcrest Labs Partners,Director of Business Transformation,148,GA,SMB,Content Download,52,Lead,Nurture,USR006,2025-04-14 22:05:23,,2025-04-14 23:00:23,2025-04-14 23:25:23,,,false,,,,
LEAD0893,Ian,Nguyen,ian.nguyen@solsticenetworks.com,Solstice Networks LLC,Sales Operations Manager,12,FL,,Inbound Demo Request,73,Lead,Disqualified,,2024-08-23 02:27:22,,,,,No Response,false,,,,
LEAD0894,Morgan,Bennett,morgan.bennett@riverbendanalytics.com,Riverbend Analytics Solutions,Business Systems Manager,254,TX,Mid-Market,Content Download,54,Lead,Working,USR010,2026-06-19 17:14:33,,2026-06-19 20:24:33,2026-06-19 22:39:33,,,false,,,,
LEAD0895,Miles,Wright,miles.wright@libertyworks.com,Liberty Works Inc.,Sales Operations Manager,95,FL,SMB,Paid Search,80,Marketing Qualified Lead,Working,USR006,2024-09-16 16:51:51,2024-09-18 07:51:51,2024-09-16 18:24:51,2024-09-16 21:43:51,,,false,,,,
LEAD0896,Zoe,Foster,zoe.foster@graniteholdings.com,Granite Holdings Partners,Enterprise Applications Manager,962,,Mid-Market,Organic Search,58,Lead,Working,USR009,2026-01-21 06:50:40,,2026-01-21 08:43:40,2026-01-22 16:43:40,,,false,,,,
LEAD0897,Riley,Martin,riley.martin@beaconresources.com,Beacon Resources Systems,Revenue Operations Manager,21,VA,SMB,Content Download,42,Lead,New,USR006,2024-03-13 01:11:33,,2024-03-13 02:40:33,,,,false,,,,
LEAD0898,Cole,Ward,cole.ward@crescentworks.com,Crescent Works Inc.,Director of IT,160,TX,SMB,Content Download,53,Lead,Working,USR008,2025-09-01 22:50:22,,2025-09-02 02:23:22,2025-09-02 03:41:22,,,false,,,,
LEAD0899,Chloe,Thomas,chloe.thomas@summit.com,Summit Systems Group,IT Manager,690,GA,Mid-Market,Outbound SDR,66,Lead,Nurture,USR010,2025-06-07 20:38:40,,2025-06-08 02:10:40,2025-06-08 20:10:40,,,false,,,,
LEAD0900,Jamie,Morgan,jamie.morgan@cobalt.com,Cobalt Partners Solutions,Revenue Operations Manager,40,NV,SMB,Webinar / Event,51,Marketing Qualified Lead,Working,USR008,2026-02-18 17:04:58,2026-02-20 09:04:58,2026-02-18 20:21:58,2026-02-18 23:01:58,,,false,,,,
LEAD0901,Mia,White,mia.white@coppercommerce.com,Copper Commerce Group,Process Improvement Manager,177,AZ,SMB,Partner Referral,89,Marketing Qualified Lead,Working,USR008,2025-01-05 17:35:15,2025-01-09 15:35:15,2025-01-05 19:32:15,2025-01-06 13:32:15,,,false,,,,
LEAD0902,Zoe,Taylor,zoe.taylor@lakesidehealth.com,Lakeside Health Solutions,Systems Manager,148,IL,SMB,Organic Search,70,Lead,Nurture,USR008,2024-01-17 06:44:19,,2024-01-17 07:56:19,2024-01-17 10:45:19,,,false,,,,
LEAD0903,Cameron,Diaz,cameron.diaz@apex.com,Apex Systems Co.,Project Manager,75,CO,SMB,Organic Search,43,Lead,Nurture,USR008,2024-08-14 13:51:51,,2024-08-14 14:14:51,2024-08-14 14:44:51,,,false,,,,
LEAD0904,Natalie,Wright,natalie.wright@vertexworks.com,Vertex Works Systems,Business Systems Manager,46,CA,SMB,Paid Search,70,Marketing Qualified Lead,Working,USR008,2026-07-03 12:14:28,2026-07-04 20:14:28,2026-07-03 13:28:28,2026-07-04 01:28:28,,,false,,,,
LEAD0905,Mia,Hall,mia.hall@apexworks.com,Apex Works Systems,Systems Manager,2426,PA,Upper Mid-Market,Customer Referral,89,Sales Qualified Lead,Qualified,USR009,2026-02-10 12:38:41,2026-02-15 11:38:41,2026-02-10 13:20:41,2026-02-11 12:20:41,2026-02-19 21:38:41,,false,,,,
LEAD0906,Parker,Cooper,taylor.bennett@falconconsulting.com,Prime Industries Systems,Solutions Architect,126,NJ,SMB,Webinar / Event,69,Sales Qualified Lead,Qualified,USR005,2026-02-03 03:24:37,2026-02-07 05:24:37,2026-02-03 09:05:37,,2026-02-11 01:24:37,,false,,,,
LEAD0907,Logan,Smith,logan.smith@horizonmanufacturing.com,Horizon Manufacturing Partners,Business Systems Manager,57,VA,SMB,Paid Search,64,Sales Qualified Lead,Qualified,USR006,2026-02-10 20:51:32,2026-02-12 04:51:32,2026-02-11 01:09:32,2026-02-11 02:09:32,2026-02-18 05:51:32,,false,,,,
LEAD0908,Alex,Collins,alex.collins@solsticedistribution.com,Solstice Distribution Group,Director of IT,63,ME,SMB,Content Download,69,Lead,New,USR005,2026-01-04 11:30:06,,2026-01-04 13:20:06,,,,false,,,,
LEAD0909,Noah,Garcia,noah.garcia@riverbendhealth.com,Riverbend Health Partners,Director of Operations,455,CA,Mid-Market,Inbound Demo Request,81,Sales Qualified Lead,Qualified,USR012,2025-10-18 06:31:44,2025-10-22 09:31:44,2025-10-18 06:50:44,2025-10-18 07:27:44,2025-10-26 09:31:44,,false,,,,
LEAD0910,Natalie,Wood,natalie.wood@cobalt.com,Cobalt Group Co.,Procurement Manager,674,PA,Mid-Market,Inbound Demo Request,83,Sales Qualified Lead,Connected,USR009,2024-12-10 02:30:42,2024-12-11 20:30:42,2024-12-10 06:48:42,2024-12-10 06:58:42,2024-12-14 04:30:42,,false,,,,
LEAD0911,Jamie,Young,jamie.young@goldcrestenterprises.com,Goldcrest Enterprises LLC,Solutions Architect,564,MA,Mid-Market,Paid Search,52,Lead,Nurture,USR009,2026-05-16 08:22:59,,2026-05-16 08:28:59,2026-05-16 11:32:59,,,false,,,,
LEAD0912,Morgan,Morgan,morgan.morgan@prime.com,Prime Systems Systems,Solutions Architect,670,UT,Mid-Market,Paid Search,52,Lead,New,USR012,2025-01-07 03:07:54,,2025-01-07 07:57:54,,,,false,,,,
LEAD0913,Zoe,Anderson,zoe.anderson@solsticeautomation.com,Solstice Automation Group,IT Manager,194,TX,SMB,Organic Search,43,Lead,Disqualified,USR006,2024-02-16 18:08:23,,2024-02-16 22:21:23,2024-02-17 01:11:23,,No Response,false,,,,
LEAD0914,Noah,Jackson,noah.jackson@bluepeakhealth.com,BluePeak Health Group,Process Improvement Manager,26,NC,SMB,Inbound Demo Request,90,Marketing Qualified Lead,Working,USR008,2024-09-28 13:39:50,2024-09-28 20:39:50,2024-09-28 19:06:50,2024-09-28 21:27:50,,,false,,,,
LEAD0915,Avery,Shah,avery.shah@atlasindustries.com,Atlas Industries Inc.,IT Manager,64,NY,SMB,Inbound Demo Request,80,Marketing Qualified Lead,Working,USR005,2024-01-17 01:00:56,2024-01-19 20:00:56,2024-01-17 02:04:56,2024-01-17 03:49:56,,,false,,,,
LEAD0916,Ella,Roberts,ella.roberts@pioneerworks.com,Pioneer Works Inc.,Project Manager,642,IA,Mid-Market,Inbound Demo Request,80,Sales Qualified Lead,Qualified,USR011,2025-11-14 17:16:13,2025-11-15 23:16:13,2025-11-14 21:48:13,2025-11-14 22:39:13,2025-11-22 23:16:13,,false,,,,
LEAD0917,Hayden,Jenkins,hayden.jenkins@oakridge.com,Oakridge Systems Solutions,Procurement Manager,26,TX,SMB,Paid Search,74,Sales Qualified Lead,Qualified,USR006,2025-07-08 15:13:23,2025-07-10 14:13:23,2025-07-08 20:57:23,,2025-07-16 21:13:23,,false,,,,
LEAD0918,Emerson,Young,emerson.young@goldcrestautomation.com,Goldcrest Automation Group,IT Manager,128,IL,SMB,Organic Search,69,Marketing Qualified Lead,Working,USR007,2024-09-01 17:44:26,2024-09-03 22:44:26,2024-09-01 19:49:26,2024-09-01 21:22:26,,,false,,,,
LEAD0919,Sydney,Hayes,jamie.morgan@cobalt.com,Parkside Logistics Systems,Process Improvement Manager,181,NJ,SMB,Inbound Demo Request,80,Sales Qualified Lead,Connected,USR005,2026-08-09 20:43:21,2026-08-11 10:43:21,2026-08-09 22:01:21,2026-08-09 22:52:21,2026-08-13 21:43:21,,false,,,,
LEAD0920,Quinn,Parker,quinn.parker@ironwoodsupply.com,Ironwood Supply Co.,Process Improvement Manager,1776,TX,Mid-Market,Inbound Demo Request,79,Marketing Qualified Lead,New,USR010,2024-08-07 00:04:21,2024-08-10 07:04:21,2024-08-07 01:15:21,2024-08-07 03:04:21,,,false,,,,
LEAD0921,Leah,Collins,leah.collins@rivertonresources.com,Riverton Resources Inc.,Procurement Manager,735,FL,Mid-Market,Webinar / Event,62,Marketing Qualified Lead,Nurture,USR010,2026-09-08 16:04:12,2026-09-13 13:04:12,2026-09-08 20:15:12,,,,false,,,,
LEAD0922,Cole,Anderson,cole.anderson@mapleresources.com,Maple Resources LLC,Director of Business Transformation,170,NC,SMB,Outbound SDR,45,Marketing Qualified Lead,Working,USR006,2025-11-15 10:09:25,2025-11-19 10:09:25,2025-11-15 13:21:25,2025-11-15 16:07:25,,,false,,,,
LEAD0923,Ian,Hall,ian.hall@liberty.com,Liberty Systems Systems,Sales Operations Manager,992,MD,Mid-Market,Paid Search,59,Marketing Qualified Lead,Connected,USR009,2025-06-01 14:11:44,2025-06-05 18:11:44,2025-06-01 17:27:44,2025-06-01 19:18:44,,,false,,,,
LEAD0924,Lucas,Thomas,lucas.thomas@brightwelloperations.com,Brightwell Operations LLC,Systems Manager,880,MD,Mid-Market,Paid Search,77,Marketing Qualified Lead,Working,,2025-04-14 13:59:23,2025-04-17 05:59:23,,,,,false,,,,
LEAD0925,Mia,Cooper,mia.cooper@oakridgeautomation.com,Oakridge Automation Group,Enterprise Applications Manager,3001,UT,,Content Download,48,Lead,Disqualified,,2024-01-13 00:23:03,,,,,Enterprise Requirements,false,,,,
LEAD0926,Maya,Martin,maya.martin@falconservices.com,Falcon Services LLC,Director of Business Transformation,77,TN,SMB,Partner Referral,67,Sales Qualified Lead,Qualified,USR006,2025-08-23 04:23:00,2025-08-25 01:23:00,2025-08-23 06:12:00,2025-08-23 06:26:00,2025-08-27 17:23:00,,false,,,,
LEAD0927,Taylor,Green,taylor.green@highlandholdings.com,Highland Holdings Systems,Operations Manager,85,TX,SMB,Referral,90,Sales Qualified Lead,Connected,USR006,2024-01-02 10:43:31,2024-01-03 07:43:31,2024-01-02 14:05:31,2024-01-02 17:25:31,2024-01-10 06:43:31,,false,,,,
LEAD0928,Dakota,Reed,dakota.reed@falconanalytics.com,Falcon Analytics Partners,Systems Manager,156,IL,SMB,Organic Search,65,Marketing Qualified Lead,Working,USR007,2026-09-07 23:03:17,2026-09-12 05:03:17,2026-09-07 23:36:17,,,,false,,,,
LEAD0929,Leo,Walker,leo.walker@atlasenterprises.com,Atlas Enterprises Systems,Director of IT,2451,VA,Upper Mid-Market,Organic Search,66,Sales Qualified Lead,Qualified,USR010,2024-03-08 19:43:41,2024-03-09 11:43:41,2024-03-09 01:43:41,2024-03-09 05:23:41,2024-03-13 19:43:41,,false,,,,
LEAD0930,Nora,Williams,nora.williams@cobalttechnology.com,Cobalt Technology Solutions,Director of Business Transformation,87,TX,SMB,Outbound SDR,54,Lead,Disqualified,USR006,2025-01-09 07:12:06,,2025-01-09 07:39:06,2025-01-09 08:20:06,,Timing Not Right,false,,,,
LEAD0931,Ruby,Thomas,ruby.thomas@bridgepointdynamics.com,Bridgepoint Dynamics Inc.,Business Systems Manager,176,CA,SMB,Content Download,48,Lead,Disqualified,USR008,2025-03-31 12:37:40,,2025-03-31 17:05:40,,,No Budget,false,,,,
LEAD0932,Liam,Rivera,liam.rivera@falconservices.com,Falcon Services Inc.,Business Systems Manager,172,VA,SMB,Paid Search,52,Marketing Qualified Lead,Working,,2024-12-17 19:25:06,2024-12-17 21:25:06,,,,,false,,,,
LEAD0933,Sophia,Cooper,sophia.cooper@granite.com,Granite Solutions Systems,Process Improvement Manager,118,WA,SMB,Organic Search,63,Marketing Qualified Lead,Working,USR006,2025-02-16 18:07:46,2025-02-19 07:07:46,2025-02-16 20:35:46,2025-02-17 09:35:46,,,false,,,,
LEAD0934,Henry,Turner,henry.turner@stonebridgeindustries.com,Stonebridge Industries Solutions,Business Systems Manager,186,SC,SMB,Customer Referral,78,Sales Qualified Lead,Qualified,USR006,2025-12-09 08:13:45,2025-12-12 00:13:45,2025-12-09 09:17:45,2025-12-09 12:22:45,2025-12-14 06:13:45,,false,,,,
LEAD0935,Nora,Price,nora.price@bluepeak.com,BluePeak Partners Partners,VP of Operations,688,TN,Mid-Market,,77,Marketing Qualified Lead,Nurture,USR009,2024-05-14 07:38:57,2024-05-14 11:38:57,2024-05-14 10:06:57,2024-05-14 12:32:57,,,false,,,,
LEAD0936,Lily,Scott,lily.scott@rivertonconsulting.com,Riverton Consulting LLC,Operations Manager,644,CA,Mid-Market,Paid Search,56,Lead,Working,USR012,2024-02-25 11:12:13,,2024-02-25 17:07:13,2024-02-25 20:45:13,,,false,,,,
LEAD0937,Leo,Foster,leo.foster@parksideindustries.com,Parkside Industries LLC,Solutions Architect,527,AZ,Mid-Market,Organic Search,53,Marketing Qualified Lead,Working,USR012,2024-07-29 06:45:17,2024-08-01 18:45:17,2024-07-29 10:36:17,2024-07-29 12:04:17,,,false,,,,
LEAD0938,Ava,Wilson,ava.wilson@harbor.com,Harbor Systems LLC,Process Improvement Manager,171,AL,SMB,Organic Search,62,Lead,Disqualified,USR006,2024-11-02 15:08:27,,2024-11-02 20:32:27,2024-11-02 21:46:27,,Company Too Small,false,,,,
LEAD0939,Leo,Mitchell,leo.mitchell@copperholdings.com,Copper Holdings Inc.,VP of Technology,1801,IA,Upper Mid-Market,Outbound SDR,61,Marketing Qualified Lead,Working,USR011,2025-01-28 00:44:50,2025-01-29 02:44:50,2025-01-28 04:56:50,2025-01-28 06:07:50,,,false,,,,
LEAD0940,Jack,Ross,jack.ross@parksideindustries.com,Parkside Industries Systems,IT Manager,865,OK,Mid-Market,Paid Search,65,Lead,Disqualified,USR010,2025-07-05 16:06:37,,2025-07-05 18:33:37,2025-07-05 19:51:37,,Duplicate Lead,false,,,,
LEAD0941,Cole,Williams,cole.williams@mapleholdings.com,Maple Holdings Solutions,Director of Operations,4204,AZ,,Organic Search,53,Lead,Disqualified,,2025-02-23 04:14:41,,,,,Enterprise Requirements,false,,,,
LEAD0942,Taylor,Anderson,taylor.anderson@lakesideconsulting.com,Lakeside Consulting LLC,Chief Operating Officer,161,TX,SMB,Webinar / Event,54,Marketing Qualified Lead,Connected,USR006,2025-12-11 02:02:00,2025-12-14 03:02:00,2025-12-11 04:43:00,2025-12-11 16:43:00,,,false,,,,
LEAD0943,Sydney,Martin,sydney.martin@newbridgeenterprises.com,Newbridge Enterprises Inc.,Director of Business Transformation,83,LA,SMB,Organic Search,76,Sales Qualified Lead,Qualified,USR006,2025-04-15 23:59:50,2025-04-16 17:59:50,2025-04-16 01:09:50,2025-04-16 03:14:50,2025-04-17 15:59:50,,false,,,,
LEAD0944,Emma,Johnson,emma.johnson@goldcresthealth.com,Goldcrest Health Systems,Solutions Architect,858,TX,Mid-Market,Partner Referral,87,Marketing Qualified Lead,Working,USR010,2025-07-01 23:47:31,2025-07-06 14:47:31,2025-07-02 01:58:31,2025-07-02 04:39:31,,,false,,,,
LEAD0945,Liam,Peterson,liam.peterson@mapleservices.com,Maple Services LLC,Business Systems Manager,543,AL,Mid-Market,Paid Search,57,Lead,New,USR010,2025-02-08 17:04:20,,2025-02-08 22:48:20,,,,false,,,,
LEAD0946,Ella,Hall,ella.hall@brightwellsupply.com,Brightwell Supply Group,Director of IT,314,CA,Mid-Market,Paid Search,63,Lead,Nurture,USR012,2024-08-03 02:32:52,,2024-08-03 05:51:52,2024-08-03 09:29:52,,,false,,,,
LEAD0947,Miles,Young,miles.young@sterlinganalytics.com,Sterling Analytics LLC,VP of Operations,488,IN,Mid-Market,Webinar / Event,74,Marketing Qualified Lead,Nurture,USR011,2025-05-23 08:22:39,2025-05-24 19:22:39,2025-05-23 13:55:39,2025-05-25 00:55:39,,,false,,,,
LEAD0948,Leah,Turner,leah.turner@oakridgeworks.com,Oakridge Works Partners,Director of Operations,194,IL,SMB,Webinar / Event,60,Lead,Disqualified,USR007,2024-05-02 04:15:43,,2024-05-02 06:20:43,2024-05-02 07:24:43,,No Response,false,,,,
LEAD0949,Riley,Collins,riley.collins@crescentservices.com,Crescent Services Systems,Project Manager,453,MS,Mid-Market,Partner Referral,72,Lead,New,USR010,2026-01-05 22:51:02,,2026-01-06 01:31:02,,,,false,,,,
LEAD0950,Noah,Ortiz,noah.ortiz@granitesupply.com,Granite Supply Group,VP of Operations,666,KY,Mid-Market,Webinar / Event,82,Marketing Qualified Lead,Connected,USR010,2026-01-02 17:08:01,2026-01-06 17:08:01,2026-01-02 19:54:01,2026-01-02 21:18:01,,,false,,,,
LEAD0951,Ruby,Thomas,ruby.thomas@solsticesupply.com,Solstice Supply Inc.,Sales Operations Manager,135,NH,SMB,Outbound SDR,76,Marketing Qualified Lead,Working,USR005,2026-05-03 17:48:02,2026-05-05 04:48:02,2026-05-03 22:45:02,2026-05-05 10:45:02,,,false,,,,
LEAD0952,Lily,Ramirez,lily.ramirez@brightwellhealth.com,Brightwell Health Inc.,Project Manager,370,WA,Mid-Market,Organic Search,51,Lead,Working,USR012,2025-07-09 17:19:14,,2025-07-09 22:54:14,2025-07-09 23:17:14,,,false,,,,
LEAD0953,Chloe,Nguyen,chloe.nguyen@crescentholdings.com,Crescent Holdings Co.,Systems Manager,159,TX,SMB,Outbound SDR,48,Lead,Disqualified,USR006,2025-04-25 16:39:45,,2025-04-25 18:25:45,2025-04-25 21:40:45,,No Budget,false,,,,
LEAD0954,Chloe,Young,chloe.young@cedarstonetechnology.com,Cedarstone Technology LLC,Chief Operating Officer,204,NY,Mid-Market,Content Download,47,Marketing Qualified Lead,Connected,USR009,2026-03-21 14:14:35,2026-03-25 06:14:35,2026-03-21 15:39:35,2026-03-21 18:40:35,,,false,,,,
LEAD0955,Natalie,Nguyen,natalie.nguyen@libertysupply.com,Liberty Supply Partners,Business Operations Manager,112,RI,SMB,Paid Search,45,Lead,New,USR005,2026-09-08 05:02:07,,2026-09-08 08:58:07,,,,false,,,,
LEAD0956,Taylor,White,taylor.white@liberty.com,Liberty Systems Co.,Business Operations Manager,65,IA,SMB,Organic Search,48,Lead,New,USR007,2025-07-31 00:57:43,,2025-07-31 05:58:43,,,,false,,,,
LEAD0957,Quinn,Ward,quinn.ward@rivertonresources.com,Riverton Resources Co.,Business Systems Manager,98,OH,SMB,Content Download,62,Lead,New,,2025-06-06 08:50:08,,,,,,false,,,,
LEAD0958,Jordan,Foster,owen.morgan@keystonehealth.com,Newbridge Labs Partners,Operations Manager,33,MA,SMB,Organic Search,52,Lead,Nurture,USR006,2025-07-23 18:00:48,,2025-07-23 23:43:48,2025-07-25 02:43:48,,,false,,,,
LEAD0959,Miles,Howard,miles.howard@ironwoodenterprises.com,Ironwood Enterprises Inc.,Finance Director,26,TX,SMB,Paid Search,68,Marketing Qualified Lead,Nurture,USR006,2024-06-23 06:18:10,2024-06-26 03:18:10,2024-06-23 09:59:10,2024-06-24 18:59:10,,,false,,,,
LEAD0960,Leo,Hayes,leo.hayes@rivertonsupply.com,Riverton Supply Group,Sales Operations Manager,7,IN,,Content Download,60,Lead,Disqualified,,2025-04-30 06:52:36,,,,,Company Too Small,false,,,,
LEAD0961,Sydney,Rivera,sydney.rivera@falconservices.com,Falcon Services Group,Systems Manager,59,TX,SMB,Customer Referral,73,Lead,Nurture,USR006,2025-01-08 20:02:29,,2025-01-08 22:45:29,2025-01-09 02:17:29,,,false,,,,
LEAD0962,Lily,Jackson,lily.jackson@riverbendservices.com,Riverbend Services Co.,VP of Operations,80,MI,SMB,Paid Search,62,Sales Qualified Lead,Qualified,USR007,2026-01-29 04:59:15,2026-02-03 00:59:15,2026-01-29 07:03:15,2026-01-29 07:35:15,2026-02-09 06:59:15,,false,,,,
LEAD0963,Taylor,Nelson,taylor.nelson@lakeside.com,Lakeside Systems Systems,Program Manager,621,WV,Upper Mid-Market,Paid Search,68,Lead,Working,USR009,2025-02-02 21:24:05,,2025-02-03 03:16:05,2025-02-03 13:16:05,,,false,,,,
LEAD0964,Liam,White,liam.white@newbridgeservices.com,Newbridge Services LLC,Operations Manager,138,CA,SMB,Partner Referral,89,Sales Qualified Lead,Qualified,USR008,2025-12-12 14:41:40,2025-12-14 19:41:40,2025-12-12 16:20:40,2025-12-13 16:20:40,2025-12-19 21:41:40,,false,,,,
LEAD0965,Maya,Ross,maya.ross@redwoodanalytics.com,Redwood Analytics LLC,Systems Manager,64,CA,SMB,Organic Search,59,Marketing Qualified Lead,Connected,USR008,2024-11-18 23:09:08,2024-11-23 04:09:08,2024-11-19 00:49:08,2024-11-19 01:51:08,,,false,,,,
LEAD0966,Sydney,Lee,sydney.lee@parkside.com,Parkside Partners Systems,Business Operations Manager,245,PA,Mid-Market,Inbound Demo Request,75,Sales Qualified Lead,Qualified,USR009,2026-08-13 10:46:38,2026-08-14 18:46:38,2026-08-13 11:28:38,2026-08-13 14:09:38,2026-08-23 05:46:38,,false,,,,
LEAD0967,Caleb,Morgan,caleb.morgan@monarch.com,Monarch Solutions Group,Solutions Architect,1051,TX,Upper Mid-Market,Webinar / Event,58,Marketing Qualified Lead,Disqualified,USR010,2026-09-09 14:27:02,2026-09-10 01:27:02,2026-09-09 14:45:02,,,No Response,false,,,,
LEAD0968,Jordan,Nguyen,jordan.nguyen@summithealth.com,Summit Health Solutions,Finance Director,107,CO,SMB,Webinar,79,Marketing Qualified Lead,Working,USR008,2024-04-22 08:13:37,2024-04-26 14:13:37,2024-04-22 13:44:37,2024-04-22 16:09:37,,,false,,,,
LEAD0969,Ian,Hall,logan.morgan@newbridgecommerce.com,Evergreen Manufacturing LLC,Program Manager,1293,TX,Upper Mid-Market,Inbound Demo Request,95,Marketing Qualified Lead,Working,USR010,2024-01-20 02:58:23,2024-01-22 19:58:23,2024-01-20 06:31:23,2024-01-20 08:17:23,,,false,,,,
LEAD0970,Noah,Shah,noah.shah@atlasnetworks.com,Atlas Networks Co.,Director of Business Transformation,68,MS,SMB,Webinar / Event,64,Marketing Qualified Lead,Nurture,USR006,2024-02-20 21:45:15,2024-02-21 07:45:15,2024-02-20 22:51:15,2024-02-21 14:51:15,,,false,,,,
LEAD0971,Mia,Garcia,mia.garcia@maplelabs.com,Maple Labs Group,Chief Operating Officer,422,NJ,Mid-Market,Content Download,45,Lead,Working,USR009,2026-07-22 08:25:37,,2026-07-22 13:24:37,2026-07-22 14:18:37,,,false,,,,
LEAD0972,Emma,Murphy,emma.murphy@apexautomation.com,Apex Automation LLC,Operations Manager,32,PA,SMB,Organic Search,63,Lead,Nurture,USR005,2024-11-19 06:48:52,,2024-11-19 10:13:52,2024-11-20 04:13:52,,,false,,,,
LEAD0973,Natalie,Parker,natalie.parker@rivertonworks.com,Riverton Works Systems,Business Systems Manager,35,AZ,SMB,Paid Search,70,Lead,Disqualified,USR007,2025-08-26 21:28:28,,2025-08-27 01:55:28,2025-08-27 04:32:28,,Bad Contact Data,false,,,,
LEAD0974,Chloe,Kelly,chloe.kelly@bluepeaklogistics.com,BluePeak Logistics Co.,IT Manager,582,TN,Mid-Market,Content Download,42,Marketing Qualified Lead,Disqualified,USR010,2024-02-29 21:15:27,2024-03-02 06:15:27,2024-03-01 01:16:27,2024-03-01 04:29:27,,Duplicate Lead,false,,,,
LEAD0975,Jamie,Patel,jamie.patel@redwood.com,Redwood Systems Inc.,Enterprise Applications Manager,723,GA,Mid-Market,Inbound Demo Request,82,Marketing Qualified Lead,Working,USR010,2025-01-29 17:33:57,2025-01-29 23:33:57,2025-01-29 17:55:57,2025-01-29 20:18:57,,,false,,,,
LEAD0976,Miles,Ramirez,miles.ramirez@beaconconsulting.com,Beacon Consulting Co.,Director of IT,678,TX,Mid-Market,Paid Search,66,Lead,Disqualified,USR010,2026-06-07 07:19:21,,2026-06-07 10:41:21,2026-06-07 11:34:21,,Duplicate Lead,false,,,,
LEAD0977,Lucas,Lee,lucas.lee@parksidedynamics.com,Parkside Dynamics Inc.,Project Manager,24,ME,SMB,Partner Referral,63,Marketing Qualified Lead,Working,USR005,2026-04-08 23:56:38,2026-04-09 23:56:38,2026-04-09 03:05:38,2026-04-09 05:48:38,,,false,,,,
LEAD0978,Cole,Smith,cole.smith@keystoneindustries.com,Keystone Industries Co.,Solutions Architect,346,PA,Mid-Market,Organic Search,75,Marketing Qualified Lead,Working,USR009,2025-08-26 20:45:35,2025-08-27 02:45:35,2025-08-27 01:03:35,2025-08-27 02:09:35,,,false,,,,
LEAD0979,Liam,Johnson,liam.johnson@apexholdings.com,Apex Holdings Group,Revenue Operations Manager,842,MA,Mid-Market,Organic Search,63,Lead,New,USR009,2026-01-04 06:48:14,,2026-01-04 10:09:14,,,,false,,,,
LEAD0980,Emma,Price,emma.price@rivertonholdings.com,Riverton Holdings Co.,Procurement Manager,131,PA,Upper Mid-Market,Organic Search,45,Lead,New,USR005,2025-06-11 18:12:02,,2025-06-11 19:28:02,,,,false,,,,
LEAD0981,Maya,Kim,maya.kim@beaconmanufacturing.com,Beacon Manufacturing Inc.,Finance Director,23,CA,SMB,Customer Referral,88,Sales Qualified Lead,Qualified,USR008,2024-04-10 12:12:56,2024-04-14 00:12:56,2024-04-10 15:14:56,2024-04-10 16:46:56,2024-04-22 09:12:56,,false,,,,
LEAD0982,Quinn,Nguyen,quinn.nguyen@apex.com,Apex Solutions Group,VP of Operations,104,NY,SMB,Organic Search,42,Lead,Nurture,USR005,2025-10-19 01:39:58,,2025-10-19 05:06:58,2025-10-19 07:39:58,,,false,,,,
LEAD0983,Noah,Howard,noah.howard@granitesupply.com,Granite Supply Systems,Finance Director,208,NJ,Mid-Market,Content Download,51,Lead,Disqualified,USR009,2025-02-11 07:39:43,,2025-02-11 11:51:43,2025-02-11 12:19:43,,No Budget,false,,,,
LEAD0984,Noah,Reed,noah.reed@stonebridgehealth.com,Stonebridge Health Group,Director of Business Transformation,161,PA,SMB,Paid Search,68,Lead,New,USR005,2024-12-02 02:49:48,,2024-12-02 07:55:48,,,,false,,,,
LEAD0985,Blake,Perry,blake.perry@beaconcommerce.com,Beacon Commerce Inc.,Revenue Operations Manager,527,MN,Mid-Market,Paid Search,61,Marketing Qualified Lead,Nurture,USR011,2025-06-11 02:53:41,2025-06-13 01:53:41,2025-06-11 06:07:41,,,,false,,,,
LEAD0986,Lily,Hughes,lily.hughes@windwardindustries.com,Windward Industries Inc.,Business Systems Manager,64,IL,SMB,Inbound Demo Request,89,Sales Qualified Lead,Connected,USR007,2026-09-18 09:59:01,2026-09-20 16:59:01,2026-09-18 13:09:01,2026-09-18 16:45:01,2026-09-26 07:59:01,,false,,,,
LEAD0987,Parker,Wright,parker.wright@riverbenddistribution.com,Riverbend Distribution Partners,Director of Operations,53,TX,SMB,Paid Social,68,Lead,New,USR006,2025-10-17 21:04:42,,2025-10-18 00:54:42,,,,false,,,,
LEAD0988,Lily,Taylor,lily.taylor@cedarstonelogistics.com,Cedarstone Logistics Systems,Director of IT,176,OH,Upper Mid-Market,Organic Search,56,Lead,Working,USR007,2024-08-13 08:46:44,,2024-08-13 13:26:44,2024-08-13 15:22:44,,,false,,,,
LEAD0989,Chloe,Bennett,chloe.bennett@monarch.com,Monarch Solutions Inc.,Business Operations Manager,187,CA,SMB,Organic Search,63,Marketing Qualified Lead,Connected,USR008,2026-04-04 11:24:03,2026-04-09 05:24:03,2026-04-04 12:31:03,2026-04-04 15:15:03,,,false,,,,
LEAD0990,Taylor,Cooper,taylor.cooper@windward.com,Windward Group Inc.,IT Manager,851,GA,Mid-Market,Content Download,52,Lead,New,USR010,2025-08-16 18:08:02,,2025-08-16 23:30:02,,,,false,,,,
LEAD0991,Taylor,Wood,taylor.wood@northstaroperations.com,Northstar Operations Group,IT Manager,184,IL,SMB,Organic Search,42,Lead,Nurture,USR007,2025-10-08 20:14:16,,2025-10-08 20:34:16,2025-10-08 23:08:16,,,false,,,,
LEAD0992,Jamie,Parker,jamie.parker@cedarstoneholdings.com,Cedarstone Holdings Inc.,Director of IT,1203,TN,Upper Mid-Market,Partner Referral,74,Lead,Disqualified,USR010,2025-11-17 18:01:44,,2025-11-17 22:26:44,2025-11-18 06:26:44,,Timing Not Right,false,,,,
LEAD0993,Reese,Carter,reese.carter@apexhealth.com,Apex Health Co.,Director of Operations,666,TX,Mid-Market,Outbound SDR,74,Marketing Qualified Lead,Disqualified,,2024-01-09 19:46:13,2024-01-11 08:46:13,,,,No Budget,false,,,,
LEAD0994,Taylor,Ross,taylor.ross@bluepeak.com,BluePeak Solutions Inc.,VP of Operations,69,IL,SMB,Customer Referral,94,Marketing Qualified Lead,Working,USR007,2026-01-15 06:55:50,2026-01-16 00:55:50,2026-01-15 08:40:50,2026-01-15 09:42:50,,,false,,,,
LEAD0995,Liam,Murphy,liam.murphy@maplemanufacturing.com,Maple Manufacturing Co.,Finance Director,454,PA,Mid-Market,Inbound Demo Request,90,Sales Qualified Lead,Qualified,USR009,2024-12-04 03:01:50,2024-12-07 08:01:50,2024-12-04 07:19:50,2024-12-04 10:22:50,2024-12-08 19:01:50,,false,,,,
LEAD0996,Taylor,Morgan,taylor.morgan@beacondistribution.com,Beacon Distribution Solutions,Systems Manager,688,CO,Mid-Market,Outbound SDR,53,Lead,Working,USR012,2024-11-26 01:22:46,,2024-11-26 06:22:46,2024-11-26 08:56:46,,,false,,,,
LEAD0997,Miles,Edwards,miles.edwards@highlandlogistics.com,Highland Logistics Co.,VP of Technology,126,DC,SMB,Content Download,62,Marketing Qualified Lead,Working,USR005,2026-04-27 10:15:36,2026-04-30 09:15:36,2026-04-27 13:26:36,2026-04-27 15:08:36,,,false,,,,
LEAD0998,Maya,Nelson,maya.nelson@prime.com,Prime Solutions Partners,Director of IT,76,AZ,SMB,Content Download,40,Lead,New,USR008,2024-03-14 22:16:13,,2024-03-15 01:12:13,,,,false,,,,
LEAD0999,Quinn,Murphy,quinn.murphy@greenfieldhealth.com,Greenfield Health Solutions,Director of Operations,1586,FL,Upper Mid-Market,Outbound SDR,50,Lead,Nurture,USR010,2024-05-31 08:11:08,,2024-05-31 09:27:08,,,,false,,,,
LEAD1000,Lily,Bennett,lily.bennett@primesupply.com,Prime Supply Inc.,Revenue Operations Manager,22,WY,SMB,Organic Search,61,Marketing Qualified Lead,Working,USR008,2025-11-01 21:31:32,2025-11-05 19:31:32,2025-11-02 01:50:32,2025-11-02 04:49:32,,,false,,,,
LEAD1001,Jordan,Martin,jordan.martin@northstarhealth.com,Northstar Health Partners,IT Manager,113,MA,SMB,Organic Search,61,Marketing Qualified Lead,Working,USR008,2024-06-09 18:00:24,2024-06-14 12:00:24,2024-06-09 22:31:24,2024-06-10 01:11:24,,,false,,,,
LEAD1002,Parker,Mitchell,parker.mitchell@parksideservices.com,Parkside Services Group,Project Manager,856,NY,Mid-Market,Organic Search,70,Marketing Qualified Lead,Working,USR009,2024-08-06 08:37:44,2024-08-08 07:37:44,2024-08-06 12:15:44,2024-08-07 22:15:44,,,false,,,,
LEAD1003,Sydney,Parker,sydney.parker@libertyconsulting.com,Liberty Consulting Systems,Director of Operations,25,CA,Upper Mid-Market,Webinar / Event,82,Sales Qualified Lead,Qualified,USR008,2024-03-17 14:23:47,2024-03-20 13:23:47,2024-03-17 19:55:47,2024-03-17 20:44:47,2024-03-25 09:23:47,,false,,,,
LEAD1004,Sophia,Jenkins,sophia.jenkins@northstarresources.com,Northstar Resources LLC,Business Operations Manager,115,IL,SMB,Webinar / Event,73,Marketing Qualified Lead,Connected,USR006,2024-07-31 12:31:53,2024-08-04 21:31:53,2024-07-31 17:39:53,2024-08-02 02:39:53,,,false,,,,
LEAD1005,Reese,Peterson,reese.peterson@rivertonanalytics.com,Riverton Analytics Partners,Business Systems Manager,151,KS,SMB,Webinar / Event,60,Sales Qualified Lead,Qualified,USR007,2024-07-31 22:42:06,2024-08-02 22:42:06,2024-08-01 02:31:06,2024-08-01 16:31:06,2024-08-03 06:42:06,,false,,,,
LEAD1006,Cole,Peterson,cole.peterson@copperindustries.com,Copper Industries Co.,Solutions Architect,666,FL,Mid-Market,Webinar / Event,74,Marketing Qualified Lead,Nurture,USR009,2025-10-31 04:18:10,2025-11-04 13:18:10,2025-10-31 05:28:10,2025-11-01 04:28:10,,,false,,,,
LEAD1007,Jordan,Perry,dakota.murphy@redwoodanalytics.com,Maple Industries LLC,IT Manager,397,TN,Mid-Market,Organic Search,69,Lead,Working,USR010,2025-07-22 13:53:01,,2025-07-22 14:24:01,2025-07-22 17:44:01,,,false,,,,
LEAD1008,Dakota,Carter,dakota.carter@atlas.com,Atlas Systems Co.,Operations Manager,23,NY,SMB,Inbound Demo Request,96,Sales Qualified Lead,Qualified,USR005,2026-07-27 02:42:50,2026-07-29 05:42:50,2026-07-27 03:41:50,2026-07-28 01:41:50,2026-08-08 02:42:50,,false,,,,
LEAD1009,Reese,Richardson,reese.richardson@pioneerworks.com,Pioneer Works Solutions,Revenue Operations Manager,477,CT,Mid-Market,Outbound SDR,50,Lead,New,USR009,2025-03-05 19:07:53,,2025-03-05 20:34:53,,,,false,,,,
LEAD1010,Ian,Kelly,ian.kelly@oakridgedistribution.com,Oakridge Distribution Inc.,Process Improvement Manager,192,NC,SMB,Inbound Demo Request,91,Sales Qualified Lead,Qualified,USR006,2025-04-22 06:20:42,2025-04-22 18:20:42,2025-04-22 06:25:42,2025-04-22 18:25:42,2025-04-30 18:20:42,,false,,,,
LEAD1011,Ella,Sanchez,ella.sanchez@horizon.com,Horizon Solutions Solutions,Finance Director,88,WY,SMB,Outbound SDR,63,Marketing Qualified Lead,Working,USR008,2025-04-06 06:24:40,2025-04-07 22:24:40,2025-04-06 10:45:40,2025-04-06 11:56:40,,,false,,,,
LEAD1012,Ian,Wilson,ian.wilson@greenfieldanalytics.com,Greenfield Analytics Systems,Director of IT,116,CA,SMB,Organic Search,62,Marketing Qualified Lead,Working,USR008,2025-05-31 12:19:54,2025-05-31 23:19:54,2025-05-31 17:05:54,2025-05-31 18:54:54,,,false,,,,
LEAD1013,Olivia,Ross,olivia.ross@horizonhealth.com,Horizon Health Partners,IT Manager,480,MN,Mid-Market,Content Download,37,Lead,Working,USR011,2024-10-28 05:15:23,,2024-10-28 10:48:23,2024-10-28 12:22:23,,,false,,,,
LEAD1014,Mia,Patel,mia.patel@sterling.com,Sterling Systems Co.,Revenue Operations Manager,137,FL,SMB,Content Download,46,Lead,New,USR006,2025-08-29 11:35:33,,2025-08-29 13:46:33,,,,false,,,,
LEAD1015,Alex,Howard,alex.howard@parkside.com,Parkside Group Partners,Systems Manager,163,MD,SMB,Content Download,67,Marketing Qualified Lead,Disqualified,USR005,2026-08-27 18:31:14,2026-08-28 08:31:14,2026-08-27 18:56:14,2026-08-27 20:53:14,,Company Too Small,false,,,,
LEAD1016,Cameron,Diaz,cameron.diaz@lakeside.com,Lakeside Group LLC,Director of IT,144,FL,SMB,Partner Referral,69,Marketing Qualified Lead,Working,USR006,2025-10-06 01:33:39,2025-10-09 23:33:39,2025-10-06 06:39:39,2025-10-06 07:29:39,,,false,,,,
LEAD1017,Cameron,Thomas,cameron.thomas@harbordistribution.com,Harbor Distribution Solutions,Sales Operations Manager,646,TX,Mid-Market,Organic Search,55,Lead,Working,USR010,2024-03-16 01:10:13,,2024-03-16 07:08:13,2024-03-17 12:08:13,,,false,,,,
LEAD1018,Alex,Perry,alex.perry@newbridgedynamics.com,Newbridge Dynamics Group,Director of Operations,127,NM,SMB,Content Download,61,Lead,Working,USR008,2025-09-15 05:16:56,,2025-09-15 07:14:56,2025-09-15 07:41:56,,,false,,,,
LEAD1019,Grace,Garcia,grace.garcia@rivertonenterprises.com,Riverton Enterprises Systems,IT Manager,2415,MI,Upper Mid-Market,Webinar / Event,67,Marketing Qualified Lead,Nurture,USR011,2026-03-24 05:59:24,2026-03-26 09:59:24,2026-03-24 11:15:24,2026-03-25 12:15:24,,,false,,,,
LEAD1020,Liam,Jenkins,liam.jenkins@falconworks.com,Falcon Works Co.,Program Manager,146,KY,SMB,Partner Referral,68,Lead,Qualified,USR006,2025-05-15 23:57:58,,2025-05-16 00:36:58,2025-05-16 01:43:58,,No Budget,false,,,,
LEAD1021,Jamie,Price,jamie.price@horizonresources.com,Horizon Resources Solutions,Process Improvement Manager,1502,IL,Upper Mid-Market,Outbound SDR,44,Lead,New,USR011,2025-09-03 11:11:55,,2025-09-03 12:27:55,,,,false,,,,
LEAD1022,Liam,Young,liam.young@graniteindustries.com,Granite Industries Co.,Operations Manager,2302,NY,Upper Mid-Market,Organic Search,71,Lead,Nurture,USR009,2025-01-23 14:17:26,,2025-01-23 18:51:26,2025-01-23 22:31:26,,,false,,,,
LEAD1023,Riley,Wright,riley.wright@monarchresources.com,Monarch Resources Group,Solutions Architect,149,MS,SMB,Inbound Demo Request,88,Sales Qualified Lead,Qualified,USR006,2026-02-16 07:56:40,2026-02-18 14:56:40,2026-02-16 09:48:40,2026-02-16 21:48:40,2026-02-23 23:56:40,,false,,,,
LEAD1024,Nora,Bennett,nora.bennett@summitlabs.com,Summit Labs Systems,Director of Business Transformation,2062,,Upper Mid-Market,Outbound SDR,40,Lead,Nurture,USR011,2025-07-06 15:20:37,,2025-07-06 18:55:37,2025-07-06 20:25:37,,,false,,,,
LEAD1025,Parker,Patel,parker.patel@atlasholdings.com,Atlas Holdings Partners,Business Systems Manager,102,NM,SMB,Customer Referral,84,Sales Qualified Lead,Qualified,USR008,2024-07-14 01:27:11,2024-07-16 03:27:11,2024-07-14 02:56:11,,2024-07-17 00:27:11,,false,,,,
LEAD1026,Sophia,Perry,sophia.perry@northstar.com,Northstar Solutions Inc.,Director of Operations,105,LA,SMB,Outbound SDR,73,Sales Qualified Lead,Qualified,USR007,2025-06-24 09:40:11,2025-06-27 16:40:11,2025-06-24 15:30:11,2025-06-24 17:11:11,2025-06-30 16:40:11,,false,,,,
LEAD1027,Cole,Ramirez,cole.ramirez@monarchlabs.com,Monarch Labs Partners,Director of Operations,1890,AZ,Upper Mid-Market,Outbound SDR,48,Lead,Nurture,USR012,2025-07-11 14:04:24,,2025-07-11 14:55:24,2025-07-12 17:55:24,,,false,,,,
LEAD1028,Mia,Wilson,mia.wilson@bluepeakcommerce.com,BluePeak Commerce Systems,VP of Technology,667,OR,Mid-Market,Inbound Demo Request,75,Sales Qualified Lead,Connected,USR012,2026-03-21 01:54:43,2026-03-23 12:54:43,2026-03-21 02:20:43,2026-03-21 15:20:43,2026-03-28 22:54:43,,false,,,,
LEAD1029,Riley,White,riley.white@newbridgeautomation.com,Newbridge Automation Inc.,Business Operations Manager,727,AZ,Mid-Market,Organic Search,63,Sales Qualified Lead,Qualified,USR012,2024-06-10 12:41:44,2024-06-15 02:41:44,2024-06-10 16:30:44,2024-06-11 22:30:44,2024-06-22 10:41:44,,false,,,,
LEAD1030,Dakota,Garcia,dakota.garcia@granitenetworks.com,Granite Networks LLC,Process Improvement Manager,238,PA,Mid-Market,Organic Search,49,Marketing Qualified Lead,Working,USR011,2026-08-21 16:08:05,2026-08-22 20:08:05,2026-08-21 19:54:05,2026-08-22 02:54:05,,,false,,,,
LEAD1031,Caleb,Edwards,caleb.edwards@beaconautomation.com,Beacon Automation LLC,Director of Business Transformation,464,IL,Mid-Market,Organic Search,60,Lead,New,USR011,2025-04-03 04:53:08,,2025-04-03 06:36:08,,,,false,,,,
LEAD1032,Maya,Ross,maya.ross@silverlinenetworks.com,Silverline Networks Group,IT Manager,427,NJ,Mid-Market,Webinar / Event,82,Marketing Qualified Lead,Nurture,USR009,2026-09-02 14:06:51,2026-09-05 13:06:51,2026-09-02 14:49:51,2026-09-02 16:53:51,,,false,,,,
LEAD1033,Ian,Patel,ian.patel@windwardoperations.com,Windward Operations Co.,Director of IT,183,CA,SMB,Paid Search,78,Marketing Qualified Lead,Connected,USR008,2024-02-18 01:12:41,2024-02-18 04:12:41,2024-02-18 06:26:41,2024-02-18 09:00:41,,,false,,,,
LEAD1034,Owen,Howard,owen.howard@monarchsupply.com,Monarch Supply Partners,Sales Operations Manager,177,ID,SMB,Outbound SDR,77,Lead,New,USR008,2024-06-03 22:31:11,,2024-06-04 02:11:11,,,,false,,,,
LEAD1035,Sydney,Kim,sydney.kim@rivertondynamics.com,Riverton Dynamics Co.,Systems Manager,248,FL,Mid-Market,Outbound SDR,38,Lead,Disqualified,USR010,2024-02-05 06:36:59,,2024-02-05 09:15:59,2024-02-05 09:26:59,,Not a Fit,false,,,,
LEAD1036,Liam,Hall,liam.hall@evergreenanalytics.com,Evergreen Analytics LLC,Revenue Operations Manager,29,NY,SMB,Paid Search,63,Lead,Nurture,USR005,2024-08-08 17:25:38,,2024-08-08 18:12:38,2024-08-08 18:32:38,,,false,,,,
LEAD1037,Hayden,Hall,hayden.hall@cedarstonesupply.com,Cedarstone Supply Solutions,VP of Technology,152,FL,SMB,Inbound Demo Request,86,Marketing Qualified Lead,Nurture,USR006,2024-11-22 18:15:33,2024-11-26 03:15:33,2024-11-22 19:40:33,2024-11-22 22:22:33,,,false,,,,
LEAD1038,Maya,Johnson,maya.johnson@beaconnetworks.com,Beacon Networks Group,Operations Manager,94,IN,SMB,Outbound SDR,48,Marketing Qualified Lead,Nurture,USR007,2026-03-13 12:30:18,2026-03-15 15:30:18,2026-03-13 13:10:18,2026-03-13 15:16:18,,,false,,,,
LEAD1039,Sophia,Anderson,sophia.anderson@rivertonindustries.com,Riverton Industries Group,Operations Manager,72,GA,SMB,Organic Search,45,Lead,Disqualified,USR006,2025-05-21 18:19:57,,2025-05-21 20:13:57,2025-05-21 21:38:57,,Company Too Small,false,,,,
LEAD1040,Olivia,Ross,olivia.ross@horizonresources.com,Horizon Resources Co.,Business Systems Manager,130,MO,SMB,Outbound SDR,68,Lead,Nurture,USR007,2024-05-20 23:30:02,,2024-05-21 01:44:02,2024-05-21 04:45:02,,,false,,,,
LEAD1041,Hayden,Bennett,hayden.bennett@ironwoodservices.com,Ironwood Services Systems,Director of Business Transformation,651,NC,Mid-Market,Inbound Demo Request,94,Marketing Qualified Lead,Working,USR010,2024-07-03 06:54:08,2024-07-08 00:54:08,2024-07-03 12:13:08,2024-07-04 17:13:08,,,false,,,,
LEAD1042,Grant,Foster,grant.foster@cobaltcommerce.com,Cobalt Commerce Group,VP of Operations,17,AL,,Inbound Demo Request,72,Lead,Disqualified,,2024-09-15 04:15:36,,,,,Company Too Small,false,,,,
LEAD1043,Jamie,Bennett,jamie.bennett@lakesidemanufacturing.com,Lakeside Manufacturing Co.,Finance Director,47,AL,SMB,Paid Search,74,Lead,Nurture,USR006,2026-04-25 15:56:41,,2026-04-25 20:38:41,2026-04-25 23:45:41,,,false,,,,
LEAD1044,Jordan,Lee,jordan.lee@vertexanalytics.com,Vertex Analytics LLC,Director of Operations,81,NV,SMB,Outbound SDR,54,Lead,New,USR008,2025-04-09 19:26:30,,2025-04-09 22:58:30,,,,false,,,,
LEAD1045,Sophia,Miller,sophia.miller@newbridgeservices.com,Newbridge Services Inc.,Business Systems Manager,5,MD,,Organic Search,47,Lead,Disqualified,,2024-10-28 02:40:47,,,,,Company Too Small,false,,,,
LEAD1046,Blake,Lewis,blake.lewis@harbormanufacturing.com,Harbor Manufacturing LLC,Process Improvement Manager,727,MI,Mid-Market,Content Download,52,Marketing Qualified Lead,Connected,USR011,2024-02-06 10:06:04,2024-02-10 21:06:04,2024-02-06 10:49:04,2024-02-06 20:49:04,,,false,,,,
LEAD1047,Maya,Wood,maya.wood@bridgepointlabs.com,Bridgepoint Labs Systems,Chief Operating Officer,1699,OK,Upper Mid-Market,Paid Search,70,Marketing Qualified Lead,Disqualified,USR010,2024-04-01 10:35:46,2024-04-05 23:35:46,2024-04-01 11:47:46,,,Company Too Small,false,,,,
LEAD1048,Jamie,Lee,jamie.lee@lakeside.com,Lakeside Group Partners,Director of Business Transformation,704,MA,Mid-Market,Inbound Demo Request,82,Sales Qualified Lead,Connected,USR009,2025-03-28 23:54:55,2025-04-02 15:54:55,2025-03-29 04:39:55,2025-03-29 21:39:55,2025-04-06 14:54:55,,false,,,,
LEAD1049,Mia,Morgan,mia.morgan@newbridgeenterprises.com,Newbridge Enterprises Group,Finance Director,418,CA,Mid-Market,Inbound Demo Request,76,Marketing Qualified Lead,Nurture,USR012,2026-08-19 07:30:22,2026-08-20 05:30:22,2026-08-19 13:19:22,2026-08-20 15:19:22,,,false,,,,
LEAD1050,Casey,Garcia,casey.garcia@beaconworks.com,Beacon Works Partners,Systems Manager,359,TX,Mid-Market,Content Download,64,Marketing Qualified Lead,Working,USR010,2025-01-21 16:57:04,2025-01-21 20:57:04,2025-01-21 18:39:04,2025-01-21 21:59:04,,,false,,,,
LEAD1051,Henry,Lee,henry.lee@westbrookworks.com,Westbrook Works Solutions,Business Systems Manager,1572,MD,Upper Mid-Market,Customer Referral,86,Marketing Qualified Lead,Working,USR010,2025-01-01 05:10:00,2025-01-05 07:10:00,2025-01-01 06:15:00,2025-01-01 08:39:00,,,false,,,,
LEAD1052,Morgan,Jackson,morgan.jackson@northstarworks.com,Northstar Works Partners,Revenue Operations Manager,16,CA,,Paid Search,61,Lead,Disqualified,,2025-07-03 21:44:55,,,,,No Budget,false,,,,
LEAD1053,Logan,Ward,logan.ward@goldcrestsupply.com,Goldcrest Supply Solutions,Business Operations Manager,904,OH,Mid-Market,Content Download,44,Lead,Nurture,USR011,2025-01-28 15:31:30,,2025-01-28 16:53:30,2025-01-29 16:53:30,,,false,,,,
LEAD1054,Evan,Martin,evan.martin@apexnetworks.com,Apex Networks Partners,Project Manager,125,RI,SMB,Content Download,69,Marketing Qualified Lead,Nurture,USR005,2025-03-27 12:18:20,2025-03-28 05:18:20,2025-03-27 15:17:20,2025-03-27 18:31:20,,,false,,,,
LEAD1055,Sophia,Ramirez,sophia.ramirez@parkside.com,Parkside Systems Inc.,Business Systems Manager,510,WA,Mid-Market,Outbound SDR,55,Lead,Disqualified,USR010,2025-09-08 18:43:21,,2025-09-08 22:39:21,2025-09-09 00:12:21,,Not a Fit,false,,,,
LEAD1056,Ian,Morgan,ian.morgan@clearpathoperations.com,ClearPath Operations Group,Director of Operations,108,TN,SMB,Content Download,61,Lead,New,USR006,2025-11-21 13:50:04,,2025-11-21 19:23:04,,,,false,,,,
LEAD1057,Morgan,Taylor,morgan.taylor@primeresources.com,Prime Resources Co.,Revenue Operations Manager,211,NJ,Mid-Market,Paid Search,63,Marketing Qualified Lead,New,USR009,2025-08-26 12:02:53,2025-08-27 13:02:53,2025-08-26 14:47:53,2025-08-26 16:11:53,,,false,,,,
LEAD1058,Alex,Ward,alex.ward@highlandtechnology.com,Highland Technology Systems,Director of IT,737,CA,Mid-Market,Inbound Demo Request,94,Marketing Qualified Lead,Disqualified,USR012,2024-05-23 08:42:51,2024-05-23 17:42:51,2024-05-23 11:29:51,2024-05-23 13:59:51,,Not a Fit,false,,,,
LEAD1059,Emerson,Nelson,emerson.nelson@vertexlabs.com,Vertex Labs LLC,Finance Director,597,NC,Mid-Market,Partner Referral,66,Marketing Qualified Lead,Disqualified,USR010,2024-04-15 20:19:52,2024-04-16 05:19:52,2024-04-15 23:49:52,2024-04-16 02:14:52,,Timing Not Right,false,,,,
LEAD1060,Avery,Lee,avery.lee@falconnetworks.com,Falcon Networks Partners,IT Manager,244,CA,Mid-Market,Inbound Demo Request,86,Sales Qualified Lead,Qualified,USR012,2024-09-30 00:29:21,2024-10-03 07:29:21,2024-09-30 04:03:21,2024-09-30 06:50:21,2024-10-10 19:29:21,,false,,,,
LEAD1061,Lily,Lee,lily.lee@keystonenetworks.com,Keystone Networks Solutions,Operations Manager,706,UT,Mid-Market,Paid Search,58,Lead,Disqualified,USR011,2026-06-01 17:14:24,,2026-06-01 20:23:24,2026-06-01 22:25:24,,Bad Contact Data,false,,,,
LEAD1062,Taylor,Howard,taylor.howard@monarch.com,Monarch Partners Systems,VP of Operations,427,IL,Mid-Market,Webinar / Event,54,Lead,Disqualified,USR011,2024-10-08 17:40:30,,2024-10-08 18:39:30,2024-10-08 21:32:30,,Enterprise Requirements,false,,,,
LEAD1063,Jamie,Ramirez,jamie.ramirez@mapledistribution.com,Maple Distribution Inc.,Procurement Manager,145,CA,SMB,Paid Search,49,Marketing Qualified Lead,Disqualified,USR008,2025-08-11 18:46:34,2025-08-12 18:46:34,2025-08-11 22:24:34,2025-08-12 21:24:34,,Company Too Small,false,,,,
LEAD1064,Henry,Hall,henry.hall@bluepeaklabs.com,BluePeak Labs Co.,Business Operations Manager,94,IL,SMB,Partner Referral,83,Sales Qualified Lead,Qualified,USR007,2025-02-07 04:30:46,2025-02-08 23:30:46,2025-02-07 07:47:46,2025-02-07 10:36:46,2025-02-14 14:30:46,,false,,,,
LEAD1065,Riley,Ramirez,riley.ramirez@keystonehealth.com,Keystone Health Inc.,Revenue Operations Manager,97,CA,SMB,Webinar / Event,56,Lead,Disqualified,USR008,2024-01-03 03:22:36,,2024-01-03 07:32:36,2024-01-03 09:40:36,,Not a Fit,false,,,,
LEAD1066,Jamie,Lewis,jamie.lewis@stonebridgenetworks.com,Stonebridge Networks LLC,Chief Operating Officer,8,PA,,Outbound SDR,45,Lead,Disqualified,,2025-01-17 04:41:31,,,,,Company Too Small,false,,,,
LEAD1067,Casey,Price,casey.price@ironwoodtechnology.com,Ironwood Technology LLC,VP of Operations,110,OH,SMB,Outbound SDR,62,Lead,Working,USR007,2025-08-20 06:58:11,,2025-08-20 11:35:11,2025-08-20 12:46:11,,,false,,,,
LEAD1068,Riley,Price,riley.price@silverlineindustries.com,Silverline Industries Group,Procurement Manager,2383,CA,Upper Mid-Market,Organic Search,56,Lead,Nurture,USR012,2025-03-30 22:26:43,,2025-03-31 03:45:43,2025-03-31 07:25:43,,,false,,,,
LEAD1069,Maya,Thomas,maya.thomas@westbrooknetworks.com,Westbrook Networks LLC,Process Improvement Manager,707,WY,Mid-Market,Webinar / Event,81,Marketing Qualified Lead,Nurture,USR012,2024-02-06 11:30:11,2024-02-07 12:30:11,2024-02-06 15:57:11,2024-02-06 17:04:11,,,false,,,,
LEAD1070,Drew,Evans,drew.evans@summitenterprises.com,Summit Enterprises Co.,Director of IT,30,IL,SMB,Webinar / Event,64,Lead,Nurture,USR007,2024-08-06 23:02:25,,2024-08-07 04:58:25,2024-08-07 11:58:25,,,false,,,,
LEAD1071,Jamie,Scott,jamie.scott@vertexcommerce.com,Vertex Commerce Systems,Finance Director,2151,PA,Upper Mid-Market,Organic Search,73,Marketing Qualified Lead,Disqualified,USR010,2025-11-11 12:42:45,2025-11-13 18:42:45,2025-11-11 12:52:45,2025-11-11 14:39:45,,No Budget,false,,,,
LEAD1072,Ian,Ramirez,ian.ramirez@bridgepointsupply.com,Bridgepoint Supply Group,Process Improvement Manager,606,AK,Mid-Market,Inbound Demo Request,85,Sales Qualified Lead,Qualified,USR012,2025-04-03 16:19:29,2025-04-06 13:19:29,2025-04-03 18:44:29,2025-04-03 20:02:29,2025-04-13 01:19:29,,false,,,,
LEAD1073,Chloe,Walker,chloe.walker@summitindustries.com,Summit Industries Partners,Sales Operations Manager,86,NY,SMB,Outbound SDR,38,Lead,Disqualified,USR005,2025-12-11 04:49:15,,2025-12-11 08:16:15,2025-12-11 09:13:15,,Not a Fit,false,,,,
LEAD1074,Avery,Wright,avery.wright@windwarddynamics.com,Windward Dynamics Solutions,Director of Operations,664,GA,Mid-Market,Content Download,63,Marketing Qualified Lead,Working,USR010,2024-12-11 11:06:36,2024-12-16 03:06:36,2024-12-11 14:53:36,2024-12-11 16:32:36,,,false,,,,
LEAD1075,Reese,Price,reese.price@harborresources.com,Harbor Resources Co.,Enterprise Applications Manager,497,FL,Mid-Market,Outbound SDR,55,Lead,New,USR010,2026-01-30 06:08:00,,2026-01-30 06:57:00,,,,false,,,,
LEAD1076,Emma,Wright,emma.wright@westbrooklabs.com,Westbrook Labs Partners,Director of IT,159,OR,SMB,Customer Referral,90,Marketing Qualified Lead,Working,,2024-11-26 03:57:01,2024-11-27 09:57:01,,,,,false,,,,
LEAD1077,Skyler,Green,skyler.green@stonebridgedynamics.com,Stonebridge Dynamics LLC,Solutions Architect,156,OH,SMB,Outbound SDR,37,Lead,New,USR007,2026-01-27 02:22:07,,2026-01-27 08:19:07,,,,false,,,,
LEAD1078,Leo,Collins,leo.collins@graniteworks.com,Granite Works Inc.,Procurement Manager,741,VA,Mid-Market,Paid Search,74,Sales Qualified Lead,Qualified,USR010,2025-02-25 10:49:48,2025-02-28 17:49:48,2025-02-25 14:29:48,2025-02-26 18:29:48,2025-03-04 17:49:48,,false,,,,
LEAD1079,Avery,Evans,avery.evans@copperlabs.com,Copper Labs Systems,IT Manager,22,OH,SMB,Organic Search,55,Lead,New,USR007,2024-10-11 15:44:43,,2024-10-11 17:18:43,,,,false,,,,
LEAD1080,Jack,Williams,jack.williams@summitcommerce.com,Summit Commerce Group,Director of Business Transformation,191,IL,Upper Mid-Market,Webinar / Event,64,Lead,Nurture,USR007,2025-01-07 00:26:12,,2025-01-07 03:06:12,2025-01-07 05:43:12,,,false,,,,
LEAD1081,Mia,Ross,mia.ross@redwoodoperations.com,Redwood Operations Systems,IT Manager,83,HI,SMB,Webinar / Event,69,Marketing Qualified Lead,Working,USR008,2025-10-07 02:55:05,2025-10-11 17:55:05,2025-10-07 03:53:05,2025-10-07 04:37:05,,,false,,,,
LEAD1082,Ethan,Price,ethan.price@mapleworks.com,Maple Works Partners,Director of Operations,245,UT,Mid-Market,Inbound Demo Request,96,Marketing Qualified Lead,Nurture,USR012,2024-11-05 15:53:51,2024-11-06 13:53:51,2024-11-05 21:30:51,2024-11-05 22:42:51,,,false,,,,
LEAD1083,Blake,Price,blake.price@highlanddynamics.com,Highland Dynamics Group,Finance Director,131,FL,SMB,Organic Search,66,Marketing Qualified Lead,Nurture,USR006,2025-09-19 01:29:32,2025-09-22 11:29:32,2025-09-19 05:34:32,2025-09-19 06:50:32,,,false,,,,
LEAD1084,Ethan,Campbell,ethan.campbell@harbormanufacturing.com,Harbor Manufacturing Partners,Revenue Operations Manager,99,NY,SMB,Webinar / Event,78,Lead,Working,USR005,2026-07-05 16:27:20,,2026-07-05 19:13:20,2026-07-05 22:49:20,,,false,,,,
LEAD1085,Maya,Martin,maya.martin@redwoodmanufacturing.com,Redwood Manufacturing Partners,VP of Operations,98,NJ,SMB,Partner Referral,78,Sales Qualified Lead,Qualified,USR005,2024-03-08 01:38:35,2024-03-08 02:38:35,2024-03-08 01:56:35,2024-03-08 05:18:35,2024-03-13 22:38:35,,false,,,,
LEAD1086,Taylor,Ortiz,taylor.ortiz@northstar.com,Northstar Partners Group,Project Manager,188,WA,SMB,Paid Search,73,Sales Qualified Lead,Qualified,USR008,2025-05-03 01:10:51,2025-05-05 17:10:51,2025-05-03 07:05:51,2025-05-03 09:06:51,2025-05-10 21:10:51,,false,,,,
LEAD1087,Sophia,Miller,sophia.miller@keystonesupply.com,Keystone Supply Inc.,Enterprise Applications Manager,192,VT,SMB,Organic Search,63,Lead,Disqualified,USR005,2024-12-08 08:33:18,,2024-12-08 14:26:18,2024-12-09 14:26:18,,Not a Fit,false,,,,
LEAD1088,Lily,Mitchell,lily.mitchell@eastgatenetworks.com,Eastgate Networks Systems,Director of IT,600,UT,Mid-Market,Paid Search,76,Marketing Qualified Lead,Connected,USR012,2025-09-27 04:57:06,2025-09-28 14:57:06,2025-09-27 06:19:06,2025-09-27 09:53:06,,,false,,,,
LEAD1089,Henry,Kim,henry.kim@lakesideresources.com,Lakeside Resources Group,Solutions Architect,18,AZ,,Content Download,68,Lead,Disqualified,,2026-05-03 13:08:29,,,,,Company Too Small,false,,,,
LEAD1090,Emma,Nguyen,emma.nguyen@evergreenworks.com,Evergreen Works LLC,Sales Operations Manager,1234,MI,Upper Mid-Market,Inbound Demo Request,86,Sales Qualified Lead,Qualified,USR011,2025-11-01 02:28:53,2025-11-01 16:28:53,2025-11-01 03:11:53,2025-11-01 06:42:53,2025-11-02 01:28:53,,false,,,,
LEAD1091,Morgan,Martin,morgan.martin@redwoodresources.com,Redwood Resources Partners,Revenue Operations Manager,2419,CA,Upper Mid-Market,Organic Search,70,Lead,Disqualified,USR012,2026-05-08 18:20:03,,2026-05-08 23:37:03,2026-05-09 00:53:03,,Timing Not Right,false,,,,
LEAD1092,Jack,Young,jack.young@cedarstonetechnology.com,Cedarstone Technology Partners,Solutions Architect,2465,NY,Upper Mid-Market,Paid Search,60,Marketing Qualified Lead,Working,USR009,2024-02-05 15:23:59,2024-02-07 15:23:59,2024-02-05 19:53:59,2024-02-05 21:00:59,,,false,,,,
LEAD1093,Natalie,Nguyen,natalie.nguyen@crescentworks.com,Crescent Works Partners,Director of Business Transformation,79,MN,SMB,Paid Search,66,Lead,Nurture,USR007,2024-03-26 03:20:51,,2024-03-26 04:57:51,2024-03-27 16:57:51,,,false,,,,
LEAD1094,Jordan,Hughes,jordan.hughes@vertexmanufacturing.com,Vertex Manufacturing Solutions,Procurement Manager,147,FL,SMB,Organic Search,60,Lead,Working,USR006,2026-01-04 06:45:19,,2026-01-04 09:44:19,2026-01-04 10:54:19,,,false,,,,
LEAD1095,Logan,Miller,logan.miller@bluepeaknetworks.com,BluePeak Networks LLC,Operations Manager,309,KS,Mid-Market,Outbound SDR,68,Marketing Qualified Lead,Working,USR011,2024-02-13 06:25:43,2024-02-17 21:25:43,2024-02-13 10:23:43,2024-02-14 05:23:43,,,false,,,,
LEAD1096,Ruby,Roberts,ruby.roberts@riverbend.com,Riverbend Systems Partners,VP of Technology,77,OH,SMB,Webinar / Event,60,Marketing Qualified Lead,Working,USR007,2024-08-11 04:34:09,2024-08-12 23:34:09,2024-08-11 09:43:09,2024-08-11 09:57:09,,,false,,,,
LEAD1097,Riley,Johnson,riley.johnson@windwarddynamics.com,Windward Dynamics Systems,Systems Manager,140,NY,SMB,Outbound SDR,49,Lead,Working,USR005,2026-06-24 11:26:59,,2026-06-24 17:09:59,2026-06-24 17:51:59,,,false,,,,
LEAD1098,Morgan,Edwards,morgan.edwards@horizondynamics.com,Horizon Dynamics Inc.,Operations Manager,869,TN,Mid-Market,Content Download,50,Lead,New,USR010,2025-05-19 20:27:11,,2025-05-19 22:44:11,,,,false,,,,
LEAD1099,Liam,Kelly,leah.wood@ironwoodresources.com,Ironwood Health Partners,Director of IT,399,MN,Mid-Market,Inbound Demo Request,92,Marketing Qualified Lead,Working,USR011,2025-11-26 09:49:49,2025-11-26 12:49:49,2025-11-26 14:56:49,2025-11-26 16:17:49,,,false,,,,
LEAD1100,Nora,Johnson,nora.johnson@horizonindustries.com,Horizon Industries Co.,IT Manager,75,VT,SMB,Content Download,53,Marketing Qualified Lead,Nurture,USR005,2025-08-23 21:20:02,2025-08-26 16:20:02,2025-08-24 00:00:02,2025-08-24 01:41:02,,,false,,,,
LEAD1101,Nora,Johnson,nora.johnson@windwardconsulting.com,Windward Consulting LLC,Project Manager,32,WY,SMB,Outbound SDR,53,Lead,Nurture,,2024-06-22 11:41:56,,,,,,false,,,,
LEAD1102,Leo,Brooks,leo.brooks@mapleresources.com,Maple Resources Partners,Process Improvement Manager,86,TN,SMB,Outbound SDR,66,Sales Qualified Lead,Connected,USR006,2026-03-14 15:18:18,2026-03-19 01:18:18,2026-03-14 18:05:18,2026-03-14 21:12:18,2026-03-28 21:18:18,,false,,,,
LEAD1103,Nora,Peterson,nora.peterson@solsticenetworks.com,Solstice Networks Co.,Sales Operations Manager,46,TX,SMB,Webinar / Event,82,Lead,Disqualified,USR006,2025-01-05 11:49:11,,2025-01-05 14:35:11,2025-01-05 15:32:11,,Duplicate Lead,false,,,,
LEAD1104,Natalie,Foster,natalie.foster@cedarstoneworks.com,Cedarstone Works Co.,Project Manager,156,WI,SMB,Inbound Demo Request,91,Sales Qualified Lead,Connected,USR007,2024-10-03 05:02:31,2024-10-04 16:02:31,2024-10-03 10:03:31,2024-10-03 10:13:31,2024-10-05 13:02:31,,false,,,,
LEAD1105,Zoe,Garcia,zoe.garcia@copperdistribution.com,Copper Distribution LLC,VP of Operations,66,AR,SMB,Content Download,56,Lead,New,USR006,2025-07-09 06:47:30,,2025-07-09 10:56:30,,,,false,,,,
LEAD1106,Cameron,White,cameron.white@goldcrest.com,Goldcrest Solutions Co.,IT Manager,707,CA,Mid-Market,Content Download,56,Marketing Qualified Lead,Connected,USR012,2026-04-08 16:02:25,2026-04-12 04:02:25,2026-04-08 17:05:25,2026-04-08 18:38:25,,,false,,,,
LEAD1107,Henry,Miller,henry.miller@evergreenanalytics.com,Evergreen Analytics Solutions,Solutions Architect,210,TX,Mid-Market,Outbound SDR,62,Marketing Qualified Lead,Nurture,USR010,2024-08-10 08:19:35,2024-08-11 04:19:35,2024-08-10 10:46:35,2024-08-10 14:15:35,,,false,,,,
LEAD1108,Grace,Kelly,grace.kelly@newbridgeholdings.com,Newbridge Holdings Group,Program Manager,514,WA,Mid-Market,Content Download,60,Sales Qualified Lead,Qualified,USR012,2026-02-16 13:41:53,2026-02-20 00:41:53,2026-02-16 19:15:53,2026-02-17 00:15:53,2026-02-20 10:41:53,,false,,,,
LEAD1109,Avery,Green,avery.green@summittechnology.com,Summit Technology LLC,Operations Manager,40,MI,SMB,Organic Search,66,Marketing Qualified Lead,Nurture,USR007,2024-05-14 16:36:22,2024-05-16 15:36:22,2024-05-14 19:50:22,2024-05-14 20:41:22,,,false,,,,
LEAD1110,Ella,Mitchell,ella.mitchell@ironwoodsupply.com,Ironwood Supply Systems,Business Systems Manager,477,MI,Mid-Market,Outbound SDR,42,Lead,Nurture,USR011,2025-08-02 04:20:25,,2025-08-02 08:27:25,2025-08-02 11:22:25,,,false,,,,
LEAD1111,Noah,Morgan,noah.morgan@newbridgemanufacturing.com,Newbridge Manufacturing Group,Sales Operations Manager,67,CO,SMB,Inbound Demo Request,94,Marketing Qualified Lead,Nurture,USR008,2026-02-15 03:11:34,2026-02-16 13:11:34,2026-02-15 07:02:34,2026-02-15 08:51:34,,,false,,,,
LEAD1112,Parker,Rivera,parker.rivera@lakesidelogistics.com,Lakeside Logistics Systems,Solutions Architect,45,NY,SMB,Webinar / Event,51,Lead,New,USR005,2025-07-22 16:01:02,,2025-07-22 18:22:02,,,,false,,,,
LEAD1113,Alex,Reed,alex.reed@primetechnology.com,Prime Technology Co.,IT Manager,110,KS,SMB,Paid Search,54,Lead,Working,USR007,2024-01-28 14:48:35,,2024-01-28 20:46:35,2024-01-28 21:01:35,,,false,,,,
LEAD1114,Logan,Howard,logan.howard@highlanddynamics.com,Highland Dynamics Systems,Operations Manager,115,AZ,SMB,Inbound Demo Request,88,Sales Qualified Lead,Qualified,USR008,2026-03-09 12:58:48,2026-03-13 20:58:48,2026-03-09 16:39:48,2026-03-09 19:11:48,2026-03-20 21:58:48,,false,,,,
LEAD1115,Avery,Miller,avery.miller@westbrookworks.com,Westbrook Works Partners,Director of IT,458,CA,Mid-Market,,78,Marketing Qualified Lead,Connected,USR012,2024-04-28 23:11:33,2024-05-02 03:11:33,2024-04-29 04:54:33,2024-04-29 07:50:33,,,false,,,,
LEAD1116,Henry,Morgan,henry.morgan@parksidedynamics.com,Parkside Dynamics Systems,IT Manager,196,CT,SMB,Organic Search,71,Marketing Qualified Lead,Disqualified,USR005,2025-03-22 08:45:23,2025-03-27 05:45:23,2025-03-22 12:48:23,2025-03-22 14:53:23,,No Budget,false,,,,
LEAD1117,Leo,Nguyen,leo.nguyen@rivertonholdings.com,Riverton Holdings Partners,VP of Technology,1162,CA,Upper Mid-Market,Partner Referral,84,Marketing Qualified Lead,Working,USR012,2024-05-10 08:41:01,2024-05-10 20:41:01,2024-05-10 09:09:01,2024-05-10 12:48:01,,,false,,,,
LEAD1118,Caleb,Price,caleb.price@clearpathindustries.com,ClearPath Industries Solutions,IT Manager,171,AZ,SMB,Content Download,47,Lead,Nurture,USR008,2025-03-23 04:53:27,,2025-03-23 10:35:27,2025-03-24 13:35:27,,,false,,,,
LEAD1119,Cole,Patel,cole.patel@monarchdistribution.com,Monarch Distribution Group,Director of Operations,769,VT,Mid-Market,Content Download,40,Marketing Qualified Lead,Nurture,USR009,2025-06-25 21:31:03,2025-06-30 20:31:03,2025-06-26 03:10:03,2025-06-26 06:46:03,,,false,,,,
LEAD1120,Grace,Parker,grace.parker@riverbendworks.com,Riverbend Works Group,Systems Manager,375,TN,Mid-Market,,64,Lead,Disqualified,USR010,2026-08-02 20:12:06,,2026-08-02 20:50:06,2026-08-02 21:49:06,,Company Too Small,false,,,,
LEAD1121,Jamie,Wright,jamie.wright@highlandhealth.com,Highland Health Inc.,Director of Business Transformation,725,KY,Mid-Market,Content Download,49,Lead,Working,USR010,2026-05-22 16:26:26,,2026-05-22 19:45:26,2026-05-22 22:08:26,,,false,,,,
LEAD1122,Owen,Jenkins,owen.jenkins@westbrookcommerce.com,Westbrook Commerce Inc.,Director of Operations,2243,WA,Upper Mid-Market,Partner Referral,67,Lead,Working,USR012,2025-11-11 04:48:21,,2025-11-11 09:08:21,2025-11-11 11:03:21,,,false,,,,
LEAD1123,Alex,Smith,alex.smith@vertexdistribution.com,Vertex Distribution Systems,Business Operations Manager,64,MD,SMB,Customer Referral,74,Marketing Qualified Lead,Working,USR005,2024-03-07 12:29:12,2024-03-11 21:29:12,2024-03-07 16:38:12,2024-03-08 10:38:12,,,false,,,,
LEAD1124,Jack,Diaz,jack.diaz@primelabs.com,Prime Labs Systems,Sales Operations Manager,176,TX,SMB,,70,Marketing Qualified Lead,Working,USR006,2024-01-05 21:15:21,2024-01-06 07:15:21,2024-01-05 23:53:21,2024-01-06 02:16:21,,,false,,,,
LEAD1125,Jordan,Diaz,jordan.diaz@monarchworks.com,Monarch Works Group,Director of Operations,164,WI,SMB,Outbound SDR,70,Lead,New,USR007,2025-05-22 05:27:05,,2025-05-22 08:10:05,,,,false,,,,
LEAD1126,Leah,Turner,leah.turner@greenfieldtechnology.com,Greenfield Technology Partners,Director of Business Transformation,846,PA,Mid-Market,Content Download,65,Marketing Qualified Lead,Working,USR009,2024-02-07 03:54:29,2024-02-07 05:54:29,2024-02-07 07:26:29,2024-02-07 10:04:29,,,false,,,,
LEAD1127,Caleb,Richardson,caleb.richardson@parksidedynamics.com,Parkside Dynamics Group,VP of Operations,62,CA,SMB,Organic Search,62,Marketing Qualified Lead,Connected,USR008,2025-07-12 03:20:46,2025-07-15 17:20:46,2025-07-12 06:39:46,2025-07-12 08:26:46,,,false,,,,
LEAD1128,Skyler,Wright,skyler.wright@solsticehealth.com,Solstice Health LLC,Process Improvement Manager,2402,NC,Upper Mid-Market,Webinar / Event,53,Lead,Disqualified,USR010,2026-08-24 22:59:24,,2026-08-25 01:10:24,2026-08-25 03:06:24,,No Budget,false,,,,
LEAD1129,Liam,Richardson,liam.richardson@bridgepointdistribution.com,Bridgepoint Distribution LLC,Business Systems Manager,261,TX,Mid-Market,Organic Search,60,Lead,Working,USR012,2026-08-12 12:29:36,,2026-08-12 16:46:36,2026-08-12 19:46:36,,,false,,,,
LEAD1130,Reese,Edwards,reese.edwards@atlasmanufacturing.com,Atlas Manufacturing Co.,Procurement Manager,997,CA,Mid-Market,Content Download,71,Sales Qualified Lead,Qualified,USR012,2024-09-18 12:35:07,2024-09-21 05:35:07,2024-09-18 17:47:07,2024-09-18 20:41:07,2024-09-30 19:35:07,,false,,,,
LEAD1131,Grant,Edwards,grant.edwards@crescentautomation.com,Crescent Automation Systems,Business Operations Manager,101,WI,SMB,Webinar,41,Marketing Qualified Lead,Nurture,USR007,2026-09-19 01:34:39,2026-09-23 00:34:39,2026-09-19 04:27:39,2026-09-19 04:55:39,,,false,,,,
LEAD1132,Miles,Jackson,miles.jackson@riverbendholdings.com,Riverbend Holdings LLC,Systems Manager,111,MI,SMB,Paid Search,66,Lead,New,USR007,2026-09-04 09:29:37,,2026-09-04 10:08:37,,,,false,,,,
LEAD1133,Dakota,Kim,dakota.kim@goldcrestservices.com,Goldcrest Services Systems,Program Manager,198,ID,SMB,Content Download,36,Lead,Working,USR008,2025-01-04 09:05:18,,2025-01-04 09:33:18,2025-01-04 09:58:18,,,false,,,,
LEAD1134,Ethan,Mitchell,ethan.mitchell@beacontechnology.com,Beacon Technology Group,VP of Operations,109,TX,SMB,Outbound SDR,72,Sales Qualified Lead,Qualified,USR007,2025-03-09 22:29:56,2025-03-12 18:29:56,2025-03-10 00:20:56,2025-03-11 05:20:56,2025-03-20 20:29:56,,false,,,,
LEAD1135,Sophia,Brooks,sophia.brooks@vertexsupply.com,Vertex Supply LLC,Finance Director,53,IL,SMB,Content Download,64,Lead,Working,USR007,2025-05-30 02:44:14,,2025-05-30 04:02:14,2025-05-30 05:46:14,,,false,,,,
LEAD1136,Alex,Young,alex.young@newbridgeconsulting.com,Newbridge Consulting LLC,Sales Operations Manager,148,AZ,SMB,Outbound SDR,54,Lead,Disqualified,USR008,2024-06-07 23:15:15,,2024-06-08 05:01:15,2024-06-08 13:01:15,,Not a Fit,false,,,,
LEAD1137,Zoe,Wright,zoe.wright@northstarresources.com,Northstar Resources Partners,VP of Operations,52,GA,SMB,Paid Search,66,Lead,Nurture,USR006,2024-04-28 16:38:43,,2024-04-28 20:14:43,2024-04-28 20:33:43,,,false,,,,
LEAD1138,Nora,Shah,nora.shah@lakeside.com,Lakeside Group Inc.,Process Improvement Manager,123,MI,SMB,Partner Referral,90,Sales Qualified Lead,Qualified,USR007,2026-07-18 08:53:34,2026-07-20 23:53:34,2026-07-18 13:47:34,2026-07-18 14:37:34,2026-07-28 09:53:34,,false,,,,
LEAD1139,Natalie,Roberts,natalie.roberts@newbridgedistribution.com,Newbridge Distribution Inc.,Finance Director,1682,LA,Upper Mid-Market,Outbound SDR,74,Lead,New,USR010,2026-08-01 13:21:03,,2026-08-01 16:18:03,,,,false,,,,
LEAD1140,Mason,Williams,mason.williams@bridgepointdistribution.com,Bridgepoint Distribution Systems,Process Improvement Manager,741,NE,Mid-Market,Outbound SDR,55,Lead,New,USR011,2026-07-03 05:27:24,,2026-07-03 09:45:24,,,,false,,,,
LEAD1141,Lily,Hall,lily.hall@apexsupply.com,Apex Supply Solutions,Sales Operations Manager,64,TX,SMB,Organic Search,63,Sales Qualified Lead,Qualified,USR006,2024-03-31 16:06:31,2024-04-05 10:06:31,2024-03-31 16:36:31,,2024-04-08 09:06:31,,false,,,,
LEAD1142,Ava,Turner,ava.turner@redwoodholdings.com,Redwood Holdings Group,VP of Operations,194,,SMB,Paid Search,78,Lead,New,USR008,2026-06-02 21:30:00,,2026-06-03 00:39:00,,,,false,,,,
LEAD1143,Morgan,Ross,morgan.ross@crescenttechnology.com,Crescent Technology Solutions,Director of Business Transformation,33,CA,SMB,Organic Search,49,Lead,Working,USR007,2026-03-25 19:25:31,,2026-03-26 00:00:31,2026-03-26 18:00:31,,,false,,,,
LEAD1144,Parker,Cooper,parker.cooper@riverbendnetworks.com,Riverbend Networks Systems,Finance Director,2493,NY,SMB,Webinar / Event,80,Marketing Qualified Lead,Connected,USR009,2026-04-05 18:04:22,2026-04-08 06:04:22,2026-04-05 18:25:22,2026-04-05 18:47:22,,,false,,,,
LEAD1145,Liam,Murphy,liam.murphy@summitcommerce.com,Summit Commerce Solutions,Director of IT,125,FL,SMB,Content Download,46,Lead,New,USR006,2026-06-08 04:54:00,,2026-06-08 09:30:00,,,,false,,,,
LEAD1146,Ethan,Sanchez,ethan.sanchez@lakeside.com,Lakeside Systems LLC,Project Manager,97,IN,SMB,Outbound SDR,49,Lead,Working,USR007,2026-03-21 22:57:45,,2026-03-22 04:30:45,2026-03-22 07:32:45,,,false,,,,
LEAD1147,Jack,Wood,jack.wood@ironwoodservices.com,Ironwood Services Co.,Process Improvement Manager,77,MI,SMB,Organic Search,47,Lead,Working,USR007,2026-08-07 04:12:51,,2026-08-07 08:20:51,2026-08-07 20:20:51,,,false,,,,
LEAD1148,Ruby,Williams,ruby.williams@bluepeakautomation.com,BluePeak Automation LLC,Business Systems Manager,648,NY,Mid-Market,Outbound SDR,75,Lead,Nurture,USR009,2024-02-11 16:10:40,,2024-02-11 21:13:40,2024-02-11 23:47:40,,,false,,,,
LEAD1149,Emma,Jackson,emma.jackson@parksidehealth.com,Parkside Health Partners,Director of Business Transformation,197,NY,SMB,Outbound SDR,47,Marketing Qualified Lead,Nurture,USR005,2026-04-24 04:44:52,2026-04-28 16:44:52,2026-04-24 10:37:52,2026-04-24 11:44:52,,,false,,,,
LEAD1150,Noah,Brooks,noah.brooks@bluepeakdistribution.com,BluePeak Distribution Systems,Systems Manager,36,NY,SMB,Organic Search,44,Lead,Nurture,,2024-01-31 18:09:22,,,,,,false,,,,
LEAD1151,Sydney,Smith,sydney.smith@falconindustries.com,Falcon Industries Group,Director of Operations,474,PA,Mid-Market,Organic Search,75,Lead,Nurture,USR009,2025-12-27 20:58:01,,2025-12-27 22:47:01,2025-12-28 01:43:01,,,false,,,,
LEAD1152,Lily,Bennett,lily.bennett@silverlinetechnology.com,Silverline Technology LLC,Enterprise Applications Manager,192,MD,SMB,Organic Search,51,Lead,Disqualified,USR005,2026-03-25 08:47:14,,2026-03-25 09:25:14,2026-03-25 12:19:14,,Not a Fit,false,,,,
LEAD1153,Miles,Hughes,miles.hughes@falconautomation.com,Falcon Automation Systems,Solutions Architect,423,OK,Mid-Market,Webinar / Event,78,Lead,Disqualified,USR010,2025-04-27 14:10:57,,2025-04-27 18:48:57,2025-04-27 21:16:57,,Timing Not Right,false,,,,
LEAD1154,Caleb,Sanchez,caleb.sanchez@solsticeoperations.com,Solstice Operations Partners,Procurement Manager,111,KS,SMB,Inbound Demo Request,95,Sales Qualified Lead,Qualified,USR007,2024-05-09 20:31:30,2024-05-12 01:31:30,2024-05-09 21:29:30,2024-05-09 21:50:30,2024-05-12 22:31:30,,false,,,,
LEAD1155,Parker,Carter,parker.carter@goldcrestworks.com,Goldcrest Works Group,Project Manager,80,MI,SMB,Outbound SDR,51,Lead,New,USR005,2025-07-27 15:33:09,,2025-07-27 19:23:09,,,,false,,,,
LEAD1156,Liam,Ramirez,liam.ramirez@ironwoodhealth.com,Ironwood Health Group,Finance Director,682,GA,Mid-Market,Content Download,43,Lead,Working,USR010,2024-01-26 08:23:41,,2024-01-26 09:01:41,2024-01-26 23:01:41,,,false,,,,
LEAD1157,Casey,Green,casey.green@graniteoperations.com,Granite Operations Group,Process Improvement Manager,66,CA,SMB,Organic Search,42,Lead,Working,USR008,2025-04-06 10:28:46,,2025-04-06 12:12:46,2025-04-06 12:22:46,,,false,,,,
LEAD1158,Miles,Ortiz,jamie.perry@redwoodlabs.com,Vertex Partners Systems,VP of Technology,169,NC,SMB,Webinar / Event,71,Marketing Qualified Lead,Connected,USR006,2024-06-02 23:13:23,2024-06-07 14:13:23,2024-06-03 04:18:23,2024-06-03 05:24:23,,,false,,,,
LEAD1159,Skyler,Campbell,skyler.campbell@windwardanalytics.com,Windward Analytics Solutions,Program Manager,842,RI,Mid-Market,Outbound SDR,51,Lead,New,USR009,2026-09-08 00:29:02,,2026-09-08 04:28:02,,,,false,,,,
LEAD1160,Skyler,Wright,skyler.wright@keystoneservices.com,Keystone Services LLC,Chief Operating Officer,541,GA,Mid-Market,Organic Search,69,Marketing Qualified Lead,Nurture,USR010,2026-06-18 20:55:22,2026-06-22 02:55:22,2026-06-19 01:42:22,2026-06-19 04:19:22,,,false,,,,
LEAD1161,Ian,Nelson,ian.nelson@mapleresources.com,Maple Resources Inc.,Business Systems Manager,21,DC,SMB,Inbound Demo Request,94,Sales Qualified Lead,Qualified,USR005,2025-01-08 21:58:05,2025-01-09 00:58:05,2025-01-09 01:48:05,2025-01-09 02:20:05,2025-01-13 09:58:05,,false,,,,
LEAD1162,Casey,Mitchell,casey.mitchell@highlandtechnology.com,Highland Technology LLC,Systems Manager,768,PA,Mid-Market,Organic Search,69,Marketing Qualified Lead,Working,USR009,2026-09-17 19:48:39,2026-09-22 09:48:39,2026-09-17 22:32:39,2026-09-18 19:32:39,,,false,,,,
LEAD1163,Morgan,Edwards,morgan.edwards@silverlinedistribution.com,Silverline Distribution Inc.,Director of Operations,904,FL,Mid-Market,Webinar / Event,65,Marketing Qualified Lead,Working,USR010,2024-01-14 08:11:13,2024-01-16 23:11:13,2024-01-14 11:57:13,2024-01-14 13:22:13,,,false,,,,
LEAD1164,Chloe,Bennett,chloe.bennett@beacon.com,Beacon Systems Systems,Project Manager,134,PA,SMB,Paid Search,46,Marketing Qualified Lead,Connected,USR005,2026-06-10 09:38:42,2026-06-13 10:38:42,2026-06-10 11:06:42,2026-06-11 03:06:42,,,false,,,,
LEAD1165,Ian,Johnson,ian.johnson@pioneermanufacturing.com,Pioneer Manufacturing Co.,VP of Technology,203,SD,Mid-Market,Inbound Demo Request,90,Marketing Qualified Lead,Working,USR011,2024-11-27 16:34:44,2024-11-28 05:34:44,2024-11-27 21:22:44,2024-11-29 03:22:44,,,false,,,,
LEAD1166,Ava,Walker,ava.walker@falcon.com,Falcon Solutions Inc.,Business Systems Manager,93,CT,SMB,Inbound Demo Request,73,Marketing Qualified Lead,Connected,USR005,2024-10-25 23:40:12,2024-10-29 02:40:12,2024-10-26 03:36:12,2024-10-26 23:36:12,,,false,,,,
LEAD1167,Grant,Smith,grant.smith@bridgepointresources.com,Bridgepoint Resources Partners,Systems Manager,15,FL,,Outbound SDR,48,Lead,Qualified,,2025-10-19 17:43:43,,,,,,false,,,,
LEAD1168,Leo,Brooks,dakota.garcia@granitenetworks.com,Copper Logistics Solutions,IT Manager,770,CO,Mid-Market,Webinar / Event,54,Marketing Qualified Lead,Connected,USR012,2025-11-09 19:36:14,2025-11-10 22:36:14,2025-11-09 22:08:14,2025-11-10 01:34:14,,,false,,,,
LEAD1169,Ian,Smith,ian.smith@keystonemanufacturing.com,Keystone Manufacturing Co.,Project Manager,36,NJ,SMB,Content Download,58,Marketing Qualified Lead,Working,USR005,2026-03-13 20:39:33,2026-03-14 17:39:33,2026-03-13 23:54:33,2026-03-14 00:48:33,,,false,,,,
LEAD1170,Ruby,Young,ruby.young@atlas.com,Atlas Group Systems,Revenue Operations Manager,95,NM,SMB,Paid Search,76,Marketing Qualified Lead,Connected,USR008,2025-12-26 05:04:18,2025-12-30 00:04:18,2025-12-26 08:16:18,2025-12-26 10:54:18,,,false,,,,
LEAD1171,Cameron,Hughes,cameron.hughes@riverbenddistribution.com,Riverbend Distribution Inc.,Revenue Operations Manager,94,PA,SMB,Paid Search,76,Lead,Nurture,USR005,2025-12-10 12:17:04,,2025-12-10 17:15:04,2025-12-10 18:02:04,,,false,,,,
LEAD1172,Chloe,Perry,chloe.perry@keystonesupply.com,Keystone Supply Partners,Business Systems Manager,35,NC,SMB,Outbound SDR,59,Sales Qualified Lead,Qualified,USR006,2025-09-04 18:14:03,2025-09-05 14:14:03,2025-09-04 18:45:03,2025-09-04 19:31:03,2025-09-10 20:14:03,,false,,,,
LEAD1173,Nora,Murphy,nora.murphy@vertexlabs.com,Vertex Labs Co.,Business Operations Manager,30,LA,SMB,Organic Search,46,Lead,Nurture,USR006,2025-01-15 08:47:59,,2025-01-15 14:21:59,2025-01-15 14:48:59,,,false,,,,
LEAD1174,Owen,Nguyen,owen.nguyen@windward.com,Windward Solutions Inc.,Director of Business Transformation,886,NC,Mid-Market,Content Download,50,Marketing Qualified Lead,Working,USR010,2026-09-12 23:27:23,2026-09-13 02:27:23,2026-09-13 05:02:23,2026-09-13 06:12:23,,,false,,,,
LEAD1175,Drew,Carter,drew.carter@brightwellautomation.com,Brightwell Automation LLC,Project Manager,106,DC,SMB,Organic Search,65,Lead,Nurture,USR005,2026-08-01 19:49:50,,2026-08-02 01:34:50,2026-08-03 12:34:50,,,false,,,,
LEAD1176,Avery,Johnson,avery.johnson@harborservices.com,Harbor Services Systems,Sales Operations Manager,113,CA,SMB,Organic Search,57,Lead,New,USR008,2026-08-04 20:43:41,,2026-08-05 00:55:41,,,,false,,,,
LEAD1177,Noah,Cooper,noah.cooper@copperconsulting.com,Copper Consulting Solutions,Sales Operations Manager,213,WA,SMB,Paid Search,85,Lead,Working,USR012,2024-06-06 03:39:51,,2024-06-06 07:32:51,,,,false,,,,
LEAD1178,Natalie,Kelly,natalie.kelly@oakridgelabs.com,Oakridge Labs Group,Business Operations Manager,109,CO,SMB,Paid Search,52,Lead,Nurture,USR008,2024-12-04 20:59:14,,2024-12-04 21:55:14,2024-12-05 01:24:14,,,false,,,,
LEAD1179,Nora,Martin,nora.martin@redwoodlogistics.com,Redwood Logistics Inc.,Procurement Manager,185,LA,SMB,Organic Search,64,Marketing Qualified Lead,Nurture,USR006,2026-08-26 00:06:37,2026-08-27 17:06:37,2026-08-26 05:14:37,2026-08-26 05:46:37,,,false,,,,
LEAD1180,Leah,Anderson,leah.anderson@clearpathservices.com,ClearPath Services Systems,Process Improvement Manager,155,CA,SMB,Outbound SDR,77,Marketing Qualified Lead,Working,USR008,2026-08-08 09:24:26,2026-08-10 15:24:26,2026-08-08 14:44:26,2026-08-08 17:46:26,,,false,,,,
LEAD1181,Blake,Wilson,blake.wilson@horizonconsulting.com,Horizon Consulting Co.,Operations Manager,71,CA,SMB,Organic Search,45,Lead,Working,USR008,2025-03-15 00:58:57,,2025-03-15 01:11:57,2025-03-15 21:11:57,,,false,,,,
LEAD1182,Morgan,Price,morgan.price@evergreen.com,Evergreen Solutions Systems,Director of Business Transformation,851,PA,Mid-Market,Paid Search,84,Sales Qualified Lead,Qualified,USR009,2024-06-10 21:54:38,2024-06-13 10:54:38,2024-06-10 23:16:38,2024-06-11 02:11:38,2024-06-21 07:54:38,,false,,,,
LEAD1183,Reese,Carter,reese.carter@monarch.com,Monarch Group Inc.,Systems Manager,159,IL,SMB,Partner Referral,69,Marketing Qualified Lead,Disqualified,USR007,2024-07-19 03:32:12,2024-07-23 01:32:12,2024-07-19 03:39:12,2024-07-19 04:45:12,,Enterprise Requirements,false,,,,
LEAD1184,Blake,Turner,blake.turner@brightwelllabs.com,Brightwell Labs Inc.,Sales Operations Manager,24,NH,SMB,Content Download,35,Lead,Working,USR005,2026-09-02 03:38:21,,2026-09-02 08:12:21,2026-09-02 11:28:21,,,false,,,,
LEAD1185,Miles,Johnson,miles.johnson@evergreendistribution.com,Evergreen Distribution Solutions,Director of IT,158,ND,SMB,Outbound SDR,51,Marketing Qualified Lead,Connected,USR007,2024-03-16 14:56:21,2024-03-21 05:56:21,2024-03-16 17:30:21,2024-03-17 06:30:21,,,false,,,,
LEAD1186,Morgan,Shah,morgan.shah@ironwoodlabs.com,Ironwood Labs Inc.,Business Systems Manager,150,OH,SMB,Webinar / Event,76,Marketing Qualified Lead,Connected,USR007,2026-02-08 17:02:15,2026-02-10 22:02:15,2026-02-08 21:24:15,2026-02-09 00:10:15,,,false,,,,
LEAD1187,Alex,Hall,alex.hall@falconautomation.com,Falcon Automation Partners,Director of Operations,325,CO,Mid-Market,Organic Search,64,Lead,Disqualified,USR012,2024-05-29 05:34:58,,2024-05-29 11:28:58,,,Timing Not Right,false,,,,
LEAD1188,Ruby,Peterson,ruby.peterson@redwoodautomation.com,Redwood Automation Group,VP of Operations,48,TX,SMB,Outbound SDR,49,Lead,Nurture,USR006,2024-01-24 12:32:53,,2024-01-24 13:11:53,2024-01-25 00:11:53,,,false,,,,
LEAD1189,Riley,Wright,riley.wright@beaconholdings.com,Beacon Holdings Solutions,Solutions Architect,184,WA,SMB,Content Download,37,Lead,Nurture,USR008,2025-03-09 17:07:57,,2025-03-09 21:25:57,,,,false,,,,
LEAD1190,Natalie,Lewis,natalie.lewis@parksideautomation.com,Parkside Automation Co.,Director of Business Transformation,423,MD,Mid-Market,Content Download,68,Marketing Qualified Lead,Working,,2026-08-02 11:47:23,2026-08-05 20:47:23,,,,,false,,,,
LEAD1191,Grace,Jackson,grace.jackson@apexdistribution.com,Apex Distribution Group,Systems Manager,87,AL,SMB,Content Download,46,Marketing Qualified Lead,Working,USR006,2024-07-08 21:15:38,2024-07-12 00:15:38,2024-07-09 01:19:38,2024-07-09 03:54:38,,,false,,,,
LEAD1192,Morgan,Scott,morgan.scott@ironwoodnetworks.com,Ironwood Networks Co.,Project Manager,158,MI,SMB,Paid Search,55,Lead,Disqualified,USR007,2024-07-18 09:57:36,,2024-07-18 15:18:36,2024-07-18 18:36:36,,Enterprise Requirements,false,,,,
LEAD1193,Chloe,Brooks,chloe.brooks@beacon.com,Beacon Partners Co.,Project Manager,810,AZ,Mid-Market,Webinar / Event,74,Lead,Nurture,USR012,2024-07-11 17:59:22,,2024-07-11 18:54:22,2024-07-11 22:03:22,,,false,,,,
LEAD1194,Emerson,Perry,leah.wood@ironwoodresources.com,BluePeak Holdings LLC,IT Manager,110,FL,SMB,Inbound Demo Request,80,Marketing Qualified Lead,Working,USR006,2026-06-10 08:25:36,2026-06-12 05:25:36,2026-06-10 09:12:36,2026-06-10 09:52:36,,,false,,,,
LEAD1195,Liam,Shah,liam.shah@beaconautomation.com,Beacon Automation Inc.,Director of IT,138,AK,SMB,Inbound Demo Request,95,Marketing Qualified Lead,Connected,USR008,2024-04-14 16:44:00,2024-04-15 05:44:00,2024-04-14 17:18:00,2024-04-14 20:29:00,,,false,,,,
LEAD1196,Cole,Murphy,cole.murphy@clearpathautomation.com,ClearPath Automation Inc.,VP of Technology,842,CA,Mid-Market,Paid Search,58,Lead,Disqualified,USR012,2026-03-25 00:57:45,,2026-03-25 03:42:45,2026-03-25 04:10:45,,Timing Not Right,false,,,,
LEAD1197,Mason,Collins,mason.collins@westbrooksupply.com,Westbrook Supply Group,Operations Manager,634,NC,SMB,Paid Search,75,Marketing Qualified Lead,Connected,USR010,2024-10-07 20:11:05,2024-10-09 16:11:05,2024-10-07 22:22:05,2024-10-08 01:03:05,,,false,,,,
LEAD1198,Drew,Edwards,drew.edwards@eastgatetechnology.com,Eastgate Technology Partners,IT Manager,78,WV,SMB,Partner Referral,75,Lead,Qualified,USR005,2026-09-06 05:07:09,,2026-09-06 09:18:09,2026-09-06 18:18:09,,,false,,,,
LEAD1199,Reese,Miller,reese.miller@newbridgeworks.com,Newbridge Works Co.,Business Operations Manager,137,FL,SMB,Content Download,50,Lead,Working,USR006,2025-09-14 06:23:32,,2025-09-14 10:21:32,2025-09-14 12:58:32,,,false,,,,
LEAD1200,Cole,Kelly,cole.kelly@windwardautomation.com,Windward Automation Inc.,Enterprise Applications Manager,191,TX,SMB,Outbound SDR,48,Lead,Working,USR006,2025-11-24 10:23:58,,2025-11-24 15:18:58,2025-11-24 18:38:58,,,false,,,,
LEAD1201,Leo,Miller,leo.miller@liberty.com,Liberty Systems Group,Program Manager,142,TN,SMB,Outbound SDR,40,Lead,Working,USR006,2026-06-28 14:13:29,,2026-06-28 15:54:29,2026-06-28 16:29:29,,,false,,,,
LEAD1202,Leah,Smith,leah.smith@oakridgedynamics.com,Oakridge Dynamics Inc.,VP of Operations,130,KY,SMB,Organic Search,47,Lead,Disqualified,USR008,2025-05-29 06:13:01,,2025-05-29 07:42:01,2025-05-29 08:17:01,,Company Too Small,false,,,,
LEAD1203,Blake,Brooks,blake.brooks@beaconoperations.com,Beacon Operations LLC,Program Manager,186,NY,SMB,Outbound SDR,41,Lead,Working,USR005,2026-07-07 10:59:56,,2026-07-07 13:43:56,2026-07-07 14:03:56,,,false,,,,
LEAD1204,Quinn,Williams,quinn.williams@primeholdings.com,Prime Holdings Partners,Systems Manager,124,IN,SMB,Webinar / Event,58,Marketing Qualified Lead,Working,USR007,2024-07-11 11:38:31,2024-07-11 23:38:31,2024-07-11 17:16:31,2024-07-11 18:24:31,,,false,,,,
LEAD1205,Riley,Green,riley.green@clearpathoperations.com,ClearPath Operations Partners,Enterprise Applications Manager,851,PA,Mid-Market,Content Download,48,Lead,Qualified,USR009,2024-08-06 00:02:52,,2024-08-06 03:51:52,2024-08-06 05:51:52,,,false,,,,
LEAD1206,Grace,Peterson,grace.peterson@falconautomation.com,Falcon Automation Inc.,VP of Technology,50,CA,SMB,Webinar / Event,54,Marketing Qualified Lead,Disqualified,USR008,2025-12-09 00:24:08,2025-12-12 14:24:08,2025-12-09 03:46:08,2025-12-09 07:17:08,,No Budget,false,,,,
LEAD1207,Ethan,Collins,ethan.collins@windwardlogistics.com,Windward Logistics Co.,Solutions Architect,2168,FL,Upper Mid-Market,Paid Search,76,Marketing Qualified Lead,Working,USR010,2025-08-26 13:06:22,2025-08-27 16:06:22,2025-08-26 14:31:22,2025-08-26 18:10:22,,,false,,,,
LEAD1208,Owen,Reed,owen.reed@highlandcommerce.com,Highland Commerce Group,Sales Operations Manager,5,NY,,Organic Search,55,Lead,Working,,2024-12-28 21:01:29,,,,,,false,,,,
LEAD1209,Blake,Anderson,blake.anderson@atlasdistribution.com,Atlas Distribution Inc.,Director of Business Transformation,57,IN,SMB,Webinar,85,Marketing Qualified Lead,Nurture,USR007,2024-08-15 02:12:00,2024-08-15 17:12:00,2024-08-15 04:07:00,,,,false,,,,
LEAD1210,Olivia,Reed,olivia.reed@primeconsulting.com,Prime Consulting Inc.,Program Manager,791,FL,Mid-Market,Webinar / Event,59,Marketing Qualified Lead,Disqualified,USR010,2025-08-07 07:04:56,2025-08-10 12:04:56,2025-08-07 12:34:56,2025-08-08 23:34:56,,Enterprise Requirements,false,,,,
LEAD1211,Reese,Richardson,reese.richardson@cedarstonenetworks.com,Cedarstone Networks Solutions,Solutions Architect,178,DE,SMB,Inbound Demo Request,84,Marketing Qualified Lead,Working,USR005,2025-05-29 23:58:45,2025-06-01 01:58:45,2025-05-30 03:38:45,2025-05-30 07:17:45,,,false,,,,
LEAD1212,Leah,Martin,leah.martin@keystonetechnology.com,Keystone Technology Co.,VP of Operations,152,NY,SMB,Outbound SDR,46,Lead,Nurture,USR005,2026-01-28 12:35:18,,2026-01-28 18:06:18,2026-01-28 20:22:18,,,false,,,,
LEAD1213,Cameron,Mitchell,cameron.mitchell@keystoneconsulting.com,Keystone Consulting Systems,Systems Manager,67,UT,SMB,Partner Referral,83,Marketing Qualified Lead,New,USR008,2024-03-27 03:14:35,2024-03-29 16:14:35,2024-03-27 04:47:35,2024-03-27 07:25:35,,,false,,,,
LEAD1214,Evan,Carter,evan.carter@brightwellmanufacturing.com,Brightwell Manufacturing Co.,Enterprise Applications Manager,2458,CO,Upper Mid-Market,Partner Referral,79,Sales Qualified Lead,Qualified,USR012,2024-06-01 17:25:00,2024-06-02 13:25:00,2024-06-01 18:02:00,2024-06-02 19:02:00,2024-06-05 21:25:00,,false,,,,
LEAD1215,Olivia,Taylor,olivia.taylor@eastgateoperations.com,Eastgate Operations Co.,Director of Business Transformation,192,NY,SMB,Inbound Demo Request,81,Sales Qualified Lead,Qualified,USR005,2025-08-06 08:02:06,2025-08-08 20:02:06,2025-08-06 13:18:06,2025-08-06 16:49:06,2025-08-14 03:02:06,,false,,,,
LEAD1216,Noah,Smith,noah.smith@primemanufacturing.com,Prime Manufacturing Group,Solutions Architect,141,CO,SMB,Content Download,56,Lead,Working,USR008,2025-11-30 23:19:18,,2025-12-01 00:33:18,2025-12-01 21:33:18,,,false,,,,
LEAD1217,Lucas,Mitchell,lucas.mitchell@westbrooknetworks.com,Westbrook Networks Inc.,Business Systems Manager,883,VA,Mid-Market,Content Download,41,Lead,New,USR010,2024-08-04 15:56:35,,2024-08-04 21:19:35,,,,false,,,,
LEAD1218,Chloe,Murphy,chloe.murphy@riverbendconsulting.com,Riverbend Consulting Partners,IT Manager,348,NJ,Mid-Market,Organic Search,56,Lead,Nurture,USR009,2026-01-01 23:34:56,,2026-01-02 02:47:56,2026-01-02 05:53:56,,,false,,,,
LEAD1219,Jamie,Perry,jamie.perry@redwoodlabs.com,Redwood Labs Group,Systems Manager,167,TX,SMB,Paid Search,74,Marketing Qualified Lead,Working,USR006,2024-01-03 17:41:02,2024-01-05 08:41:02,2024-01-03 18:09:02,2024-01-03 20:45:02,,,false,,,,
LEAD1220,Grace,Carter,grace.carter@vertexdistribution.com,Vertex Distribution Group,Solutions Architect,67,GA,SMB,Paid Search,75,Marketing Qualified Lead,Working,USR007,2024-10-01 17:49:50,2024-10-01 18:49:50,2024-10-01 21:20:50,2024-10-02 00:53:50,,,false,,,,
LEAD1221,Emerson,Anderson,dakota.murphy@redwoodanalytics.com,Liberty Health Partners,Program Manager,1788,GA,Upper Mid-Market,Customer Referral,96,Sales Qualified Lead,Qualified,USR010,2026-09-14 21:30:57,2026-09-17 10:30:57,2026-09-15 00:03:57,2026-09-15 00:41:57,2026-09-18 11:30:57,,false,,,,
LEAD1222,Parker,Kim,parker.kim@cobalt.com,Cobalt Solutions Co.,Enterprise Applications Manager,162,FL,SMB,Inbound Demo Request,92,Sales Qualified Lead,Connected,USR006,2026-09-08 10:19:00,2026-09-11 02:19:00,2026-09-08 14:16:00,2026-09-08 17:43:00,2026-09-19 07:19:00,,false,,,,
LEAD1223,Ruby,Wright,ruby.wright@monarchholdings.com,Monarch Holdings Group,Program Manager,188,OH,Upper Mid-Market,Content Download,38,Lead,Nurture,USR007,2026-01-28 07:00:06,,2026-01-28 07:05:06,2026-01-29 07:05:06,,,false,,,,
LEAD1224,Nora,Murphy,nora.murphy@eastgateresources.com,Eastgate Resources Partners,VP of Operations,196,NY,SMB,Inbound Demo Request,76,Sales Qualified Lead,Qualified,USR005,2024-06-11 16:31:35,2024-06-15 05:31:35,2024-06-11 21:41:35,2024-06-11 23:31:35,2024-06-18 13:31:35,,false,,,,
LEAD1225,Ella,Jenkins,ella.jenkins@goldcrestindustries.com,Goldcrest Industries Group,Process Improvement Manager,145,NV,SMB,Paid Search,58,Marketing Qualified Lead,Working,USR008,2024-01-22 18:55:53,2024-01-23 08:55:53,2024-01-22 21:10:53,2024-01-24 01:10:53,,,false,,,,
LEAD1226,Natalie,Nguyen,natalie.nguyen@harborresources.com,Harbor Resources Inc.,Procurement Manager,21,TX,SMB,Outbound SDR,36,Lead,New,USR006,2024-05-16 04:24:35,,2024-05-16 09:30:35,,,,false,,,,
LEAD1227,Jamie,Taylor,jamie.taylor@cobalthealth.com,Cobalt Health Solutions,Process Improvement Manager,10,TN,,Outbound SDR,52,Lead,Working,,2024-12-19 04:48:32,,,,,,false,,,,
LEAD1228,Avery,Campbell,avery.campbell@solsticeresources.com,Solstice Resources Systems,Solutions Architect,700,IN,Mid-Market,Outbound SDR,76,Marketing Qualified Lead,Nurture,USR011,2026-09-11 13:01:12,2026-09-15 15:01:12,2026-09-11 16:55:12,2026-09-11 18:45:12,,,false,,,,
LEAD1229,Jordan,Jackson,jordan.jackson@mapleautomation.com,Maple Automation Partners,Enterprise Applications Manager,63,AK,SMB,Webinar / Event,68,Sales Qualified Lead,Connected,USR008,2024-09-19 01:08:10,2024-09-19 21:08:10,2024-09-19 02:36:10,2024-09-19 03:18:10,2024-09-25 16:08:10,,false,,,,
LEAD1230,Blake,Sanchez,blake.sanchez@atlas.com,Atlas Systems Group,Project Manager,204,DE,Mid-Market,Outbound SDR,41,Lead,Working,USR009,2024-12-28 07:25:53,,2024-12-28 09:59:53,2024-12-28 11:01:53,,,false,,,,
LEAD1231,Chloe,Green,jamie.perry@redwoodlabs.com,ClearPath Group Inc.,Director of Operations,815,TX,Mid-Market,Inbound Demo Request,94,Sales Qualified Lead,Qualified,USR010,2024-02-28 08:29:14,2024-03-01 01:29:14,2024-02-28 11:24:14,2024-02-28 12:33:14,2024-03-06 09:29:14,,false,,,,
LEAD1232,Grace,Young,grace.young@evergreenholdings.com,Evergreen Holdings Co.,Director of IT,16,CO,,Webinar / Event,63,Lead,Disqualified,,2025-01-21 06:42:32,,,,,Company Too Small,false,,,,
LEAD1233,Jack,Morgan,jack.morgan@copperanalytics.com,Copper Analytics Co.,Operations Manager,34,TN,SMB,Paid Search,72,Lead,Working,USR007,2025-08-30 01:14:59,,2025-08-30 01:22:59,2025-08-30 02:35:59,,,false,,,,
LEAD1234,Zoe,Bennett,zoe.bennett@newbridgenetworks.com,Newbridge Networks LLC,Business Systems Manager,440,CA,Mid-Market,Webinar / Event,62,Marketing Qualified Lead,Working,USR012,2024-04-13 08:38:49,2024-04-13 15:38:49,2024-04-13 10:21:49,2024-04-13 13:41:49,,,false,,,,
LEAD1235,Maya,Brooks,maya.brooks@goldcrestlogistics.com,Goldcrest Logistics LLC,Business Systems Manager,117,DE,SMB,Organic Search,76,Marketing Qualified Lead,Working,USR005,2024-07-18 17:34:51,2024-07-22 23:34:51,2024-07-18 21:22:51,2024-07-19 00:56:51,,,false,,,,
LEAD1236,Casey,Nguyen,casey.nguyen@libertynetworks.com,Liberty Networks Solutions,Business Systems Manager,962,WV,Mid-Market,Organic Search,61,Marketing Qualified Lead,Disqualified,USR009,2025-02-04 16:33:12,2025-02-05 09:33:12,2025-02-04 21:15:12,2025-02-04 23:07:12,,Duplicate Lead,false,,,,
LEAD1237,Sydney,Peterson,sydney.peterson@falconanalytics.com,Falcon Analytics LLC,Systems Manager,158,AZ,SMB,Partner Referral,70,Marketing Qualified Lead,Working,USR008,2026-05-03 01:05:23,2026-05-06 22:05:23,2026-05-03 01:13:23,2026-05-03 08:13:23,,,false,,,,
LEAD1238,Skyler,White,skyler.white@vertexindustries.com,Vertex Industries LLC,Business Operations Manager,112,FL,SMB,Inbound Demo Request,85,Sales Qualified Lead,Qualified,USR006,2025-06-23 10:12:40,2025-06-24 14:12:40,2025-06-23 12:16:40,2025-06-23 14:14:40,2025-06-25 04:12:40,,false,,,,
LEAD1239,Chloe,Miller,chloe.miller@sterlingresources.com,Sterling Resources Inc.,IT Manager,71,CA,SMB,Inbound Demo Request,87,Sales Qualified Lead,Qualified,USR008,2025-11-21 09:15:14,2025-11-25 17:15:14,2025-11-21 14:34:14,2025-11-21 15:07:14,2025-11-30 22:15:14,,false,,,,
LEAD1240,Casey,Cooper,casey.cooper@keystoneautomation.com,Keystone Automation Solutions,Process Improvement Manager,160,LA,SMB,Webinar / Event,54,Lead,New,USR006,2024-10-18 15:57:20,,2024-10-18 19:54:20,,,,false,,,,
LEAD1241,Owen,Jackson,owen.jackson@highlandhealth.com,Highland Health Group,Finance Director,959,NE,Mid-Market,Partner Referral,68,Marketing Qualified Lead,Nurture,USR011,2024-12-01 23:13:42,2024-12-05 13:13:42,2024-12-02 02:33:42,2024-12-03 07:33:42,,,false,,,,
LEAD1242,Emerson,Ortiz,emerson.ortiz@copperlogistics.com,Copper Logistics Co.,Systems Manager,4205,WA,,Paid Search,56,Lead,Disqualified,,2025-06-15 12:34:32,,,,,Enterprise Requirements,false,,,,
LEAD1243,Maya,Perry,maya.perry@brightwellautomation.com,Brightwell Automation Co.,Finance Director,176,WI,SMB,Organic Search,63,Marketing Qualified Lead,Connected,USR007,2024-06-11 12:54:55,2024-06-12 08:54:55,2024-06-11 13:38:55,2024-06-11 13:59:55,,,false,,,,
LEAD1244,Mia,Williams,mia.williams@prime.com,Prime Solutions LLC,Revenue Operations Manager,2087,NJ,Upper Mid-Market,Inbound Demo Request,78,Marketing Qualified Lead,Nurture,USR009,2025-12-22 23:01:08,2025-12-27 22:01:08,2025-12-23 03:41:08,2025-12-23 10:41:08,,,false,,,,
LEAD1245,Lily,Shah,lily.shah@copperdynamics.com,Copper Dynamics LLC,Finance Director,721,WY,Mid-Market,Webinar / Event,53,Lead,Disqualified,USR012,2024-11-23 10:44:19,,2024-11-23 16:17:19,2024-11-23 19:42:19,,Company Too Small,false,,,,
LEAD1246,Parker,Thomas,parker.thomas@beaconautomation.com,Beacon Automation Systems,Finance Director,49,AL,SMB,Outbound SDR,72,Marketing Qualified Lead,Connected,USR006,2025-09-02 11:26:58,2025-09-03 23:26:58,2025-09-02 15:45:58,2025-09-02 17:05:58,,,false,,,,
LEAD1247,Lucas,Hughes,lucas.hughes@cedarstonemanufacturing.com,Cedarstone Manufacturing Partners,Program Manager,109,NY,SMB,Outbound SDR,49,Lead,New,USR005,2024-11-26 13:12:14,,2024-11-26 17:27:14,,,,false,,,,
LEAD1248,Maya,Reed,maya.reed@apexlogistics.com,Apex Logistics LLC,Enterprise Applications Manager,1513,TX,Upper Mid-Market,Paid Search,67,Marketing Qualified Lead,Nurture,USR010,2024-07-23 03:12:45,2024-07-24 10:12:45,2024-07-23 07:53:45,2024-07-23 10:39:45,,,false,,,,
LEAD1249,Emerson,Ross,emerson.ross@lakesidetechnology.com,Lakeside Technology Partners,Procurement Manager,395,CA,Mid-Market,Paid Search,65,Lead,Nurture,USR012,2024-04-16 15:27:15,,2024-04-16 20:01:15,2024-04-16 22:52:15,,,false,,,,
LEAD1250,Chloe,Nguyen,chloe.nguyen@windwardenterprises.com,Windward Enterprises LLC,Procurement Manager,171,MI,SMB,Content Download,63,Marketing Qualified Lead,Connected,USR006,2024-03-02 15:00:13,2024-03-06 12:00:13,2024-03-02 16:04:13,2024-03-03 21:04:13,,,false,,,,
LEAD1251,Noah,Martin,noah.martin@westbrookanalytics.com,Westbrook Analytics Inc.,Process Improvement Manager,120,CA,SMB,Outbound SDR,38,Marketing Qualified Lead,Nurture,USR008,2025-02-17 03:19:11,2025-02-22 01:19:11,2025-02-17 05:57:11,2025-02-17 09:27:11,,,false,,,,
LEAD1252,Mason,Anderson,mason.anderson@harborholdings.com,Harbor Holdings Group,Solutions Architect,648,TX,SMB,Outbound SDR,78,Sales Qualified Lead,Qualified,USR010,2025-04-30 21:49:16,2025-05-05 10:49:16,2025-05-01 01:51:16,2025-05-01 02:18:16,2025-05-09 20:49:16,,false,,,,
LEAD1253,Skyler,Diaz,skyler.diaz@atlasservices.com,Atlas Services LLC,Operations Manager,894,MD,Mid-Market,Inbound Demo Request,92,Sales Qualified Lead,Qualified,USR009,2025-04-01 14:19:31,2025-04-05 00:19:31,2025-04-01 16:45:31,2025-04-01 18:02:31,2025-04-09 03:19:31,,false,,,,
LEAD1254,Noah,Jackson,noah.jackson@highlandservices.com,Highland Services Co.,Revenue Operations Manager,66,CA,SMB,Paid Search,53,Lead,Working,USR008,2024-06-05 19:10:08,,2024-06-05 23:20:08,2024-06-06 01:19:08,,,false,,,,
LEAD1255,Logan,Ortiz,logan.ortiz@falconmanufacturing.com,Falcon Manufacturing Systems,VP of Technology,1855,NC,Upper Mid-Market,Content Download,40,Lead,Nurture,USR010,2026-04-23 13:20:18,,2026-04-23 19:09:18,2026-04-23 20:27:18,,,false,,,,
LEAD1256,Quinn,White,quinn.white@brightwellsupply.com,Brightwell Supply Inc.,Procurement Manager,311,NY,Mid-Market,Content Download,64,Lead,Disqualified,USR009,2024-11-05 15:15:49,,2024-11-05 18:05:49,2024-11-05 19:05:49,,No Response,false,,,,
LEAD1257,Mia,Evans,mia.evans@oakridgeholdings.com,Oakridge Holdings LLC,Project Manager,352,WV,Mid-Market,Content Download,71,Sales Qualified Lead,Qualified,USR009,2024-02-07 17:00:38,2024-02-08 00:00:38,2024-02-07 17:36:38,2024-02-07 19:45:38,2024-02-13 13:00:38,,false,,,,
LEAD1258,Jamie,Garcia,jamie.garcia@solsticeautomation.com,Solstice Automation Co.,Systems Manager,304,OR,Mid-Market,Customer Referral,83,Marketing Qualified Lead,Connected,USR012,2024-04-21 13:41:22,2024-04-26 07:41:22,2024-04-21 16:59:22,2024-04-21 17:40:22,,,false,,,,
LEAD1259,Jack,Reed,jack.reed@windwardindustries.com,Windward Industries Group,Sales Operations Manager,297,IL,Mid-Market,Partner Referral,91,Sales Qualified Lead,Connected,USR011,2026-07-11 04:14:31,2026-07-12 18:14:31,2026-07-11 10:02:31,2026-07-11 13:33:31,2026-07-18 15:14:31,,false,,,,
LEAD1260,Miles,Patel,miles.patel@redwood.com,Redwood Partners Inc.,Enterprise Applications Manager,120,ND,SMB,Outbound SDR,66,Marketing Qualified Lead,Working,,2026-06-09 10:28:41,2026-06-09 13:28:41,,,,,false,,,,
LEAD1261,Casey,Walker,casey.walker@copperconsulting.com,Copper Consulting Systems,Solutions Architect,81,OK,SMB,Partner Referral,72,Lead,Nurture,USR006,2025-08-07 01:54:56,,2025-08-07 02:52:56,2025-08-07 06:24:56,,,false,,,,
LEAD1262,Lily,Lewis,lily.lewis@windwardindustries.com,Windward Industries Co.,Chief Operating Officer,35,VT,SMB,Content Download,43,Lead,New,USR005,2024-09-27 14:11:13,,2024-09-27 17:20:13,,,,false,,,,
LEAD1263,Ethan,Smith,ethan.smith@greenfielddistribution.com,Greenfield Distribution Co.,Chief Operating Officer,24,GA,SMB,Inbound Demo Request,92,Sales Qualified Lead,Qualified,USR006,2024-01-20 00:18:32,2024-01-22 04:18:32,2024-01-20 04:17:32,2024-01-20 05:27:32,2024-01-31 16:18:32,,false,,,,
LEAD1264,Dakota,Diaz,dakota.diaz@granite.com,Granite Systems LLC,Finance Director,478,DE,Mid-Market,Paid Search,76,Lead,Working,USR009,2026-09-08 13:05:05,,2026-09-08 17:13:05,2026-09-08 18:38:05,,,false,,,,
LEAD1265,Ava,Foster,ava.foster@solsticehealth.com,Solstice Health Solutions,VP of Technology,1674,RI,Upper Mid-Market,Customer Referral,70,Marketing Qualified Lead,Nurture,USR009,2024-10-22 10:41:43,2024-10-23 05:41:43,2024-10-22 15:09:43,2024-10-22 17:15:43,,,false,,,,
LEAD1266,Quinn,Reed,quinn.reed@brightwellindustries.com,Brightwell Industries Partners,Operations Manager,355,ME,Mid-Market,Partner Referral,85,Lead,Nurture,USR009,2026-01-19 20:06:06,,2026-01-20 01:56:06,2026-01-20 05:19:06,,,false,,,,
LEAD1267,Dakota,Ortiz,dakota.ortiz@highlanddistribution.com,Highland Distribution LLC,Enterprise Applications Manager,186,NJ,SMB,Customer Referral,78,Lead,New,USR005,2025-12-21 20:15:47,,2025-12-21 20:50:47,,,,false,,,,
LEAD1268,Jack,Edwards,jack.edwards@primeservices.com,Prime Services Partners,Sales Operations Manager,107,MA,SMB,Inbound Demo Request,90,Sales Qualified Lead,Qualified,USR005,2024-09-30 19:30:41,2024-10-01 01:30:41,2024-09-30 23:44:41,2024-10-01 02:01:41,2024-10-07 12:30:41,,false,,,,
LEAD1269,Leah,Peterson,leah.peterson@solsticedynamics.com,Solstice Dynamics Solutions,VP of Operations,108,RI,SMB,Customer Referral,82,Marketing Qualified Lead,Connected,USR005,2026-04-13 11:36:48,2026-04-14 22:36:48,2026-04-13 16:01:48,2026-04-15 04:01:48,,,false,,,,
LEAD1270,Mason,Lewis,mason.lewis@crescent.com,Crescent Solutions Partners,Business Operations Manager,164,CO,SMB,Paid Search,52,Lead,Disqualified,USR008,2026-08-09 07:54:17,,2026-08-09 09:22:17,2026-08-10 03:22:17,,Enterprise Requirements,false,,,,
LEAD1271,Blake,Smith,evan.reed@rivertoncommerce.com,Cobalt Consulting Group,Process Improvement Manager,351,NY,Mid-Market,Outbound SDR,79,Sales Qualified Lead,Qualified,USR009,2024-09-01 20:54:42,2024-09-06 01:54:42,2024-09-02 01:06:42,2024-09-02 01:16:42,2024-09-07 00:54:42,,false,,,,
LEAD1272,Hayden,Rivera,hayden.rivera@cobalt.com,Cobalt Systems Inc.,Operations Manager,189,ND,SMB,,85,Sales Qualified Lead,Qualified,USR007,2026-02-08 14:16:25,2026-02-12 05:16:25,2026-02-08 18:15:25,2026-02-09 13:15:25,2026-02-13 21:16:25,,false,,,,
LEAD1273,Ella,White,ella.white@cobaltlabs.com,Cobalt Labs Solutions,VP of Operations,42,CA,SMB,Outbound SDR,78,Sales Qualified Lead,Qualified,USR008,2025-01-31 17:29:05,2025-02-03 17:29:05,2025-01-31 19:45:05,2025-01-31 22:06:05,2025-02-04 13:29:05,,false,,,,
LEAD1274,Blake,Reed,blake.reed@greenfieldmanufacturing.com,Greenfield Manufacturing Group,Systems Manager,253,NY,Mid-Market,Organic Search,79,Marketing Qualified Lead,Connected,USR009,2024-04-07 02:02:14,2024-04-10 01:02:14,2024-04-07 04:44:14,2024-04-07 06:13:14,,,false,,,,
LEAD1275,Alex,Richardson,alex.richardson@bridgepointtechnology.com,Bridgepoint Technology Partners,Director of Operations,43,AR,SMB,Outbound SDR,61,Marketing Qualified Lead,Nurture,USR006,2026-02-08 20:46:34,2026-02-12 06:46:34,2026-02-09 00:41:34,2026-02-09 02:11:34,,,false,,,,
LEAD1276,Mia,Nelson,olivia.patel@falconholdings.com,Silverline Enterprises Group,Revenue Operations Manager,326,MA,Mid-Market,Webinar / Event,69,Marketing Qualified Lead,Nurture,USR009,2025-07-05 06:24:57,2025-07-06 00:24:57,2025-07-05 06:31:57,2025-07-05 07:54:57,,,false,,,,
LEAD1277,Ella,Wright,ella.wright@newbridgeautomation.com,Newbridge Automation Solutions,Enterprise Applications Manager,476,KY,Mid-Market,Organic Search,64,Marketing Qualified Lead,Disqualified,,2025-10-04 13:15:09,2025-10-05 06:15:09,,,,Duplicate Lead,false,,,,
LEAD1278,Grace,Foster,grace.foster@apexsupply.com,Apex Supply Group,Director of Operations,197,MD,SMB,Outbound SDR,35,Lead,New,USR005,2026-04-06 19:35:53,,2026-04-06 21:57:53,,,,false,,,,
LEAD1279,Parker,Perry,parker.perry@atlasdynamics.com,Atlas Dynamics Group,Chief Operating Officer,2044,DE,Upper Mid-Market,Organic Search,52,Marketing Qualified Lead,Disqualified,USR009,2024-08-04 02:43:28,2024-08-06 10:43:28,2024-08-04 04:46:28,2024-08-04 07:56:28,,Duplicate Lead,false,,,,
LEAD1280,Blake,Nguyen,blake.nguyen@cobaltlogistics.com,Cobalt Logistics Inc.,Operations Manager,785,CA,Mid-Market,Organic Search,75,Marketing Qualified Lead,Working,USR012,2024-06-23 20:37:51,2024-06-24 01:37:51,2024-06-23 22:29:51,2024-06-24 01:21:51,,,false,,,,
LEAD1281,Quinn,Price,quinn.price@greenfieldautomation.com,Greenfield Automation Partners,Solutions Architect,821,NH,Mid-Market,Webinar / Event,80,Sales Qualified Lead,Qualified,USR009,2025-01-25 23:19:57,2025-01-27 21:19:57,2025-01-26 05:06:57,2025-01-26 07:17:57,2025-02-03 19:19:57,,false,,,,
LEAD1282,Sophia,Johnson,sophia.johnson@monarchautomation.com,Monarch Automation Solutions,VP of Operations,172,PA,SMB,Content Download,53,Marketing Qualified Lead,Connected,USR005,2025-07-29 06:44:38,2025-08-01 19:44:38,2025-07-29 10:43:38,2025-07-29 11:24:38,,,false,,,,
LEAD1283,Chloe,Brooks,chloe.brooks@primenetworks.com,Prime Networks Co.,Business Operations Manager,34,IL,SMB,Inbound Demo Request,86,Marketing Qualified Lead,Disqualified,USR007,2024-03-10 23:45:50,2024-03-12 06:45:50,2024-03-11 04:54:50,2024-03-11 05:32:50,,No Response,false,,,,
LEAD1284,Dakota,Miller,dakota.miller@liberty.com,Liberty Systems LLC,Business Operations Manager,16,WA,,Organic Search,59,Lead,Disqualified,,2025-10-25 16:47:53,,,,,Company Too Small,false,,,,
LEAD1285,Drew,Williams,drew.williams@oakridgeresources.com,Oakridge Resources LLC,IT Manager,105,OH,SMB,Organic Search,48,Marketing Qualified Lead,Connected,USR007,2024-03-09 18:50:57,2024-03-13 02:50:57,2024-03-09 22:39:57,2024-03-09 23:45:57,,,false,,,,
LEAD1286,Caleb,Roberts,caleb.roberts@rivertonholdings.com,Riverton Holdings Systems,Director of IT,770,FL,Mid-Market,Inbound Demo Request,75,Sales Qualified Lead,Connected,USR010,2024-06-07 00:50:07,2024-06-08 19:50:07,2024-06-07 03:23:07,2024-06-07 04:37:07,2024-06-15 21:50:07,,false,,,,
LEAD1287,Morgan,Hayes,morgan.hayes@highlanddistribution.com,Highland Distribution Partners,VP of Technology,284,AZ,SMB,Organic Search,44,Lead,New,USR010,2025-09-13 11:41:20,,2025-09-13 16:04:20,,,,false,,,,
LEAD1288,Grant,Bennett,grant.bennett@falcon.com,Falcon Group Inc.,Business Operations Manager,1180,MN,Upper Mid-Market,Organic Search,72,Sales Qualified Lead,Qualified,USR011,2024-11-28 21:00:07,2024-11-30 13:00:07,2024-11-29 00:59:07,2024-11-29 21:59:07,2024-12-06 06:00:07,,false,,,,
LEAD1289,Lucas,Perry,lucas.perry@atlasenterprises.com,Atlas Enterprises Co.,VP of Technology,167,AZ,SMB,Partner Referral,66,Lead,New,USR006,2024-06-07 03:18:26,,2024-06-07 03:55:26,,,,false,,,,
LEAD1290,Cameron,Smith,cameron.smith@parksideconsulting.com,Parkside Consulting Systems,Director of Operations,181,FL,SMB,Organic Search,55,Lead,Disqualified,USR006,2024-11-30 10:01:01,,2024-11-30 14:21:01,2024-12-01 05:21:01,,Timing Not Right,false,,,,
LEAD1291,Cole,Martin,cole.martin@atlas.com,Atlas Partners Inc.,Procurement Manager,268,VT,Mid-Market,Organic Search,54,Lead,Nurture,USR012,2024-02-26 16:08:14,,2024-02-26 20:24:14,2024-02-26 23:04:14,,,false,,,,
LEAD1292,Dakota,Hayes,dakota.hayes@clearpathcommerce.com,ClearPath Commerce Solutions,Revenue Operations Manager,840,IA,Mid-Market,Content Download,37,Lead,New,USR011,2025-09-08 11:23:40,,2025-09-08 14:02:40,,,,false,,,,
LEAD1293,Cameron,Hall,cameron.hall@atlasindustries.com,Atlas Industries Co.,Process Improvement Manager,99,NJ,SMB,Webinar / Event,81,Sales Qualified Lead,Qualified,USR005,2024-05-31 05:25:29,2024-06-01 08:25:29,2024-05-31 06:32:29,2024-06-01 07:32:29,2024-06-08 07:25:29,,false,,,,
LEAD1294,Morgan,Sanchez,morgan.sanchez@summitmanufacturing.com,Summit Manufacturing Partners,Chief Operating Officer,188,UT,SMB,Content Download,54,Lead,Nurture,USR008,2024-08-05 10:55:17,,2024-08-05 13:30:17,2024-08-05 15:53:17,,,false,,,,
LEAD1295,Ella,Cooper,ella.cooper@westbrookanalytics.com,Westbrook Analytics LLC,Solutions Architect,912,PA,Mid-Market,Organic Search,55,Lead,Disqualified,USR010,2026-02-04 15:25:51,,2026-02-04 18:57:51,2026-02-04 19:07:51,,No Response,false,,,,
LEAD1296,Olivia,Evans,olivia.evans@apexholdings.com,Apex Holdings Inc.,Director of Operations,164,GA,SMB,Paid Search,80,Marketing Qualified Lead,Working,USR006,2024-11-10 03:47:01,2024-11-11 21:47:01,2024-11-10 05:27:01,2024-11-10 07:58:01,,,false,,,,
LEAD1297,Taylor,Patel,taylor.patel@eastgateconsulting.com,Eastgate Consulting Co.,VP of Operations,970,TX,Mid-Market,Paid Search,62,Marketing Qualified Lead,Nurture,USR010,2025-09-21 18:10:46,2025-09-22 16:10:46,2025-09-21 18:47:46,2025-09-22 09:47:46,,,false,,,,
LEAD1298,Nora,Brooks,nora.brooks@solsticeautomation.com,Solstice Automation LLC,Director of Business Transformation,327,AZ,Mid-Market,Paid Search,78,Marketing Qualified Lead,Working,USR012,2026-06-20 02:44:51,2026-06-23 02:44:51,2026-06-20 03:25:51,2026-06-20 05:58:51,,,false,,,,
LEAD1299,Quinn,Brooks,skyler.hall@apexlabs.com,Ironwood Partners Partners,VP of Technology,1489,FL,Upper Mid-Market,Customer Referral,74,Sales Qualified Lead,Qualified,USR010,2026-09-10 19:20:29,2026-09-14 23:20:29,2026-09-10 20:11:29,2026-09-10 22:25:29,2026-09-19 02:20:29,,false,,,,
LEAD1300,Noah,Nguyen,noah.nguyen@primedistribution.com,Prime Distribution Co.,VP of Operations,83,WY,SMB,Inbound Demo Request,96,Sales Qualified Lead,Connected,USR008,2024-05-13 06:15:21,2024-05-16 11:15:21,2024-05-13 10:02:21,2024-05-13 12:27:21,2024-05-23 00:15:21,,false,,,,
