opportunity_id,opportunity_name,account_id,primary_contact_id,owner_id,opportunity_type,lead_source,created_at,stage,stage_probability,forecast_category,expected_close_date,actual_close_date,next_step,last_activity_date,closed_lost_reason,list_arr,discount_pct,net_arr,contract_term_months,subscription_tcv,implementation_fee_list,implementation_discount_pct,implementation_fee_booked,payment_terms,billing_schedule,custom_pricing_flag,nonstandard_contract_terms,deal_desk_required
OPP0001,Clearwater Consulting - Expansion,ACC0162,CON0329,USR006,Expansion,Inbound Demo Request,2024-07-21 00:00:00,Closed Won,100,Closed,2024-09-28,2024-08-29,,2024-08-24,,6000,5.9,5646,12,5646,0,0,0,Net 30,Annual in Advance,false,false,false
OPP0002,Northstar Business Solutions Inc. - New Business,ACC0142,CON0291,USR012,New Business,Customer Referral,2024-04-02 18:49:50,Proposal,60,Pipeline,2026-10-28,,Confirm commercial feedback,2026-09-02,,28000,0.6,27832,12,27832,5000,1.5,4925,Net 30,Annual in Advance,false,false,false
OPP0003,Sterling Distribution - New Business,ACC0060,CON0118,USR011,New Business,Partner Referral,2024-03-22 00:00:00,Closed Won,100,Closed,2024-05-08,2024-05-08,,2024-05-08,,30000,7.8,27660,12,27660,10000,3.1,9690,Net 30,Annual in Advance,false,false,false
OPP0004,ClearPath Industrial - New Business,ACC0029,CON0062,USR006,New Business,Inbound Demo Request,2025-10-21 08:54:11,Closed Lost,10,Closed,2025-12-30,2026-01-29,,2026-01-24,Lost contact,24000,18.6,19536,24,39072,5000,8.1,4595,Other,Annual in Advance,false,true,true
OPP0005,Elmwood Freight - New Business,ACC0013,CON0034,USR012,New Business,Content Download,2026-09-10 23:16:42,Proposal,60,Best Case,2026-11-08,,Confirm commercial feedback,2026-09-14,,88000,0.2,87824,24,175648,20000,1,19800,Net 30,Annual in Advance,true,false,true
OPP0006,PrimePoint Software - New Business,ACC0122,CON0248,USR010,New Business,Organic Search,2026-08-27 20:45:59,Qualification,25,Pipeline,2026-11-11,,Review technical requirements,2026-09-02,,100000,0.8,99200,24,198400,20000,21,15800,Net 30,Annual in Advance,false,false,true
OPP0007,Cobalt Precision Works - New Business,ACC0166,CON0336,USR007,New Business,Organic Search,2026-03-01 09:49:27,Proposal,60,Best Case,2026-11-07,,Confirm commercial feedback,2026-09-20,,12000,24.9,9012,12,9012,5000,2.9,4855,Net 30,Annual in Advance,false,false,true
OPP0008,Catalyst Health Partners Inc. - New Business,ACC0296,CON0591,USR012,New Business,Outbound SDR,2025-07-28 13:38:46,Closed Won,100,Closed,2025-11-04,2025-10-05,,2025-10-02,,38000,5.3,35986,36,107958,10000,5.9,9410,Net 30,Annual in Advance,false,false,false
OPP0009,Sterling Medical Group - New Business,ACC0052,CON0103,USR009,New Business,Organic Search,2026-06-14 11:55:48,Discovery,10,Pipeline,2026-11-02,,Schedule discovery follow-up,2026-09-04,,86000,15.4,72756,12,72756,20000,7.7,18460,Net 60,Annual in Advance,false,false,true
OPP0010,Ridgeview Marketplace - New Business,ACC0144,CON0294,USR006,New Business,,2026-08-05 20:00:00,Solution Evaluation,40,Pipeline,2026-11-09,,Review integration requirements,2026-09-02,,20000,0.4,19920,12,19920,5000,11.2,4440,Net 30,Quarterly,false,false,true
OPP0011,Rivermark Digital - New Business,ACC0100,CON0204,USR009,New Business,Content Download,2026-08-08 13:00:00,Solution Evaluation,40,Pipeline,2026-11-14,,Review integration requirements,2026-09-21,,78000,18.1,63882,12,63882,20000,7.6,18480,Net 30,Annual in Advance,false,false,true
OPP0012,Riverbend Systems Group - New Business,ACC0201,CON0395,USR008,New Business,Partner Referral,2023-05-02 07:51:14,Closed Won,100,Closed,2023-06-05,2023-06-05,,2023-06-02,,20000,3.8,19240,12,19240,5000,7.8,4610,Net 30,Annual in Advance,false,false,false
OPP0013,Bluewater Freight - New Business,ACC0241,CON0486,USR007,New Business,Outbound SDR,2026-09-11 17:00:00,Qualification,25,Pipeline,2026-10-24,,Validate budget and timing,2026-09-14,,18000,9,16380,12,16380,5000,6,4700,Net 30,Annual in Advance,false,false,false
OPP0014,PrimePoint Commerce Inc. - New Business,ACC0157,CON0319,USR007,New Business,Content Download,2026-08-05 06:58:36,Solution Evaluation,40,Pipeline,2026-10-14,,Review integration requirements,2026-09-08,,42000,23.7,32046,12,32046,10000,9.7,9030,Net 30,Annual in Advance,false,false,true
OPP0015,Evergreen Wealth Partners LLC - New Business,ACC0074,CON0151,USR012,New Business,Customer Referral,2026-01-24 20:26:39,Closed Lost,0,Closed,2026-04-03,2026-03-27,,2026-03-22,No decision,68000,7.9,62628,12,62628,20000,11.5,17700,Net 30,Annual in Advance,false,false,false
OPP0016,Northstar Business Solutions Inc. - New Business,ACC0142,CON0290,USR012,New Business,Outbound SDR,2023-10-23 17:50:18,Closed Lost,0,Closed,2024-01-19,2024-01-19,,2024-01-14,Pricing,42000,3.7,40446,24,80892,10000,6.5,9350,Net 60,Annual in Advance,false,false,true
OPP0017,Skyline Health Partners - New Business,ACC0073,CON0149,USR006,New Business,Paid Search,2025-09-13 00:00:00,Closed Won,40,Closed,2025-11-01,2025-10-25,,2025-10-25,,16000,8.3,14672,12,14672,5000,15.6,4220,Net 30,Annual in Advance,true,false,true
OPP0018,Skyline Precision Works Group - New Business,ACC0136,CON0274,USR010,New Business,Outbound SDR,2026-05-10 20:11:33,Closed Won,100,Closed,2026-08-23,2026-07-24,,2026-07-24,,20000,12.6,17480,12,17480,5000,17.8,4110,Net 30,Annual in Advance,false,false,true
OPP0019,Sterling Labs - New Business,ACC0067,CON0135,USR012,New Business,Paid Search,2026-08-20 18:00:00,Qualification,25,Pipeline,2026-11-26,,Confirm decision process,2026-09-16,,30000,5.5,28350,24,56700,10000,15.4,8460,Net 30,Annual in Advance,false,false,false
OPP0020,Maplewood Consulting - New Business,ACC0219,CON0438,USR012,New Business,Outbound SDR,2026-03-13 13:54:05,Closed Won,100,Closed,2026-07-17,2026-06-17,,2026-06-17,,88000,1.5,86680,24,173360,20000,6.2,18760,Net 30,Annual in Advance,false,false,false
OPP0021,Highland Fabrication - Expansion,ACC0072,CON0147,USR011,Expansion,Webinar / Event,2026-06-09 08:24:46,Closed Won,10,Closed,2026-07-31,2026-07-31,,2026-07-29,,12000,7.2,11136,12,11136,0,0,0,Net 30,Annual in Advance,false,true,true
OPP0022,Granite Peak Freight - New Business,ACC0019,CON0043,USR008,New Business,Customer Referral,2025-11-07 21:02:19,Closed Lost,0,Closed,2025-12-14,2025-11-30,,2025-11-24,No budget,24000,2.2,23472,12,23472,5000,4.2,4790,Net 30,Annual in Advance,false,true,true
OPP0023,Fairview Advisory Partners - New Business,ACC0192,CON0382,USR008,New Business,Content Download,2026-06-17 18:00:00,Commit,90,Commit,2026-10-01,,Confirm signature timeline,2026-09-18,,20000,6.9,18620,12,18620,5000,4.2,4790,Net 30,Annual in Advance,false,false,false
OPP0024,Suncrest Systems - New Business,ACC0298,CON0596,USR011,New Business,Webinar / Event,2025-03-17 12:42:30,Closed Lost,0,Closed,2025-05-25,2025-05-25,,2025-05-25,Project delayed,46000,8.4,42136,12,42136,10000,17.1,8290,Net 30,Annual in Advance,false,false,false
OPP0025,Cobalt Supply Chain LLC - New Business,ACC0140,CON0285,USR012,New Business,Paid Search,2022-06-24 23:54:34,Closed Won,100,Closed,2022-11-06,2022-10-07,,2022-10-07,,88000,4.5,84040,12,84040,20000,24.8,15040,Net 30,Annual in Advance,false,false,true
OPP0026,Sterling Digital - New Business,ACC0257,CON0516,USR011,New Business,Outbound SDR,2023-03-03 04:35:46,Closed Won,100,Closed,2023-06-10,2023-05-27,,2023-05-24,,68000,18.2,55624,12,55624,20000,3.3,19340,Other,Annual in Advance,false,false,true
OPP0027,Bluewater Contracting - New Business,ACC0173,CON0351,USR008,New Business,Content Download,2026-03-09 07:52:13,Solution Evaluation,40,Pipeline,2026-11-22,,,2026-08-31,,28000,23.9,21308,12,21308,5000,1,4950,Net 30,Quarterly,false,false,true
OPP0028,Crownstone Business Solutions Group - Expansion,ACC0117,CON0237,USR009,Expansion,Partner Referral,2026-06-05 06:47:44,Closed Won,100,Closed,2026-07-20,2026-07-27,,2026-07-20,,18000,1.9,17658,24,35316,0,0,0,Net 45,Annual in Advance,false,true,true
OPP0029,Vertex Services Group Group - New Business,ACC0177,CON0358,USR006,New Business,Inbound Demo Request,2026-09-04 15:09:27,Solution Evaluation,40,Pipeline,2026-11-05,,Review integration requirements,2026-07-30,,24000,23.7,18312,12,18312,5000,21.1,3945,Net 30,Annual in Advance,false,false,true
OPP0030,ClearPath Support Services - Expansion,ACC0184,CON0369,USR007,Expansion,Outbound SDR,2026-07-09 08:00:00,Negotiation / Legal,80,Best Case,2026-08-15,,Review procurement terms,2026-08-30,,18000,9.1,16362,12,16362,0,0,0,Net 30,Quarterly,false,false,true
OPP0031,Brightwell Operations Group - New Business,ACC0186,CON0372,USR009,New Business,Partner Referral,2025-02-09 00:00:00,Closed Won,100,Closed,2025-03-25,2025-04-08,,2025-04-02,,38000,0.6,37772,12,37772,10000,7.9,9210,Net 45,Annual in Advance,false,false,true
OPP0032,Fairview Advisory Partners - New Business,ACC0192,,USR008,New Business,Content Download,2026-08-22 09:00:00,Qualification,25,Pipeline,2026-12-02,,Review technical requirements,2026-09-17,,30000,15.7,25290,12,25290,5000,6.2,4690,Net 45,Annual in Advance,false,false,true
OPP0033,Silver Oak Systems Group - New Business,ACC0283,CON0566,USR006,New Business,Inbound Demo Request,2026-08-13 13:00:00,Negotiation / Legal,60,Best Case,2026-10-22,,Resolve contract comments,2026-09-19,,30000,1.7,29490,12,29490,10000,15.9,8410,Net 30,Annual in Advance,false,false,false
OPP0034,Ridgeview Retail Group - Expansion,ACC0084,CON0171,USR010,Expansion,,2026-07-03 19:00:00,Commit,90,Commit,2026-09-26,,Send final agreement for signature,2026-09-15,,12000,32.6,8088,12,8088,0,0,0,Net 30,Annual in Advance,false,false,true
OPP0035,Bluewater Freight - New Business,ACC0241,CON0486,USR007,New Business,Outbound SDR,2026-09-11 12:00:00,Qualification,25,Pipeline,2026-08-10,,Confirm decision process,2026-09-18,,24000,6.9,22344,12,22344,5000,0.2,4990,Net 30,Annual in Advance,false,false,false
OPP0036,Fairview Commerce Group - Expansion,ACC0261,CON0523,USR012,Expansion,Inbound Demo Request,2024-04-03 00:00:00,Closed Won,100,Closed,2024-06-05,2024-06-05,,2024-05-31,,32000,8.2,29376,12,29376,0,0,0,Net 30,Annual in Advance,false,false,false
OPP0037,Bluewater Health Partners - New Business,ACC0003,CON0009,USR009,New Business,Inbound Demo Request,2024-08-03 10:19:06,Closed Lost,0,Closed,2024-09-21,2024-10-05,,2024-10-04,No decision,44000,23.8,33528,24,67056,10000,6.6,9340,Net 60,Annual in Advance,false,true,true
OPP0038,Sterling Advisory - Expansion,ACC0106,CON0213,USR009,Expansion,Paid Search,2024-02-24 20:15:31,Closed Won,60,Closed,2024-05-03,2024-04-19,,2024-04-16,,28000,5.6,26432,12,26432,0,0,0,Net 30,Annual in Advance,false,false,false
OPP0039,Beacon Freight - New Business,ACC0225,CON0452,USR012,New Business,Content Download,2026-04-30 00:00:00,Closed Won,100,Closed,2026-08-05,2026-08-05,,2026-07-29,,92000,6.4,86112,12,86112,20000,2.7,19460,Net 30,Annual in Advance,false,false,false
OPP0040,Bluewater Precision Works - New Business,ACC0036,CON0078,USR008,New Business,Paid Search,2026-09-03 23:00:00,Discovery,10,Pipeline,2026-12-10,,Confirm business requirements,2026-09-07,,12000,12.3,10524,12,10524,5000,7.3,4635,Net 30,Annual in Advance,false,false,true
OPP0041,Parkline Manufacturing - New Business,ACC0216,CON0428,USR011,New Business,Content Download,2022-12-02 11:17:12,Closed Lost,0,Closed,2023-03-02,2023-02-16,,2023-02-11,Competitor selected,38000,29.1,26942,12,26942,10000,8.2,9180,Net 30,Annual in Advance,false,false,true
OPP0042,Crescent Solutions - New Business,ACC0258,CON0517,USR012,New Business,Inbound Demo Request,2026-02-14 17:46:07,Closed Won,100,Closed,2026-05-06,2026-04-06,,2026-04-02,,60000,3.7,57780,12,57780,20000,16.3,16740,Net 30,Annual in Advance,false,false,false
OPP0043,Suncrest Systems - New Business,ACC0298,CON0595,USR011,New Business,Webinar / Event,2026-07-05 10:00:00,Proposal,60,Best Case,2026-10-06,,Review proposal with buyer,2026-09-02,,34000,7.9,31314,24,62628,10000,23.6,7640,Net 30,Annual in Advance,false,false,true
OPP0044,Foxbridge Labs LLC - New Business,ACC0286,CON0569,USR012,New Business,Paid Search,2022-08-08 01:12:22,Closed Won,100,Closed,2022-11-18,2022-11-04,,2022-10-31,,86000,3.3,83162,12,83162,20000,10.5,17900,Net 30,Annual in Advance,false,false,false
OPP0045,Silver Oak Professional Services LLC - New Business,ACC0237,CON0477,USR009,New Business,Content Download,2026-09-01 13:20:33,Commit,90,Commit,2026-09-27,,Complete final procurement steps,2026-09-07,,36000,19,29160,12,29160,10000,3.4,9660,Net 30,Annual in Advance,false,true,true
OPP0046,Westlake Support Services Group - New Business,ACC0239,CON0482,USR012,New Business,Organic Search,2025-01-17 00:00:00,Closed Won,100,Closed,2025-04-18,2025-04-04,,2025-03-30,,42000,2.2,41076,12,41076,10000,15.6,8440,Net 30,Monthly,false,false,true
OPP0047,Foxbridge Financial Group - New Business,ACC0099,CON0200,USR008,New Business,Organic Search,2025-06-06 14:10:17,Closed Lost,0,Closed,2025-06-17,2025-07-01,,2025-06-24,Pricing,12000,0.8,11904,12,11904,5000,19.2,4040,Net 30,Annual in Advance,false,false,false
OPP0048,Redwood Operations - New Business,ACC0163,CON0330,USR006,New Business,Organic Search,2023-05-12 01:50:40,Closed Lost,0,Closed,2023-06-12,2023-06-12,,2023-06-12,Requirements not met,38000,0.5,37810,12,37810,10000,6.5,9350,Net 30,Annual in Advance,false,false,false
OPP0049,Apex Marketplace - New Business,ACC0269,CON0538,USR009,New Business,Organic Search,2023-09-04 03:02:15,Closed Lost,0,Closed,2023-12-03,2023-11-26,,2023-11-22,Project delayed,34000,0.7,33762,36,101286,10000,6,9400,Net 60,Annual in Advance,true,false,true
OPP0050,Arbor Care Network - New Business,ACC0277,CON0554,USR010,New Business,Content Download,2025-12-27 03:25:25,Closed Lost,0,Closed,2026-02-27,2026-02-13,,2026-02-13,Competitor selected,50000,22.7,38650,24,77300,10000,4.1,9590,Net 30,Annual in Advance,false,false,true
OPP0051,BluePeak Construction - New Business,ACC0181,CON0363,USR010,New Business,Inbound Demo Request,2026-07-19 15:16:00,Closed Lost,0,Closed,2026-09-11,2026-09-04,,2026-08-30,Requirements not met,34000,11.3,30158,36,90474,10000,6.2,9380,Net 60,Annual in Advance,false,false,true
OPP0052,Arbor Financial Services - Expansion,ACC0080,CON0163,USR012,Expansion,Paid Search,2024-08-12 00:00:00,Closed Won,100,Closed,2024-10-07,2024-10-07,,2024-09-30,,16000,5.1,15184,24,30368,0,0,0,Net 30,Annual in Advance,false,false,false
OPP0053,Arbor Software Inc. - New Business,ACC0148,CON0301,USR006,New Business,Webinar / Event,2026-06-12 18:00:00,Commit,90,Commit,2026-10-02,,Complete final procurement steps,2026-09-01,,34000,5.5,32130,36,96390,5000,2.8,4860,Net 30,Annual in Advance,false,false,false
OPP0054,Clearwater Support Services Group - New Business,ACC0202,CON0396,USR011,New Business,Outbound SDR,2026-02-13 03:04:06,Closed Lost,0,Closed,2026-05-24,2026-04-24,,2026-04-18,Competitor selected,54000,5.4,51084,24,102168,10000,15.3,8470,Net 30,Annual in Advance,false,false,false
OPP0055,Cobalt Health Services - Expansion,ACC0115,CON0232,USR011,Expansion,Organic Search,2024-11-14 00:00:00,Closed Won,100,Closed,2025-03-12,2025-02-10,,2025-02-10,,12000,5,11400,24,22800,0,0,0,Net 30,Annual in Advance,false,false,false
OPP0056,Arbor Learning Systems Group - New Business,ACC0043,CON0086,USR006,New Business,Webinar / Event,2023-09-16 05:59:17,Closed Lost,0,Closed,2023-11-25,2023-10-26,,2023-10-21,Pricing,12000,3,11640,12,11640,5000,7.2,4640,Net 30,Quarterly,false,true,true
OPP0057,Clearwater Software LLC - New Business,ACC0268,CON0537,USR008,New Business,Outbound SDR,2026-09-14 11:09:00,Solution Evaluation,40,Pipeline,2026-10-14,,Complete technical evaluation,2026-09-14,,12000,4.1,11508,24,23016,5000,5.4,4730,Net 30,Annual in Advance,false,false,false
OPP0058,Cobalt Builders Inc. - New Business,ACC0020,CON0046,USR007,New Business,Content Download,2026-08-29 23:00:00,Qualification,25,Pipeline,2026-12-08,,Confirm decision process,2026-09-04,,36000,9.2,32688,12,32688,10000,17,8300,Net 30,Annual in Advance,false,false,false
OPP0059,Cedarstone Financial Group - New Business,ACC0284,CON0567,USR009,New Business,Outbound SDR,2022-08-13 02:15:45,Closed Lost,0,Closed,2022-10-19,2022-10-19,,2022-10-17,No decision,38000,9.8,34276,24,68552,10000,16,8400,Net 30,Annual in Advance,false,false,false
OPP0060,Vertex Retail Inc. - New Business,ACC0308,CON0613,USR006,New Business,Content Download,2026-08-26 06:00:00,Discovery,10,Pipeline,2026-11-22,,Confirm business requirements,2026-09-07,,12000,9.6,10848,24,21696,5000,9.3,4535,Net 30,Annual in Advance,false,false,false
OPP0061,Sterling Distribution - New Business,ACC0060,CON0120,USR011,New Business,Paid Search,2022-12-17 03:59:43,Closed Lost,0,Closed,2023-02-20,2023-02-20,,2023-02-20,No budget,56000,3.2,54208,24,108416,10000,4.7,9530,Net 30,Annual in Advance,false,false,false
OPP0062,Crescent Solutions - New Business,ACC0258,CON0517,USR012,New Business,Inbound Demo Request,2026-06-29 00:00:00,Closed Won,100,Closed,2026-09-17,2026-09-17,,2026-09-12,,60000,17.2,49680,12,49680,20000,2,19600,Net 30,Annual in Advance,false,false,true
OPP0063,Westfield Retail Group - New Business,ACC0251,CON0505,USR008,New Business,Customer Referral,2024-04-25 02:06:58,Closed Lost,0,Closed,2024-05-23,2024-05-23,,2024-05-21,No decision,18000,3.9,17298,36,51894,5000,0.2,4990,Net 30,Annual in Advance,false,false,false
OPP0064,Eastwood Financial Services Group - Expansion,ACC0272,CON0543,USR010,Expansion,Organic Search,2026-01-15 06:53:25,Closed Won,100,Closed,2026-04-04,2026-04-04,,2026-04-04,,14000,20.5,11130,12,11130,0,0,0,Net 60,Annual in Advance,false,false,true
OPP0065,Clearwater Health Partners - New Business,ACC0108,CON0218,USR007,New Business,Inbound Demo Request,2026-08-04 11:00:00,Proposal,60,Best Case,2026-09-12,,Review proposal with buyer,2026-09-13,,42000,0.1,41958,36,125874,10000,9.2,9080,Net 30,Annual in Advance,false,false,false
OPP0066,Northstar Software - New Business,ACC0271,CON0542,USR008,New Business,,2025-10-12 14:38:02,Closed Won,100,Closed,2025-11-03,2025-11-17,,2025-11-16,,12000,1.1,11868,12,11868,5000,8.3,4585,Net 30,Quarterly,true,false,true
OPP0067,Skyline Industries - New Business,ACC0077,CON0158,USR010,New Business,Inbound Demo Request,2023-12-24 04:33:01,Closed Lost,0,Closed,2024-02-15,2024-03-16,,2024-03-16,Competitor selected,44000,13.2,38192,36,114576,5000,15.2,4240,Net 45,Annual in Advance,false,false,true
OPP0068,Greenfield Services Group LLC - New Business,ACC0313,CON0624,USR009,New Business,Organic Search,2026-05-28 00:38:18,Closed Won,100,Closed,2026-08-08,2026-08-08,,2026-08-06,,54000,5.8,50868,12,50868,10000,13.5,8650,Net 30,Annual in Advance,false,false,false
OPP0069,Clearwater Manufacturing - New Business,ACC0299,CON0598,USR006,New Business,Content Download,2026-09-07 00:00:00,Discovery,10,Pipeline,2026-11-10,,Schedule discovery follow-up,2026-09-01,,12000,17.7,9876,12,9876,5000,0.1,4995,Net 30,Annual in Advance,true,false,true
OPP0070,Mosaic Fabrication Inc. - New Business,ACC0164,CON0332,USR007,New Business,Webinar / Event,2026-06-18 03:36:41,Closed Won,100,Closed,2026-07-27,2026-07-13,,2026-07-09,,22000,20.2,17556,12,17556,5000,0.9,4955,Other,Annual in Advance,false,false,true
OPP0071,Vantage Training - New Business,ACC0292,CON0583,USR012,New Business,Webinar / Event,2026-08-27 17:00:00,Discovery,10,Pipeline,2026-12-22,,,2026-08-30,,38000,19.6,30552,24,61104,5000,9.6,4520,Net 30,Annual in Advance,false,false,true
OPP0072,Cobalt Precision Works - New Business,ACC0166,CON0336,USR007,New Business,Partner Referral,2026-07-22 16:00:00,Solution Evaluation,40,Pipeline,2026-11-04,,Complete technical evaluation,2026-09-02,,24000,31.9,16344,12,16344,5000,7,4650,Net 30,Annual in Advance,false,false,false
OPP0073,Evergreen Consulting - New Business,ACC0056,CON0110,USR012,New Business,Outbound SDR,2026-01-01 09:41:05,Closed Lost,0,Closed,2026-04-21,2026-04-21,,2026-04-17,Competitor selected,88000,1.8,86416,12,86416,20000,4.6,19080,Net 30,Annual in Advance,false,false,false
OPP0074,Beacon Software - Expansion,ACC0189,CON0375,USR011,Expansion,Inbound Demo Request,2025-07-22 00:00:00,Closed Won,100,Closed,2025-09-26,2025-09-12,,2025-09-08,,12000,34.2,7896,12,7896,0,0,0,Net 45,Annual in Advance,false,false,true
OPP0075,Fairview Advisory Partners - New Business,ACC0192,CON0382,USR008,New Business,,2026-07-18 06:00:00,Proposal,60,Best Case,2026-10-16,,Review proposal with buyer,2026-09-18,,36000,17.4,29736,12,29736,5000,7.3,4635,Net 30,Annual in Advance,false,false,true
OPP0076,Cedarstone Health Services LLC - New Business,ACC0267,CON0535,USR005,New Business,Customer Referral,2025-05-27 17:30:59,Closed Lost,0,Closed,2025-06-17,2025-06-17,,2025-06-17,Project delayed,28000,11.9,24668,24,49336,5000,2.9,4855,Net 30,Annual in Advance,false,true,true
OPP0077,Brightwell Operations Group - Expansion,ACC0186,CON0372,USR009,Expansion,Partner Referral,2023-10-26 00:00:00,Closed Won,100,Closed,2024-01-29,2024-01-15,,2024-01-13,,6000,5.5,5670,12,5670,0,0,0,Net 30,Quarterly,false,false,true
OPP0078,Sterling Digital - Expansion,ACC0257,CON0516,USR011,Expansion,Outbound SDR,2024-08-12 00:00:00,Closed Won,40,Closed,2024-09-20,2024-09-27,,2024-09-20,,6000,6.9,5586,12,5586,0,0,0,Net 30,Annual in Advance,false,false,false
OPP0079,Brightwell Digital Group - New Business,ACC0179,CON0360,USR011,New Business,Paid Search,2023-06-12 08:08:31,Closed Lost,0,Closed,2023-08-24,2023-08-24,,2023-08-20,Lost contact,38000,9.4,34428,12,34428,10000,11.8,8820,Net 30,Annual in Advance,false,false,false
OPP0080,Bluewater Health Partners - New Business,ACC0003,CON0008,USR009,New Business,,2026-09-03 10:00:00,Discovery,10,Pipeline,2026-12-11,,Confirm business requirements,2026-09-18,,80000,8.8,72960,12,72960,20000,8.4,18320,Net 45,Annual in Advance,false,false,true
OPP0081,Cedarstone Retail Group Inc. - New Business,ACC0048,CON0093,USR005,New Business,Outbound SDR,2025-10-10 23:06:55,Closed Lost,0,Closed,2025-11-11,2025-11-18,,2025-11-14,No decision,30000,19.5,24150,12,24150,5000,13.8,4310,Net 30,Annual in Advance,false,false,true
OPP0082,Blue Harbor Health Services - Expansion,ACC0119,CON0240,USR005,Expansion,Outbound SDR,2024-06-14 00:00:00,Closed Won,100,Closed,2024-07-27,2024-07-27,,2024-07-25,,14000,5.4,13244,24,26488,0,0,0,Net 30,Annual in Advance,false,false,false
OPP0083,Oakridge Distribution - New Business,ACC0137,CON0276,USR011,New Business,Webinar / Event,2026-08-13 16:00:00,Negotiation / Legal,80,Best Case,2026-10-23,,Finalize pricing and legal terms,2026-08-17,,30000,6,28200,12,28200,10000,5,9500,Net 30,Annual in Advance,false,false,false
OPP0084,Rivermark Medical Group - New Business,ACC0323,CON0644,USR005,New Business,Organic Search,2024-05-11 00:18:29,Closed Lost,0,Closed,2024-07-02,2024-06-18,,2024-06-13,No budget,18000,15.9,15138,12,15138,5000,3.2,4840,Net 30,Annual in Advance,false,false,true
OPP0085,Catalyst Supply Chain LLC - New Business,ACC0238,CON0480,USR006,New Business,Outbound SDR,2026-07-23 07:00:00,Proposal,60,Best Case,2026-10-10,,Schedule pricing review,2026-09-04,,24000,2.4,23424,12,23424,5000,8.2,4590,Net 30,Annual in Advance,true,false,true
OPP0086,Redwood Fabrication - New Business,ACC0031,CON0066,USR008,New Business,Organic Search,2023-03-29 11:42:15,Closed Won,100,Closed,2023-04-23,2023-05-07,,2023-05-07,,12000,21,9480,12,9480,5000,1.5,4925,Net 30,Annual in Advance,false,false,true
OPP0087,Lakeshore Training - New Business,ACC0027,CON0058,USR011,New Business,Outbound SDR,2026-08-26 19:32:19,Negotiation / Legal,80,Best Case,2026-10-01,,Resolve contract comments,2026-09-10,,60000,7.9,55260,12,55260,20000,9.6,18080,Net 30,Annual in Advance,false,false,false
OPP0088,Silver Oak Retail Group - New Business,ACC0213,CON0423,USR011,New Business,Inbound Demo Request,2026-09-02 18:00:00,Discovery,10,Pipeline,2026-11-04,,Schedule discovery follow-up,2026-09-02,,98000,16.3,82026,12,82026,20000,4.3,19140,Net 30,Annual in Advance,false,false,true
OPP0089,Frontier Precision Works LLC - New Business,ACC0110,CON0223,USR006,New Business,,2026-08-16 20:00:00,Negotiation / Legal,80,Best Case,2026-09-29,,Review procurement terms,2026-09-16,,12000,31,8280,12,8280,5000,10.4,4480,Net 30,Annual in Advance,false,false,true
OPP0090,Vantage Freight LLC - New Business,ACC0008,CON0021,USR011,New Business,Webinar / Event,2024-06-03 19:56:53,Closed Lost,0,Closed,2024-07-11,2024-08-10,,2024-08-06,Lost contact,80000,1.1,79120,24,158240,20000,18.6,16280,Net 30,Quarterly,false,false,true
OPP0091,Crownstone Fabrication - New Business,ACC0234,CON0473,USR005,New Business,,2026-07-17 12:19:45,Closed Won,100,Closed,2026-09-14,2026-08-15,,2026-08-14,,36000,22.5,27900,12,27900,5000,5.9,4705,Net 30,Annual in Advance,false,false,true
OPP0092,Maplewood Consulting - New Business,ACC0219,CON0436,USR012,New Business,Webinar / Event,2024-03-04 22:35:40,Closed Won,100,Closed,2024-06-03,2024-06-03,,2024-06-02,,92000,3.1,89148,12,89148,20000,2,19600,Net 45,Annual in Advance,false,false,true
OPP0093,Clearwater Manufacturing - New Business,ACC0299,CON0598,USR006,New Business,Content Download,2024-06-12 13:45:43,Closed Lost,0,Closed,2024-08-07,2024-07-24,,2024-07-23,Requirements not met,24000,4.4,22944,12,22944,5000,2.3,4885,Net 30,Annual in Advance,false,false,false
OPP0094,Brookstone Precision Works - New Business,ACC0132,CON0266,USR009,New Business,Customer Referral,2025-08-09 10:32:47,Closed Lost,0,Closed,2025-09-24,2025-10-01,,2025-09-24,No budget,50000,9.5,45250,12,45250,10000,9,9100,Net 30,Annual in Advance,true,false,true
OPP0095,Frontier Precision Works LLC - New Business,ACC0110,CON0223,USR006,New Business,,2026-08-29 17:00:00,Discovery,10,Pipeline,2026-12-16,,Identify additional stakeholders,2026-09-16,,42000,7.4,38892,36,116676,10000,3,9700,Net 30,Annual in Advance,false,false,false
OPP0096,Pioneer Software - New Business,ACC0093,CON0183,USR007,New Business,Inbound Demo Request,2024-08-05 19:02:08,Closed Lost,0,Closed,2024-09-28,2024-09-14,,2024-09-07,Lost contact,44000,24.7,33132,24,66264,10000,3.2,9680,Net 30,Annual in Advance,false,false,true
OPP0097,Northwind Systems - Expansion,ACC0264,CON0528,USR007,Expansion,Content Download,2026-07-17 05:08:44,Closed Won,100,Closed,2026-08-13,2026-08-27,,2026-08-25,,20000,11.9,17620,12,17620,0,0,0,Net 30,Annual in Advance,false,false,true
OPP0098,Elmwood Transportation - New Business,ACC0297,CON0594,USR008,New Business,Organic Search,2025-06-19 07:55:18,Closed Lost,0,Closed,2025-08-13,2025-07-30,,2025-07-28,Requirements not met,24000,9.5,21720,12,21720,5000,3.7,4815,Net 30,Annual in Advance,false,false,false
OPP0099,Highpoint Health Partners - New Business,ACC0249,CON0502,USR010,New Business,Customer Referral,2025-12-24 20:02:20,Closed Lost,0,Closed,2026-03-04,2026-03-18,,2026-03-18,Lost contact,46000,14,39560,12,39560,10000,7.5,9250,Net 30,Annual in Advance,false,false,true
OPP0100,Westlake Support Services Group - New Business,ACC0239,CON0482,USR012,New Business,Organic Search,2024-04-29 00:04:47,Closed Won,100,Closed,2024-06-20,2024-06-20,,2024-06-15,,44000,14,37840,12,37840,10000,26.5,7350,Net 30,Annual in Advance,false,false,false
OPP0101,Silver Oak Retail Group - New Business,ACC0213,CON0424,USR011,New Business,Inbound Demo Request,2026-09-19 01:20:27,Commit,90,Commit,2026-09-30,,Complete final procurement steps,2026-09-07,,94000,7.3,87138,12,87138,20000,2.4,19520,Net 30,Annual in Advance,false,false,true
OPP0102,Summit Ridge Academy Group - New Business,ACC0118,CON0238,USR005,New Business,,2024-03-01 00:00:00,Closed Won,100,Closed,2024-03-22,2024-04-05,,2024-04-04,,18000,38.4,11088,12,11088,5000,7.8,4610,Net 30,Annual in Advance,false,false,true
OPP0103,Vertex Logistics - Expansion,ACC0147,CON0300,USR008,Expansion,Inbound Demo Request,2026-02-10 00:00:00,Closed Won,100,Closed,2026-03-18,2026-03-18,,2026-03-12,,6000,5.4,5676,12,5676,0,0,0,Net 45,Annual in Advance,false,false,true
OPP0104,Clearwater Manufacturing - New Business,ACC0299,CON0598,,New Business,Content Download,2026-08-11 22:00:00,Negotiation / Legal,80,Best Case,2026-09-30,,Resolve contract comments,2026-09-19,,30000,7.4,27780,12,27780,10000,27.6,7240,Net 30,Annual in Advance,false,false,true
OPP0105,Cobalt Builders Inc. - New Business,ACC0020,CON0046,USR007,New Business,Inbound Demo Request,2026-01-12 16:47:50,Closed Lost,0,Closed,2026-02-15,2026-02-15,,2026-02-12,Lost contact,12000,22.1,9348,12,9348,5000,5.8,4710,Net 30,Annual in Advance,false,false,true
OPP0106,Arbor Care Network - New Business,ACC0277,CON0553,USR010,New Business,Customer Referral,2025-12-09 22:05:50,Closed Lost,0,Closed,2026-02-03,2026-02-10,,2026-02-06,No decision,50000,11.9,44050,12,44050,10000,27.6,7240,Net 30,Annual in Advance,false,false,true
OPP0107,Northstar Technologies Inc. - New Business,ACC0078,CON0160,USR012,New Business,Content Download,2026-08-13 15:00:00,Qualification,25,Pipeline,2026-11-22,,Confirm decision process,2026-09-11,,50000,1.8,49100,12,49100,10000,9.2,9080,Net 30,Annual in Advance,false,false,false
OPP0108,Apex Retail - New Business,ACC0083,CON0168,USR012,New Business,Paid Search,2025-02-08 13:32:57,Closed Lost,0,Closed,2025-03-30,2025-03-30,,2025-03-30,Project delayed,66000,5.4,62436,12,62436,20000,6.1,18780,Net 30,Annual in Advance,false,false,false
OPP0109,Blue Harbor Brands - New Business,ACC0169,CON0341,USR008,New Business,Inbound Demo Request,2024-09-06 16:19:24,Closed Lost,0,Closed,2024-10-08,2024-10-08,,2024-10-02,No budget,32000,1.4,31552,12,31552,5000,5.7,4715,Net 30,Annual in Advance,false,false,false
OPP0110,Granite Peak Clinical Services - New Business,ACC0155,CON0315,USR009,New Business,Customer Referral,2026-09-18 14:00:00,Discovery,10,Pipeline,2026-11-26,,Identify additional stakeholders,2026-09-22,,30000,13.3,26010,12,26010,10000,22.2,7780,Net 30,Annual in Advance,false,false,true
OPP0111,Harborview Digital - New Business,ACC0030,CON0064,USR010,New Business,Webinar / Event,2026-06-13 19:00:00,Commit,90,Commit,2026-10-07,,Send final agreement for signature,2026-09-24,,80000,8.1,73520,12,73520,20000,8.3,18340,Net 30,Annual in Advance,false,false,false
OPP0112,Stonebridge Professional Services Group - New Business,ACC0051,CON0101,USR011,New Business,Inbound Demo Request,2025-04-16 18:02:26,Closed Lost,0,Closed,2025-07-21,2025-06-21,,2025-06-20,No decision,68000,6.4,63648,12,63648,20000,10.5,17900,Net 30,Annual in Advance,false,false,true
OPP0113,Brightwell Fabrication Inc. - New Business,ACC0236,CON0476,USR005,New Business,Inbound Demo Request,2026-09-06 08:17:18,Qualification,25,Pipeline,2026-11-29,,Confirm decision process,2026-09-09,,12000,3.6,11568,12,11568,5000,15,4250,Net 45,Annual in Advance,false,false,true
OPP0114,Skyline Systems - New Business,ACC0017,CON0041,USR005,New Business,Organic Search,2026-08-07 00:00:00,Proposal,60,Best Case,2026-10-05,,Confirm commercial feedback,2026-09-15,,26000,1.4,25636,12,25636,5000,7.3,4635,Net 30,Annual in Advance,false,false,false
OPP0115,Frontier Builders - New Business,ACC0322,CON0642,USR009,New Business,Outbound SDR,2024-07-01 01:51:20,Closed Won,100,Closed,2024-09-18,2024-09-18,,2024-09-17,,80000,3.2,77440,12,77440,20000,19.2,16160,Net 30,Annual in Advance,false,false,false
OPP0116,Harborview Digital - New Business,ACC0030,CON0065,USR010,New Business,,2023-06-29 04:03:28,Closed Won,100,Pipeline,2023-10-22,2023-10-22,,2023-10-17,,68000,34.4,44608,12,44608,10000,3.2,9680,Net 30,Annual in Advance,false,false,true
OPP0117,Lakeshore Infrastructure - New Business,ACC0275,,USR006,New Business,Outbound SDR,2026-07-14 08:00:00,Negotiation / Legal,80,Best Case,2026-10-02,,,2026-08-09,,24000,8.8,21888,12,21888,5000,8.7,4565,Net 30,Annual in Advance,false,false,false
OPP0118,BluePeak Brands - New Business,ACC0194,CON0384,USR006,New Business,Content Download,2026-09-13 15:00:00,Qualification,25,Closed,2026-11-06,,Validate budget and timing,2026-09-12,,42000,7.5,38850,24,77700,10000,9.1,9090,Net 30,Annual in Advance,false,false,false
OPP0119,Ironwood Industrial Inc. - New Business,ACC0154,CON0313,USR006,New Business,Outbound SDR,2026-07-06 12:00:00,Commit,90,Commit,2026-08-21,,Confirm signature timeline,2026-08-31,,20000,7.4,18520,12,18520,5000,3.2,4840,Net 30,Annual in Advance,false,false,false
OPP0120,OpenGate Solutions - New Business,ACC0204,,USR010,New Business,,2026-07-21 23:00:00,Proposal,60,Best Case,2026-10-29,,Confirm commercial feedback,2026-09-04,,80000,18.1,65520,12,65520,20000,9.6,18080,Net 30,Annual in Advance,false,false,true
OPP0121,Northstar Professional Services - New Business,ACC0009,CON0024,USR008,New Business,Customer Referral,2026-08-15 19:09:37,Solution Evaluation,40,Pipeline,2026-11-22,,,2026-09-18,,36000,20.3,28692,12,28692,5000,0.7,4965,Other,Annual in Advance,false,false,true
OPP0122,Sterling Distribution - Expansion,ACC0060,CON0120,USR011,Expansion,Partner Referral,2024-09-30 00:00:00,Closed Won,100,Closed,2024-11-19,2024-12-19,,2024-12-17,,28000,9.2,25424,12,25424,0,0,0,Net 60,Annual in Advance,false,false,true
OPP0123,Skyline Business Solutions - New Business,ACC0094,CON0186,USR005,New Business,Organic Search,2026-07-02 23:00:00,Negotiation / Legal,80,Best Case,2026-09-12,,Finalize pricing and legal terms,2026-08-04,,12000,6.8,11184,12,11184,5000,6.7,4665,Net 30,Other,false,false,true
OPP0124,Sterling Distribution - New Business,ACC0060,CON0118,USR011,New Business,Partner Referral,2023-09-19 16:37:04,Closed Lost,0,Closed,2024-01-06,2023-12-07,,2023-12-04,Project delayed,50000,17.2,41400,12,41400,10000,1.8,9820,Net 45,Annual in Advance,false,false,true
OPP0125,Silver Oak Academy - New Business,ACC0306,CON0609,USR006,New Business,Content Download,2026-08-15 11:01:59,Negotiation / Legal,80,Best Case,2026-10-21,,Resolve contract comments,2026-09-20,,16000,1.1,15824,12,15824,5000,4,4800,Net 45,Other,false,false,true
OPP0126,TrueNorth Supply Chain - New Business,ACC0247,CON0499,USR009,New Business,Paid Search,2026-05-09 08:56:44,Closed Lost,0,Closed,2026-07-02,2026-07-09,,2026-07-07,No budget,50000,18.7,40650,24,81300,10000,0.6,9940,Net 30,Annual in Advance,false,false,true
OPP0127,ClearPath Advisory - New Business,ACC0068,CON0138,USR010,New Business,Webinar / Event,2025-11-07 05:25:29,Closed Lost,0,Closed,2026-02-01,2026-01-18,,2026-01-11,Project delayed,68000,6.4,63648,12,63648,10000,6.8,9320,Other,Quarterly,false,false,true
OPP0128,Arbor Learning Systems Group - New Business,ACC0043,CON0087,USR006,New Business,,2023-10-03 03:31:09,Closed Lost,0,Closed,2023-10-28,2023-10-28,,2023-10-25,No budget,30000,8.2,27540,12,27540,10000,5.5,9450,Net 45,Other,false,false,true
OPP0129,Vertex Services Group Group - New Business,ACC0177,CON0358,USR006,New Business,Inbound Demo Request,2026-09-16 08:00:00,Discovery,10,Pipeline,2026-10-31,,Schedule discovery follow-up,2026-09-04,,50000,22.8,38600,12,38600,10000,17.7,8230,Net 30,Annual in Advance,false,false,false
OPP0130,Harborview Capital - New Business,ACC0294,,USR011,New Business,Organic Search,2024-10-22 00:00:00,Closed Won,100,Closed,2025-01-07,2025-01-07,,2025-01-06,,38000,5.7,35834,12,35834,5000,5.2,4740,Net 30,Annual in Advance,false,false,false
OPP0131,Elmwood Freight - New Business,ACC0013,CON0033,USR012,New Business,Webinar / Event,2026-09-19 08:12:14,Solution Evaluation,40,Pipeline,2026-11-16,,Complete technical evaluation,2026-09-16,,60000,18,49200,24,98400,20000,1.9,19620,Net 45,Annual in Advance,true,false,true
OPP0132,Eastgate Advisory Group - Expansion,ACC0038,CON0080,USR006,Expansion,Inbound Demo Request,2025-11-28 14:47:35,Closed Won,100,Closed,2025-12-09,2025-12-23,,2025-12-16,,20000,6.4,18720,12,18720,0,0,0,Net 30,Annual in Advance,false,false,false
OPP0133,Harborview Capital - New Business,ACC0294,CON0586,USR011,New Business,Partner Referral,2023-02-14 18:12:18,Closed Won,100,Closed,2023-04-19,2023-04-05,,2023-03-29,,64000,2.8,62208,12,62208,20000,3.4,19320,Net 30,Monthly,false,false,true
OPP0134,Brookstone Labs Inc. - Expansion,ACC0185,,USR005,Expansion,Webinar / Event,2026-06-26 15:00:00,Negotiation / Legal,80,Best Case,2026-10-24,,Finalize pricing and legal terms,2026-09-08,,18000,21.4,14148,12,14148,0,0,0,Net 30,Annual in Advance,false,false,true
OPP0135,Vertex Logistics - New Business,ACC0147,CON0299,USR008,New Business,Inbound Demo Request,2024-03-14 11:44:37,Closed Won,100,Closed,2024-03-29,2024-04-12,,2024-04-07,,18000,16.5,15030,12,15030,5000,14.7,4265,Net 30,Annual in Advance,false,false,true
OPP0136,Vertex Wealth Partners Inc. - New Business,ACC0295,CON0589,USR010,New Business,Paid Search,2025-11-30 00:00:00,Closed Won,100,Closed,2026-02-17,2026-01-18,,2026-01-12,,42000,21.4,33012,12,33012,10000,3.9,9610,Net 30,Annual in Advance,false,false,true
OPP0137,Cornerstone Construction - New Business,ACC0228,CON0460,USR012,New Business,Outbound SDR,2025-12-04 19:17:38,Closed Won,100,Closed,2026-02-07,2026-01-31,,2026-01-26,,58000,8.3,53186,36,159558,10000,2.4,9760,Net 30,Quarterly,false,false,true
OPP0138,Eastwood Financial Services Group - New Business,ACC0272,CON0543,USR010,New Business,Organic Search,2026-03-21 14:02:31,Negotiation / Legal,80,Best Case,2026-08-24,,Review procurement terms,2026-09-01,,42000,22.2,32676,12,32676,10000,2.6,9740,Net 30,Annual in Advance,false,true,true
OPP0139,Oakridge Industries - New Business,ACC0062,CON0123,USR012,New Business,Outbound SDR,2026-03-07 11:29:50,Commit,90,Commit,2026-10-03,,Confirm signature timeline,2026-09-23,,88000,6.4,82368,12,82368,20000,13.4,17320,Net 30,Annual in Advance,false,false,false
OPP0140,Arbor Learning Systems Group - New Business,ACC0043,CON0087,USR006,New Business,Webinar / Event,2026-09-15 21:00:00,Discovery,90,Pipeline,2026-11-25,,Schedule discovery follow-up,2026-09-21,,16000,6.1,15024,12,15024,5000,4.2,4790,Net 30,Annual in Advance,false,false,false
OPP0141,Skyline Care Network - New Business,ACC0057,CON0114,USR005,New Business,Outbound SDR,2026-05-30 05:54:17,Qualification,25,Pipeline,2026-12-06,,Review technical requirements,2026-09-24,,34000,7.9,31314,12,31314,5000,8,4600,Net 30,Annual in Advance,false,false,false
OPP0142,Sterling Advisory - New Business,ACC0106,CON0214,USR009,New Business,Paid Search,2024-06-21 10:59:24,Closed Lost,0,Closed,2024-07-31,2024-08-14,,2024-08-12,No budget,72000,6.8,67104,12,67104,20000,7.9,18420,Net 30,Annual in Advance,false,false,false
OPP0143,Foxbridge Financial Group - New Business,ACC0099,CON0200,USR008,New Business,Organic Search,2025-05-04 15:02:30,Closed Won,100,Closed,2025-06-09,2025-06-09,,2025-06-06,,30000,4.5,28650,36,85950,5000,20,4000,Net 30,Annual in Advance,false,false,false
OPP0144,Foxbridge Labs LLC - New Business,ACC0286,CON0570,USR012,New Business,Organic Search,2022-09-15 16:15:06,Closed Won,100,Closed,2022-12-06,2022-12-06,,2022-12-03,,86000,3,83420,12,83420,20000,11.5,17700,Net 30,Annual in Advance,false,false,false
OPP0145,Cornerstone Industries Inc. - New Business,ACC0128,CON0262,USR008,New Business,,2026-09-07 20:00:00,Qualification,25,Pipeline,2026-10-28,,,2026-09-07,,36000,3.8,34632,36,103896,5000,7.2,4640,Net 30,Quarterly,false,false,true
OPP0146,Brookstone Learning Systems - New Business,ACC0242,CON0487,USR008,New Business,Outbound SDR,2025-12-10 17:30:41,Closed Lost,25,Closed,2026-01-03,2026-01-03,,2026-01-01,Pricing,32000,13.8,27584,12,27584,5000,4.3,4785,Net 30,Annual in Advance,false,false,true
OPP0147,Stonebridge Financial Services Group - New Business,ACC0301,CON0600,USR012,New Business,Organic Search,2026-09-17 13:00:00,Discovery,10,Pipeline,2026-11-12,,Schedule discovery follow-up,2026-09-03,,34000,4.1,32606,12,32606,10000,0.8,9920,Net 30,Annual in Advance,false,false,false
OPP0148,Brookstone Health Services - New Business,ACC0212,CON0422,USR006,New Business,Outbound SDR,2024-09-27 17:28:23,Closed Lost,0,Closed,2024-11-17,2024-11-03,,2024-11-03,No budget,12000,3.2,11616,12,11616,5000,0.2,4990,Net 60,Annual in Advance,false,false,true
OPP0149,BluePeak Construction - New Business,ACC0181,CON0364,USR010,New Business,Outbound SDR,2026-04-08 09:04:04,Negotiation / Legal,80,Best Case,2026-09-16,,Resolve contract comments,2026-09-06,,60000,12.7,52380,12,52380,20000,1.8,19640,Net 30,Quarterly,false,false,true
OPP0150,Skyline Fabrication LLC - New Business,ACC0305,CON0608,USR006,New Business,Webinar / Event,2025-02-17 17:52:43,Closed Won,100,Closed,2025-02-18,2025-03-20,,2025-03-17,,30000,16.9,24930,12,24930,10000,24,7600,Net 30,Annual in Advance,false,false,true
OPP0151,Beacon Freight - New Business,ACC0225,CON0453,USR012,New Business,Content Download,2025-10-19 00:00:00,Closed Won,100,Closed,2026-01-10,2026-02-09,,2026-02-06,,92000,1.6,90528,12,90528,20000,7.1,18580,Net 30,Annual in Advance,true,false,true
OPP0152,Fairview Manufacturing - New Business,ACC0282,CON0562,USR010,New Business,Paid Search,2026-09-05 17:00:00,Qualification,25,Pipeline,2026-11-18,,Validate budget and timing,2026-09-05,,88000,6.1,82632,12,82632,20000,8.3,18340,Net 30,Annual in Advance,false,false,false
OPP0153,TrueNorth Marketplace Inc. - Expansion,ACC0233,CON0471,USR009,Expansion,Webinar / Event,2024-04-22 15:31:51,Closed Won,100,Closed,2024-07-30,2024-06-30,,2024-06-24,,12000,14,10320,12,10320,0,0,0,Net 30,Quarterly,false,false,true
OPP0154,Ironwood Software Group - New Business,ACC0126,CON0259,USR005,New Business,Content Download,2023-03-04 14:39:23,Closed Lost,0,Closed,2023-05-14,2023-04-14,,2023-04-07,Requirements not met,42000,10.5,37590,24,75180,10000,6.8,9320,Net 30,Annual in Advance,false,false,true
OPP0155,Stonebridge Learning - New Business,ACC0279,CON0558,USR011,New Business,Inbound Demo Request,2023-09-17 08:32:47,Closed Lost,0,Closed,2024-01-04,2023-12-05,,2023-12-04,Requirements not met,58000,8,53360,24,106720,10000,14.5,8550,Net 30,Annual in Advance,false,false,false
OPP0156,Rivermark Digital - New Business,ACC0100,CON0204,USR009,New Business,Paid Search,2025-04-27 16:02:11,Closed Lost,0,Closed,2025-08-04,2025-08-04,,2025-08-03,Project delayed,66000,17,54780,12,54780,20000,7.5,18500,Net 30,Annual in Advance,false,false,true
OPP0157,Frontier Software - New Business,ACC0143,CON0292,USR008,New Business,Webinar / Event,2024-12-07 19:45:33,Closed Won,100,Closed,2024-12-31,2024-12-31,,2024-12-26,,16000,2.5,15600,12,15600,5000,1.4,4930,Net 30,Annual in Advance,false,false,false
OPP0158,BrightPath Advisory Partners LLC - New Business,ACC0250,CON0503,USR008,New Business,Partner Referral,2023-01-18 21:49:27,Closed Lost,0,Closed,2023-03-28,2023-02-26,,2023-02-20,No budget,20000,4.1,19180,12,19180,5000,19,4050,Net 30,Annual in Advance,false,false,false
OPP0159,Bluewater Industrial - New Business,ACC0190,CON0378,USR010,New Business,Outbound SDR,2024-12-27 22:44:22,Closed Lost,0,Closed,2025-03-06,2025-03-06,,2025-02-27,Pricing,68000,2.8,66096,12,66096,20000,4.1,19180,Other,Annual in Advance,false,false,true
OPP0160,Cedarstone Operations - New Business,ACC0004,CON0010,USR012,New Business,Inbound Demo Request,2026-08-11 20:46:52,Proposal,60,Best Case,2026-09-15,,Schedule pricing review,2026-09-17,,30000,22.9,23130,12,23130,10000,8.1,9190,Net 30,Annual in Advance,false,false,true
OPP0161,Cornerstone Advisory Partners - New Business,ACC0034,CON0074,USR006,New Business,Outbound SDR,2024-07-22 01:13:00,Closed Lost,0,Closed,2024-08-12,2024-08-26,,2024-08-21,No decision,36000,8.4,32976,12,32976,10000,23,7700,Net 30,Annual in Advance,false,false,true
OPP0162,Catalyst Supply Chain LLC - New Business,ACC0238,CON0481,USR006,New Business,Inbound Demo Request,2026-07-19 20:00:00,Proposal,60,Best Case,2026-11-01,,Review proposal with buyer,2026-08-23,,30000,7.3,27810,12,27810,5000,5.4,4730,Net 30,Monthly,false,false,true
OPP0163,Ridgeview Consulting Group - New Business,ACC0319,CON0634,USR012,New Business,Paid Search,2026-09-20 11:00:00,Discovery,10,Pipeline,2026-09-04,,Identify additional stakeholders,2026-09-18,,54000,3.6,52056,12,52056,10000,2.3,9770,Net 30,Annual in Advance,false,false,false
OPP0164,Northstar Software - New Business,ACC0271,CON0542,USR007,New Business,Outbound SDR,2026-03-14 14:38:02,Closed Won,100,Closed,2026-04-16,2026-04-23,,2026-04-23,,12000,6.2,11256,12,11256,5000,3.2,4840,Net 45,Annual in Advance,false,false,true
OPP0165,Redstone Construction - New Business,ACC0160,CON0325,USR012,New Business,Paid Search,2026-07-21 19:58:49,Commit,10,Commit,2026-10-03,,Complete final procurement steps,2026-09-04,,46000,5.9,43286,24,86572,10000,8.1,9190,Net 30,Annual in Advance,false,false,false
OPP0166,Highpoint Freight - New Business,ACC0209,CON0415,USR009,New Business,Organic Search,2024-03-26 02:14:41,Closed Lost,0,Closed,2024-07-06,2024-06-29,,2024-06-23,Requirements not met,50000,5.6,47200,12,47200,10000,3.4,9660,Net 45,Annual in Advance,false,false,true
OPP0167,Brookstone Retail Group - New Business,ACC0287,CON0573,USR008,New Business,Inbound Demo Request,2024-12-10 00:00:00,Closed Won,100,Closed,2025-02-17,2025-01-18,,2025-01-18,,16000,19,12960,24,25920,5000,15.1,4245,Net 30,Annual in Advance,false,false,true
OPP0168,Riverbend Academy - New Business,ACC0010,CON0027,USR011,New Business,Inbound Demo Request,2026-08-04 17:00:00,Solution Evaluation,40,Pipeline,2026-10-18,,Complete technical evaluation,2026-09-10,,98000,9.9,88298,12,88298,20000,8.5,18300,Net 30,Annual in Advance,false,false,false
OPP0169,Vertex Wealth Partners Inc. - New Business,ACC0295,CON0589,USR010,New Business,Paid Search,2023-05-01 04:05:36,Closed Won,100,Closed,2023-06-15,2023-06-15,,2023-06-09,,72000,6.6,67248,12,67248,20000,0.2,19960,Net 30,Annual in Advance,false,false,false
OPP0170,Pioneer Care Network Inc. - New Business,ACC0270,CON0539,USR005,New Business,Paid Search,2025-10-11 22:58:29,Closed Lost,0,Closed,2025-12-05,2025-11-21,,2025-11-16,No budget,42000,12.7,36666,24,73332,10000,1.6,9840,Net 60,Annual in Advance,false,false,true
OPP0171,Vertex Consulting - New Business,ACC0312,CON0620,USR010,New Business,Content Download,2023-08-19 16:33:09,Closed Lost,0,Closed,2023-12-05,2023-11-21,,2023-11-19,No budget,88000,2,86240,24,172480,20000,2.3,19540,Net 30,Annual in Advance,false,false,false
OPP0172,Skyline Health Partners - New Business,ACC0073,CON0148,USR006,New Business,Paid Search,2026-02-09 00:00:00,Closed Won,100,Closed,2026-03-19,2026-03-19,,2026-03-13,,20000,6.7,18660,36,55980,5000,6.1,4695,Net 30,Annual in Advance,false,false,false
OPP0173,Cobalt Supply Chain LLC - New Business,ACC0140,CON0282,USR012,New Business,Partner Referral,2023-01-29 11:48:07,Closed Won,100,Closed,2023-05-04,2023-05-04,,2023-05-03,,88000,0.1,87912,12,87912,20000,16.2,16760,Net 30,Annual in Advance,false,false,false
OPP0174,Cobalt Supply Chain LLC - New Business,ACC0140,CON0284,USR012,New Business,Content Download,2022-11-28 10:55:22,Closed Lost,0,Closed,2023-02-08,2023-02-22,,2023-02-21,Pricing,92000,1.3,90804,12,90804,20000,4.4,19120,Net 60,Annual in Advance,false,false,true
OPP0175,Granite Peak Freight - New Business,ACC0019,CON0043,USR008,New Business,Customer Referral,2026-03-09 05:43:01,Closed Won,100,Closed,2026-05-01,2026-04-17,,2026-04-13,,42000,8.2,38556,36,115668,10000,5.9,9410,Net 30,Annual in Advance,false,false,false
OPP0176,Arbor Learning Systems Group - New Business,ACC0043,CON0087,USR006,New Business,Organic Search,2026-07-29 09:00:00,Solution Evaluation,40,Pipeline,2026-10-29,,Schedule product demo,2026-07-06,,28000,6.7,26124,12,26124,5000,8.1,4595,Net 30,Annual in Advance,false,false,false
OPP0177,Elmwood Freight - New Business,ACC0013,CON0032,USR012,New Business,Webinar / Event,2026-08-20 20:25:58,Solution Evaluation,40,Pipeline,2026-10-17,,Schedule product demo,2026-09-17,,92000,15.2,78016,24,156032,20000,6,18800,Net 30,Annual in Advance,false,false,true
OPP0178,Granite Peak Clinical Services - New Business,ACC0155,,USR009,New Business,Inbound Demo Request,2026-08-29 18:00:00,Discovery,10,Pipeline,2026-12-19,,Confirm business requirements,2026-08-18,,68000,9.7,61404,12,61404,20000,4.9,19020,Net 30,Annual in Advance,false,false,false
OPP0179,Vantage Systems - New Business,ACC0124,CON0255,USR009,New Business,Paid Search,2026-08-29 12:58:56,Qualification,25,Pipeline,2026-10-26,,Confirm decision process,2026-09-18,,46000,6.1,43194,12,43194,10000,4.3,9570,Net 30,Annual in Advance,false,false,false
OPP0180,Granite Peak Freight - New Business,ACC0019,CON0044,USR008,New Business,Outbound SDR,2025-11-01 05:43:01,Closed Won,100,Closed,2025-11-26,2025-12-03,,2025-12-01,,12000,20.9,9492,12,9492,5000,5.2,4740,Net 30,Annual in Advance,true,false,true
OPP0181,Fairview Manufacturing - New Business,ACC0282,CON0562,USR010,New Business,Outbound SDR,2024-12-23 14:14:43,Solution Evaluation,40,Pipeline,2026-08-07,,Schedule product demo,2026-09-12,,92000,4.6,87768,36,263304,20000,9.4,18120,Net 30,Annual in Advance,false,false,false
OPP0182,Eastwood Financial Services Group - New Business,ACC0272,CON0544,USR010,New Business,Organic Search,2026-06-23 11:01:04,Closed Won,100,Closed,2026-08-23,2026-08-23,,2026-08-19,,50000,7.9,46050,24,92100,10000,2,9800,Net 45,Annual in Advance,false,false,true
OPP0183,Meridian Financial Services - New Business,ACC0127,CON0260,USR011,New Business,Content Download,2025-10-01 00:00:00,Closed Won,100,Closed,2025-11-11,2025-11-18,,2025-11-16,,46000,11.5,40710,12,40710,10000,6,9400,Net 30,Annual in Advance,false,false,true
OPP0184,Foxbridge Labs LLC - New Business,ACC0286,CON0572,USR012,New Business,Webinar / Event,2022-05-26 19:55:45,Closed Won,100,Closed,2022-08-26,2022-08-26,,2022-08-20,,92000,30.1,64308,12,64308,20000,4.7,19060,Net 30,Other,false,false,true
OPP0185,Cedarstone Freight LLC - New Business,ACC0222,CON0444,USR008,New Business,Webinar / Event,2024-06-09 21:37:26,Closed Lost,10,Commit,2024-07-10,2024-07-10,,2024-07-06,Pricing,12000,8,11040,12,11040,5000,1.9,4905,Net 30,Annual in Advance,false,false,false
OPP0186,Riverbend Medical Group Inc. - New Business,ACC0246,CON0494,USR012,New Business,Partner Referral,2025-06-20 00:00:00,Closed Won,100,Closed,2025-10-23,2025-09-23,,2025-09-21,,66000,2.9,64086,24,128172,20000,13.3,17340,Net 30,Annual in Advance,true,false,true
OPP0187,Fairview Commerce Group - New Business,ACC0261,CON0522,USR012,New Business,Organic Search,2024-06-07 00:00:00,Closed Won,100,Commit,2024-09-01,2024-09-01,,2024-08-31,,40000,9.1,36360,12,36360,10000,15.1,8490,Net 30,Annual in Advance,false,false,false
OPP0188,Westfield Construction Group - New Business,ACC0097,CON0193,USR011,New Business,Content Download,2026-08-08 23:21:11,Negotiation / Legal,80,Best Case,2026-09-09,,Resolve contract comments,2026-09-17,,56000,4.9,53256,12,53256,10000,3.1,9690,Net 30,Annual in Advance,false,false,false
OPP0189,Blue Harbor Precision Works LLC - New Business,ACC0203,CON0400,USR011,New Business,Content Download,2025-03-04 03:24:44,Closed Won,100,Closed,2025-06-18,2025-06-04,,2025-06-01,,82000,35.2,53136,36,159408,20000,7,18600,Net 30,Annual in Advance,false,false,true
OPP0190,Arbor Financial Services - New Business,ACC0080,CON0163,USR012,New Business,Paid Search,2025-07-12 00:00:00,Closed Won,100,Closed,2025-09-10,2025-10-10,,2025-10-07,,50000,6.8,46600,12,46600,10000,2.2,9780,Net 30,Annual in Advance,false,false,false
OPP0191,Meridian Financial Services - New Business,ACC0127,CON0261,USR011,New Business,Content Download,2022-03-21 03:47:02,Closed Won,60,Commit,2022-05-14,2022-05-21,,2022-05-18,,46000,19.8,36892,12,36892,10000,5.3,9470,Net 45,Annual in Advance,true,false,false
OPP0192,Highpoint Freight - New Business,ACC0209,CON0414,USR009,New Business,Content Download,2024-10-25 15:19:50,Qualification,25,Pipeline,2026-08-21,,Validate budget and timing,2026-09-07,,78000,7.5,72150,12,72150,20000,0.2,19960,Net 30,Annual in Advance,false,false,false
OPP0193,Arbor Learning Systems Group - New Business,ACC0043,CON0086,USR006,New Business,Organic Search,2026-07-29 22:00:00,Solution Evaluation,40,Pipeline,2026-08-31,,Schedule product demo,2026-09-19,,20000,4.1,19180,12,19180,5000,0.6,4970,Net 45,Annual in Advance,false,false,true
OPP0194,Redwood Fabrication - New Business,ACC0031,CON0066,USR006,New Business,Organic Search,2025-04-12 00:00:00,Closed Won,100,Closed,2025-05-27,2025-05-27,,2025-05-26,,38000,11.4,33668,12,33668,10000,5.8,9420,Net 30,Annual in Advance,false,false,true
OPP0195,Vertex Digital Group - Expansion,ACC0092,CON0182,USR010,Expansion,Content Download,2024-07-01 00:00:00,Closed Won,100,Closed,2024-09-26,2024-09-26,,2024-09-26,,20000,8.5,18300,12,18300,0,0,0,Net 30,Annual in Advance,false,false,false
OPP0196,Greenfield Industries LLC - New Business,ACC0071,CON0143,USR011,New Business,Webinar / Event,2026-04-27 19:10:54,Closed Won,100,Closed,2026-07-14,2026-07-14,,2026-07-13,,32000,4,30720,12,30720,5000,5.7,4715,Net 45,Annual in Advance,false,false,true
OPP0197,Brookstone Labs Inc. - New Business,ACC0185,CON0370,USR005,New Business,Webinar / Event,2026-06-03 16:17:37,Closed Won,100,Closed,2026-07-05,2026-07-05,,2026-07-03,,30000,4.9,28530,24,57060,5000,3.4,4830,Net 30,Annual in Advance,false,false,false
OPP0198,Beacon Capital - New Business,ACC0141,CON0286,USR009,New Business,Outbound SDR,2026-06-06 11:39:12,Commit,90,Commit,2026-08-16,,Confirm signature timeline,2026-09-07,,80000,0.6,79520,24,159040,20000,0.3,19940,Net 30,Annual in Advance,false,true,true
OPP0199,ClearPath Manufacturing LLC - New Business,ACC0109,CON0222,USR010,New Business,Content Download,2025-06-07 17:05:04,Closed Won,100,Closed,2025-09-07,2025-09-21,,2025-09-16,,50000,5.6,47200,24,94400,10000,8.3,9170,Net 30,Annual in Advance,false,false,false
OPP0200,Mosaic Fabrication Inc. - New Business,ACC0164,CON0332,USR007,New Business,Webinar / Event,2026-06-27 07:10:55,Closed Won,100,Closed,2026-07-08,2026-08-07,,2026-08-05,,12000,7.1,11148,12,11148,5000,0.9,4955,Net 60,Annual in Advance,false,false,true
OPP0201,Stonebridge Services Group - New Business,ACC0300,CON0599,USR006,New Business,,2026-09-16 21:00:00,Discovery,10,Best Case,2026-11-21,,Schedule discovery follow-up,2026-09-23,,12000,7.1,11148,12,11148,5000,2.7,4865,Net 30,Annual in Advance,false,false,false
OPP0202,Brookstone Solutions Inc. - New Business,ACC0307,CON0611,USR006,New Business,Inbound Demo Request,2025-09-12 07:52:07,Closed Lost,0,Closed,2025-11-23,2025-10-24,,2025-10-22,Requirements not met,22000,2.4,21472,12,21472,5000,12,4400,Net 30,Annual in Advance,false,false,false
OPP0203,Cobalt Precision Works - New Business,ACC0166,CON0335,USR007,New Business,Partner Referral,2026-08-16 11:00:00,Qualification,40,Pipeline,2026-11-14,,Validate budget and timing,2026-06-27,,12000,23.8,9144,36,27432,5000,19.4,4030,Net 30,Annual in Advance,false,false,true
OPP0204,Maplewood Consulting - New Business,ACC0219,CON0437,USR012,New Business,Content Download,2024-06-10 16:44:36,Closed Won,100,Closed,2024-10-06,2024-09-29,,2024-09-24,,80000,7.2,74240,12,74240,20000,18.6,16280,Net 30,Annual in Advance,false,false,false
OPP0205,Redwood Manufacturing Inc. - New Business,ACC0262,CON0525,USR005,New Business,Webinar / Event,2026-07-07 21:00:00,Proposal,60,Best Case,2026-10-13,,Confirm commercial feedback,2026-09-12,,16000,1,15840,12,15840,5000,18.6,4070,Net 30,Annual in Advance,false,false,false
OPP0206,Summit Ridge Builders Group - New Business,ACC0102,CON0206,USR009,New Business,Content Download,2024-12-06 10:09:43,Closed Lost,0,Closed,2025-03-29,2025-03-29,,2025-03-23,Pricing,86000,1.2,84968,24,169936,20000,2.3,19540,Other,Quarterly,false,false,true
OPP0207,Redstone Manufacturing - New Business,ACC0112,CON0225,USR010,New Business,Content Download,2026-08-30 17:00:00,Discovery,10,Pipeline,2026-08-15,,Identify additional stakeholders,2026-07-13,,60000,0.5,59700,12,59700,20000,16.1,16780,Net 60,Annual in Advance,false,false,true
OPP0208,BluePeak Care Network - New Business,ACC0187,CON0373,USR009,New Business,Partner Referral,2026-04-22 11:48:53,Closed Won,100,Closed,2026-08-18,2026-07-19,,2026-07-15,,68000,3.5,65620,24,131240,20000,4,19200,Net 60,Annual in Advance,false,false,true
OPP0209,Highpoint Health Partners - New Business,ACC0249,CON0501,USR010,New Business,Webinar / Event,2025-08-28 05:31:53,Closed Lost,0,Closed,2025-11-01,2025-11-01,,2025-10-31,No budget,44000,19.1,35596,12,35596,10000,3.1,9690,Net 30,Annual in Advance,false,false,true
OPP0210,Suncrest Care Network - New Business,ACC0314,CON0626,USR009,New Business,Inbound Demo Request,2022-11-09 18:09:08,Closed Won,100,Best Case,2022-12-31,2023-01-14,,2023-01-12,,60000,10.5,53700,24,107400,20000,15.3,16940,Net 30,Annual in Advance,false,false,true
OPP0211,TrueNorth Health Services - New Business,ACC0105,CON0212,USR008,New Business,Webinar / Event,2024-10-01 15:34:07,Closed Won,100,Closed,2024-11-04,2024-10-28,,2024-10-22,,20000,7.8,18440,12,18440,5000,3,4850,Net 30,Annual in Advance,false,false,false
OPP0212,Keystone Labs LLC - New Business,ACC0121,CON0243,USR012,New Business,Inbound Demo Request,2026-08-26 16:23:13,Qualification,25,Pipeline,2026-11-28,,Confirm decision process,2026-09-13,,20000,8,18400,12,18400,5000,10.1,4495,Net 30,Annual in Advance,false,false,false
OPP0213,Foxbridge Financial Group - New Business,ACC0099,CON0199,USR008,New Business,Inbound Demo Request,2024-07-02 04:52:20,Closed Won,100,Closed,2024-07-28,2024-08-04,,2024-08-02,,18000,1.6,17712,12,17712,5000,9.9,4505,Net 60,Annual in Advance,false,false,true
OPP0214,Bridgeway Learning Systems Group - New Business,ACC0098,CON0196,USR009,New Business,Content Download,2025-01-30 08:54:21,Closed Won,100,Closed,2025-04-04,2025-04-18,,2025-04-12,,80000,7.2,74240,12,74240,20000,17.9,16420,Net 30,Annual in Advance,false,false,false
OPP0215,Clearwater Consulting - Expansion,ACC0162,CON0329,USR006,Expansion,Outbound SDR,2026-01-06 00:00:00,Closed Won,100,Closed,2026-02-09,2026-02-09,,2026-02-03,,12000,7.4,11112,12,11112,0,0,0,Net 30,Monthly,false,false,true
OPP0216,BluePeak Care Network - Expansion,ACC0187,CON0373,USR009,Expansion,Partner Referral,2026-04-30 11:48:53,Closed Won,100,Closed,2026-07-25,2026-07-25,,2026-07-19,,12000,14.1,10308,12,10308,0,0,0,Net 30,Annual in Advance,false,false,true
OPP0217,Keystone Labs - New Business,ACC0221,CON0443,USR009,New Business,,2026-08-13 09:00:00,Qualification,25,Pipeline,2026-08-10,,Validate budget and timing,2026-09-18,,50000,3.9,48050,12,48050,10000,2.3,9770,Net 30,Annual in Advance,false,false,false
OPP0218,Cobalt Clinical Services LLC - New Business,ACC0120,CON0241,USR012,New Business,Paid Search,2024-06-19 14:55:53,Closed Won,100,Closed,2024-09-19,2024-08-20,,2024-08-20,,60000,9.5,54300,12,54300,20000,1.8,19640,Net 60,Annual in Advance,false,false,true
OPP0219,Clearwater Precision Works LLC - New Business,ACC0176,CON0357,USR006,New Business,Webinar / Event,2023-06-14 19:37:05,Closed Won,100,Closed,2023-07-28,2023-07-28,,2023-07-24,,44000,0.5,43780,12,43780,10000,7.5,9250,Net 30,Annual in Advance,false,false,false
OPP0220,Apex Precision Works LLC - New Business,ACC0005,CON0013,,New Business,Content Download,2026-08-07 13:00:00,Negotiation / Legal,80,Best Case,2026-10-22,,Resolve contract comments,2026-09-03,,16000,4.6,15264,12,15264,5000,18.9,4055,Net 30,Annual in Advance,false,false,false
OPP0221,Granite Peak Business Services Inc. - New Business,ACC0158,CON0321,USR008,New Business,,2026-07-23 17:00:00,Proposal,60,Best Case,2026-10-25,,Confirm commercial feedback,2026-09-09,,32000,24.1,24288,12,24288,5000,15.4,4230,Net 30,Annual in Advance,false,false,true
OPP0222,Rivermark Capital Group - New Business,ACC0066,CON0133,USR011,New Business,Webinar / Event,2025-01-11 15:19:38,Closed Lost,0,Closed,2025-02-26,2025-02-26,,2025-02-23,Project delayed,30000,25,22500,12,22500,10000,8.4,9160,Net 30,Annual in Advance,true,false,true
OPP0223,Vertex Retail Inc. - New Business,ACC0308,CON0613,USR006,New Business,,2025-03-26 14:48:47,Closed Lost,0,Closed,2025-04-29,2025-04-22,,2025-04-19,No budget,26000,0.2,25948,24,51896,5000,20.2,3990,Net 30,Annual in Advance,false,true,true
OPP0224,Cedarstone Health Services LLC - New Business,ACC0267,CON0536,USR005,New Business,Paid Search,2025-09-06 04:45:19,Qualification,25,Pipeline,2026-11-02,,Confirm decision process,2026-09-10,,20000,2.5,19500,12,19500,5000,8.6,4570,Net 30,Annual in Advance,false,false,false
OPP0225,Lakeshore Infrastructure - New Business,ACC0275,CON0550,USR006,New Business,Outbound SDR,2026-07-27 15:42:58,Commit,90,Commit,2026-10-14,,Confirm signature timeline,2026-08-30,,20000,0.5,19900,12,19900,5000,1.4,4930,Net 30,Annual in Advance,true,false,true
OPP0226,Granite Peak Advisory Partners - New Business,ACC0063,CON0127,USR010,New Business,Organic Search,2025-11-27 00:00:00,Closed Won,100,Closed,2026-02-13,2026-02-13,,2026-02-07,,52000,22.6,40248,12,40248,10000,6.2,9380,Net 30,Annual in Advance,false,false,true
OPP0227,Redstone Manufacturing - New Business,ACC0112,CON0225,USR010,New Business,Content Download,2025-06-06 15:00:49,Closed Won,100,Closed,2025-07-22,2025-08-05,,2025-08-04,,60000,19.4,48360,12,48360,20000,26,14800,Net 30,Annual in Advance,false,false,true
OPP0228,Cedarstone Operations - New Business,ACC0004,CON0012,USR012,New Business,Organic Search,2026-05-19 03:09:23,Commit,90,Commit,2026-10-12,,Send final agreement for signature,2026-08-16,,38000,23,29260,12,29260,10000,24.2,7580,Net 30,Annual in Advance,false,false,true
OPP0229,Foxbridge Capital - Expansion,ACC0226,CON0456,USR005,Expansion,Outbound SDR,2026-02-27 04:11:28,Closed Won,100,Closed,2026-03-29,2026-03-29,,2026-03-22,,12000,3.3,11604,12,11604,0,0,0,Net 30,Annual in Advance,false,false,false
OPP0230,Goldcrest Distribution Inc. - New Business,ACC0001,CON0004,USR009,New Business,Partner Referral,2023-09-06 15:55:25,Closed Lost,25,Closed,2023-12-21,2023-12-21,,2023-12-18,Lost contact,80000,3.1,77520,12,77520,20000,23.2,15360,Net 30,Annual in Advance,false,false,true
OPP0231,Maplewood Systems - New Business,ACC0053,CON0105,USR006,New Business,Partner Referral,2025-03-07 00:00:00,Closed Won,100,Closed,2025-04-13,2025-04-06,,2025-04-03,,26000,4.2,24908,12,24908,5000,4.1,4795,Net 30,Annual in Advance,false,false,false
OPP0232,ClearPath Advisory - New Business,ACC0068,CON0137,USR010,New Business,Inbound Demo Request,2026-07-03 00:00:00,Closed Lost,0,Closed,2026-10-16,2026-09-16,,2026-09-14,No budget,84000,17.1,69636,12,69636,20000,3.9,19220,Net 30,Quarterly,false,false,true
OPP0233,Horizon Operations Group - New Business,ACC0293,CON0585,USR012,New Business,Outbound SDR,2023-12-23 01:25:54,Closed Lost,0,Closed,2024-03-06,2024-03-20,,2024-03-19,Pricing,54000,0.5,53730,12,53730,10000,5.3,9470,Net 30,Annual in Advance,false,false,false
OPP0234,Cobalt Health Services - New Business,ACC0115,CON0232,USR011,New Business,Organic Search,2024-10-13 00:00:00,Closed Won,100,Closed,2024-12-24,2025-01-23,,2025-01-20,,68000,14.9,57868,12,57868,20000,9.3,18140,Net 30,Annual in Advance,false,false,true
OPP0235,Beacon Freight - New Business,ACC0225,CON0452,USR012,New Business,Content Download,2023-09-01 03:50:11,Closed Won,100,Closed,2024-01-08,2023-12-25,,2023-12-19,,50000,8.3,45850,12,45850,10000,2,9800,Net 30,Annual in Advance,false,false,false
OPP0236,TrueNorth Fabrication - New Business,ACC0022,CON0050,USR006,New Business,Webinar / Event,2022-03-20 23:38:07,Closed Won,90,Closed,2022-04-30,2022-04-16,,2022-04-13,,12000,1.5,11820,12,11820,5000,3.2,4840,Net 30,Annual in Advance,false,false,false
OPP0237,Catalyst Supply Chain LLC - New Business,ACC0238,CON0480,USR006,New Business,Outbound SDR,2026-09-15 13:00:00,Discovery,10,Pipeline,2026-11-16,,,2026-09-12,,26000,0.3,25922,12,25922,5000,9.8,4510,Net 30,Annual in Advance,false,false,false
OPP0238,Suncrest Care Network - Expansion,ACC0314,CON0627,USR010,Expansion,Webinar / Event,2024-03-12 00:00:00,Closed Won,100,Closed,2024-05-27,2024-05-27,,2024-05-21,,14000,2.3,13678,12,13678,0,0,0,Net 30,Annual in Advance,false,false,false
OPP0239,Oakridge Distribution - New Business,ACC0137,CON0277,USR011,New Business,Organic Search,2026-01-27 15:53:44,Closed Lost,0,Closed,2026-04-24,2026-03-25,,2026-03-21,No decision,34000,3.4,32844,12,32844,10000,7.8,9220,Net 30,Annual in Advance,false,false,false
OPP0240,Ridgeview Marketplace - New Business,ACC0144,CON0294,USR006,New Business,,2024-11-18 00:00:00,Closed Won,100,Closed,2024-12-17,2024-12-17,,2024-12-15,,22000,20.5,17490,24,34980,5000,9.9,4505,Net 30,Annual in Advance,false,false,true
OPP0241,Stonebridge Solutions - Expansion,ACC0088,CON0176,USR005,Expansion,Webinar / Event,2024-12-07 18:36:25,Closed Won,40,Closed,2024-12-22,2025-01-21,,2025-01-20,,14000,12.9,12194,12,12194,0,0,0,Net 30,Annual in Advance,false,false,true
OPP0242,Silverline Transportation - New Business,ACC0149,CON0303,USR006,New Business,Inbound Demo Request,2023-10-28 18:22:09,Closed Lost,90,Closed,2023-10-24,2023-11-23,,2023-11-22,Project delayed,12000,5.7,11316,36,33948,5000,4.4,4780,Net 30,Annual in Advance,false,false,false
OPP0243,Cobalt Builders Inc. - New Business,ACC0020,CON0045,USR007,New Business,Content Download,2026-01-01 18:09:00,Closed Lost,0,Closed,2026-02-20,2026-02-13,,2026-02-08,No budget,12000,7,11160,24,22320,5000,10,4500,Net 30,Annual in Advance,false,false,false
OPP0244,Ridgeview Marketplace - New Business,ACC0144,CON0294,USR006,New Business,Paid Search,2024-10-26 08:08:41,Closed Won,100,Closed,2024-12-09,2024-11-25,,2024-11-25,,28000,11.4,24808,24,49616,5000,13.5,4325,Net 30,Annual in Advance,false,false,true
OPP0245,Granite Peak Care Network LLC - New Business,ACC0153,CON0312,USR006,New Business,Partner Referral,2025-01-03 22:32:53,Closed Won,100,Closed,2025-01-09,2025-02-08,,2025-02-03,,12000,0.6,11928,12,11928,5000,7.4,4630,Net 45,Annual in Advance,false,false,true
OPP0246,Frontier Builders - New Business,ACC0322,CON0641,USR009,New Business,Content Download,2025-08-03 00:00:00,Closed Won,100,Closed,2025-11-07,2025-11-21,,2025-11-15,,88000,16.3,73656,12,73656,20000,7.9,18420,Net 30,Annual in Advance,false,false,true
OPP0247,Brookstone Labs Inc. - New Business,ACC0185,CON0370,USR005,New Business,Webinar / Event,2025-08-03 10:31:34,Closed Lost,0,Closed,2025-08-06,2025-09-05,,2025-08-31,Lost contact,22000,9,20020,12,20020,5000,9.8,4510,Net 30,Annual in Advance,false,false,false
OPP0248,Skyline Clinical Services - New Business,ACC0046,CON0091,USR008,New Business,,2026-01-25 01:44:12,Closed Won,100,Closed,2026-03-09,2026-03-09,,2026-03-08,,12000,7.7,11076,12,11076,5000,4.9,4755,Net 30,Annual in Advance,false,false,false
OPP0249,Westlake Services Group - New Business,ACC0151,CON0306,USR008,New Business,Organic Search,2026-07-08 14:45:05,Solution Evaluation,40,Pipeline,2026-10-28,,Complete technical evaluation,2026-09-19,,20000,21.1,15780,12,15780,5000,0.8,4960,Net 30,Monthly,false,false,true
OPP0250,Frontier Academy Group - New Business,ACC0324,CON0649,USR012,New Business,,2026-07-25 13:00:00,Solution Evaluation,40,Pipeline,2026-10-15,,Complete technical evaluation,2026-09-23,,80000,7,74400,12,74400,20000,5.6,18880,Net 30,Annual in Advance,false,false,false
OPP0251,Harborview Clinical Services Group - New Business,ACC0156,CON0318,USR009,New Business,Paid Search,2024-01-13 12:36:35,Closed Lost,0,Closed,2024-03-20,2024-04-03,,2024-03-29,Competitor selected,60000,2.1,58740,24,117480,20000,5.2,18960,Net 30,Annual in Advance,false,false,false
OPP0252,Maplewood Systems - New Business,ACC0053,CON0105,USR006,New Business,Partner Referral,2023-01-06 00:11:14,Closed Won,100,Best Case,2023-01-30,2023-02-13,,2023-02-12,,38000,34.4,24928,12,24928,10000,9.1,9090,Net 30,Quarterly,false,false,true
OPP0253,Clearwater Precision Works LLC - New Business,ACC0176,CON0357,USR006,New Business,Inbound Demo Request,2024-09-26 00:00:00,Closed Won,100,Closed,2024-11-04,2024-11-04,,2024-11-02,,36000,5.3,34092,12,34092,5000,8.5,4575,Net 30,Annual in Advance,false,false,false
OPP0254,Blue Harbor Precision Works LLC - New Business,ACC0203,CON0402,USR011,New Business,Organic Search,2024-08-03 08:00:55,Closed Won,100,Closed,2024-11-12,2024-10-29,,2024-10-25,,82000,11.3,72734,12,72734,20000,1.9,19620,Net 30,Annual in Advance,false,false,true
OPP0255,Northstar Technologies Inc. - New Business,ACC0078,CON0161,USR012,New Business,Content Download,2026-08-25 06:00:00,Qualification,25,Pipeline,2026-10-26,,Validate budget and timing,2026-09-23,,50000,3.7,48150,12,48150,10000,5.7,9430,Net 30,Annual in Advance,false,false,false
OPP0256,Lakeview Support Services - New Business,ACC0276,CON0552,USR011,New Business,Organic Search,2026-07-16 13:00:00,Proposal,60,Best Case,2026-10-17,,Schedule pricing review,2026-09-19,,46000,9.9,41446,12,41446,5000,5.7,4715,Net 30,Quarterly,false,false,true
OPP0257,Crescent Solutions - New Business,ACC0258,CON0518,USR012,New Business,Outbound SDR,2026-07-19 21:21:01,Commit,90,Commit,2026-10-06,,Send final agreement for signature,2026-09-06,,78000,9.6,70512,12,70512,20000,8.7,18260,Net 30,Quarterly,false,false,true
OPP0258,Crownstone Financial Services Group - New Business,ACC0021,CON0047,USR009,New Business,Content Download,2026-08-29 12:00:00,Discovery,10,Pipeline,2026-08-11,,,2026-09-07,,30000,0.5,29850,12,29850,10000,0.2,9980,Net 30,Annual in Advance,false,false,false
OPP0259,BluePeak Distribution Group - New Business,ACC0002,CON0005,USR006,New Business,Outbound SDR,2023-10-30 06:31:06,Closed Lost,0,Closed,2023-11-24,2023-11-24,,2023-11-18,Lost contact,16000,9.7,14448,24,28896,5000,6.4,4680,Net 30,Annual in Advance,false,false,false
OPP0260,Cobalt Labs - New Business,ACC0245,CON0491,USR012,New Business,Inbound Demo Request,2026-05-12 04:53:39,Negotiation / Legal,80,Best Case,2026-10-03,,Review procurement terms,2026-09-10,,64000,2,62720,12,62720,10000,8.3,9170,Net 30,Annual in Advance,false,false,false
OPP0261,Northwind Learning Systems Group - New Business,ACC0085,CON0172,USR005,New Business,,2024-10-11 06:53:18,Closed Lost,0,Pipeline,2024-11-20,2024-11-20,,2024-11-16,Pricing,24000,9.7,21672,12,21672,5000,18,4100,Net 30,Annual in Advance,false,false,false
OPP0262,Pinecrest Fabrication Group - New Business,ACC0316,CON0629,USR010,New Business,Organic Search,2026-04-22 00:00:00,Closed Won,100,Pipeline,2026-07-12,2026-07-12,,2026-07-09,,72000,2.2,70416,12,70416,20000,8.9,18220,Net 45,Annual in Advance,false,false,true
OPP0263,Rivermark Digital - New Business,ACC0100,CON0203,USR009,New Business,Organic Search,2024-12-05 00:02:03,Closed Lost,0,Closed,2025-05-02,2025-04-02,,2025-03-28,Requirements not met,88000,2,86240,12,86240,20000,5.2,18960,Net 30,Annual in Advance,false,false,false
OPP0264,Eastgate Supply Chain - New Business,ACC0161,CON0327,USR005,New Business,Content Download,2026-08-04 14:14:15,Closed Lost,0,Closed,2026-08-26,2026-08-26,,2026-08-26,Pricing,36000,8.7,32868,24,65736,10000,2,9800,Net 30,Annual in Advance,false,false,false
OPP0265,Highland Clinical Services - New Business,ACC0235,CON0474,USR006,New Business,Paid Search,2023-12-21 23:55:34,Closed Lost,80,Best Case,2024-01-24,2024-01-17,,2024-01-11,Lost contact,12000,9.7,10836,12,10836,5000,0.3,4985,Net 30,Quarterly,false,false,true
OPP0266,Arbor Learning Systems Group - New Business,ACC0043,CON0087,USR006,New Business,Organic Search,2026-08-11 23:00:00,Proposal,60,Best Case,2026-10-20,,Confirm commercial feedback,2026-07-28,,16000,8.5,14640,12,14640,5000,16.2,4190,Net 30,Annual in Advance,false,false,false
OPP0267,Riverbend Learning Systems - Expansion,ACC0254,CON0512,USR009,Expansion,Customer Referral,2026-03-07 15:17:25,Closed Won,100,Closed,2026-06-07,2026-06-07,,2026-05-31,,8000,5.7,7544,12,7544,0,0,0,Net 30,Annual in Advance,false,false,false
OPP0268,Clearwater Financial Group - New Business,ACC0045,CON0090,USR005,New Business,Partner Referral,2026-01-16 13:13:45,Closed Lost,0,Closed,2026-04-17,2026-04-24,,2026-04-24,No budget,20000,27.9,14420,36,43260,5000,1.1,4945,Net 30,Annual in Advance,false,false,true
OPP0269,Granite Peak Manufacturing LLC - New Business,ACC0114,CON0229,USR007,New Business,Customer Referral,2026-05-12 07:49:19,Closed Won,100,Closed,2026-06-10,2026-06-10,,2026-06-04,,20000,12.9,17420,36,52260,5000,11.1,4445,Net 30,Annual in Advance,false,false,true
OPP0270,Fairview Manufacturing - New Business,ACC0282,CON0565,USR010,New Business,Partner Referral,2024-06-26 11:28:56,Commit,90,Commit,2026-08-04,,Confirm signature timeline,2026-09-01,,86000,8.3,78862,12,78862,20000,7.6,18480,Net 30,Annual in Advance,false,false,false
OPP0271,Elmwood Wealth Partners - New Business,ACC0229,CON0462,USR006,New Business,Paid Search,2026-09-08 11:00:00,Discovery,10,Pipeline,2026-11-21,,Schedule discovery follow-up,2026-09-23,,16000,4.7,15248,12,15248,5000,3.9,4805,Net 30,Annual in Advance,false,false,false
OPP0272,Redstone Marketplace Inc. - New Business,ACC0123,CON0251,USR011,New Business,Customer Referral,2026-08-10 22:00:00,Solution Evaluation,40,Pipeline,2026-10-16,,Review integration requirements,2026-09-08,,30000,14.1,25770,24,51540,10000,26.6,7340,Net 30,Annual in Advance,false,false,true
OPP0273,Bluewater Industrial - New Business,ACC0190,CON0378,USR010,New Business,,2026-08-30 17:00:00,Qualification,25,Pipeline,2026-11-12,,Review technical requirements,2026-09-08,,38000,22.1,29602,12,29602,10000,3.5,9650,Net 30,Annual in Advance,false,false,true
OPP0274,Vertex Support Services - New Business,ACC0146,CON0298,USR011,New Business,Customer Referral,2026-06-30 00:00:00,Closed Lost,0,Closed,2026-09-03,2026-09-10,,2026-09-04,No decision,60000,3,58200,12,58200,20000,10.2,17960,Net 30,Annual in Advance,false,false,false
OPP0275,Frontier Learning - New Business,ACC0111,CON0224,USR012,New Business,Organic Search,2023-04-16 12:18:03,Closed Lost,0,Closed,2023-07-16,2023-07-02,,2023-06-26,Pricing,60000,17.5,49500,12,49500,10000,3.4,9660,Net 30,Annual in Advance,false,false,false
OPP0276,Goldcrest Distribution Inc. - New Business,ACC0001,CON0002,USR009,New Business,,2024-02-08 21:44:13,Closed Lost,0,Closed,2024-05-27,2024-05-27,,2024-05-27,No decision,80000,26.3,58960,12,58960,20000,2.1,19580,Net 30,Annual in Advance,false,false,true
OPP0277,Beacon Health Partners - New Business,ACC0325,CON0650,USR006,New Business,Organic Search,2024-12-31 01:03:22,Closed Lost,0,Closed,2025-02-01,2025-02-01,,2025-01-28,No budget,42000,2.3,41034,12,41034,10000,8.9,9110,Net 30,Annual in Advance,false,false,false
OPP0278,Sterling Distribution - New Business,ACC0060,CON0120,USR011,New Business,Organic Search,2025-07-27 00:00:00,Closed Won,100,Closed,2025-09-11,2025-09-11,,2025-09-07,,20000,3,19400,24,38800,5000,8.1,4595,Net 30,Annual in Advance,false,false,false
OPP0279,Crestpoint Medical Group - New Business,ACC0016,CON0040,USR005,New Business,,2026-08-25 13:00:00,Solution Evaluation,90,Pipeline,2026-11-23,,Complete technical evaluation,2026-07-12,,30000,23.1,23070,12,23070,10000,1.4,9860,Net 30,Quarterly,false,false,true
OPP0280,Apex Technologies Group - New Business,ACC0039,CON0081,USR005,New Business,Content Download,2024-01-23 12:55:23,Closed Lost,0,Closed,2024-02-07,2024-02-21,,2024-02-19,Project delayed,32000,23.6,24448,12,24448,5000,3.6,4820,Net 30,Annual in Advance,false,false,true
OPP0281,Frontier Financial Services Inc. - New Business,ACC0175,CON0355,USR008,New Business,Customer Referral,2025-04-24 10:08:51,Closed Won,100,Closed,2025-05-14,2025-05-14,,2025-05-09,,12000,5.1,11388,12,11388,5000,28.9,3555,Net 30,Annual in Advance,false,false,true
OPP0282,Skyline Fabrication - New Business,ACC0178,CON0359,USR006,New Business,,2025-01-22 00:00:00,Closed Won,100,Closed,2025-01-27,2025-02-26,,2025-02-21,,30000,9.9,27030,12,27030,10000,0.9,9910,Net 30,Annual in Advance,false,false,false
OPP0283,Lakeshore Training - New Business,ACC0027,CON0060,USR011,New Business,Content Download,2026-08-15 11:26:58,Negotiation / Legal,80,Best Case,2026-09-30,,Review procurement terms,2026-09-17,,46000,3.5,44390,24,88780,10000,16.6,8340,Net 30,Annual in Advance,false,false,false
OPP0284,Rivermark Labs Inc. - New Business,ACC0256,CON0515,USR006,New Business,Organic Search,2026-07-07 05:44:59,Closed Won,100,Closed,2026-08-14,2026-08-14,,2026-08-13,,32000,9.7,28896,12,28896,5000,15.6,4220,Net 30,Annual in Advance,false,true,true
OPP0285,Vertex Logistics - New Business,ACC0147,CON0300,USR008,New Business,Inbound Demo Request,2023-09-27 06:12:45,Closed Lost,0,Closed,2023-10-27,2023-10-27,,2023-10-20,No budget,24000,2.6,23376,24,46752,5000,4.8,4760,Net 30,Annual in Advance,false,false,false
OPP0286,Foxbridge Capital - New Business,ACC0226,CON0455,USR005,New Business,Webinar / Event,2025-08-30 07:45:41,Closed Won,100,Closed,2025-10-02,2025-10-02,,2025-09-26,,20000,16.7,16660,12,16660,5000,11.8,4410,Net 30,Annual in Advance,false,false,true
OPP0287,Cedarstone Financial Group - New Business,ACC0284,CON0567,USR009,New Business,,2024-11-12 00:00:00,Closed Won,90,Closed,2025-01-04,2024-12-28,,2024-12-28,,56000,8.9,51016,24,102032,10000,5.3,9470,Net 30,Annual in Advance,false,false,false
OPP0288,Skyline Clinical Services - New Business,ACC0046,CON0091,USR006,New Business,Content Download,2025-06-20 13:08:13,Closed Lost,0,Closed,2025-07-25,2025-07-25,,2025-07-21,No decision,24000,8.5,21960,24,43920,5000,19.1,4045,Net 30,Monthly,false,false,true
OPP0289,BrightPath Health Partners LLC - New Business,ACC0207,CON0409,USR010,New Business,Paid Search,2025-02-21 00:00:00,Closed Won,100,Closed,2025-04-08,2025-05-08,,2025-05-02,,48000,8.5,43920,12,43920,5000,29.4,3530,Net 30,Annual in Advance,false,false,true
OPP0290,Highland Digital - New Business,ACC0086,CON0173,USR010,New Business,Partner Referral,2026-09-17 11:00:00,Discovery,10,Pipeline,2026-08-21,,Identify additional stakeholders,2026-07-31,,40000,8.3,36680,12,36680,10000,6.5,9350,Net 30,Annual in Advance,false,false,false
OPP0291,Greenfield Software - New Business,ACC0075,CON0153,USR007,New Business,Content Download,2024-10-04 08:47:43,Closed Won,100,Best Case,2024-10-31,2024-10-31,,2024-10-30,,42000,4.7,40026,12,40026,10000,15.5,8450,Net 45,Annual in Advance,false,false,true
OPP0292,Crescent Solutions - New Business,ACC0258,CON0517,USR011,New Business,Inbound Demo Request,2025-11-11 17:46:07,Closed Won,100,Pipeline,2026-01-09,2026-01-02,,2025-12-27,,36000,3.3,34812,12,34812,10000,7,9300,Net 30,Annual in Advance,false,false,false
OPP0293,Riverbend Learning Systems - New Business,ACC0254,CON0513,USR009,New Business,Webinar / Event,2025-05-30 21:51:10,Closed Lost,0,Closed,2025-08-27,2025-08-27,,2025-08-22,Project delayed,80000,7,74400,12,74400,20000,5.8,18840,Net 30,Annual in Advance,false,false,false
OPP0294,Horizon Fabrication - New Business,ACC0182,CON0367,USR009,New Business,Webinar / Event,2024-11-09 12:25:40,Closed Lost,0,Closed,2025-02-07,2025-01-31,,2025-01-28,No decision,88000,2.4,85888,12,85888,20000,28.7,14260,Net 30,Annual in Advance,false,false,true
OPP0295,Clearwater Precision Works LLC - New Business,ACC0176,CON0356,USR006,New Business,Inbound Demo Request,2023-08-27 13:00:04,Closed Won,100,Closed,2023-10-02,2023-10-09,,2023-10-04,,22000,14.5,18810,12,18810,5000,0.3,4985,Net 60,Annual in Advance,false,false,true
OPP0296,Blue Harbor Digital Inc. - New Business,ACC0198,CON0392,USR006,New Business,Paid Search,2023-06-25 11:36:28,Closed Lost,0,Closed,2023-07-23,2023-07-23,,2023-07-20,Requirements not met,26000,3.1,25194,12,25194,5000,1.5,4925,Net 30,Annual in Advance,false,false,false
OPP0297,Bridgeway Learning Systems Group - New Business,ACC0098,CON0197,USR009,New Business,Inbound Demo Request,2025-03-21 06:20:06,Closed Lost,0,Closed,2025-05-30,2025-06-06,,2025-05-30,Requirements not met,86000,14.9,73186,12,73186,20000,1.8,19640,Net 45,Annual in Advance,false,false,true
OPP0298,Skyline Precision Works Group - New Business,ACC0136,CON0275,USR010,New Business,Outbound SDR,2026-06-09 10:12:22,Closed Won,100,Closed,2026-07-23,2026-08-22,,2026-08-19,,70000,10,63000,12,63000,20000,25.5,14900,Net 30,Monthly,false,false,true
OPP0299,Northwind Brands - New Business,ACC0320,CON0637,USR006,New Business,Organic Search,2026-07-23 20:00:00,Solution Evaluation,40,Pipeline,2026-11-21,,Schedule product demo,2026-08-31,,50000,32.4,33800,12,33800,10000,9.8,9020,Net 30,Annual in Advance,false,false,true
OPP0300,Fairview Manufacturing - New Business,ACC0282,CON0564,USR010,New Business,Content Download,2024-07-22 21:47:14,Closed Lost,0,Closed,2024-10-26,2024-11-09,,2024-11-06,No budget,80000,4.2,76640,12,76640,20000,8.6,18280,Net 30,Annual in Advance,false,false,false
OPP0301,Lakeshore Manufacturing - New Business,ACC0266,CON0532,USR011,New Business,Webinar / Event,2024-05-13 00:00:00,Closed Won,100,Closed,2024-08-15,2024-08-08,,2024-08-03,,92000,22,71760,12,71760,20000,9.3,18140,Net 30,Annual in Advance,false,false,true
OPP0302,Lakeview Support Services - New Business,ACC0276,CON0552,USR011,New Business,Organic Search,2026-08-12 17:00:00,Qualification,25,Pipeline,2026-08-03,,Review technical requirements,2026-08-08,,58000,2,56840,12,56840,10000,8.7,9130,Net 30,Annual in Advance,false,false,false
OPP0303,Blue Harbor Precision Works LLC - New Business,ACC0203,CON0402,USR011,New Business,Organic Search,2025-08-23 13:00:52,Closed Won,100,Closed,2025-11-04,2025-12-04,,2025-12-03,,30000,7.7,27690,12,27690,10000,11.1,8890,Net 30,Monthly,false,false,true
OPP0304,Frontier Builders - New Business,ACC0322,CON0640,USR009,New Business,Partner Referral,2024-11-27 00:00:00,Closed Won,100,Closed,2025-02-16,2025-02-16,,2025-02-12,,82000,6.7,76506,12,76506,20000,14.1,17180,Net 30,Annual in Advance,false,false,false
OPP0305,Greenfield Industries LLC - New Business,ACC0071,CON0144,USR011,New Business,Webinar / Event,2025-12-29 22:42:02,Closed Won,100,Closed,2026-01-25,2026-02-24,,2026-02-24,,50000,1.9,49050,12,49050,10000,4.5,9550,Net 30,Annual in Advance,false,false,false
OPP0306,Bluewater Contracting - Expansion,ACC0173,CON0351,USR008,Expansion,Content Download,2026-07-17 09:00:00,Proposal,60,Best Case,2026-10-27,,Review proposal with buyer,2026-09-22,,20000,8.8,18240,12,18240,0,0,0,Net 30,Annual in Advance,false,false,false
OPP0307,Ridgeview Retail Group - New Business,ACC0084,CON0170,USR010,New Business,Inbound Demo Request,2024-07-16 20:17:56,Closed Won,100,Closed,2024-10-10,2024-09-10,,2024-09-06,,42000,15.1,35658,24,71316,10000,6.4,9360,Net 30,Annual in Advance,false,false,true
OPP0308,Westfield Labs - Expansion,ACC0208,CON0411,USR006,Expansion,Partner Referral,2025-04-25 00:00:00,Closed Won,100,Closed,2025-06-06,2025-05-30,,2025-05-28,,18000,21.5,14130,12,14130,0,0,0,Net 30,Annual in Advance,false,false,true
OPP0309,Highland Fabrication - New Business,ACC0072,CON0147,USR011,New Business,Paid Search,2026-08-25 14:00:00,Solution Evaluation,40,Pipeline,2026-11-06,,Schedule product demo,2026-09-15,,30000,6.1,28170,12,28170,10000,4.4,9560,Net 60,Other,false,false,false
OPP0310,Pinecrest Labs - New Business,ACC0232,CON0469,USR011,New Business,Partner Referral,2023-12-26 11:58:45,Closed Lost,0,Commit,2024-02-09,2024-02-16,,2024-02-11,Project delayed,34000,8.1,31246,12,31246,10000,22.7,7730,Net 30,Annual in Advance,false,false,true
OPP0311,Riverbend Consulting Group - New Business,ACC0026,CON0057,USR006,New Business,Webinar / Event,2023-12-09 21:58:23,Closed Lost,0,Closed,2024-01-22,2024-01-22,,2024-01-16,Lost contact,24000,5.6,22656,12,22656,5000,1.2,4940,Net 30,Annual in Advance,true,false,true
OPP0312,Northstar Commerce - New Business,ACC0152,CON0310,USR012,New Business,Organic Search,2025-10-20 22:07:38,Closed Lost,0,Closed,2026-01-01,2026-01-15,,2026-01-12,Project delayed,66000,14,56760,12,56760,20000,17.6,16480,Net 30,Annual in Advance,false,false,true
OPP0313,Evergreen Services Group Inc. - New Business,ACC0049,CON0095,USR008,New Business,Inbound Demo Request,2024-10-30 08:33:20,Closed Lost,0,Closed,2024-11-29,2024-11-29,,2024-11-24,Competitor selected,30000,7.3,27810,12,27810,10000,2.7,9730,Net 30,Annual in Advance,false,false,false
OPP0314,Parkline Manufacturing - New Business,ACC0216,CON0430,USR011,New Business,Content Download,2023-09-14 12:59:14,Closed Lost,0,Closed,2024-01-10,2023-12-11,,2023-12-10,Project delayed,66000,4.1,63294,12,63294,20000,9.6,18080,Net 30,Annual in Advance,false,false,false
OPP0315,Rivermark Retail - New Business,ACC0210,CON0417,USR010,New Business,Organic Search,2026-09-01 15:45:57,Commit,90,Commit,2026-10-07,,Confirm signature timeline,2026-09-19,,86000,5.3,81442,12,81442,20000,7.4,18520,Net 60,Annual in Advance,false,false,true
OPP0316,Greenfield Services Group LLC - New Business,ACC0313,CON0622,USR009,New Business,Webinar / Event,2026-06-06 03:20:15,Closed Won,100,Closed,2026-09-03,2026-09-03,,2026-08-27,,38000,0.3,37886,24,75772,10000,9.3,9070,Net 30,Annual in Advance,false,false,false
OPP0317,Elmwood Transportation - Expansion,ACC0297,CON0594,USR008,Expansion,Organic Search,2025-10-22 13:48:11,Closed Won,80,Closed,2025-11-11,2025-11-11,,2025-11-11,,24000,4.2,22992,12,22992,0,0,0,Net 30,Annual in Advance,false,false,false
OPP0318,Maplewood Distribution Inc. - New Business,ACC0139,CON0281,USR011,New Business,Content Download,2026-03-28 16:34:37,Closed Won,100,Closed,2026-05-14,2026-05-21,,2026-05-14,,56000,3,54320,24,108640,10000,6.5,9350,Net 30,Annual in Advance,false,false,false
OPP0319,Skyline Fabrication - New Business,ACC0178,CON0359,USR006,New Business,,2026-07-08 00:00:00,Proposal,60,Best Case,2026-10-27,,Schedule pricing review,2026-09-23,,24000,14.6,20496,12,20496,5000,6.8,4660,Net 30,Annual in Advance,false,false,true
OPP0320,Oakridge Professional Services - New Business,ACC0199,CON0393,USR007,New Business,Webinar / Event,2023-11-17 00:38:00,Closed Lost,0,Closed,2023-12-18,2023-12-18,,2023-12-18,Pricing,26000,6.9,24206,24,48412,5000,9.3,4535,Net 30,Annual in Advance,false,false,false
OPP0321,Northstar Business Solutions Inc. - New Business,ACC0142,CON0290,USR012,New Business,Outbound SDR,2026-08-03 13:00:00,Solution Evaluation,40,Pipeline,2026-11-02,,Complete technical evaluation,2026-08-01,,74000,6.6,69116,12,69116,20000,19.9,16020,Net 30,Annual in Advance,false,false,false
OPP0322,Highland Fabrication - New Business,ACC0072,CON0146,USR011,New Business,Paid Search,2026-02-01 03:03:59,Closed Won,100,Closed,2026-03-16,2026-03-23,,2026-03-19,,34000,8,31280,12,31280,10000,19.2,8080,Net 30,Annual in Advance,false,false,false
OPP0323,Northstar Technologies Inc. - New Business,ACC0078,CON0159,USR012,New Business,Inbound Demo Request,2026-07-24 15:35:39,Solution Evaluation,40,Pipeline,2026-10-14,,Complete technical evaluation,2026-09-18,,42000,31,28980,12,28980,10000,4.1,9590,Net 30,Annual in Advance,false,false,true
OPP0324,Brookstone Software - New Business,ACC0217,CON0434,USR010,New Business,Inbound Demo Request,2026-08-04 14:00:00,Solution Evaluation,40,Pipeline,2026-11-16,,Complete technical evaluation,2026-07-07,,72000,4.8,68544,12,68544,20000,3.9,19220,Net 30,Annual in Advance,false,true,true
OPP0325,Keystone Builders - New Business,ACC0310,CON0617,USR005,New Business,Content Download,2026-09-12 10:00:00,Discovery,10,Pipeline,2026-11-15,,Confirm business requirements,2026-08-08,,20000,8.7,18260,12,18260,5000,9.2,4540,Net 30,Annual in Advance,false,false,false
OPP0326,Granite Peak Clinical Services - New Business,ACC0155,CON0315,USR009,New Business,Customer Referral,2026-08-28 14:00:00,Solution Evaluation,40,Pipeline,2026-11-22,,Complete technical evaluation,2026-06-26,,36000,7.5,33300,12,33300,10000,8.3,9170,Net 30,Quarterly,false,false,true
OPP0327,Lakeshore Manufacturing - New Business,ACC0266,CON0534,USR011,New Business,Organic Search,2023-11-22 06:38:52,Closed Lost,0,Closed,2024-03-12,2024-03-12,,2024-03-05,Competitor selected,80000,4.9,76080,24,152160,20000,6.7,18660,Other,Annual in Advance,false,true,true
OPP0328,Silver Oak Systems Group - New Business,ACC0283,CON0566,USR006,New Business,Inbound Demo Request,2026-08-16 18:29:13,Proposal,60,Best Case,2026-10-27,,Confirm commercial feedback,2026-09-16,,50000,9.4,45300,12,45300,10000,4.5,9550,Net 30,Annual in Advance,false,false,false
OPP0329,Fairview Digital - New Business,ACC0218,CON0435,USR007,New Business,Inbound Demo Request,2022-04-06 14:41:02,Closed Lost,0,Closed,2022-05-07,2022-05-21,,2022-05-19,Lost contact,38000,0.6,37772,36,113316,10000,6,9400,Net 45,Annual in Advance,false,false,false
OPP0330,OpenGate Advisory Partners Inc. - New Business,ACC0230,CON0465,USR011,New Business,Webinar / Event,2026-09-20 20:00:00,Discovery,80,Pipeline,2026-11-03,,,2026-09-05,,92000,9.6,83168,12,83168,20000,14.5,17100,Net 30,Annual in Advance,true,false,true
OPP0331,Cobalt Health Services - Expansion,ACC0115,CON0234,USR011,Expansion,Organic Search,2023-12-09 00:00:00,Closed Won,100,Closed,2024-03-05,2024-02-27,,2024-02-21,,12000,5.9,11292,36,33876,0,0,0,Net 30,Annual in Advance,false,false,false
OPP0332,Suncrest Freight Inc. - New Business,ACC0134,CON0270,USR005,New Business,,2026-08-26 21:00:00,Qualification,25,Pipeline,2026-10-31,,Review technical requirements,2026-09-05,,20000,4.2,19160,12,19160,5000,2,4900,Net 30,Annual in Advance,false,false,false
OPP0333,BrightPath Health Partners LLC - New Business,ACC0207,CON0409,USR010,New Business,Inbound Demo Request,2023-06-09 13:44:51,Closed Lost,0,Closed,2023-08-04,2023-08-18,,2023-08-11,Project delayed,46000,0.5,45770,24,91540,10000,3.6,9640,Net 30,Annual in Advance,false,false,false
OPP0334,Vantage Training - New Business,ACC0292,CON0583,USR012,New Business,Webinar / Event,2026-03-12 08:32:45,Qualification,25,Pipeline,2026-11-10,,,2026-09-16,,40000,6.4,37440,12,37440,5000,8.7,4565,Net 30,Annual in Advance,false,false,false
OPP0335,Frontier Academy Group - New Business,ACC0324,CON0647,USR012,New Business,Inbound Demo Request,2026-07-26 12:32:26,Negotiation / Legal,80,Best Case,2026-09-06,,Resolve contract comments,2026-08-30,,60000,5.5,56700,24,113400,20000,22.8,15440,Net 30,Annual in Advance,true,false,true
OPP0336,Summit Ridge Builders Group - New Business,ACC0102,CON0207,USR009,New Business,,2025-05-23 20:47:07,Closed Lost,0,Closed,2025-08-12,2025-09-11,,2025-09-11,Requirements not met,58000,20.5,46110,12,46110,10000,5.1,9490,Net 30,Annual in Advance,false,false,true
OPP0337,Granite Peak Advisory Partners - New Business,ACC0063,CON0127,USR010,New Business,Partner Referral,2022-09-28 22:38:43,Closed Won,100,Closed,2022-11-14,2022-11-28,,2022-11-25,,30000,14.7,25590,12,25590,10000,5.5,9450,Net 30,Annual in Advance,false,false,true
OPP0338,Westfield Labs - New Business,ACC0208,CON0411,USR006,New Business,Partner Referral,2023-10-02 13:42:07,Closed Lost,0,Closed,2023-10-12,2023-10-26,,2023-10-24,Lost contact,26000,10.2,23348,12,23348,5000,0.5,4975,Net 30,Annual in Advance,false,false,true
OPP0339,Bluewater Contracting - Expansion,ACC0173,CON0351,USR008,Expansion,Content Download,2025-06-29 01:21:52,Closed Won,100,Closed,2025-09-08,2025-08-09,,2025-08-03,,12000,2.9,11652,12,11652,0,0,0,Net 30,Annual in Advance,false,false,false
OPP0340,Brookstone Business Solutions - New Business,ACC0159,CON0322,USR007,New Business,Organic Search,2026-07-22 20:17:04,Proposal,60,Best Case,2026-10-26,,Confirm commercial feedback,2026-09-03,,26000,15.1,22074,12,22074,5000,6.6,4670,Net 30,Annual in Advance,false,false,true
OPP0341,Bluewater Builders - New Business,ACC0055,CON0109,USR011,New Business,Organic Search,2026-08-27 17:00:00,Discovery,10,Pipeline,2026-12-15,,Schedule discovery follow-up,2026-09-13,,66000,7.7,60918,12,60918,20000,2.4,19520,Net 30,Annual in Advance,false,false,false
OPP0342,Oakridge Support Services - New Business,ACC0091,CON0179,USR007,New Business,Content Download,2024-12-27 06:17:45,Closed Lost,0,Closed,2025-01-23,2025-01-23,,2025-01-20,No decision,16000,18.3,13072,12,13072,5000,7.7,4615,Net 30,Annual in Advance,false,false,true
OPP0343,Fairview Consulting Group - New Business,ACC0171,CON0346,USR012,New Business,Organic Search,2024-10-18 00:00:00,Closed Won,100,Closed,2024-12-22,2025-01-05,,2024-12-29,,68000,7.4,62968,12,62968,20000,10.4,17920,Net 30,Annual in Advance,false,false,false
OPP0344,Suncrest Clinical Services - New Business,ACC0065,CON0131,USR006,New Business,Partner Referral,2024-02-29 22:48:53,Commit,90,Commit,2026-10-06,,Send final agreement for signature,2026-06-22,,30000,5.2,28440,24,56880,5000,2.3,4885,Net 30,Annual in Advance,false,false,false
OPP0345,Catalyst Support Services - Expansion,ACC0113,CON0227,USR011,Expansion,Outbound SDR,2025-08-08 01:13:35,Closed Won,100,Closed,2025-11-23,2025-11-30,,2025-11-29,,28000,35.5,18060,12,18060,0,0,0,Net 30,Annual in Advance,false,false,true
OPP0346,Highland Digital - New Business,ACC0086,CON0173,USR010,New Business,Paid Search,2026-09-24 20:44:31,Commit,90,Commit,2026-10-14,,Confirm signature timeline,2026-09-22,,42000,3.8,40404,24,80808,10000,2,9800,Net 45,Annual in Advance,false,false,true
OPP0347,Silver Oak Manufacturing - Expansion,ACC0145,CON0295,USR006,Expansion,Organic Search,2024-12-23 20:38:08,Closed Won,100,Closed,2025-01-17,2025-01-17,,2025-01-12,,30000,0.5,29850,12,29850,0,0,0,Net 30,Annual in Advance,false,false,false
OPP0348,Lakeshore Training - New Business,ACC0027,CON0059,USR011,New Business,Inbound Demo Request,2026-06-17 00:00:00,Closed Lost,0,Closed,2026-09-26,2026-09-12,,2026-09-09,Requirements not met,30000,2.2,29340,12,29340,10000,5.6,9440,Net 30,Annual in Advance,false,false,false
OPP0349,PrimePoint Software - New Business,ACC0122,CON0249,USR010,New Business,Organic Search,2026-08-28 14:52:53,Negotiation / Legal,80,Best Case,2026-10-23,,Resolve contract comments,2026-09-09,,88000,8.8,80256,12,80256,20000,26.8,14640,Net 30,Annual in Advance,false,false,true
OPP0350,Meridian Financial Services - Expansion,ACC0127,CON0260,USR011,Expansion,Content Download,2023-12-14 00:00:00,Closed Won,100,Closed,2024-04-09,2024-03-10,,2024-03-07,,18000,31.8,12276,24,24552,0,0,0,Net 60,Annual in Advance,false,false,true
OPP0351,Lakeview Support Services - New Business,ACC0276,CON0552,USR011,New Business,Organic Search,2026-09-15 07:00:00,Discovery,90,Pipeline,2026-10-29,,Schedule discovery follow-up,2026-09-23,,12000,4.8,11424,12,11424,5000,6.6,4670,Net 30,Annual in Advance,false,false,false
OPP0352,ClearPath Industrial - New Business,ACC0029,CON0062,USR006,New Business,Inbound Demo Request,2026-09-16 06:00:00,Discovery,10,Pipeline,2026-11-13,,Confirm business requirements,2026-09-11,,24000,1.1,23736,12,23736,5000,25.5,3725,Net 30,Annual in Advance,false,false,true
OPP0353,Vertex Digital LLC - New Business,ACC0014,CON0037,USR010,New Business,Outbound SDR,2026-09-18 19:00:00,Discovery,10,Pipeline,2026-11-18,,Confirm business requirements,2026-08-30,,80000,4.4,76480,12,76480,20000,3.7,19260,Net 30,Annual in Advance,false,false,false
OPP0354,Suncrest Freight Inc. - New Business,ACC0134,CON0271,USR005,New Business,Customer Referral,2025-01-09 09:51:00,Closed Lost,0,Closed,2025-03-06,2025-02-20,,2025-02-20,Requirements not met,12000,1.8,11784,12,11784,5000,0.5,4975,Net 30,Annual in Advance,false,false,false
OPP0355,Northwind Brands - New Business,ACC0320,CON0637,USR006,New Business,Organic Search,2026-09-04 13:00:00,Discovery,10,Pipeline,2026-11-21,,Identify additional stakeholders,2026-06-29,,48000,5.6,45312,24,90624,10000,0.4,9960,Net 30,Annual in Advance,false,false,false
OPP0356,Riverbend Contracting Group - New Business,ACC0032,CON0068,USR008,New Business,Content Download,2024-11-30 07:09:03,Closed Lost,0,Closed,2024-12-13,2024-12-20,,2024-12-17,No decision,24000,4.2,22992,12,22992,5000,1.1,4945,Net 60,Annual in Advance,false,false,true
OPP0357,Bluewater Health Partners - New Business,ACC0003,CON0009,USR009,New Business,Paid Search,2026-09-19 08:00:00,Discovery,10,Pipeline,2026-08-19,,Identify additional stakeholders,2026-06-24,,46000,2.6,44804,24,89608,10000,4.7,9530,Net 30,Annual in Advance,false,false,false
OPP0358,OpenGate Advisory Partners Inc. - New Business,ACC0230,CON0463,USR011,New Business,Content Download,2025-10-07 23:54:09,Closed Lost,0,Commit,2025-12-17,2026-01-16,,2026-01-11,Lost contact,80000,22.6,61920,12,61920,20000,0.4,19920,Net 30,Monthly,false,false,true
OPP0359,Harborview Retail Group - New Business,ACC0167,CON0338,USR005,New Business,Webinar / Event,2026-03-31 03:07:59,Closed Lost,0,Closed,2026-04-15,2026-05-15,,2026-05-09,No budget,24000,8.9,21864,12,21864,5000,1,4950,Net 30,Annual in Advance,false,true,true
OPP0360,Brookstone Technologies - New Business,ACC0220,CON0441,USR012,New Business,Partner Referral,2026-09-02 22:00:00,Discovery,80,Pipeline,2026-08-28,,Identify additional stakeholders,2026-09-16,,60000,21.4,47160,12,47160,20000,8.1,18380,Net 30,Annual in Advance,false,false,true
OPP0361,PrimePoint Software - New Business,ACC0122,CON0247,USR010,New Business,Partner Referral,2026-08-24 06:52:16,Discovery,10,Pipeline,2026-12-11,,Schedule discovery follow-up,2026-09-11,,68000,5.7,64124,12,64124,20000,2.2,19560,Net 30,Annual in Advance,false,false,false
OPP0362,Maplewood Brands - New Business,ACC0255,CON0514,USR012,New Business,Content Download,2026-08-10 11:03:39,Qualification,25,Pipeline,2026-10-25,,Review technical requirements,2026-09-04,,44000,9.8,39688,12,39688,5000,0.1,4995,Net 30,Annual in Advance,false,false,false
OPP0363,Blue Harbor Digital Inc. - New Business,ACC0198,CON0391,USR006,New Business,Content Download,2023-04-06 00:36:16,Closed Lost,25,Closed,2023-04-09,2023-05-09,,2023-05-09,Competitor selected,18000,9.6,16272,36,48816,5000,17.8,4110,Net 30,Annual in Advance,false,false,false
OPP0364,Ironwood Precision Works - New Business,ACC0054,CON0107,USR009,New Business,Webinar / Event,2022-07-06 02:11:13,Closed Won,100,Closed,2022-10-12,2022-09-28,,2022-09-27,,42000,4.7,40026,12,40026,10000,1.8,9820,Net 30,Annual in Advance,false,false,false
OPP0365,Mosaic Precision Works - New Business,ACC0318,CON0633,USR006,New Business,Inbound Demo Request,2026-07-04 15:32:21,Solution Evaluation,40,Pipeline,2026-09-22,,Review integration requirements,2026-08-31,,12000,8.4,10992,12,10992,5000,9.1,4545,Net 30,Annual in Advance,false,false,false
OPP0366,Riverbend Medical Group Inc. - New Business,ACC0246,CON0495,USR012,New Business,Partner Referral,2024-11-03 00:00:00,Closed Won,100,Closed,2025-02-11,2025-02-11,,2025-02-05,,68000,39.9,40868,12,40868,20000,8.4,18320,Net 45,Annual in Advance,false,false,true
OPP0367,Sterling Digital Inc. - New Business,ACC0227,CON0457,USR005,New Business,Outbound SDR,2026-04-06 22:17:36,Closed Lost,0,Closed,2026-05-19,2026-05-12,,2026-05-07,No budget,18000,8.2,16524,12,16524,5000,23.7,3815,Net 30,Annual in Advance,false,false,true
OPP0368,Evergreen Support Services - New Business,ACC0131,CON0265,USR006,New Business,Inbound Demo Request,2026-09-09 23:00:00,Discovery,10,Pipeline,2026-11-10,,Schedule discovery follow-up,2026-09-19,,12000,5.5,11340,12,11340,5000,3.6,4820,Net 60,Quarterly,false,false,true
OPP0369,Northstar Professional Services - New Business,ACC0009,CON0023,USR008,New Business,Partner Referral,2026-08-27 23:00:00,Solution Evaluation,40,Pipeline,2026-11-14,,Review integration requirements,2026-08-18,,22000,5.3,20834,12,20834,5000,7.3,4635,Net 30,Other,false,false,true
OPP0370,BluePeak Construction - Expansion,ACC0181,CON0363,USR010,Expansion,,2026-07-22 12:00:00,Solution Evaluation,40,Closed,2026-11-03,,Schedule product demo,2026-07-16,,24000,14.2,20592,24,41184,0,0,0,Net 30,Annual in Advance,false,false,true
OPP0371,ClearPath Manufacturing LLC - New Business,ACC0109,CON0219,USR010,New Business,Webinar / Event,2026-07-22 11:00:00,Proposal,60,Best Case,2026-10-20,,Schedule pricing review,2026-08-24,,86000,10.8,76712,12,76712,20000,28.7,14260,Net 30,Annual in Advance,false,false,true
OPP0372,Keystone Labs - New Business,ACC0221,CON0443,USR009,New Business,Content Download,2025-01-08 02:51:02,Qualification,25,Pipeline,2026-11-02,,Review technical requirements,2026-09-13,,36000,1.1,35604,12,35604,10000,8.5,9150,Net 30,Annual in Advance,false,false,false
OPP0373,Highpoint Financial Services Group - New Business,ACC0280,CON0560,USR007,New Business,Content Download,2023-10-31 12:18:34,Closed Lost,0,Closed,2023-12-02,2023-12-02,,2023-11-29,No decision,30000,4.8,28560,12,28560,10000,19.1,8090,Net 30,Quarterly,false,false,true
OPP0374,ClearPath Manufacturing LLC - New Business,ACC0109,CON0220,USR010,New Business,Webinar / Event,2026-05-27 00:15:07,Proposal,60,Best Case,2026-11-08,,Review proposal with buyer,2026-09-24,,82000,20.6,65108,12,65108,20000,13.3,17340,Net 30,Annual in Advance,false,false,true
OPP0375,Highland Logistics - New Business,ACC0079,CON0162,USR005,New Business,Outbound SDR,2025-03-05 08:27:55,Closed Won,100,Closed,2025-04-25,2025-04-18,,2025-04-13,,12000,4.7,11436,12,11436,5000,8,4600,Net 30,Annual in Advance,false,false,false
OPP0376,Redstone Manufacturing - New Business,ACC0112,CON0225,USR010,New Business,Content Download,2025-05-07 04:16:26,Closed Won,100,Closed,2025-07-11,2025-07-11,,2025-07-11,,86000,2.6,83764,36,251292,20000,19.6,16080,Net 60,Annual in Advance,false,false,true
OPP0377,Vantage Training - New Business,ACC0292,CON0582,USR012,New Business,Content Download,2025-07-01 21:36:06,Closed Lost,0,Closed,2025-09-27,2025-09-20,,2025-09-20,Project delayed,12000,9.5,10860,24,21720,5000,2.5,4875,Net 30,Annual in Advance,false,false,false
OPP0378,Beacon Capital - Expansion,ACC0141,CON0286,USR009,Expansion,Outbound SDR,2026-08-21 07:00:00,Solution Evaluation,40,Pipeline,2026-10-18,,Review integration requirements,2026-09-21,,16000,5.6,15104,12,15104,0,0,0,Net 30,Annual in Advance,false,false,false
OPP0379,BluePeak Fabrication - New Business,ACC0188,CON0374,USR008,New Business,Organic Search,2025-04-25 19:47:58,Closed Lost,0,Closed,2025-05-01,2025-05-15,,2025-05-09,Requirements not met,16000,7.5,14800,12,14800,5000,5.7,4715,Net 30,Annual in Advance,false,false,false
OPP0380,Fairview Digital - New Business,ACC0218,CON0435,USR007,New Business,Inbound Demo Request,2026-08-23 09:00:00,Solution Evaluation,40,Pipeline,2026-10-14,,Complete technical evaluation,2026-09-18,,16000,5.1,15184,12,15184,5000,0.6,4970,Net 30,Annual in Advance,false,false,false
OPP0381,Parkline Professional Services - New Business,ACC0260,CON0520,USR005,New Business,Webinar / Event,2024-09-12 16:47:42,Closed Lost,0,Closed,2024-10-13,2024-10-13,,2024-10-13,Competitor selected,16000,11.4,14176,12,14176,5000,1.7,4915,Net 30,Annual in Advance,false,false,true
OPP0382,Catalyst Supply Chain LLC - New Business,ACC0238,CON0481,USR006,New Business,Inbound Demo Request,2025-12-22 13:22:42,Closed Lost,0,Closed,2026-01-30,2026-01-30,,2026-01-25,Competitor selected,30000,5.9,28230,24,56460,10000,3.9,9610,Net 60,Annual in Advance,false,false,true
OPP0383,Cobalt Precision Works - New Business,ACC0166,CON0335,USR007,New Business,Partner Referral,2026-08-26 09:00:00,Discovery,10,Pipeline,2026-11-27,,Confirm business requirements,2026-09-02,,20000,24.9,15020,12,15020,5000,20.9,3955,Net 30,Annual in Advance,false,false,true
OPP0384,Skyline Precision Works Group - New Business,ACC0136,CON0275,USR010,New Business,Outbound SDR,2026-06-16 00:00:00,Closed Won,100,Closed,2026-08-28,2026-09-11,,2026-09-05,,50000,10,45000,12,45000,10000,4.8,9520,Net 30,Annual in Advance,false,false,false
OPP0385,Horizon Support Services - Expansion,ACC0274,CON0547,USR009,Expansion,Partner Referral,2025-11-26 18:16:02,Closed Won,100,Closed,2026-03-02,2026-03-16,,2026-03-09,,20000,5.8,18840,24,37680,0,0,0,Net 30,Quarterly,false,false,true
OPP0386,Granite Peak Manufacturing LLC - New Business,ACC0114,CON0229,,New Business,Customer Referral,2026-06-05 20:14:28,Commit,90,Pipeline,2026-10-11,,Confirm signature timeline,2026-07-30,,22000,24.7,16566,12,16566,5000,15.2,4240,Net 30,Annual in Advance,false,false,true
OPP0387,Cobalt Clinical Services LLC - Expansion,ACC0120,CON0242,USR012,Expansion,Paid Search,2024-04-24 20:03:00,Closed Won,100,Closed,2024-06-12,2024-07-12,,2024-07-09,,18000,7.8,16596,12,16596,0,0,0,Net 30,Quarterly,false,false,true
OPP0388,Clearwater Financial Group - New Business,ACC0045,CON0090,USR009,New Business,Partner Referral,2026-07-30 00:00:00,Negotiation / Legal,80,Best Case,2026-10-13,,Resolve contract comments,2026-09-02,,12000,6.6,11208,12,11208,5000,4,4800,Net 30,Annual in Advance,true,false,false
OPP0389,Riverbend Support Services Inc. - New Business,ACC0138,CON0278,USR008,New Business,Webinar / Event,2024-10-12 02:59:16,Closed Lost,0,Closed,2024-11-30,2024-11-16,,2024-11-15,No decision,42000,5,39900,24,79800,10000,1.6,9840,Net 30,Annual in Advance,false,false,false
OPP0390,Skyline Clinical Services - Expansion,ACC0046,CON0091,USR006,Expansion,,2025-10-27 01:44:12,Closed Won,100,Closed,2025-12-09,2025-11-25,,2025-11-21,,8000,7.2,7424,12,7424,0,0,0,Net 30,Quarterly,false,false,true
OPP0391,Foxbridge Training Inc. - New Business,ACC0040,CON0082,USR010,New Business,,2026-08-18 11:00:00,Qualification,25,Pipeline,2026-10-23,,Validate budget and timing,2026-09-04,,50000,24.3,37850,12,37850,10000,26.1,7390,Net 30,Annual in Advance,false,false,true
OPP0392,Frontier Precision Works LLC - New Business,ACC0110,CON0223,USR006,New Business,Paid Search,2026-06-14 11:19:03,Commit,90,Commit,2026-10-08,,Send final agreement for signature,2026-09-18,,24000,2.5,23400,12,23400,5000,16.3,4185,Net 30,Annual in Advance,false,false,false
OPP0393,Northstar Commerce - New Business,ACC0152,CON0308,USR012,New Business,Outbound SDR,2026-02-14 06:28:55,Closed Won,100,Closed,2026-05-13,2026-05-13,,2026-05-12,,78000,8.1,71682,24,143364,20000,7.9,18420,Net 30,Annual in Advance,false,false,false
OPP0394,Crownstone Fabrication - New Business,ACC0234,CON0473,USR005,New Business,Partner Referral,2026-09-12 23:57:20,Negotiation / Legal,80,Best Case,2026-10-23,,Review procurement terms,2026-09-01,,16000,5.8,15072,12,15072,5000,19.7,4015,Net 30,Annual in Advance,false,false,false
OPP0395,Ironwood Financial Group - New Business,ACC0191,CON0381,USR006,New Business,Organic Search,2026-09-06 08:00:00,Discovery,10,Pipeline,2026-09-22,,Confirm business requirements,2026-09-12,,30000,4.5,28650,24,57300,10000,1.6,9840,Net 30,Annual in Advance,false,false,false
OPP0396,Northwind Contracting LLC - New Business,ACC0130,CON0264,USR006,New Business,Inbound Demo Request,2026-09-14 21:00:00,Discovery,10,Pipeline,2026-11-28,,Identify additional stakeholders,2026-08-20,,30000,5.4,28380,12,28380,10000,7.6,9240,Net 30,Annual in Advance,true,false,true
OPP0397,BrightPath Health Partners LLC - New Business,ACC0207,CON0408,USR010,New Business,Content Download,2023-08-28 02:32:32,Closed Lost,0,Closed,2023-11-18,2023-11-18,,2023-11-17,Lost contact,60000,9.6,54240,12,54240,20000,3.8,19240,Net 30,Annual in Advance,false,false,false
OPP0398,Bluewater Precision Works - New Business,ACC0036,CON0078,USR008,New Business,Inbound Demo Request,2026-09-11 21:00:00,Qualification,25,Pipeline,2026-12-06,,Confirm decision process,2026-09-08,,48000,2,47040,12,47040,10000,12.1,8790,Net 30,Annual in Advance,false,false,false
OPP0399,Clearwater Transportation - New Business,ACC0061,CON0121,USR006,New Business,Webinar / Event,2026-08-15 23:00:00,Qualification,25,Pipeline,2026-08-11,,Review technical requirements,2026-09-03,,18000,22.3,13986,12,13986,5000,11.5,4425,Net 30,Annual in Advance,false,false,true
OPP0400,Vantage Transportation Group - New Business,ACC0028,CON0061,USR010,New Business,Webinar / Event,2026-07-31 22:00:00,Solution Evaluation,40,Pipeline,2026-11-18,,Review integration requirements,2026-07-23,,40000,0.4,39840,12,39840,10000,1.1,9890,Net 30,Annual in Advance,true,false,true
OPP0401,Horizon Support Services - New Business,ACC0274,CON0546,USR009,New Business,,2024-12-18 20:18:49,Closed Lost,0,Closed,2025-03-09,2025-04-08,,2025-04-01,Pricing,80000,5.2,75840,12,75840,20000,8,18400,Net 45,Annual in Advance,false,false,true
OPP0402,Clearwater Financial Group - Expansion,ACC0045,CON0090,,Expansion,Partner Referral,2025-11-14 21:54:33,Closed Won,100,Closed,2026-03-07,2026-03-14,,2026-03-11,,18000,6.4,16848,12,16848,0,0,0,Net 30,Annual in Advance,false,false,true
OPP0403,Ironwood Financial Group - New Business,ACC0191,CON0381,USR006,New Business,Organic Search,2026-07-02 00:21:51,Proposal,60,Best Case,2026-10-07,,Review proposal with buyer,2026-08-30,,12000,9.3,10884,12,10884,5000,6.2,4690,Other,Annual in Advance,false,false,true
OPP0404,Skyline Systems - New Business,ACC0017,CON0041,USR005,New Business,Organic Search,2023-09-27 15:58:21,Closed Lost,80,Closed,2023-11-24,2023-10-25,,2023-10-23,Competitor selected,12000,9.2,10896,12,10896,5000,0.7,4965,Net 30,Quarterly,false,false,true
OPP0405,Beacon Software - Expansion,ACC0189,CON0377,USR011,Expansion,Outbound SDR,2024-08-22 00:00:00,Closed Won,100,Closed,2024-10-25,2024-10-25,,2024-10-24,,26000,9.1,23634,12,23634,0,0,0,Net 30,Annual in Advance,false,false,false
OPP0406,Brookstone Labs Inc. - New Business,ACC0185,CON0370,USR005,New Business,Webinar / Event,2025-11-26 16:17:37,Closed Won,100,Closed,2026-01-16,2026-01-09,,2026-01-08,,12000,8.3,11004,12,11004,5000,9.9,4505,Net 45,Annual in Advance,false,false,true
OPP0407,OpenGate Advisory Partners Inc. - New Business,ACC0230,CON0465,USR011,New Business,Webinar / Event,2026-09-14 11:00:00,Qualification,25,Pipeline,2026-11-28,,Validate budget and timing,2026-08-11,,50000,7,46500,12,46500,10000,6.3,9370,Net 30,Annual in Advance,false,false,false
OPP0408,Bluewater Manufacturing - New Business,ACC0082,,USR005,New Business,Inbound Demo Request,2026-08-04 21:00:00,Proposal,60,Best Case,2026-11-07,,Schedule pricing review,2026-09-01,,30000,21.7,23490,24,46980,5000,0.8,4960,Net 30,Annual in Advance,false,false,true
OPP0409,Cornerstone Industries Inc. - New Business,ACC0128,CON0262,USR008,New Business,Organic Search,2025-10-17 19:36:28,Closed Lost,0,Closed,2025-11-30,2025-11-23,,2025-11-21,Lost contact,12000,4.1,11508,12,11508,5000,1.5,4925,Net 30,Annual in Advance,false,false,false
OPP0410,Keystone Labs - New Business,ACC0221,CON0442,USR009,New Business,Paid Search,2025-06-29 04:14:51,Closed Lost,0,Closed,2025-08-27,2025-09-03,,2025-08-29,Pricing,30000,3.9,28830,12,28830,10000,2.3,9770,Net 30,Annual in Advance,false,false,false
OPP0411,Arbor Care Network - New Business,ACC0277,CON0554,USR010,New Business,,2026-09-18 20:00:00,Discovery,10,Pipeline,2026-12-05,,Confirm business requirements,2026-09-07,,64000,2.2,62592,36,187776,20000,23.3,15340,Net 30,Monthly,false,false,false
OPP0412,Frontier Academy Group - New Business,ACC0324,CON0649,USR012,New Business,Outbound SDR,2026-08-31 00:00:00,Qualification,25,Pipeline,2026-09-21,,Validate budget and timing,2026-09-12,,88000,8.9,80168,36,240504,20000,2,19600,Net 30,Annual in Advance,false,false,false
OPP0413,Oakridge Industries - Expansion,ACC0062,CON0123,USR012,Expansion,Outbound SDR,2026-04-30 20:01:00,Closed Won,100,Closed,2026-08-12,2026-08-12,,2026-08-07,,24000,10,21600,24,43200,0,0,0,Net 60,Annual in Advance,false,false,true
OPP0414,Maplewood Consulting - New Business,ACC0219,,USR012,New Business,Organic Search,2026-06-01 13:54:05,Closed Won,100,Closed,2026-08-04,2026-09-03,,2026-08-27,,60000,16.2,50280,24,100560,20000,0.7,19860,Net 30,Annual in Advance,false,false,true
OPP0415,Brightwell Operations Group - Expansion,ACC0186,CON0372,USR009,Expansion,Partner Referral,2024-04-02 00:00:00,Closed Won,100,Closed,2024-07-17,2024-06-17,,2024-06-17,,14000,4.1,13426,36,40278,0,0,0,Net 30,Annual in Advance,false,false,false
OPP0416,Cedarstone Retail Group Inc. - New Business,ACC0048,CON0094,USR005,New Business,Outbound SDR,2025-08-17 02:17:33,Closed Won,100,Closed,2025-09-22,2025-09-15,,2025-09-12,,48000,4,46080,24,92160,10000,4,9600,Net 30,Annual in Advance,false,false,false
OPP0417,ClearPath Manufacturing LLC - Expansion,ACC0109,CON0222,USR011,Expansion,Content Download,2026-03-12 20:46:39,Closed Won,100,Closed,2026-05-31,2026-06-14,,2026-06-14,,6000,22.6,4644,12,4644,0,0,0,Net 30,Annual in Advance,true,true,true
OPP0418,Horizon Operations Group - New Business,ACC0293,CON0585,USR012,New Business,Content Download,2026-07-10 14:00:00,Proposal,60,Best Case,2026-10-20,,Review proposal with buyer,2026-07-18,,72000,8.6,65808,12,65808,20000,12.2,17560,Net 30,Annual in Advance,false,false,false
OPP0419,Beacon Capital - New Business,ACC0141,CON0286,USR009,New Business,Outbound SDR,2026-02-14 02:21:28,Closed Won,100,Closed,2026-05-13,2026-05-06,,2026-05-06,,92000,10.9,81972,12,81972,20000,10.7,17860,Net 30,Annual in Advance,false,false,true
OPP0420,Cedarstone Software - Expansion,ACC0197,,USR007,Expansion,Organic Search,2025-01-21 00:00:00,Closed Won,100,Closed,2025-03-04,2025-03-04,,2025-03-02,,8000,6.8,7456,12,7456,0,0,0,Net 30,Annual in Advance,false,false,false
OPP0421,Silver Oak Professional Services LLC - New Business,ACC0237,CON0477,USR009,New Business,Outbound SDR,2026-08-30 11:12:20,Proposal,60,Best Case,2026-10-29,,Confirm commercial feedback,2026-09-02,,36000,9.4,32616,36,97848,10000,15.9,8410,Net 30,Annual in Advance,false,true,true
OPP0422,ClearPath Manufacturing LLC - New Business,ACC0109,CON0221,USR010,New Business,Organic Search,2025-09-05 06:35:21,Closed Lost,0,Closed,2025-11-25,2025-12-02,,2025-11-27,No budget,68000,9.5,61540,12,61540,20000,10,18000,Net 60,Annual in Advance,true,false,true
OPP0423,Blue Harbor Health Services - New Business,ACC0119,CON0240,USR005,New Business,Outbound SDR,2024-02-07 04:02:38,Closed Won,100,Closed,2024-03-10,2024-03-10,,2024-03-04,,20000,7,18600,12,18600,5000,3.3,4835,Net 30,Annual in Advance,false,false,false
OPP0424,Maplewood Distribution Inc. - New Business,ACC0139,CON0279,USR011,New Business,Partner Referral,2026-08-22 04:55:53,Commit,90,Commit,2026-09-29,,Send final agreement for signature,2026-09-18,,30000,7.1,27870,12,27870,10000,19.4,8060,Net 30,Annual in Advance,false,false,false
OPP0425,Bluewater Freight - New Business,ACC0241,CON0486,USR007,New Business,Outbound SDR,2025-10-03 11:48:37,Closed Lost,0,Closed,2025-11-20,2025-11-13,,2025-11-10,Competitor selected,30000,6.5,28050,12,28050,10000,3.2,9680,Net 30,Quarterly,true,false,true
