stage_history_id,opportunity_id,stage,entered_at,exited_at,changed_by_user_id
STG0000001,OPP0001,Discovery,2024-07-21 00:00:00,2024-07-27 09:50:55,USR006
STG0000002,OPP0001,Qualification,2024-07-27 09:50:55,2024-08-02 00:01:26,USR006
STG0000003,OPP0001,Solution Evaluation,2024-08-02 00:01:26,2024-08-11 21:02:26,USR006
STG0000004,OPP0001,Proposal,2024-08-11 21:02:26,2024-08-24 09:26:42,USR010
STG0000005,OPP0001,Commit,2024-08-24 09:26:42,2024-08-29 16:00:00,USR006
STG0000006,OPP0001,Closed Won,2024-08-29 00:00:00,,USR006
STG0000007,OPP0002,Discovery,2024-04-02 18:49:50,2024-10-30 09:47:16,USR012
STG0000008,OPP0002,Qualification,2024-10-30 09:47:16,2025-04-12 01:08:57,USR012
STG0000009,OPP0002,Solution Evaluation,2025-04-12 01:08:57,2025-11-12 01:51:45,USR012
STG0000010,OPP0002,Proposal,2025-11-12 01:51:45,,USR012
STG0000011,OPP0003,Discovery,2024-03-22 00:00:00,2024-03-30 17:49:17,USR011
STG0000012,OPP0003,Qualification,2024-03-30 17:49:17,2024-04-06 08:52:51,USR011
STG0000013,OPP0003,Solution Evaluation,2024-04-06 08:52:51,2024-04-14 00:42:59,USR011
STG0000014,OPP0003,Proposal,2024-04-14 00:42:59,2024-04-22 05:58:21,USR011
STG0000015,OPP0003,Negotiation / Legal,2024-04-22 05:58:21,2024-05-02 04:48:22,USR011
STG0000016,OPP0003,Commit,2024-05-02 04:48:22,2024-05-08 16:00:00,USR011
STG0000017,OPP0003,Closed Won,2024-05-08 00:00:00,,USR011
STG0000018,OPP0004,Discovery,2025-10-21 08:54:11,2025-11-19 08:02:46,USR006
STG0000019,OPP0004,Qualification,2025-11-19 08:02:46,2025-12-24 05:10:38,USR006
STG0000020,OPP0004,Proposal,2025-12-24 05:10:38,2026-01-30 00:54:11,USR009
STG0000021,OPP0004,Closed Lost,2026-01-29 08:54:11,,USR006
STG0000022,OPP0005,Discovery,2026-09-10 23:16:42,2026-09-12 21:18:21,USR012
STG0000023,OPP0005,Qualification,2026-09-12 21:18:21,2026-09-16 04:03:10,USR012
STG0000024,OPP0005,Solution Evaluation,2026-09-16 04:03:10,2026-09-20 14:27:29,USR012
STG0000025,OPP0005,Proposal,2026-09-20 14:27:29,,USR012
STG0000026,OPP0006,Discovery,2026-08-27 20:45:59,2026-09-08 08:29:31,USR010
STG0000027,OPP0006,Qualification,2026-09-08 08:29:31,,USR010
STG0000028,OPP0007,Discovery,2026-03-01 09:49:27,2026-04-17 22:42:26,USR007
STG0000029,OPP0007,Qualification,2026-04-17 22:42:26,2026-06-25 03:43:10,USR007
STG0000030,OPP0007,Proposal,2026-06-25 03:43:10,,USR007
STG0000031,OPP0008,Discovery,2025-07-28 13:38:46,2025-08-11 02:29:02,USR012
STG0000032,OPP0008,Qualification,2025-08-11 02:29:02,2025-08-25 14:28:08,USR012
STG0000033,OPP0008,Solution Evaluation,2025-08-25 14:28:08,2025-09-10 03:24:30,USR012
STG0000034,OPP0008,Proposal,2025-09-10 03:24:30,2025-09-27 23:14:48,USR009
STG0000035,OPP0008,Commit,2025-09-27 23:14:48,2025-10-06 05:38:46,USR012
STG0000036,OPP0008,Closed Won,2025-10-05 13:38:46,,USR012
STG0000037,OPP0009,Discovery,2026-06-14 11:55:48,,USR009
STG0000038,OPP0010,Discovery,2026-08-05 20:00:00,2026-08-23 03:21:05,USR006
STG0000039,OPP0010,Qualification,2026-08-23 03:21:05,2026-09-05 14:53:16,USR012
STG0000040,OPP0010,Solution Evaluation,2026-09-05 14:53:16,,USR006
STG0000041,OPP0011,Discovery,2026-08-08 13:00:00,2026-08-25 05:55:21,USR009
STG0000042,OPP0011,Qualification,2026-08-25 05:55:21,2026-09-11 14:07:17,USR009
STG0000043,OPP0011,Solution Evaluation,2026-09-11 14:07:17,,USR009
STG0000044,OPP0012,Discovery,2023-05-02 07:51:14,2023-05-07 01:14:01,USR008
STG0000045,OPP0012,Qualification,2023-05-07 01:14:01,2023-05-10 22:53:29,USR008
STG0000046,OPP0012,Solution Evaluation,2023-05-10 22:53:29,2023-05-20 10:45:17,USR008
STG0000047,OPP0012,Proposal,2023-05-20 10:45:17,2023-05-25 12:57:57,USR008
STG0000048,OPP0012,Negotiation / Legal,2023-05-25 12:57:57,2023-06-02 18:21:21,USR008
STG0000049,OPP0012,Commit,2023-06-02 18:21:21,2023-06-05 23:51:13,USR008
STG0000050,OPP0012,Closed Won,2023-06-05 07:51:14,,USR008
STG0000051,OPP0013,Discovery,2026-09-11 17:00:00,2026-09-17 05:55:53,USR007
STG0000052,OPP0013,Qualification,2026-09-17 05:55:53,,USR007
STG0000053,OPP0014,Discovery,2026-08-05 06:58:36,2026-08-21 04:18:57,USR007
STG0000054,OPP0014,Qualification,2026-08-21 04:18:57,2026-08-31 20:10:58,USR007
STG0000055,OPP0014,Solution Evaluation,2026-08-31 20:10:58,,USR007
STG0000056,OPP0015,Discovery,2026-01-24 20:26:39,2026-02-07 17:42:43,USR012
STG0000057,OPP0015,Solution Evaluation,2026-02-07 17:42:43,2026-02-21 09:05:05,USR012
STG0000058,OPP0015,Proposal,2026-02-21 09:05:05,2026-03-13 19:48:11,USR012
STG0000059,OPP0015,Negotiation / Legal,2026-03-13 19:48:11,2026-03-28 12:26:39,USR012
STG0000060,OPP0015,Closed Lost,2026-03-27 20:26:39,,USR012
STG0000061,OPP0016,Discovery,2023-10-23 17:50:18,2023-11-10 11:35:12,USR012
STG0000062,OPP0016,Qualification,2023-11-10 11:35:12,2023-12-11 23:39:15,USR012
STG0000063,OPP0016,Solution Evaluation,2023-12-11 23:39:15,2024-01-20 09:50:18,USR012
STG0000064,OPP0016,Closed Lost,2024-01-19 17:50:18,,USR012
STG0000065,OPP0017,Discovery,2025-09-13 00:00:00,2025-09-19 17:09:28,USR006
STG0000066,OPP0017,Qualification,2025-09-19 17:09:28,2025-09-25 06:26:52,USR006
STG0000067,OPP0017,Solution Evaluation,2025-09-25 06:26:52,2025-10-06 16:47:20,USR006
STG0000068,OPP0017,Proposal,2025-10-06 16:47:20,2025-10-13 22:44:13,USR006
STG0000069,OPP0017,Negotiation / Legal,2025-10-13 22:44:13,2025-10-19 19:06:54,USR006
STG0000070,OPP0017,Commit,2025-10-19 19:06:54,2025-10-25 16:00:00,USR006
STG0000071,OPP0017,Closed Won,2025-10-25 00:00:00,,USR006
STG0000072,OPP0018,Discovery,2026-05-10 20:11:33,2026-05-25 22:56:53,USR010
STG0000073,OPP0018,Solution Evaluation,2026-05-25 22:56:53,2026-06-10 23:54:10,USR010
STG0000074,OPP0018,Proposal,2026-06-10 23:54:10,2026-06-26 23:11:13,USR010
STG0000075,OPP0018,Negotiation / Legal,2026-06-26 23:11:13,2026-07-11 03:02:14,USR010
STG0000076,OPP0018,Commit,2026-07-11 03:02:14,2026-07-25 12:11:33,USR010
STG0000077,OPP0018,Closed Won,2026-07-24 20:11:33,,USR010
STG0000078,OPP0019,Discovery,2026-08-20 18:00:00,2026-09-04 09:46:09,USR012
STG0000079,OPP0019,Qualification,2026-09-04 09:46:09,,USR012
STG0000080,OPP0020,Discovery,2026-03-13 13:54:05,2026-04-05 23:50:05,USR012
STG0000081,OPP0020,Solution Evaluation,2026-04-05 23:50:05,2026-04-23 08:16:00,USR012
STG0000082,OPP0020,Proposal,2026-04-23 08:16:00,2026-05-17 02:42:23,USR012
STG0000083,OPP0020,Negotiation / Legal,2026-05-17 02:42:23,2026-06-09 10:40:01,USR012
STG0000084,OPP0020,Commit,2026-06-09 10:40:01,2026-06-18 05:54:05,USR012
STG0000085,OPP0020,Closed Won,2026-06-17 13:54:05,,USR012
STG0000086,OPP0021,Discovery,2026-06-09 08:24:46,2026-06-17 02:00:44,USR011
STG0000087,OPP0021,Qualification,2026-06-17 02:00:44,2026-06-28 19:06:37,USR011
STG0000088,OPP0021,Solution Evaluation,2026-06-28 19:06:37,2026-07-10 09:13:46,USR011
STG0000089,OPP0021,Proposal,2026-07-10 09:13:46,2026-07-17 21:02:39,USR011
STG0000090,OPP0021,Negotiation / Legal,2026-07-17 21:02:39,2026-07-26 23:00:22,USR011
STG0000091,OPP0021,Commit,2026-07-26 23:00:22,2026-08-01 00:24:46,USR011
STG0000092,OPP0021,Closed Won,2026-07-31 08:24:46,,USR011
STG0000093,OPP0022,Discovery,2025-11-07 21:02:19,2025-11-12 13:35:57,USR008
STG0000094,OPP0022,Qualification,2025-11-12 13:35:57,2025-11-16 14:01:49,USR008
STG0000095,OPP0022,Solution Evaluation,2025-11-16 14:01:49,2025-11-22 16:48:09,USR008
STG0000096,OPP0022,Proposal,2025-11-22 16:48:09,2025-11-26 07:44:16,USR008
STG0000097,OPP0022,Negotiation / Legal,2025-11-26 07:44:16,2025-12-01 13:02:19,USR008
STG0000098,OPP0022,Closed Lost,2025-11-30 21:02:19,,USR008
STG0000099,OPP0023,Discovery,2026-06-17 18:00:00,2026-07-02 15:51:33,USR008
STG0000100,OPP0023,Qualification,2026-07-02 15:51:33,2026-07-15 02:32:54,USR008
STG0000101,OPP0023,Solution Evaluation,2026-07-15 02:32:54,2026-08-07 02:26:12,USR008
STG0000102,OPP0023,Proposal,2026-08-07 02:26:12,2026-08-22 09:08:07,USR008
STG0000103,OPP0023,Negotiation / Legal,2026-08-22 09:08:07,2026-09-11 15:55:42,USR008
STG0000104,OPP0023,Commit,2026-09-11 15:55:42,,USR008
STG0000105,OPP0024,Discovery,2025-03-17 12:42:30,2025-04-01 13:29:09,USR011
STG0000106,OPP0024,Qualification,2025-04-01 13:29:09,2025-04-18 09:33:40,USR011
STG0000107,OPP0024,Solution Evaluation,2025-04-18 09:33:40,2025-05-02 07:21:22,USR011
STG0000108,OPP0024,Proposal,2025-05-02 07:21:22,2025-05-26 04:42:30,USR011
STG0000109,OPP0024,Closed Lost,2025-05-25 12:42:30,,USR011
STG0000110,OPP0025,Discovery,2022-06-24 23:54:34,2022-07-24 15:21:05,USR012
STG0000111,OPP0025,Qualification,2022-07-24 15:21:05,2022-08-21 03:39:06,USR012
STG0000112,OPP0025,Proposal,2022-08-21 03:39:06,2022-09-19 18:47:15,USR012
STG0000113,OPP0025,Commit,2022-09-19 18:47:15,2022-10-08 15:54:34,USR012
STG0000114,OPP0025,Closed Won,2022-10-07 23:54:34,,USR012
STG0000115,OPP0026,Discovery,2023-03-03 04:35:46,2023-03-16 10:01:20,USR011
STG0000116,OPP0026,Qualification,2023-03-16 10:01:20,2023-03-30 14:45:25,USR011
STG0000117,OPP0026,Solution Evaluation,2023-03-30 14:45:25,2023-04-14 07:38:00,USR011
STG0000118,OPP0026,Proposal,2023-04-14 07:38:00,2023-05-02 18:23:33,USR011
STG0000119,OPP0026,Negotiation / Legal,2023-05-02 18:23:33,2023-05-16 08:24:09,USR011
STG0000120,OPP0026,Commit,2023-05-16 08:24:09,2023-05-27 20:35:45,USR011
STG0000121,OPP0026,Closed Won,2023-05-27 04:35:46,,USR011
STG0000122,OPP0027,Discovery,2026-03-09 07:52:13,2026-05-11 12:21:16,USR008
STG0000123,OPP0027,Qualification,2026-05-11 12:21:16,2026-06-29 11:10:35,USR008
STG0000124,OPP0027,Solution Evaluation,2026-06-29 11:10:35,,USR008
STG0000125,OPP0028,Discovery,2026-06-05 06:47:44,2026-06-14 20:42:59,USR009
STG0000126,OPP0028,Qualification,2026-06-14 20:42:59,2026-06-22 11:28:36,USR009
STG0000127,OPP0028,Solution Evaluation,2026-06-22 11:28:36,2026-06-30 09:04:29,USR009
STG0000128,OPP0028,Proposal,2026-06-30 09:04:29,2026-07-12 04:18:54,USR009
STG0000129,OPP0028,Negotiation / Legal,2026-07-12 04:18:54,2026-07-21 18:36:55,USR009
STG0000130,OPP0028,Commit,2026-07-21 18:36:55,2026-07-27 22:47:43,USR009
STG0000131,OPP0028,Closed Won,2026-07-27 06:47:44,,USR009
STG0000132,OPP0029,Discovery,2026-09-04 15:09:27,2026-09-11 09:29:19,USR006
STG0000133,OPP0029,Qualification,2026-09-11 09:29:19,2026-09-17 03:07:21,USR006
STG0000134,OPP0029,Solution Evaluation,2026-09-17 03:07:21,,USR006
STG0000135,OPP0030,Discovery,2026-07-09 08:00:00,2026-07-26 15:44:03,USR007
STG0000136,OPP0030,Qualification,2026-07-26 15:44:03,2026-08-13 05:50:52,USR007
STG0000137,OPP0030,Solution Evaluation,2026-08-13 05:50:52,2026-09-04 20:09:07,USR007
STG0000138,OPP0030,Negotiation / Legal,2026-09-04 20:09:07,,USR007
STG0000139,OPP0031,Discovery,2025-02-09 00:00:00,2025-02-18 12:03:08,USR009
STG0000140,OPP0031,Qualification,2025-02-18 12:03:08,2025-02-28 21:52:14,USR009
STG0000141,OPP0031,Solution Evaluation,2025-02-28 21:52:14,2025-03-12 02:55:06,USR009
STG0000142,OPP0031,Proposal,2025-03-12 02:55:06,2025-03-23 17:38:12,USR009
STG0000143,OPP0031,Negotiation / Legal,2025-03-23 17:38:12,2025-04-02 09:44:05,USR007
STG0000144,OPP0031,Commit,2025-04-02 09:44:05,2025-04-08 16:00:00,USR009
STG0000145,OPP0031,Closed Won,2025-04-08 00:00:00,,USR009
STG0000146,OPP0032,Discovery,2026-08-22 09:00:00,2026-09-07 01:42:38,USR008
STG0000147,OPP0032,Qualification,2026-09-07 01:42:38,,USR006
STG0000148,OPP0033,Discovery,2026-08-13 13:00:00,2026-08-21 08:24:45,USR006
STG0000149,OPP0033,Qualification,2026-08-21 08:24:45,2026-08-30 17:02:40,USR006
STG0000150,OPP0033,Solution Evaluation,2026-08-30 17:02:40,2026-09-07 18:20:42,USR006
STG0000151,OPP0033,Proposal,2026-09-07 18:20:42,2026-09-17 04:50:02,USR006
STG0000152,OPP0033,Negotiation / Legal,2026-09-17 04:50:02,,USR006
STG0000153,OPP0034,Discovery,2026-07-03 19:00:00,2026-07-21 13:57:06,USR009
STG0000154,OPP0034,Qualification,2026-07-21 13:57:06,2026-07-31 23:41:08,USR010
STG0000155,OPP0034,Solution Evaluation,2026-07-31 23:41:08,2026-08-13 22:20:58,USR010
STG0000156,OPP0034,Proposal,2026-08-13 22:20:58,2026-08-30 22:58:21,USR010
STG0000157,OPP0034,Negotiation / Legal,2026-08-30 22:58:21,2026-09-11 17:45:00,USR010
STG0000158,OPP0034,Commit,2026-09-11 17:45:00,,USR010
STG0000159,OPP0035,Discovery,2026-09-11 12:00:00,2026-09-19 04:14:00,USR007
STG0000160,OPP0035,Qualification,2026-09-19 04:14:00,,USR007
STG0000161,OPP0036,Discovery,2024-04-03 00:00:00,2024-04-11 10:50:51,USR012
STG0000162,OPP0036,Qualification,2024-04-11 10:50:51,2024-04-18 22:21:10,USR012
STG0000163,OPP0036,Solution Evaluation,2024-04-18 22:21:10,2024-05-04 10:49:09,USR012
STG0000164,OPP0036,Proposal,2024-05-04 10:49:09,2024-05-20 04:09:38,USR012
STG0000165,OPP0036,Negotiation / Legal,2024-05-20 04:09:38,2024-05-31 16:28:28,USR012
STG0000166,OPP0036,Commit,2024-05-31 16:28:28,2024-06-05 16:00:00,USR012
STG0000167,OPP0036,Closed Won,2024-06-05 00:00:00,,USR012
STG0000168,OPP0037,Discovery,2024-08-03 10:19:06,2024-08-20 02:41:54,USR009
STG0000169,OPP0037,Qualification,2024-08-20 02:41:54,2024-09-13 08:05:48,USR009
STG0000170,OPP0037,Solution Evaluation,2024-09-13 08:05:48,2024-10-06 02:19:06,USR009
STG0000171,OPP0037,Closed Lost,2024-10-05 10:19:06,,USR009
STG0000172,OPP0038,Discovery,2024-02-24 20:15:31,2024-03-03 06:11:10,USR009
STG0000173,OPP0038,Qualification,2024-03-03 06:11:10,2024-03-11 08:11:19,USR009
STG0000174,OPP0038,Solution Evaluation,2024-03-11 08:11:19,2024-03-21 08:15:12,USR009
STG0000175,OPP0038,Proposal,2024-03-21 08:15:12,2024-03-31 22:43:30,USR009
STG0000176,OPP0038,Negotiation / Legal,2024-03-31 22:43:30,2024-04-12 17:59:15,USR009
STG0000177,OPP0038,Commit,2024-04-12 17:59:15,2024-04-20 12:15:31,USR009
STG0000178,OPP0038,Closed Won,2024-04-19 20:15:31,,USR009
STG0000179,OPP0039,Discovery,2026-04-30 00:00:00,2026-05-13 13:50:56,USR012
STG0000180,OPP0039,Qualification,2026-05-13 13:50:56,2026-06-01 12:27:45,USR012
STG0000181,OPP0039,Solution Evaluation,2026-06-01 12:27:45,2026-06-17 22:54:38,USR012
STG0000182,OPP0039,Proposal,2026-06-17 22:54:38,2026-07-02 01:28:41,USR012
STG0000183,OPP0039,Negotiation / Legal,2026-07-02 01:28:41,2026-07-23 07:23:03,USR012
STG0000184,OPP0039,Commit,2026-07-23 07:23:03,2026-08-05 16:00:00,USR012
STG0000185,OPP0039,Closed Won,2026-08-05 00:00:00,,USR012
STG0000186,OPP0040,Discovery,2026-09-03 23:00:00,,USR008
STG0000187,OPP0041,Discovery,2022-12-02 11:17:12,2022-12-15 16:01:24,USR011
STG0000188,OPP0041,Qualification,2022-12-15 16:01:24,2022-12-28 07:36:56,USR011
STG0000189,OPP0041,Solution Evaluation,2022-12-28 07:36:56,2023-01-22 20:17:21,USR011
STG0000190,OPP0041,Proposal,2023-01-22 20:17:21,2023-02-17 03:17:12,USR009
STG0000191,OPP0041,Closed Lost,2023-02-16 11:17:12,,USR011
STG0000192,OPP0042,Discovery,2026-02-14 17:46:07,2026-02-22 15:36:26,USR012
STG0000193,OPP0042,Qualification,2026-02-22 15:36:26,2026-02-27 23:00:45,USR012
STG0000194,OPP0042,Solution Evaluation,2026-02-27 23:00:45,2026-03-11 02:16:43,USR012
STG0000195,OPP0042,Proposal,2026-03-11 02:16:43,2026-03-19 04:00:51,USR012
STG0000196,OPP0042,Negotiation / Legal,2026-03-19 04:00:51,2026-04-01 00:40:36,USR012
STG0000197,OPP0042,Commit,2026-04-01 00:40:36,2026-04-07 09:46:07,USR012
STG0000198,OPP0042,Closed Won,2026-04-06 17:46:07,,USR012
STG0000199,OPP0043,Discovery,2026-07-05 10:00:00,2026-07-20 20:28:17,USR011
STG0000200,OPP0043,Qualification,2026-07-20 20:28:17,2026-08-12 00:58:24,USR011
STG0000201,OPP0043,Solution Evaluation,2026-08-12 00:58:24,2026-09-09 12:44:21,USR011
STG0000202,OPP0043,Proposal,2026-09-09 12:44:21,,USR011
STG0000203,OPP0044,Discovery,2022-08-08 01:12:22,2022-08-26 06:49:37,USR012
STG0000204,OPP0044,Solution Evaluation,2022-08-26 06:49:37,2022-09-17 10:04:09,USR012
STG0000205,OPP0044,Proposal,2022-09-17 10:04:09,2022-10-03 18:18:18,USR012
STG0000206,OPP0044,Negotiation / Legal,2022-10-03 18:18:18,2022-10-22 11:53:40,USR012
STG0000207,OPP0044,Commit,2022-10-22 11:53:40,2022-11-04 17:12:22,USR012
STG0000208,OPP0044,Closed Won,2022-11-04 01:12:22,,USR012
STG0000209,OPP0045,Discovery,2026-09-01 13:20:33,2026-09-05 05:23:33,USR009
STG0000210,OPP0045,Qualification,2026-09-05 05:23:33,2026-09-09 10:51:05,USR009
STG0000211,OPP0045,Solution Evaluation,2026-09-09 10:51:05,2026-09-14 14:05:53,USR009
STG0000212,OPP0045,Negotiation / Legal,2026-09-14 14:05:53,2026-09-20 09:31:42,USR009
STG0000213,OPP0045,Commit,2026-09-20 09:31:42,,USR009
STG0000214,OPP0046,Discovery,2025-01-17 00:00:00,2025-01-28 20:21:34,USR012
STG0000215,OPP0046,Qualification,2025-01-28 20:21:34,2025-02-09 00:55:32,USR012
STG0000216,OPP0046,Solution Evaluation,2025-02-09 00:55:32,2025-02-23 04:19:57,USR012
STG0000217,OPP0046,Proposal,2025-02-23 04:19:57,2025-03-08 00:57:34,USR012
STG0000218,OPP0046,Negotiation / Legal,2025-03-08 00:57:34,2025-03-28 23:08:58,USR012
STG0000219,OPP0046,Commit,2025-03-28 23:08:58,2025-04-04 16:00:00,USR012
STG0000220,OPP0046,Closed Won,2025-04-04 00:00:00,,USR012
STG0000221,OPP0047,Discovery,2025-06-06 14:10:17,2025-06-14 14:00:00,USR008
STG0000222,OPP0047,Qualification,2025-06-14 14:00:00,2025-06-20 22:08:24,USR008
STG0000223,OPP0047,Solution Evaluation,2025-06-20 22:08:24,2025-07-02 06:10:17,USR008
STG0000224,OPP0047,Closed Lost,2025-07-01 14:10:17,,USR008
STG0000225,OPP0048,Discovery,2023-05-12 01:50:40,2023-05-18 06:35:12,USR006
STG0000226,OPP0048,Qualification,2023-05-18 06:35:12,2023-05-25 04:20:17,USR006
STG0000227,OPP0048,Solution Evaluation,2023-05-25 04:20:17,2023-06-02 15:26:47,USR006
STG0000228,OPP0048,Negotiation / Legal,2023-06-02 15:26:47,2023-06-12 17:50:39,USR006
STG0000229,OPP0048,Closed Lost,2023-06-12 01:50:40,,USR006
STG0000230,OPP0049,Discovery,2023-09-04 03:02:15,2023-10-21 07:48:30,USR008
STG0000231,OPP0049,Qualification,2023-10-21 07:48:30,2023-11-26 19:02:15,USR009
STG0000232,OPP0049,Closed Lost,2023-11-26 03:02:15,,USR009
STG0000233,OPP0050,Discovery,2025-12-27 03:25:25,2026-01-10 02:44:26,USR010
STG0000234,OPP0050,Qualification,2026-01-10 02:44:26,2026-01-26 23:16:07,USR010
STG0000235,OPP0050,Solution Evaluation,2026-01-26 23:16:07,2026-02-13 19:25:25,USR010
STG0000236,OPP0050,Closed Lost,2026-02-13 03:25:25,,USR010
STG0000237,OPP0051,Discovery,2026-07-19 15:16:00,2026-08-01 11:49:36,USR010
STG0000238,OPP0051,Qualification,2026-08-01 11:49:36,2026-08-13 23:19:14,USR010
STG0000239,OPP0051,Proposal,2026-08-13 23:19:14,2026-09-05 07:16:00,USR010
STG0000240,OPP0051,Closed Lost,2026-09-04 15:16:00,,USR010
STG0000241,OPP0052,Discovery,2024-08-12 00:00:00,2024-08-19 21:46:15,USR012
STG0000242,OPP0052,Qualification,2024-08-19 21:46:15,2024-09-01 10:18:44,USR012
STG0000243,OPP0052,Solution Evaluation,2024-09-01 10:18:44,2024-09-10 21:57:06,USR012
STG0000244,OPP0052,Proposal,2024-09-10 21:57:06,2024-09-21 00:35:59,USR012
STG0000245,OPP0052,Negotiation / Legal,2024-09-21 00:35:59,2024-09-30 09:43:55,USR012
STG0000246,OPP0052,Commit,2024-09-30 09:43:55,2024-10-07 16:00:00,USR012
STG0000247,OPP0052,Closed Won,2024-10-07 00:00:00,,USR012
STG0000248,OPP0053,Discovery,2026-06-12 18:00:00,2026-07-02 03:42:57,USR006
STG0000249,OPP0053,Qualification,2026-07-02 03:42:57,2026-07-14 08:52:50,USR006
STG0000250,OPP0053,Solution Evaluation,2026-07-14 08:52:50,2026-08-01 22:31:06,USR006
STG0000251,OPP0053,Proposal,2026-08-01 22:31:06,2026-08-26 15:13:15,USR006
STG0000252,OPP0053,Negotiation / Legal,2026-08-26 15:13:15,2026-09-11 20:40:55,USR006
STG0000253,OPP0053,Commit,2026-09-11 20:40:55,,USR006
STG0000254,OPP0054,Discovery,2026-02-13 03:04:06,2026-02-26 10:54:56,USR011
STG0000255,OPP0054,Qualification,2026-02-26 10:54:56,2026-03-09 00:26:42,USR011
STG0000256,OPP0054,Solution Evaluation,2026-03-09 00:26:42,2026-03-22 05:25:38,USR011
STG0000257,OPP0054,Proposal,2026-03-22 05:25:38,2026-04-09 22:32:54,USR011
STG0000258,OPP0054,Negotiation / Legal,2026-04-09 22:32:54,2026-04-24 19:04:05,USR011
STG0000259,OPP0054,Closed Lost,2026-04-24 03:04:06,,USR011
STG0000260,OPP0055,Discovery,2024-11-14 00:00:00,2024-12-09 17:21:38,USR011
STG0000261,OPP0055,Qualification,2024-12-09 17:21:38,2025-01-08 00:52:58,USR011
STG0000262,OPP0055,Proposal,2025-01-08 00:52:58,2025-01-28 14:47:25,USR011
STG0000263,OPP0055,Commit,2025-01-28 14:47:25,2025-02-10 16:00:00,USR011
STG0000264,OPP0055,Closed Won,2025-02-10 00:00:00,,USR011
STG0000265,OPP0056,Discovery,2023-09-16 05:59:17,2023-09-24 09:46:36,USR006
STG0000266,OPP0056,Qualification,2023-09-24 09:46:36,2023-10-07 12:16:45,USR006
STG0000267,OPP0056,Solution Evaluation,2023-10-07 12:16:45,2023-10-17 23:36:13,USR006
STG0000268,OPP0056,Proposal,2023-10-17 23:36:13,2023-10-26 21:59:17,USR006
STG0000269,OPP0056,Closed Lost,2023-10-26 05:59:17,,USR006
STG0000270,OPP0057,Discovery,2026-09-14 11:09:00,2026-09-17 01:35:09,USR008
STG0000271,OPP0057,Qualification,2026-09-17 01:35:09,2026-09-20 08:01:48,USR008
STG0000272,OPP0057,Solution Evaluation,2026-09-20 08:01:48,,USR008
STG0000273,OPP0058,Discovery,2026-08-29 23:00:00,2026-09-11 02:57:56,USR007
STG0000274,OPP0058,Qualification,2026-09-11 02:57:56,,USR007
STG0000275,OPP0059,Discovery,2022-08-13 02:15:45,2022-09-07 09:21:41,USR007
STG0000276,OPP0059,Qualification,2022-09-07 09:21:41,2022-09-24 21:45:40,USR009
STG0000277,OPP0059,Solution Evaluation,2022-09-24 21:45:40,2022-10-19 18:15:45,USR009
STG0000278,OPP0059,Closed Lost,2022-10-19 02:15:45,,USR009
STG0000279,OPP0060,Discovery,2026-08-26 06:00:00,,USR006
STG0000280,OPP0061,Discovery,2022-12-17 03:59:43,2023-01-03 15:09:04,USR011
STG0000281,OPP0061,Qualification,2023-01-03 15:09:04,2023-01-21 04:46:16,USR008
STG0000282,OPP0061,Solution Evaluation,2023-01-21 04:46:16,2023-02-20 19:59:42,USR011
STG0000283,OPP0061,Closed Lost,2023-02-20 03:59:43,,USR011
STG0000284,OPP0062,Discovery,2026-06-29 00:00:00,2026-07-28 15:59:32,USR012
STG0000285,OPP0062,Qualification,2026-07-28 15:59:32,2026-08-16 01:25:13,USR012
STG0000286,OPP0062,Proposal,2026-08-16 01:25:13,2026-09-05 05:49:47,USR005
STG0000287,OPP0062,Commit,2026-09-05 05:49:47,2026-09-17 16:00:00,USR012
STG0000288,OPP0062,Closed Won,2026-09-17 00:00:00,,USR012
STG0000289,OPP0063,Discovery,2024-04-25 02:06:58,2024-05-04 06:28:41,USR008
STG0000290,OPP0063,Qualification,2024-05-04 06:28:41,2024-05-13 11:49:53,USR010
STG0000291,OPP0063,Solution Evaluation,2024-05-13 11:49:53,2024-05-23 18:06:58,USR008
STG0000292,OPP0063,Closed Lost,2024-05-23 02:06:58,,USR008
STG0000293,OPP0064,Discovery,2026-01-15 06:53:25,2026-01-30 04:58:11,USR010
STG0000294,OPP0064,Qualification,2026-01-30 04:58:11,2026-02-11 11:44:29,USR010
STG0000295,OPP0064,Solution Evaluation,2026-02-11 11:44:29,2026-03-02 01:00:09,USR010
STG0000296,OPP0064,Proposal,2026-03-02 01:00:09,2026-03-12 08:05:28,USR010
STG0000297,OPP0064,Negotiation / Legal,2026-03-12 08:05:28,2026-03-27 13:34:27,USR010
STG0000298,OPP0064,Commit,2026-03-27 13:34:27,2026-04-04 22:53:25,USR006
STG0000299,OPP0064,Closed Won,2026-04-04 06:53:25,,USR010
STG0000300,OPP0065,Discovery,2026-08-04 11:00:00,2026-08-14 03:34:37,USR007
STG0000301,OPP0065,Qualification,2026-08-14 03:34:37,2026-08-28 12:48:52,USR007
STG0000302,OPP0065,Solution Evaluation,2026-08-28 12:48:52,2026-09-12 10:55:23,USR007
STG0000303,OPP0065,Proposal,2026-09-12 10:55:23,,USR007
STG0000304,OPP0066,Discovery,2025-10-12 14:38:02,2025-10-21 02:32:50,USR008
STG0000305,OPP0066,Qualification,2025-10-21 02:32:50,2025-10-30 07:47:16,USR008
STG0000306,OPP0066,Proposal,2025-10-30 07:47:16,2025-11-12 16:21:21,USR008
STG0000307,OPP0066,Commit,2025-11-12 16:21:21,2025-11-18 06:38:02,USR008
STG0000308,OPP0066,Closed Won,2025-11-17 14:38:02,,USR008
STG0000309,OPP0067,Discovery,2023-12-24 04:33:01,2024-01-20 19:02:27,USR010
STG0000310,OPP0067,Qualification,2024-01-20 19:02:27,2024-02-15 08:07:01,USR010
STG0000311,OPP0067,Solution Evaluation,2024-02-15 08:07:01,2024-03-16 20:33:01,USR010
STG0000312,OPP0067,Closed Lost,2024-03-16 04:33:01,,USR010
STG0000313,OPP0068,Discovery,2026-05-28 00:38:18,2026-06-15 06:30:41,USR009
STG0000314,OPP0068,Qualification,2026-06-15 06:30:41,2026-06-30 05:50:11,USR009
STG0000315,OPP0068,Proposal,2026-06-30 05:50:11,2026-07-16 22:12:43,USR009
STG0000316,OPP0068,Negotiation / Legal,2026-07-16 22:12:43,2026-07-30 18:19:44,USR009
STG0000317,OPP0068,Commit,2026-07-30 18:19:44,2026-08-08 16:38:17,USR009
STG0000318,OPP0068,Closed Won,2026-08-08 00:38:18,,USR009
STG0000319,OPP0069,Discovery,2026-09-07 00:00:00,,USR006
STG0000320,OPP0070,Discovery,2026-06-18 03:36:41,2026-06-21 17:31:51,USR012
STG0000321,OPP0070,Qualification,2026-06-21 17:31:51,2026-06-24 03:58:08,USR007
STG0000322,OPP0070,Solution Evaluation,2026-06-24 03:58:08,2026-06-30 14:23:41,USR007
STG0000323,OPP0070,Proposal,2026-06-30 14:23:41,2026-07-05 13:10:04,USR007
STG0000324,OPP0070,Negotiation / Legal,2026-07-05 13:10:04,2026-07-11 01:27:15,USR007
STG0000325,OPP0070,Commit,2026-07-11 01:27:15,2026-07-13 19:36:41,USR007
STG0000326,OPP0070,Closed Won,2026-07-13 03:36:41,,USR007
STG0000327,OPP0071,Discovery,2026-08-27 17:00:00,,USR012
STG0000328,OPP0072,Discovery,2026-07-22 16:00:00,2026-08-03 14:49:19,USR007
STG0000329,OPP0072,Qualification,2026-08-03 14:49:19,2026-08-25 15:18:20,USR007
STG0000330,OPP0072,Solution Evaluation,2026-08-25 15:18:20,,USR007
STG0000331,OPP0073,Discovery,2026-01-01 09:41:05,2026-02-03 13:24:13,USR012
STG0000332,OPP0073,Qualification,2026-02-03 13:24:13,2026-03-13 20:53:43,USR008
STG0000333,OPP0073,Solution Evaluation,2026-03-13 20:53:43,2026-04-22 01:41:05,USR007
STG0000334,OPP0073,Closed Lost,2026-04-21 09:41:05,,USR012
STG0000335,OPP0074,Discovery,2025-07-22 00:00:00,2025-08-01 17:02:27,USR011
STG0000336,OPP0074,Qualification,2025-08-01 17:02:27,2025-08-13 23:40:28,USR011
STG0000337,OPP0074,Proposal,2025-08-13 23:40:28,2025-09-02 16:54:34,USR011
STG0000338,OPP0074,Commit,2025-09-02 16:54:34,2025-09-12 16:00:00,USR011
STG0000339,OPP0074,Closed Won,2025-09-12 00:00:00,,USR011
STG0000340,OPP0075,Discovery,2026-07-18 06:00:00,2026-08-04 05:12:48,USR008
STG0000341,OPP0075,Qualification,2026-08-04 05:12:48,2026-08-19 01:27:25,USR008
STG0000342,OPP0075,Solution Evaluation,2026-08-19 01:27:25,2026-09-04 19:10:07,USR008
STG0000343,OPP0075,Proposal,2026-09-04 19:10:07,,USR008
STG0000344,OPP0076,Discovery,2025-05-27 17:30:59,2025-05-31 04:10:08,USR005
STG0000345,OPP0076,Qualification,2025-05-31 04:10:08,2025-06-04 13:10:07,USR005
STG0000346,OPP0076,Solution Evaluation,2025-06-04 13:10:07,2025-06-11 15:54:27,USR005
STG0000347,OPP0076,Proposal,2025-06-11 15:54:27,2025-06-18 09:30:58,USR005
STG0000348,OPP0076,Closed Lost,2025-06-17 17:30:59,,USR005
STG0000349,OPP0077,Discovery,2023-10-26 00:00:00,2023-11-10 09:43:14,USR009
STG0000350,OPP0077,Qualification,2023-11-10 09:43:14,2023-11-21 09:57:46,USR009
STG0000351,OPP0077,Solution Evaluation,2023-11-21 09:57:46,2023-12-06 15:06:36,USR009
STG0000352,OPP0077,Proposal,2023-12-06 15:06:36,2023-12-24 09:37:58,USR009
STG0000353,OPP0077,Negotiation / Legal,2023-12-24 09:37:58,2024-01-04 09:55:21,USR009
STG0000354,OPP0077,Commit,2024-01-04 09:55:21,2024-01-15 16:00:00,USR005
STG0000355,OPP0077,Closed Won,2024-01-15 00:00:00,,USR009
STG0000356,OPP0078,Discovery,2024-08-12 00:00:00,2024-08-18 23:37:11,USR011
STG0000357,OPP0078,Qualification,2024-08-18 23:37:11,2024-08-26 00:48:21,USR011
STG0000358,OPP0078,Proposal,2024-08-26 00:48:21,2024-09-09 12:08:13,USR011
STG0000359,OPP0078,Negotiation / Legal,2024-09-09 12:08:13,2024-09-21 14:42:03,USR011
STG0000360,OPP0078,Commit,2024-09-21 14:42:03,2024-09-27 16:00:00,USR011
STG0000361,OPP0078,Closed Won,2024-09-27 00:00:00,,USR011
STG0000362,OPP0079,Discovery,2023-06-12 08:08:31,2023-06-22 13:39:04,USR011
STG0000363,OPP0079,Qualification,2023-06-22 13:39:04,2023-07-06 05:54:25,USR011
STG0000364,OPP0079,Solution Evaluation,2023-07-06 05:54:25,2023-07-18 18:20:12,USR011
STG0000365,OPP0079,Proposal,2023-07-18 18:20:12,2023-08-08 06:24:58,USR011
STG0000366,OPP0079,Negotiation / Legal,2023-08-08 06:24:58,2023-08-25 00:08:31,USR005
STG0000367,OPP0079,Closed Lost,2023-08-24 08:08:31,,USR011
STG0000368,OPP0080,Discovery,2026-09-03 10:00:00,,USR009
STG0000369,OPP0081,Discovery,2025-10-10 23:06:55,2025-10-18 00:40:45,USR005
STG0000370,OPP0081,Qualification,2025-10-18 00:40:45,2025-10-31 20:40:44,USR005
STG0000371,OPP0081,Solution Evaluation,2025-10-31 20:40:44,2025-11-10 09:45:36,USR005
STG0000372,OPP0081,Proposal,2025-11-10 09:45:36,2025-11-19 15:06:55,USR005
STG0000373,OPP0081,Closed Lost,2025-11-18 23:06:55,,USR005
STG0000374,OPP0082,Discovery,2024-06-14 00:00:00,2024-06-20 04:50:19,USR005
STG0000375,OPP0082,Qualification,2024-06-20 04:50:19,2024-06-27 11:34:14,USR005
STG0000376,OPP0082,Solution Evaluation,2024-06-27 11:34:14,2024-07-07 01:00:17,USR005
STG0000377,OPP0082,Proposal,2024-07-07 01:00:17,2024-07-16 01:45:11,USR005
STG0000378,OPP0082,Negotiation / Legal,2024-07-16 01:45:11,2024-07-22 18:10:52,USR005
STG0000379,OPP0082,Commit,2024-07-22 18:10:52,2024-07-27 16:00:00,USR005
STG0000380,OPP0082,Closed Won,2024-07-27 00:00:00,,USR005
STG0000381,OPP0083,Discovery,2026-08-13 16:00:00,2026-08-19 13:03:04,USR011
STG0000382,OPP0083,Qualification,2026-08-19 13:03:04,2026-08-25 03:47:37,USR011
STG0000383,OPP0083,Solution Evaluation,2026-08-25 03:47:37,2026-09-02 06:17:24,USR011
STG0000384,OPP0083,Proposal,2026-09-02 06:17:24,2026-09-12 13:00:18,USR011
STG0000385,OPP0083,Negotiation / Legal,2026-09-12 13:00:18,,USR011
STG0000386,OPP0084,Discovery,2024-05-11 00:18:29,2024-05-20 00:30:19,USR005
STG0000387,OPP0084,Qualification,2024-05-20 00:30:19,2024-05-28 10:10:26,USR005
STG0000388,OPP0084,Solution Evaluation,2024-05-28 10:10:26,2024-06-07 09:38:59,USR005
STG0000389,OPP0084,Negotiation / Legal,2024-06-07 09:38:59,2024-06-14 03:26:08,USR005
STG0000390,OPP0084,Commit,2024-06-14 03:26:08,2024-06-18 16:18:29,USR005
STG0000391,OPP0084,Closed Lost,2024-06-18 00:18:29,,USR005
STG0000392,OPP0085,Discovery,2026-07-23 07:00:00,2026-08-05 12:44:18,USR006
STG0000393,OPP0085,Qualification,2026-08-05 12:44:18,2026-08-20 07:31:13,USR006
STG0000394,OPP0085,Solution Evaluation,2026-08-20 07:31:13,2026-09-05 06:45:34,USR006
STG0000395,OPP0085,Proposal,2026-09-05 06:45:34,,USR006
STG0000396,OPP0086,Discovery,2023-03-29 11:42:15,2023-04-05 10:25:45,USR008
STG0000397,OPP0086,Qualification,2023-04-05 10:25:45,2023-04-12 02:33:53,USR008
STG0000398,OPP0086,Solution Evaluation,2023-04-12 02:33:53,2023-04-18 16:33:04,USR008
STG0000399,OPP0086,Proposal,2023-04-18 16:33:04,2023-04-27 16:45:12,USR008
STG0000400,OPP0086,Negotiation / Legal,2023-04-27 16:45:12,2023-05-05 00:49:40,USR008
STG0000401,OPP0086,Commit,2023-05-05 00:49:40,2023-05-08 03:42:14,USR008
STG0000402,OPP0086,Closed Won,2023-05-07 11:42:15,,USR008
STG0000403,OPP0087,Discovery,2026-08-26 19:32:19,2026-09-01 14:44:26,USR011
STG0000404,OPP0087,Qualification,2026-09-01 14:44:26,2026-09-07 05:20:22,USR011
STG0000405,OPP0087,Solution Evaluation,2026-09-07 05:20:22,2026-09-12 19:01:28,USR011
STG0000406,OPP0087,Proposal,2026-09-12 19:01:28,2026-09-19 10:06:53,USR011
STG0000407,OPP0087,Negotiation / Legal,2026-09-19 10:06:53,,USR011
STG0000408,OPP0088,Discovery,2026-09-02 18:00:00,,USR011
STG0000409,OPP0089,Discovery,2026-08-16 20:00:00,2026-08-22 06:20:43,USR006
STG0000410,OPP0089,Qualification,2026-08-22 06:20:43,2026-08-29 23:16:47,USR006
STG0000411,OPP0089,Solution Evaluation,2026-08-29 23:16:47,2026-09-08 08:04:08,USR006
STG0000412,OPP0089,Proposal,2026-09-08 08:04:08,2026-09-15 16:13:09,USR006
STG0000413,OPP0089,Negotiation / Legal,2026-09-15 16:13:09,,USR006
STG0000414,OPP0090,Discovery,2024-06-03 19:56:53,2024-06-17 11:52:53,USR011
STG0000415,OPP0090,Qualification,2024-06-17 11:52:53,2024-06-26 19:31:19,USR011
STG0000416,OPP0090,Solution Evaluation,2024-06-26 19:31:19,2024-07-09 07:09:01,USR011
STG0000417,OPP0090,Proposal,2024-07-09 07:09:01,2024-07-20 22:30:35,USR011
STG0000418,OPP0090,Negotiation / Legal,2024-07-20 22:30:35,2024-08-11 11:56:53,USR011
STG0000419,OPP0090,Closed Lost,2024-08-10 19:56:53,,USR011
STG0000420,OPP0091,Discovery,2026-07-17 12:19:45,2026-07-22 21:23:08,USR005
STG0000421,OPP0091,Qualification,2026-07-22 21:23:08,2026-07-27 02:41:08,USR005
STG0000422,OPP0091,Solution Evaluation,2026-07-27 02:41:08,2026-08-03 10:16:48,USR008
STG0000423,OPP0091,Proposal,2026-08-03 10:16:48,2026-08-08 05:23:29,USR005
STG0000424,OPP0091,Negotiation / Legal,2026-08-08 05:23:29,2026-08-12 21:13:16,USR005
STG0000425,OPP0091,Commit,2026-08-12 21:13:16,2026-08-16 04:19:45,USR005
STG0000426,OPP0091,Closed Won,2026-08-15 12:19:45,,USR005
STG0000427,OPP0092,Discovery,2024-03-04 22:35:40,2024-03-20 13:09:20,USR012
STG0000428,OPP0092,Qualification,2024-03-20 13:09:20,2024-03-31 05:04:54,USR012
STG0000429,OPP0092,Solution Evaluation,2024-03-31 05:04:54,2024-04-24 02:26:02,USR012
STG0000430,OPP0092,Proposal,2024-04-24 02:26:02,2024-05-09 00:45:54,USR012
STG0000431,OPP0092,Negotiation / Legal,2024-05-09 00:45:54,2024-05-26 02:14:49,USR009
STG0000432,OPP0092,Commit,2024-05-26 02:14:49,2024-06-04 14:35:40,USR012
STG0000433,OPP0092,Closed Won,2024-06-03 22:35:40,,USR012
STG0000434,OPP0093,Discovery,2024-06-12 13:45:43,2024-06-21 15:48:12,USR006
STG0000435,OPP0093,Solution Evaluation,2024-06-21 15:48:12,2024-07-11 01:23:28,USR006
STG0000436,OPP0093,Proposal,2024-07-11 01:23:28,2024-07-25 05:45:43,USR006
STG0000437,OPP0093,Closed Lost,2024-07-24 13:45:43,,USR006
STG0000438,OPP0094,Discovery,2025-08-09 10:32:47,2025-08-20 13:42:36,USR009
STG0000439,OPP0094,Qualification,2025-08-20 13:42:36,2025-08-30 22:01:28,USR009
STG0000440,OPP0094,Solution Evaluation,2025-08-30 22:01:28,2025-09-18 16:52:36,USR009
STG0000441,OPP0094,Negotiation / Legal,2025-09-18 16:52:36,2025-10-02 02:32:47,USR009
STG0000442,OPP0094,Closed Lost,2025-10-01 10:32:47,,USR009
STG0000443,OPP0095,Discovery,2026-08-29 17:00:00,,USR006
STG0000444,OPP0096,Discovery,2024-08-05 19:02:08,2024-08-15 02:02:26,USR007
STG0000445,OPP0096,Qualification,2024-08-15 02:02:26,2024-08-24 00:11:50,USR007
STG0000446,OPP0096,Solution Evaluation,2024-08-24 00:11:50,2024-09-15 11:02:08,USR007
STG0000447,OPP0096,Closed Lost,2024-09-14 19:02:08,,USR007
STG0000448,OPP0097,Discovery,2026-07-17 05:08:44,2026-07-24 17:37:59,USR007
STG0000449,OPP0097,Solution Evaluation,2026-07-24 17:37:59,2026-08-02 20:29:57,USR007
STG0000450,OPP0097,Proposal,2026-08-02 20:29:57,2026-08-11 05:13:46,USR007
STG0000451,OPP0097,Negotiation / Legal,2026-08-11 05:13:46,2026-08-22 12:18:01,USR007
STG0000452,OPP0097,Commit,2026-08-22 12:18:01,2026-08-27 21:08:44,USR007
STG0000453,OPP0097,Closed Won,2026-08-27 05:08:44,,USR007
STG0000454,OPP0098,Discovery,2025-06-19 07:55:18,2025-07-07 16:13:09,USR008
STG0000455,OPP0098,Qualification,2025-07-07 16:13:09,2025-07-30 23:55:18,USR008
STG0000456,OPP0098,Closed Lost,2025-07-30 07:55:18,,USR008
STG0000457,OPP0099,Discovery,2025-12-24 20:02:20,2026-01-12 03:31:05,USR010
STG0000458,OPP0099,Qualification,2026-01-12 03:31:05,2026-02-03 07:50:28,USR010
STG0000459,OPP0099,Solution Evaluation,2026-02-03 07:50:28,2026-02-22 14:34:51,USR010
STG0000460,OPP0099,Proposal,2026-02-22 14:34:51,2026-03-19 12:02:20,USR010
STG0000461,OPP0099,Closed Lost,2026-03-18 20:02:20,,USR010
STG0000462,OPP0100,Discovery,2024-04-29 00:04:47,2024-05-13 07:45:35,USR012
STG0000463,OPP0100,Qualification,2024-05-13 07:45:35,2024-05-22 00:39:31,USR012
STG0000464,OPP0100,Solution Evaluation,2024-05-22 00:39:31,2024-06-01 14:16:22,USR012
STG0000465,OPP0100,Proposal,2024-06-01 14:16:22,2024-06-11 02:06:30,USR012
STG0000466,OPP0100,Commit,2024-06-11 02:06:30,2024-06-20 16:04:47,USR012
STG0000467,OPP0100,Closed Won,2024-06-20 00:04:47,,USR012
STG0000468,OPP0101,Discovery,2026-09-19 01:20:27,2026-09-20 05:58:15,USR012
STG0000469,OPP0101,Qualification,2026-09-20 05:58:15,2026-09-21 02:48:39,USR011
STG0000470,OPP0101,Solution Evaluation,2026-09-21 02:48:39,2026-09-21 22:25:20,USR011
STG0000471,OPP0101,Proposal,2026-09-21 22:25:20,2026-09-23 07:41:42,USR011
STG0000472,OPP0101,Commit,2026-09-23 07:41:42,,USR011
STG0000473,OPP0102,Discovery,2024-03-01 00:00:00,2024-03-06 04:35:51,USR005
STG0000474,OPP0102,Qualification,2024-03-06 04:35:51,2024-03-11 20:27:21,USR005
STG0000475,OPP0102,Solution Evaluation,2024-03-11 20:27:21,2024-03-17 21:49:28,USR005
STG0000476,OPP0102,Proposal,2024-03-17 21:49:28,2024-03-24 21:16:50,USR005
STG0000477,OPP0102,Negotiation / Legal,2024-03-24 21:16:50,2024-04-02 04:50:18,USR005
STG0000478,OPP0102,Commit,2024-04-02 04:50:18,2024-04-05 16:00:00,USR005
STG0000479,OPP0102,Closed Won,2024-04-05 00:00:00,,USR005
STG0000480,OPP0103,Discovery,2026-02-10 00:00:00,2026-02-17 16:30:24,USR008
STG0000481,OPP0103,Qualification,2026-02-17 16:30:24,2026-02-23 01:30:53,USR008
STG0000482,OPP0103,Solution Evaluation,2026-02-23 01:30:53,2026-03-01 02:06:06,USR008
STG0000483,OPP0103,Proposal,2026-03-01 02:06:06,2026-03-08 12:11:18,USR008
STG0000484,OPP0103,Negotiation / Legal,2026-03-08 12:11:18,2026-03-15 03:06:09,USR008
STG0000485,OPP0103,Commit,2026-03-15 03:06:09,2026-03-18 16:00:00,USR008
STG0000486,OPP0103,Closed Won,2026-03-18 00:00:00,,USR008
STG0000487,OPP0104,Discovery,2026-08-11 22:00:00,2026-08-20 03:48:36,USR005
STG0000488,OPP0104,Qualification,2026-08-20 03:48:36,2026-08-28 20:08:15,USR005
STG0000489,OPP0104,Solution Evaluation,2026-08-28 20:08:15,2026-09-07 00:49:21,USR008
STG0000490,OPP0104,Proposal,2026-09-07 00:49:21,2026-09-17 03:37:28,USR010
STG0000491,OPP0104,Negotiation / Legal,2026-09-17 03:37:28,,USR006
STG0000492,OPP0105,Discovery,2026-01-12 16:47:50,2026-01-19 19:24:34,USR007
STG0000493,OPP0105,Qualification,2026-01-19 19:24:34,2026-01-30 01:55:50,USR007
STG0000494,OPP0105,Proposal,2026-01-30 01:55:50,2026-02-06 06:28:02,USR007
STG0000495,OPP0105,Negotiation / Legal,2026-02-06 06:28:02,2026-02-16 08:47:50,USR007
STG0000496,OPP0105,Closed Lost,2026-02-15 16:47:50,,USR007
STG0000497,OPP0106,Discovery,2025-12-09 22:05:50,2025-12-24 18:56:54,USR010
STG0000498,OPP0106,Qualification,2025-12-24 18:56:54,2026-01-06 09:54:08,USR010
STG0000499,OPP0106,Proposal,2026-01-06 09:54:08,2026-01-30 02:46:09,USR010
STG0000500,OPP0106,Negotiation / Legal,2026-01-30 02:46:09,2026-02-11 14:05:50,USR010
STG0000501,OPP0106,Closed Lost,2026-02-10 22:05:50,,USR010
STG0000502,OPP0107,Discovery,2026-08-13 15:00:00,2026-09-04 07:50:40,USR012
STG0000503,OPP0107,Qualification,2026-09-04 07:50:40,,USR012
STG0000504,OPP0108,Discovery,2025-02-08 13:32:57,2025-02-21 12:02:19,USR012
STG0000505,OPP0108,Qualification,2025-02-21 12:02:19,2025-03-09 08:18:34,USR012
STG0000506,OPP0108,Solution Evaluation,2025-03-09 08:18:34,2025-03-31 05:32:57,USR012
STG0000507,OPP0108,Closed Lost,2025-03-30 13:32:57,,USR012
STG0000508,OPP0109,Discovery,2024-09-06 16:19:24,2024-09-12 02:34:01,USR008
STG0000509,OPP0109,Qualification,2024-09-12 02:34:01,2024-09-20 01:34:55,USR008
STG0000510,OPP0109,Solution Evaluation,2024-09-20 01:34:55,2024-10-02 14:47:22,USR008
STG0000511,OPP0109,Proposal,2024-10-02 14:47:22,2024-10-09 08:19:24,USR008
STG0000512,OPP0109,Closed Lost,2024-10-08 16:19:24,,USR008
STG0000513,OPP0110,Discovery,2026-09-18 14:00:00,,USR011
STG0000514,OPP0111,Discovery,2026-06-13 19:00:00,2026-07-03 19:51:39,USR010
STG0000515,OPP0111,Qualification,2026-07-03 19:51:39,2026-07-23 20:24:37,USR010
STG0000516,OPP0111,Solution Evaluation,2026-07-23 20:24:37,2026-08-11 19:06:19,USR010
STG0000517,OPP0111,Proposal,2026-08-11 19:06:19,2026-08-29 20:19:53,USR010
STG0000518,OPP0111,Negotiation / Legal,2026-08-29 20:19:53,2026-09-15 03:15:49,USR010
STG0000519,OPP0111,Commit,2026-09-15 03:15:49,,USR010
STG0000520,OPP0112,Discovery,2025-04-16 18:02:26,2025-04-27 21:21:46,USR007
STG0000521,OPP0112,Qualification,2025-04-27 21:21:46,2025-05-12 10:15:28,USR011
STG0000522,OPP0112,Solution Evaluation,2025-05-12 10:15:28,2025-06-05 07:34:44,USR011
STG0000523,OPP0112,Proposal,2025-06-05 07:34:44,2025-06-22 10:02:26,USR011
STG0000524,OPP0112,Closed Lost,2025-06-21 18:02:26,,USR011
STG0000525,OPP0113,Discovery,2026-09-06 08:17:18,2026-09-16 13:29:44,USR005
STG0000526,OPP0113,Qualification,2026-09-16 13:29:44,,USR005
STG0000527,OPP0114,Discovery,2026-08-07 00:00:00,2026-08-18 03:35:31,USR005
STG0000528,OPP0114,Qualification,2026-08-18 03:35:31,2026-08-24 23:56:28,USR005
STG0000529,OPP0114,Solution Evaluation,2026-08-24 23:56:28,2026-09-09 20:56:31,USR005
STG0000530,OPP0114,Proposal,2026-09-09 20:56:31,,USR005
STG0000531,OPP0115,Discovery,2024-07-01 01:51:20,2024-07-13 00:12:12,USR009
STG0000532,OPP0115,Qualification,2024-07-13 00:12:12,2024-07-25 15:19:55,USR009
STG0000533,OPP0115,Solution Evaluation,2024-07-25 15:19:55,2024-08-10 02:33:58,USR009
STG0000534,OPP0115,Proposal,2024-08-10 02:33:58,2024-08-25 05:43:42,USR009
STG0000535,OPP0115,Negotiation / Legal,2024-08-25 05:43:42,2024-09-08 03:13:27,USR009
STG0000536,OPP0115,Commit,2024-09-08 03:13:27,2024-09-18 17:51:20,USR009
STG0000537,OPP0115,Closed Won,2024-09-18 01:51:20,,USR009
STG0000538,OPP0116,Discovery,2023-06-29 04:03:28,2023-07-20 04:56:26,USR010
STG0000539,OPP0116,Qualification,2023-07-20 04:56:26,2023-08-10 05:51:00,USR010
STG0000540,OPP0116,Proposal,2023-08-10 05:51:00,2023-09-06 12:29:37,USR010
STG0000541,OPP0116,Negotiation / Legal,2023-09-06 12:29:37,2023-10-05 03:23:15,USR010
STG0000542,OPP0116,Commit,2023-10-05 03:23:15,2023-10-22 20:03:28,USR010
STG0000543,OPP0116,Closed Won,2023-10-22 04:03:28,,USR010
STG0000544,OPP0117,Discovery,2026-07-14 08:00:00,2026-07-22 11:55:08,USR006
STG0000545,OPP0117,Qualification,2026-07-22 11:55:08,2026-08-04 19:49:25,USR006
STG0000546,OPP0117,Solution Evaluation,2026-08-04 19:49:25,2026-08-20 17:29:23,USR006
STG0000547,OPP0117,Proposal,2026-08-20 17:29:23,2026-09-07 09:16:40,USR006
STG0000548,OPP0117,Negotiation / Legal,2026-09-07 09:16:40,,USR006
STG0000549,OPP0118,Discovery,2026-09-13 15:00:00,2026-09-19 12:42:02,USR006
STG0000550,OPP0118,Qualification,2026-09-19 12:42:02,,USR006
STG0000551,OPP0119,Discovery,2026-07-06 12:00:00,2026-07-21 10:42:05,USR006
STG0000552,OPP0119,Qualification,2026-07-21 10:42:05,2026-08-06 04:08:26,USR007
STG0000553,OPP0119,Solution Evaluation,2026-08-06 04:08:26,2026-08-19 14:04:35,USR006
STG0000554,OPP0119,Proposal,2026-08-19 14:04:35,2026-08-31 22:32:21,USR008
STG0000555,OPP0119,Negotiation / Legal,2026-08-31 22:32:21,2026-09-15 07:35:52,USR006
STG0000556,OPP0119,Commit,2026-09-15 07:35:52,,USR006
STG0000557,OPP0120,Discovery,2026-07-21 23:00:00,2026-08-07 08:45:33,USR010
STG0000558,OPP0120,Qualification,2026-08-07 08:45:33,2026-08-23 06:34:34,USR010
STG0000559,OPP0120,Solution Evaluation,2026-08-23 06:34:34,2026-09-09 04:03:23,USR010
STG0000560,OPP0120,Proposal,2026-09-09 04:03:23,,USR010
STG0000561,OPP0121,Discovery,2026-08-15 19:09:37,2026-08-26 23:36:02,USR008
STG0000562,OPP0121,Qualification,2026-08-26 23:36:02,2026-09-07 11:55:42,USR008
STG0000563,OPP0121,Solution Evaluation,2026-09-07 11:55:42,,USR008
STG0000564,OPP0122,Discovery,2024-09-30 00:00:00,2024-10-11 17:25:52,USR011
STG0000565,OPP0122,Qualification,2024-10-11 17:25:52,2024-10-29 00:07:38,USR011
STG0000566,OPP0122,Proposal,2024-10-29 00:07:38,2024-11-23 03:59:23,USR011
STG0000567,OPP0122,Negotiation / Legal,2024-11-23 03:59:23,2024-12-06 22:31:19,USR011
STG0000568,OPP0122,Commit,2024-12-06 22:31:19,2024-12-19 15:59:59,USR011
STG0000569,OPP0122,Closed Won,2024-12-19 00:00:00,,USR011
STG0000570,OPP0123,Discovery,2026-07-02 23:00:00,2026-07-15 19:50:39,USR005
STG0000571,OPP0123,Qualification,2026-07-15 19:50:39,2026-08-02 11:38:23,USR005
STG0000572,OPP0123,Proposal,2026-08-02 11:38:23,2026-08-28 19:15:45,USR005
STG0000573,OPP0123,Negotiation / Legal,2026-08-28 19:15:45,,USR005
STG0000574,OPP0124,Discovery,2023-09-19 16:37:04,2023-09-28 16:38:05,USR011
STG0000575,OPP0124,Qualification,2023-09-28 16:38:05,2023-10-11 22:30:11,USR011
STG0000576,OPP0124,Solution Evaluation,2023-10-11 22:30:11,2023-10-30 16:16:21,USR011
STG0000577,OPP0124,Proposal,2023-10-30 16:16:21,2023-11-11 10:12:18,USR011
STG0000578,OPP0124,Negotiation / Legal,2023-11-11 10:12:18,2023-12-01 15:51:08,USR011
STG0000579,OPP0124,Commit,2023-12-01 15:51:08,2023-12-08 08:37:03,USR011
STG0000580,OPP0124,Closed Lost,2023-12-07 16:37:04,,USR011
STG0000581,OPP0125,Discovery,2026-08-15 11:01:59,2026-08-20 04:49:37,USR006
STG0000582,OPP0125,Qualification,2026-08-20 04:49:37,2026-08-27 13:52:44,USR006
STG0000583,OPP0125,Solution Evaluation,2026-08-27 13:52:44,2026-09-06 17:34:15,USR006
STG0000584,OPP0125,Proposal,2026-09-06 17:34:15,2026-09-17 04:39:35,USR006
STG0000585,OPP0125,Negotiation / Legal,2026-09-17 04:39:35,,USR006
STG0000586,OPP0126,Discovery,2026-05-09 08:56:44,2026-05-25 02:15:56,USR009
STG0000587,OPP0126,Qualification,2026-05-25 02:15:56,2026-06-04 17:07:39,USR009
STG0000588,OPP0126,Solution Evaluation,2026-06-04 17:07:39,2026-06-24 12:24:22,USR009
STG0000589,OPP0126,Proposal,2026-06-24 12:24:22,2026-07-10 00:56:44,USR009
STG0000590,OPP0126,Closed Lost,2026-07-09 08:56:44,,USR009
STG0000591,OPP0127,Discovery,2025-11-07 05:25:29,2025-12-22 10:26:11,USR010
STG0000592,OPP0127,Qualification,2025-12-22 10:26:11,2026-01-18 21:25:29,USR010
STG0000593,OPP0127,Closed Lost,2026-01-18 05:25:29,,USR010
STG0000594,OPP0128,Discovery,2023-10-03 03:31:09,2023-10-10 07:44:22,USR006
STG0000595,OPP0128,Qualification,2023-10-10 07:44:22,2023-10-20 17:07:06,USR006
STG0000596,OPP0128,Solution Evaluation,2023-10-20 17:07:06,2023-10-28 19:31:09,USR006
STG0000597,OPP0128,Closed Lost,2023-10-28 03:31:09,,USR006
STG0000598,OPP0129,Discovery,2026-09-16 08:00:00,,USR006
STG0000599,OPP0130,Discovery,2024-10-22 00:00:00,2024-11-04 07:39:14,USR011
STG0000600,OPP0130,Qualification,2024-11-04 07:39:14,2024-11-20 10:51:09,USR011
STG0000601,OPP0130,Solution Evaluation,2024-11-20 10:51:09,2024-12-08 23:26:55,USR011
STG0000602,OPP0130,Proposal,2024-12-08 23:26:55,2024-12-29 00:17:55,USR011
STG0000603,OPP0130,Commit,2024-12-29 00:17:55,2025-01-07 15:59:59,USR011
STG0000604,OPP0130,Closed Won,2025-01-07 00:00:00,,USR011
STG0000605,OPP0131,Discovery,2026-09-19 08:12:14,2026-09-20 15:51:02,USR012
STG0000606,OPP0131,Qualification,2026-09-20 15:51:02,2026-09-22 00:02:35,USR012
STG0000607,OPP0131,Solution Evaluation,2026-09-22 00:02:35,,USR012
STG0000608,OPP0132,Discovery,2025-11-28 14:47:35,2025-12-05 00:58:03,USR006
STG0000609,OPP0132,Qualification,2025-12-05 00:58:03,2025-12-12 10:33:43,USR006
STG0000610,OPP0132,Proposal,2025-12-12 10:33:43,2025-12-20 14:52:24,USR006
STG0000611,OPP0132,Commit,2025-12-20 14:52:24,2025-12-24 06:47:35,USR006
STG0000612,OPP0132,Closed Won,2025-12-23 14:47:35,,USR006
STG0000613,OPP0133,Discovery,2023-02-14 18:12:18,2023-02-23 07:51:57,USR011
STG0000614,OPP0133,Qualification,2023-02-23 07:51:57,2023-03-07 19:24:40,USR011
STG0000615,OPP0133,Solution Evaluation,2023-03-07 19:24:40,2023-03-17 04:42:05,USR011
STG0000616,OPP0133,Proposal,2023-03-17 04:42:05,2023-03-31 09:28:04,USR011
STG0000617,OPP0133,Commit,2023-03-31 09:28:04,2023-04-06 10:12:17,USR011
STG0000618,OPP0133,Closed Won,2023-04-05 18:12:18,,USR011
STG0000619,OPP0134,Discovery,2026-06-26 15:00:00,2026-07-10 20:41:05,USR005
STG0000620,OPP0134,Qualification,2026-07-10 20:41:05,2026-07-27 21:46:14,USR005
STG0000621,OPP0134,Solution Evaluation,2026-07-27 21:46:14,2026-08-13 10:20:04,USR005
STG0000622,OPP0134,Proposal,2026-08-13 10:20:04,2026-09-09 23:20:03,USR005
STG0000623,OPP0134,Negotiation / Legal,2026-09-09 23:20:03,,USR005
STG0000624,OPP0135,Discovery,2024-03-14 11:44:37,2024-03-18 23:40:13,USR008
STG0000625,OPP0135,Qualification,2024-03-18 23:40:13,2024-03-22 11:46:56,USR008
STG0000626,OPP0135,Solution Evaluation,2024-03-22 11:46:56,2024-03-29 05:11:10,USR008
STG0000627,OPP0135,Proposal,2024-03-29 05:11:10,2024-04-02 16:01:01,USR008
STG0000628,OPP0135,Negotiation / Legal,2024-04-02 16:01:01,2024-04-10 02:57:17,USR008
STG0000629,OPP0135,Commit,2024-04-10 02:57:17,2024-04-13 03:44:36,USR008
STG0000630,OPP0135,Closed Won,2024-04-12 11:44:37,,USR008
STG0000631,OPP0136,Discovery,2025-11-30 00:00:00,2025-12-06 20:23:51,USR010
STG0000632,OPP0136,Qualification,2025-12-06 20:23:51,2025-12-13 19:42:33,USR010
STG0000633,OPP0136,Solution Evaluation,2025-12-13 19:42:33,2025-12-25 12:40:11,USR010
STG0000634,OPP0136,Proposal,2025-12-25 12:40:11,2026-01-04 07:22:44,USR010
STG0000635,OPP0136,Negotiation / Legal,2026-01-04 07:22:44,2026-01-12 16:18:34,USR010
STG0000636,OPP0136,Commit,2026-01-12 16:18:34,2026-01-18 16:00:00,USR010
STG0000637,OPP0136,Closed Won,2026-01-18 00:00:00,,USR010
STG0000638,OPP0137,Discovery,2025-12-04 19:17:38,2025-12-13 22:34:13,USR012
STG0000639,OPP0137,Solution Evaluation,2025-12-13 22:34:13,2025-12-26 22:18:41,USR012
STG0000640,OPP0137,Proposal,2025-12-26 22:18:41,2026-01-11 02:18:11,USR012
STG0000641,OPP0137,Negotiation / Legal,2026-01-11 02:18:11,2026-01-21 11:18:57,USR012
STG0000642,OPP0137,Commit,2026-01-21 11:18:57,2026-02-01 11:17:38,USR012
STG0000643,OPP0137,Closed Won,2026-01-31 19:17:38,,USR012
STG0000644,OPP0138,Discovery,2026-03-21 14:02:31,2026-05-06 09:33:02,USR010
STG0000645,OPP0138,Qualification,2026-05-06 09:33:02,2026-06-08 22:10:19,USR010
STG0000646,OPP0138,Proposal,2026-06-08 22:10:19,2026-08-18 19:45:49,USR010
STG0000647,OPP0138,Negotiation / Legal,2026-08-18 19:45:49,,USR010
STG0000648,OPP0139,Discovery,2026-03-07 11:29:50,2026-03-30 09:36:35,USR012
STG0000649,OPP0139,Qualification,2026-03-30 09:36:35,2026-05-07 03:13:34,USR012
STG0000650,OPP0139,Solution Evaluation,2026-05-07 03:13:34,2026-06-12 17:51:34,USR012
STG0000651,OPP0139,Proposal,2026-06-12 17:51:34,2026-07-24 06:15:05,USR012
STG0000652,OPP0139,Negotiation / Legal,2026-07-24 06:15:05,2026-09-01 08:09:23,USR012
STG0000653,OPP0139,Commit,2026-09-01 08:09:23,,USR012
STG0000654,OPP0140,Discovery,2026-09-15 21:00:00,,USR006
STG0000655,OPP0141,Discovery,2026-05-30 05:54:17,2026-07-27 00:56:08,USR005
STG0000656,OPP0141,Qualification,2026-07-27 00:56:08,,USR012
STG0000657,OPP0142,Discovery,2024-06-21 10:59:24,2024-07-08 13:08:41,USR009
STG0000658,OPP0142,Qualification,2024-07-08 13:08:41,2024-07-26 11:53:58,USR009
STG0000659,OPP0142,Solution Evaluation,2024-07-26 11:53:58,2024-08-15 02:59:24,USR009
STG0000660,OPP0142,Closed Lost,2024-08-14 10:59:24,,USR009
STG0000661,OPP0143,Discovery,2025-05-04 15:02:30,2025-05-08 13:31:36,USR008
STG0000662,OPP0143,Qualification,2025-05-08 13:31:36,2025-05-12 15:05:17,USR008
STG0000663,OPP0143,Solution Evaluation,2025-05-12 15:05:17,2025-05-22 14:17:40,USR008
STG0000664,OPP0143,Proposal,2025-05-22 14:17:40,2025-05-27 09:30:42,USR008
STG0000665,OPP0143,Negotiation / Legal,2025-05-27 09:30:42,2025-06-05 05:56:13,USR008
STG0000666,OPP0143,Commit,2025-06-05 05:56:13,2025-06-10 07:02:30,USR008
STG0000667,OPP0143,Closed Won,2025-06-09 15:02:30,,USR008
STG0000668,OPP0144,Discovery,2022-09-15 16:15:06,2022-09-29 21:52:10,USR012
STG0000669,OPP0144,Qualification,2022-09-29 21:52:10,2022-10-21 19:30:33,USR012
STG0000670,OPP0144,Solution Evaluation,2022-10-21 19:30:33,2022-11-15 06:42:46,USR012
STG0000671,OPP0144,Proposal,2022-11-15 06:42:46,2022-11-29 06:36:34,USR012
STG0000672,OPP0144,Commit,2022-11-29 06:36:34,2022-12-07 08:15:05,USR012
STG0000673,OPP0144,Closed Won,2022-12-06 16:15:06,,USR012
STG0000674,OPP0145,Discovery,2026-09-07 20:00:00,2026-09-16 23:44:05,USR008
STG0000675,OPP0145,Qualification,2026-09-16 23:44:05,,USR008
STG0000676,OPP0146,Discovery,2025-12-10 17:30:41,2025-12-15 23:09:27,USR008
STG0000677,OPP0146,Qualification,2025-12-15 23:09:27,2025-12-23 08:04:41,USR008
STG0000678,OPP0146,Solution Evaluation,2025-12-23 08:04:41,2026-01-04 09:30:41,USR006
STG0000679,OPP0146,Closed Lost,2026-01-03 17:30:41,,USR008
STG0000680,OPP0147,Discovery,2026-09-17 13:00:00,,USR012
STG0000681,OPP0148,Discovery,2024-09-27 17:28:23,2024-10-08 15:53:27,USR006
STG0000682,OPP0148,Qualification,2024-10-08 15:53:27,2024-10-23 00:11:24,USR006
STG0000683,OPP0148,Proposal,2024-10-23 00:11:24,2024-11-04 09:28:23,USR006
STG0000684,OPP0148,Closed Lost,2024-11-03 17:28:23,,USR006
STG0000685,OPP0149,Discovery,2026-04-08 09:04:04,2026-05-15 08:07:49,USR010
STG0000686,OPP0149,Qualification,2026-05-15 08:07:49,2026-06-19 16:34:55,USR010
STG0000687,OPP0149,Solution Evaluation,2026-06-19 16:34:55,2026-07-21 08:47:54,USR010
STG0000688,OPP0149,Proposal,2026-07-21 08:47:54,2026-08-21 12:19:14,USR010
STG0000689,OPP0149,Negotiation / Legal,2026-08-21 12:19:14,,USR010
STG0000690,OPP0150,Discovery,2025-02-17 17:52:43,2025-02-21 07:45:31,USR006
STG0000691,OPP0150,Qualification,2025-02-21 07:45:31,2025-02-24 23:57:58,USR006
STG0000692,OPP0150,Solution Evaluation,2025-02-24 23:57:58,2025-03-04 03:20:45,USR008
STG0000693,OPP0150,Proposal,2025-03-04 03:20:45,2025-03-12 14:12:42,USR006
STG0000694,OPP0150,Negotiation / Legal,2025-03-12 14:12:42,2025-03-17 08:52:51,USR006
STG0000695,OPP0150,Commit,2025-03-17 08:52:51,2025-03-21 09:52:42,USR011
STG0000696,OPP0150,Closed Won,2025-03-20 17:52:43,,USR006
STG0000697,OPP0151,Discovery,2025-10-19 00:00:00,2025-11-17 17:41:33,USR012
STG0000698,OPP0151,Qualification,2025-11-17 17:41:33,2025-12-20 16:23:46,USR012
STG0000699,OPP0151,Proposal,2025-12-20 16:23:46,2026-01-29 00:46:07,USR012
STG0000700,OPP0151,Commit,2026-01-29 00:46:07,2026-02-09 16:00:00,USR012
STG0000701,OPP0151,Closed Won,2026-02-09 00:00:00,,USR012
STG0000702,OPP0152,Discovery,2026-09-05 17:00:00,2026-09-16 15:35:42,USR010
STG0000703,OPP0152,Qualification,2026-09-16 15:35:42,,USR010
STG0000704,OPP0153,Discovery,2024-04-22 15:31:51,2024-05-10 09:50:34,USR009
STG0000705,OPP0153,Qualification,2024-05-10 09:50:34,2024-05-24 15:48:55,USR009
STG0000706,OPP0153,Solution Evaluation,2024-05-24 15:48:55,2024-06-06 18:33:11,USR009
STG0000707,OPP0153,Proposal,2024-06-06 18:33:11,2024-06-19 08:58:28,USR009
STG0000708,OPP0153,Commit,2024-06-19 08:58:28,2024-07-01 07:31:51,USR009
STG0000709,OPP0153,Closed Won,2024-06-30 15:31:51,,USR009
STG0000710,OPP0154,Discovery,2023-03-04 14:39:23,2023-03-10 08:58:02,USR005
STG0000711,OPP0154,Qualification,2023-03-10 08:58:02,2023-03-18 00:02:51,USR005
STG0000712,OPP0154,Solution Evaluation,2023-03-18 00:02:51,2023-03-26 02:55:25,USR005
STG0000713,OPP0154,Proposal,2023-03-26 02:55:25,2023-04-04 06:29:03,USR005
STG0000714,OPP0154,Negotiation / Legal,2023-04-04 06:29:03,2023-04-15 06:39:23,USR005
STG0000715,OPP0154,Closed Lost,2023-04-14 14:39:23,,USR005
STG0000716,OPP0155,Discovery,2023-09-17 08:32:47,2023-10-12 22:13:52,USR011
STG0000717,OPP0155,Solution Evaluation,2023-10-12 22:13:52,2023-11-10 16:30:48,USR011
STG0000718,OPP0155,Proposal,2023-11-10 16:30:48,2023-12-06 00:32:46,USR011
STG0000719,OPP0155,Closed Lost,2023-12-05 08:32:47,,USR011
STG0000720,OPP0156,Discovery,2025-04-27 16:02:11,2025-05-19 05:22:52,USR009
STG0000721,OPP0156,Qualification,2025-05-19 05:22:52,2025-06-02 18:49:52,USR007
STG0000722,OPP0156,Solution Evaluation,2025-06-02 18:49:52,2025-07-11 20:18:53,USR009
STG0000723,OPP0156,Negotiation / Legal,2025-07-11 20:18:53,2025-08-05 08:02:11,USR009
STG0000724,OPP0156,Closed Lost,2025-08-04 16:02:11,,USR009
STG0000725,OPP0157,Discovery,2024-12-07 19:45:33,2024-12-11 03:45:33,USR008
STG0000726,OPP0157,Qualification,2024-12-11 03:45:33,2024-12-15 23:33:33,USR008
STG0000727,OPP0157,Solution Evaluation,2024-12-15 23:33:33,2024-12-20 06:40:04,USR008
STG0000728,OPP0157,Proposal,2024-12-20 06:40:04,2024-12-26 20:52:32,USR008
STG0000729,OPP0157,Negotiation / Legal,2024-12-26 20:52:32,2024-12-30 11:12:23,USR008
STG0000730,OPP0157,Commit,2024-12-30 11:12:23,2025-01-01 11:45:33,USR008
STG0000731,OPP0157,Closed Won,2024-12-31 19:45:33,,USR008
STG0000732,OPP0158,Discovery,2023-01-18 21:49:27,2023-01-25 15:21:28,USR009
STG0000733,OPP0158,Qualification,2023-01-25 15:21:28,2023-01-31 09:31:19,USR008
STG0000734,OPP0158,Solution Evaluation,2023-01-31 09:31:19,2023-02-10 05:00:25,USR008
STG0000735,OPP0158,Proposal,2023-02-10 05:00:25,2023-02-18 06:57:18,USR008
STG0000736,OPP0158,Negotiation / Legal,2023-02-18 06:57:18,2023-02-22 17:14:49,USR008
STG0000737,OPP0158,Commit,2023-02-22 17:14:49,2023-02-27 13:49:27,USR008
STG0000738,OPP0158,Closed Lost,2023-02-26 21:49:27,,USR008
STG0000739,OPP0159,Discovery,2024-12-27 22:44:22,2025-01-09 22:51:02,USR010
STG0000740,OPP0159,Qualification,2025-01-09 22:51:02,2025-01-22 10:06:34,USR010
STG0000741,OPP0159,Solution Evaluation,2025-01-22 10:06:34,2025-02-16 05:16:18,USR010
STG0000742,OPP0159,Proposal,2025-02-16 05:16:18,2025-03-07 14:44:22,USR010
STG0000743,OPP0159,Closed Lost,2025-03-06 22:44:22,,USR010
STG0000744,OPP0160,Discovery,2026-08-11 20:46:52,2026-08-22 19:12:14,USR012
STG0000745,OPP0160,Qualification,2026-08-22 19:12:14,2026-09-03 08:49:06,USR007
STG0000746,OPP0160,Solution Evaluation,2026-09-03 08:49:06,2026-09-12 16:43:34,USR012
STG0000747,OPP0160,Proposal,2026-09-12 16:43:34,,USR012
STG0000748,OPP0161,Discovery,2024-07-22 01:13:00,2024-08-02 06:35:55,USR008
STG0000749,OPP0161,Qualification,2024-08-02 06:35:55,2024-08-13 14:27:58,USR006
STG0000750,OPP0161,Solution Evaluation,2024-08-13 14:27:58,2024-08-26 17:13:00,USR006
STG0000751,OPP0161,Closed Lost,2024-08-26 01:13:00,,USR006
STG0000752,OPP0162,Discovery,2026-07-19 20:00:00,2026-07-30 19:48:09,USR006
STG0000753,OPP0162,Qualification,2026-07-30 19:48:09,2026-08-15 07:00:53,USR006
STG0000754,OPP0162,Solution Evaluation,2026-08-15 07:00:53,2026-09-03 12:54:36,USR006
STG0000755,OPP0162,Proposal,2026-09-03 12:54:36,,USR006
STG0000756,OPP0163,Discovery,2026-09-20 11:00:00,,USR012
STG0000757,OPP0164,Discovery,2026-03-14 14:38:02,2026-03-22 19:17:05,USR007
STG0000758,OPP0164,Qualification,2026-03-22 19:17:05,2026-03-28 18:14:05,USR007
STG0000759,OPP0164,Solution Evaluation,2026-03-28 18:14:05,2026-04-09 18:52:32,USR007
STG0000760,OPP0164,Proposal,2026-04-09 18:52:32,2026-04-19 12:03:11,USR007
STG0000761,OPP0164,Commit,2026-04-19 12:03:11,2026-04-24 06:38:02,USR007
STG0000762,OPP0164,Closed Won,2026-04-23 14:38:02,,USR007
STG0000763,OPP0165,Discovery,2026-07-21 19:58:49,2026-07-30 09:03:37,USR012
STG0000764,OPP0165,Qualification,2026-07-30 09:03:37,2026-08-08 12:36:58,USR012
STG0000765,OPP0165,Solution Evaluation,2026-08-08 12:36:58,2026-08-19 20:31:28,USR005
STG0000766,OPP0165,Proposal,2026-08-19 20:31:28,2026-09-02 09:57:30,USR012
STG0000767,OPP0165,Negotiation / Legal,2026-09-02 09:57:30,2026-09-15 17:12:45,USR012
STG0000768,OPP0165,Commit,2026-09-15 17:12:45,,USR012
STG0000769,OPP0166,Discovery,2024-03-26 02:14:41,2024-04-18 01:22:32,USR009
STG0000770,OPP0166,Qualification,2024-04-18 01:22:32,2024-05-10 18:37:32,USR009
STG0000771,OPP0166,Solution Evaluation,2024-05-10 18:37:32,2024-06-11 03:56:02,USR009
STG0000772,OPP0166,Proposal,2024-06-11 03:56:02,2024-06-29 18:14:40,USR009
STG0000773,OPP0166,Closed Lost,2024-06-29 02:14:41,,USR009
STG0000774,OPP0167,Discovery,2024-12-10 00:00:00,2024-12-18 07:41:17,USR008
STG0000775,OPP0167,Qualification,2024-12-18 07:41:17,2024-12-26 05:30:01,USR008
STG0000776,OPP0167,Solution Evaluation,2024-12-26 05:30:01,2025-01-03 09:38:35,USR008
STG0000777,OPP0167,Proposal,2025-01-03 09:38:35,2025-01-09 10:52:22,USR008
STG0000778,OPP0167,Negotiation / Legal,2025-01-09 10:52:22,2025-01-15 01:38:14,USR008
STG0000779,OPP0167,Commit,2025-01-15 01:38:14,2025-01-18 16:00:00,USR008
STG0000780,OPP0167,Closed Won,2025-01-18 00:00:00,,USR008
STG0000781,OPP0168,Discovery,2026-08-04 17:00:00,2026-08-15 19:59:58,USR011
STG0000782,OPP0168,Qualification,2026-08-15 19:59:58,2026-08-31 04:41:30,USR011
STG0000783,OPP0168,Solution Evaluation,2026-08-31 04:41:30,,USR011
STG0000784,OPP0169,Discovery,2023-05-01 04:05:36,2023-05-07 14:45:15,USR010
STG0000785,OPP0169,Qualification,2023-05-07 14:45:15,2023-05-14 03:31:23,USR010
STG0000786,OPP0169,Solution Evaluation,2023-05-14 03:31:23,2023-05-25 00:36:26,USR010
STG0000787,OPP0169,Proposal,2023-05-25 00:36:26,2023-06-03 16:13:08,USR010
STG0000788,OPP0169,Negotiation / Legal,2023-06-03 16:13:08,2023-06-12 23:32:48,USR010
STG0000789,OPP0169,Commit,2023-06-12 23:32:48,2023-06-15 20:05:36,USR010
STG0000790,OPP0169,Closed Won,2023-06-15 04:05:36,,USR010
STG0000791,OPP0170,Discovery,2025-10-11 22:58:29,2025-10-31 21:35:03,USR005
STG0000792,OPP0170,Qualification,2025-10-31 21:35:03,2025-11-22 14:58:29,USR010
STG0000793,OPP0170,Closed Lost,2025-11-21 22:58:29,,USR005
STG0000794,OPP0171,Discovery,2023-08-19 16:33:09,2023-10-14 08:16:04,USR010
STG0000795,OPP0171,Qualification,2023-10-14 08:16:04,2023-11-22 08:33:09,USR010
STG0000796,OPP0171,Closed Lost,2023-11-21 16:33:09,,USR010
STG0000797,OPP0172,Discovery,2026-02-09 00:00:00,2026-02-14 10:21:32,USR006
STG0000798,OPP0172,Solution Evaluation,2026-02-14 10:21:32,2026-02-24 07:06:39,USR006
STG0000799,OPP0172,Proposal,2026-02-24 07:06:39,2026-03-04 12:35:06,USR006
STG0000800,OPP0172,Negotiation / Legal,2026-03-04 12:35:06,2026-03-12 12:08:45,USR006
STG0000801,OPP0172,Commit,2026-03-12 12:08:45,2026-03-19 16:00:00,USR006
STG0000802,OPP0172,Closed Won,2026-03-19 00:00:00,,USR006
STG0000803,OPP0173,Discovery,2023-01-29 11:48:07,2023-02-20 05:43:02,USR012
STG0000804,OPP0173,Qualification,2023-02-20 05:43:02,2023-03-09 15:42:51,USR012
STG0000805,OPP0173,Proposal,2023-03-09 15:42:51,2023-03-28 08:04:59,USR012
STG0000806,OPP0173,Negotiation / Legal,2023-03-28 08:04:59,2023-04-17 08:48:07,USR012
STG0000807,OPP0173,Commit,2023-04-17 08:48:07,2023-05-05 03:48:07,USR012
STG0000808,OPP0173,Closed Won,2023-05-04 11:48:07,,USR012
STG0000809,OPP0174,Discovery,2022-11-28 10:55:22,2022-12-20 16:31:45,USR012
STG0000810,OPP0174,Qualification,2022-12-20 16:31:45,2023-01-24 13:46:36,USR012
STG0000811,OPP0174,Solution Evaluation,2023-01-24 13:46:36,2023-02-23 02:55:22,USR012
STG0000812,OPP0174,Closed Lost,2023-02-22 10:55:22,,USR012
STG0000813,OPP0175,Discovery,2026-03-09 05:43:01,2026-03-16 08:16:45,USR008
STG0000814,OPP0175,Qualification,2026-03-16 08:16:45,2026-03-24 11:29:22,USR008
STG0000815,OPP0175,Solution Evaluation,2026-03-24 11:29:22,2026-04-01 07:45:00,USR008
STG0000816,OPP0175,Proposal,2026-04-01 07:45:00,2026-04-11 03:23:20,USR008
STG0000817,OPP0175,Commit,2026-04-11 03:23:20,2026-04-17 21:43:00,USR008
STG0000818,OPP0175,Closed Won,2026-04-17 05:43:01,,USR008
STG0000819,OPP0176,Discovery,2026-07-29 09:00:00,2026-08-12 07:35:56,USR006
STG0000820,OPP0176,Qualification,2026-08-12 07:35:56,2026-08-29 11:43:39,USR009
STG0000821,OPP0176,Solution Evaluation,2026-08-29 11:43:39,,USR006
STG0000822,OPP0177,Discovery,2026-08-20 20:25:58,2026-08-31 10:00:29,USR012
STG0000823,OPP0177,Qualification,2026-08-31 10:00:29,2026-09-10 16:14:11,USR012
STG0000824,OPP0177,Solution Evaluation,2026-09-10 16:14:11,,USR012
STG0000825,OPP0178,Discovery,2026-08-29 18:00:00,,USR009
STG0000826,OPP0179,Discovery,2026-08-29 12:58:56,2026-09-11 03:27:43,USR009
STG0000827,OPP0179,Qualification,2026-09-11 03:27:43,,USR009
STG0000828,OPP0180,Discovery,2025-11-01 05:43:01,2025-11-08 05:30:25,USR008
STG0000829,OPP0180,Qualification,2025-11-08 05:30:25,2025-11-15 08:12:33,USR008
STG0000830,OPP0180,Proposal,2025-11-15 08:12:33,2025-11-28 22:03:41,USR008
STG0000831,OPP0180,Commit,2025-11-28 22:03:41,2025-12-03 21:43:01,USR008
STG0000832,OPP0180,Closed Won,2025-12-03 05:43:01,,USR008
STG0000833,OPP0181,Discovery,2024-12-23 14:14:43,2025-08-02 13:46:50,USR010
STG0000834,OPP0181,Qualification,2025-08-02 13:46:50,2026-01-31 14:32:26,USR012
STG0000835,OPP0181,Solution Evaluation,2026-01-31 14:32:26,,USR010
STG0000836,OPP0182,Discovery,2026-06-23 11:01:04,2026-07-04 09:28:23,USR010
STG0000837,OPP0182,Qualification,2026-07-04 09:28:23,2026-07-15 06:18:16,USR010
STG0000838,OPP0182,Solution Evaluation,2026-07-15 06:18:16,2026-07-25 16:37:15,USR010
STG0000839,OPP0182,Proposal,2026-07-25 16:37:15,2026-08-05 18:04:47,USR010
STG0000840,OPP0182,Negotiation / Legal,2026-08-05 18:04:47,2026-08-17 08:12:54,USR010
STG0000841,OPP0182,Commit,2026-08-17 08:12:54,2026-08-24 03:01:03,USR010
STG0000842,OPP0182,Closed Won,2026-08-23 11:01:04,,USR010
STG0000843,OPP0183,Discovery,2025-10-01 00:00:00,2025-10-08 06:17:36,USR011
STG0000844,OPP0183,Qualification,2025-10-08 06:17:36,2025-10-18 04:07:57,USR011
STG0000845,OPP0183,Solution Evaluation,2025-10-18 04:07:57,2025-10-28 18:19:34,USR010
STG0000846,OPP0183,Proposal,2025-10-28 18:19:34,2025-11-05 03:10:00,USR011
STG0000847,OPP0183,Negotiation / Legal,2025-11-05 03:10:00,2025-11-11 21:52:14,USR011
STG0000848,OPP0183,Commit,2025-11-11 21:52:14,2025-11-18 16:00:00,USR011
STG0000849,OPP0183,Closed Won,2025-11-18 00:00:00,,USR011
STG0000850,OPP0184,Discovery,2022-05-26 19:55:45,2022-06-13 06:29:03,USR012
STG0000851,OPP0184,Qualification,2022-06-13 06:29:03,2022-06-30 20:44:38,USR005
STG0000852,OPP0184,Solution Evaluation,2022-06-30 20:44:38,2022-07-17 15:10:47,USR012
STG0000853,OPP0184,Proposal,2022-07-17 15:10:47,2022-07-31 14:08:41,USR012
STG0000854,OPP0184,Negotiation / Legal,2022-07-31 14:08:41,2022-08-15 23:41:30,USR012
STG0000855,OPP0184,Commit,2022-08-15 23:41:30,2022-08-27 11:55:44,USR012
STG0000856,OPP0184,Closed Won,2022-08-26 19:55:45,,USR012
STG0000857,OPP0185,Discovery,2024-06-09 21:37:26,2024-06-17 18:54:04,USR008
STG0000858,OPP0185,Qualification,2024-06-17 18:54:04,2024-06-22 23:22:08,USR008
STG0000859,OPP0185,Solution Evaluation,2024-06-22 23:22:08,2024-07-04 07:06:54,USR008
STG0000860,OPP0185,Proposal,2024-07-04 07:06:54,2024-07-11 13:37:26,USR008
STG0000861,OPP0185,Closed Lost,2024-07-10 21:37:26,,USR008
STG0000862,OPP0186,Discovery,2025-06-20 00:00:00,2025-07-10 01:38:22,USR012
STG0000863,OPP0186,Qualification,2025-07-10 01:38:22,2025-07-23 02:44:35,USR012
STG0000864,OPP0186,Solution Evaluation,2025-07-23 02:44:35,2025-08-07 07:25:38,USR012
STG0000865,OPP0186,Proposal,2025-08-07 07:25:38,2025-08-28 07:55:44,USR012
STG0000866,OPP0186,Negotiation / Legal,2025-08-28 07:55:44,2025-09-11 07:09:39,USR012
STG0000867,OPP0186,Commit,2025-09-11 07:09:39,2025-09-23 15:59:59,USR012
STG0000868,OPP0186,Closed Won,2025-09-23 00:00:00,,USR012
STG0000869,OPP0187,Discovery,2024-06-07 00:00:00,2024-06-23 05:00:57,USR012
STG0000870,OPP0187,Solution Evaluation,2024-06-23 05:00:57,2024-07-13 14:07:54,USR012
STG0000871,OPP0187,Proposal,2024-07-13 14:07:54,2024-07-31 23:57:14,USR012
STG0000872,OPP0187,Negotiation / Legal,2024-07-31 23:57:14,2024-08-22 09:27:03,USR012
STG0000873,OPP0187,Commit,2024-08-22 09:27:03,2024-09-01 15:59:59,USR012
STG0000874,OPP0187,Closed Won,2024-09-01 00:00:00,,USR012
STG0000875,OPP0188,Discovery,2026-08-08 23:21:11,2026-08-20 00:48:05,USR011
STG0000876,OPP0188,Qualification,2026-08-20 00:48:05,2026-08-28 01:50:37,USR011
STG0000877,OPP0188,Proposal,2026-08-28 01:50:37,2026-09-09 23:56:17,USR011
STG0000878,OPP0188,Negotiation / Legal,2026-09-09 23:56:17,,USR011
STG0000879,OPP0189,Discovery,2025-03-04 03:24:44,2025-03-21 18:46:24,USR010
STG0000880,OPP0189,Qualification,2025-03-21 18:46:24,2025-03-31 01:35:32,USR011
STG0000881,OPP0189,Solution Evaluation,2025-03-31 01:35:32,2025-04-19 23:04:46,USR011
STG0000882,OPP0189,Proposal,2025-04-19 23:04:46,2025-05-10 19:48:30,USR011
STG0000883,OPP0189,Negotiation / Legal,2025-05-10 19:48:30,2025-05-25 17:59:16,USR011
STG0000884,OPP0189,Commit,2025-05-25 17:59:16,2025-06-04 19:24:44,USR011
STG0000885,OPP0189,Closed Won,2025-06-04 03:24:44,,USR011
STG0000886,OPP0190,Discovery,2025-07-12 00:00:00,2025-07-29 20:26:44,USR012
STG0000887,OPP0190,Qualification,2025-07-29 20:26:44,2025-08-19 09:54:27,USR012
STG0000888,OPP0190,Proposal,2025-08-19 09:54:27,2025-09-06 17:09:04,USR012
STG0000889,OPP0190,Negotiation / Legal,2025-09-06 17:09:04,2025-09-24 09:38:44,USR012
STG0000890,OPP0190,Commit,2025-09-24 09:38:44,2025-10-10 15:59:59,USR012
STG0000891,OPP0190,Closed Won,2025-10-10 00:00:00,,USR012
STG0000892,OPP0191,Discovery,2022-03-21 03:47:02,2022-04-04 07:42:11,USR011
STG0000893,OPP0191,Qualification,2022-04-04 07:42:11,2022-04-13 12:55:32,USR011
STG0000894,OPP0191,Proposal,2022-04-13 12:55:32,2022-04-23 13:51:59,USR011
STG0000895,OPP0191,Negotiation / Legal,2022-04-23 13:51:59,2022-05-13 00:45:51,USR011
STG0000896,OPP0191,Commit,2022-05-13 00:45:51,2022-05-21 19:47:02,USR011
STG0000897,OPP0191,Closed Won,2022-05-21 03:47:02,,USR011
STG0000898,OPP0192,Discovery,2024-10-25 15:19:50,2025-08-23 02:12:27,USR009
STG0000899,OPP0192,Qualification,2025-08-23 02:12:27,,USR009
STG0000900,OPP0193,Discovery,2026-07-29 22:00:00,2026-08-13 05:51:54,USR006
STG0000901,OPP0193,Qualification,2026-08-13 05:51:54,2026-08-28 02:53:06,USR006
STG0000902,OPP0193,Solution Evaluation,2026-08-28 02:53:06,,USR006
STG0000903,OPP0194,Discovery,2025-04-12 00:00:00,2025-04-20 00:24:40,USR006
STG0000904,OPP0194,Qualification,2025-04-20 00:24:40,2025-04-24 16:12:41,USR006
STG0000905,OPP0194,Solution Evaluation,2025-04-24 16:12:41,2025-05-04 21:10:54,USR006
STG0000906,OPP0194,Proposal,2025-05-04 21:10:54,2025-05-15 08:01:56,USR006
STG0000907,OPP0194,Negotiation / Legal,2025-05-15 08:01:56,2025-05-24 09:44:04,USR006
STG0000908,OPP0194,Commit,2025-05-24 09:44:04,2025-05-27 16:00:00,USR006
STG0000909,OPP0194,Closed Won,2025-05-27 00:00:00,,USR006
STG0000910,OPP0195,Discovery,2024-07-01 00:00:00,2024-07-18 19:58:43,USR010
STG0000911,OPP0195,Solution Evaluation,2024-07-18 19:58:43,2024-08-07 20:32:31,USR010
STG0000912,OPP0195,Proposal,2024-08-07 20:32:31,2024-08-21 03:30:26,USR010
STG0000913,OPP0195,Negotiation / Legal,2024-08-21 03:30:26,2024-09-13 14:46:48,USR010
STG0000914,OPP0195,Commit,2024-09-13 14:46:48,2024-09-26 16:00:00,USR010
STG0000915,OPP0195,Closed Won,2024-09-26 00:00:00,,USR010
STG0000916,OPP0196,Discovery,2026-04-27 19:10:54,2026-05-13 23:04:26,USR011
STG0000917,OPP0196,Qualification,2026-05-13 23:04:26,2026-05-29 21:30:12,USR011
STG0000918,OPP0196,Solution Evaluation,2026-05-29 21:30:12,2026-06-12 17:12:03,USR011
STG0000919,OPP0196,Proposal,2026-06-12 17:12:03,2026-06-26 14:55:30,USR011
STG0000920,OPP0196,Negotiation / Legal,2026-06-26 14:55:30,2026-07-08 23:09:31,USR011
STG0000921,OPP0196,Commit,2026-07-08 23:09:31,2026-07-15 11:10:54,USR011
STG0000922,OPP0196,Closed Won,2026-07-14 19:10:54,,USR011
STG0000923,OPP0197,Discovery,2026-06-03 16:17:37,2026-06-09 22:46:59,USR005
STG0000924,OPP0197,Qualification,2026-06-09 22:46:59,2026-06-13 22:36:38,USR005
STG0000925,OPP0197,Solution Evaluation,2026-06-13 22:36:38,2026-06-18 23:49:06,USR005
STG0000926,OPP0197,Proposal,2026-06-18 23:49:06,2026-06-24 00:37:55,USR005
STG0000927,OPP0197,Negotiation / Legal,2026-06-24 00:37:55,2026-07-02 14:48:03,USR005
STG0000928,OPP0197,Commit,2026-07-02 14:48:03,2026-07-06 08:17:37,USR005
STG0000929,OPP0197,Closed Won,2026-07-05 16:17:37,,USR005
STG0000930,OPP0198,Discovery,2026-06-06 11:39:12,2026-06-18 21:25:38,USR009
STG0000931,OPP0198,Qualification,2026-06-18 21:25:38,2026-07-05 15:36:05,USR009
STG0000932,OPP0198,Solution Evaluation,2026-07-05 15:36:05,2026-08-02 07:21:52,USR009
STG0000933,OPP0198,Proposal,2026-08-02 07:21:52,2026-08-28 06:03:33,USR009
STG0000934,OPP0198,Negotiation / Legal,2026-08-28 06:03:33,2026-09-13 09:47:03,USR009
STG0000935,OPP0198,Commit,2026-09-13 09:47:03,,USR009
STG0000936,OPP0199,Discovery,2025-06-07 17:05:04,2025-06-28 04:06:04,USR010
STG0000937,OPP0199,Qualification,2025-06-28 04:06:04,2025-07-14 11:03:12,USR010
STG0000938,OPP0199,Solution Evaluation,2025-07-14 11:03:12,2025-08-08 23:37:50,USR010
STG0000939,OPP0199,Proposal,2025-08-08 23:37:50,2025-08-23 04:33:04,USR010
STG0000940,OPP0199,Negotiation / Legal,2025-08-23 04:33:04,2025-09-10 10:47:11,USR010
STG0000941,OPP0199,Commit,2025-09-10 10:47:11,2025-09-22 09:05:04,USR010
STG0000942,OPP0199,Closed Won,2025-09-21 17:05:04,,USR010
STG0000943,OPP0200,Discovery,2026-06-27 07:10:55,2026-07-05 19:30:49,USR010
STG0000944,OPP0200,Qualification,2026-07-05 19:30:49,2026-07-14 22:47:11,USR007
STG0000945,OPP0200,Proposal,2026-07-14 22:47:11,2026-07-29 01:46:40,USR007
STG0000946,OPP0200,Commit,2026-07-29 01:46:40,2026-08-07 23:10:55,USR007
STG0000947,OPP0200,Closed Won,2026-08-07 07:10:55,,USR007
STG0000948,OPP0201,Discovery,2026-09-16 21:00:00,,USR006
STG0000949,OPP0202,Discovery,2025-09-12 07:52:07,2025-09-29 21:10:23,USR006
STG0000950,OPP0202,Qualification,2025-09-29 21:10:23,2025-10-24 23:52:07,USR006
STG0000951,OPP0202,Closed Lost,2025-10-24 07:52:07,,USR006
STG0000952,OPP0203,Discovery,2026-08-16 11:00:00,2026-09-05 02:40:35,USR007
STG0000953,OPP0203,Qualification,2026-09-05 02:40:35,,USR007
STG0000954,OPP0204,Discovery,2024-06-10 16:44:36,2024-06-26 02:06:01,USR012
STG0000955,OPP0204,Qualification,2024-06-26 02:06:01,2024-07-13 04:48:18,USR012
STG0000956,OPP0204,Proposal,2024-07-13 04:48:18,2024-08-15 01:45:46,USR005
STG0000957,OPP0204,Negotiation / Legal,2024-08-15 01:45:46,2024-09-17 00:10:45,USR012
STG0000958,OPP0204,Commit,2024-09-17 00:10:45,2024-09-30 08:44:35,USR012
STG0000959,OPP0204,Closed Won,2024-09-29 16:44:36,,USR012
STG0000960,OPP0205,Discovery,2026-07-07 21:00:00,2026-07-22 18:00:03,USR005
STG0000961,OPP0205,Qualification,2026-07-22 18:00:03,2026-08-09 19:36:47,USR005
STG0000962,OPP0205,Solution Evaluation,2026-08-09 19:36:47,2026-09-02 00:00:20,USR005
STG0000963,OPP0205,Proposal,2026-09-02 00:00:20,,USR005
STG0000964,OPP0206,Discovery,2024-12-06 10:09:43,2025-01-25 07:54:43,USR009
STG0000965,OPP0206,Qualification,2025-01-25 07:54:43,2025-03-30 02:09:43,USR009
STG0000966,OPP0206,Closed Lost,2025-03-29 10:09:43,,USR009
STG0000967,OPP0207,Discovery,2026-08-30 17:00:00,,USR010
STG0000968,OPP0208,Discovery,2026-04-22 11:48:53,2026-05-15 05:56:28,USR007
STG0000969,OPP0208,Qualification,2026-05-15 05:56:28,2026-06-09 09:42:03,USR009
STG0000970,OPP0208,Proposal,2026-06-09 09:42:03,2026-07-10 04:17:58,USR009
STG0000971,OPP0208,Commit,2026-07-10 04:17:58,2026-07-20 03:48:53,USR009
STG0000972,OPP0208,Closed Won,2026-07-19 11:48:53,,USR009
STG0000973,OPP0209,Discovery,2025-08-28 05:31:53,2025-09-06 04:22:02,USR010
STG0000974,OPP0209,Qualification,2025-09-06 04:22:02,2025-09-18 15:27:33,USR010
STG0000975,OPP0209,Solution Evaluation,2025-09-18 15:27:33,2025-10-07 02:12:33,USR010
STG0000976,OPP0209,Proposal,2025-10-07 02:12:33,2025-10-23 22:50:33,USR010
STG0000977,OPP0209,Negotiation / Legal,2025-10-23 22:50:33,2025-11-01 21:31:53,USR010
STG0000978,OPP0209,Closed Lost,2025-11-01 05:31:53,,USR010
STG0000979,OPP0210,Discovery,2022-11-09 18:09:08,2022-11-27 11:05:53,USR009
STG0000980,OPP0210,Qualification,2022-11-27 11:05:53,2022-12-17 01:38:38,USR009
STG0000981,OPP0210,Proposal,2022-12-17 01:38:38,2023-01-03 15:56:21,USR009
STG0000982,OPP0210,Commit,2023-01-03 15:56:21,2023-01-15 10:09:08,USR009
STG0000983,OPP0210,Closed Won,2023-01-14 18:09:08,,USR009
STG0000984,OPP0211,Discovery,2024-10-01 15:34:07,2024-10-06 12:23:49,USR008
STG0000985,OPP0211,Qualification,2024-10-06 12:23:49,2024-10-09 16:52:31,USR008
STG0000986,OPP0211,Solution Evaluation,2024-10-09 16:52:31,2024-10-14 16:15:18,USR008
STG0000987,OPP0211,Proposal,2024-10-14 16:15:18,2024-10-20 03:49:46,USR008
STG0000988,OPP0211,Negotiation / Legal,2024-10-20 03:49:46,2024-10-26 03:11:04,USR008
STG0000989,OPP0211,Commit,2024-10-26 03:11:04,2024-10-29 07:34:07,USR008
STG0000990,OPP0211,Closed Won,2024-10-28 15:34:07,,USR008
STG0000991,OPP0212,Discovery,2026-08-26 16:23:13,2026-09-12 10:19:54,USR012
STG0000992,OPP0212,Qualification,2026-09-12 10:19:54,,USR012
STG0000993,OPP0213,Discovery,2024-07-02 04:52:20,2024-07-06 16:52:23,USR008
STG0000994,OPP0213,Qualification,2024-07-06 16:52:23,2024-07-12 15:14:15,USR008
STG0000995,OPP0213,Solution Evaluation,2024-07-12 15:14:15,2024-07-18 08:36:08,USR008
STG0000996,OPP0213,Proposal,2024-07-18 08:36:08,2024-07-23 22:46:16,USR008
STG0000997,OPP0213,Negotiation / Legal,2024-07-23 22:46:16,2024-07-31 14:17:31,USR008
STG0000998,OPP0213,Commit,2024-07-31 14:17:31,2024-08-04 20:52:20,USR008
STG0000999,OPP0213,Closed Won,2024-08-04 04:52:20,,USR008
STG0001000,OPP0214,Discovery,2025-01-30 08:54:21,2025-02-08 17:10:40,USR009
STG0001001,OPP0214,Qualification,2025-02-08 17:10:40,2025-02-20 05:14:09,USR009
STG0001002,OPP0214,Solution Evaluation,2025-02-20 05:14:09,2025-03-06 03:44:07,USR009
STG0001003,OPP0214,Proposal,2025-03-06 03:44:07,2025-03-24 12:26:52,USR009
STG0001004,OPP0214,Negotiation / Legal,2025-03-24 12:26:52,2025-04-11 16:30:00,USR009
STG0001005,OPP0214,Commit,2025-04-11 16:30:00,2025-04-19 00:54:21,USR012
STG0001006,OPP0214,Closed Won,2025-04-18 08:54:21,,USR009
STG0001007,OPP0215,Discovery,2026-01-06 00:00:00,2026-01-13 11:18:13,USR006
STG0001008,OPP0215,Qualification,2026-01-13 11:18:13,2026-01-20 23:34:43,USR006
STG0001009,OPP0215,Solution Evaluation,2026-01-20 23:34:43,2026-01-30 18:57:18,USR006
STG0001010,OPP0215,Proposal,2026-01-30 18:57:18,2026-02-04 16:46:40,USR006
STG0001011,OPP0215,Commit,2026-02-04 16:46:40,2026-02-09 16:00:00,USR006
STG0001012,OPP0215,Closed Won,2026-02-09 00:00:00,,USR006
STG0001013,OPP0216,Discovery,2026-04-30 11:48:53,2026-05-15 03:49:05,USR009
STG0001014,OPP0216,Qualification,2026-05-15 03:49:05,2026-06-03 20:15:43,USR009
STG0001015,OPP0216,Proposal,2026-06-03 20:15:43,2026-06-22 19:14:39,USR009
STG0001016,OPP0216,Negotiation / Legal,2026-06-22 19:14:39,2026-07-12 10:06:32,USR009
STG0001017,OPP0216,Commit,2026-07-12 10:06:32,2026-07-26 03:48:52,USR009
STG0001018,OPP0216,Closed Won,2026-07-25 11:48:53,,USR009
STG0001019,OPP0217,Discovery,2026-08-13 09:00:00,2026-08-31 14:54:36,USR009
STG0001020,OPP0217,Qualification,2026-08-31 14:54:36,,USR009
STG0001021,OPP0218,Discovery,2024-06-19 14:55:53,2024-06-30 14:10:22,USR012
STG0001022,OPP0218,Qualification,2024-06-30 14:10:22,2024-07-08 11:52:01,USR012
STG0001023,OPP0218,Solution Evaluation,2024-07-08 11:52:01,2024-07-22 18:25:04,USR012
STG0001024,OPP0218,Proposal,2024-07-22 18:25:04,2024-08-03 08:16:20,USR012
STG0001025,OPP0218,Negotiation / Legal,2024-08-03 08:16:20,2024-08-15 11:52:37,USR012
STG0001026,OPP0218,Commit,2024-08-15 11:52:37,2024-08-21 06:55:53,USR012
STG0001027,OPP0218,Closed Won,2024-08-20 14:55:53,,USR012
STG0001028,OPP0219,Discovery,2023-06-14 19:37:05,2023-06-19 04:33:00,USR006
STG0001029,OPP0219,Qualification,2023-06-19 04:33:00,2023-06-26 08:00:09,USR006
STG0001030,OPP0219,Solution Evaluation,2023-06-26 08:00:09,2023-07-06 02:57:19,USR006
STG0001031,OPP0219,Proposal,2023-07-06 02:57:19,2023-07-16 03:43:36,USR006
STG0001032,OPP0219,Negotiation / Legal,2023-07-16 03:43:36,2023-07-26 07:02:32,USR006
STG0001033,OPP0219,Commit,2023-07-26 07:02:32,2023-07-29 11:37:05,USR006
STG0001034,OPP0219,Closed Won,2023-07-28 19:37:05,,USR006
STG0001035,OPP0220,Discovery,2026-08-07 13:00:00,2026-08-14 15:28:56,USR011
STG0001036,OPP0220,Qualification,2026-08-14 15:28:56,2026-08-23 19:19:14,USR010
STG0001037,OPP0220,Solution Evaluation,2026-08-23 19:19:14,2026-08-31 15:46:37,USR011
STG0001038,OPP0220,Proposal,2026-08-31 15:46:37,2026-09-10 20:38:01,USR010
STG0001039,OPP0220,Negotiation / Legal,2026-09-10 20:38:01,,USR010
STG0001040,OPP0221,Discovery,2026-07-23 17:00:00,2026-08-05 19:45:41,USR008
STG0001041,OPP0221,Qualification,2026-08-05 19:45:41,2026-08-18 13:52:29,USR008
STG0001042,OPP0221,Solution Evaluation,2026-08-18 13:52:29,2026-09-08 16:04:40,USR008
STG0001043,OPP0221,Proposal,2026-09-08 16:04:40,,USR008
STG0001044,OPP0222,Discovery,2025-01-11 15:19:38,2025-01-29 00:14:58,USR007
STG0001045,OPP0222,Solution Evaluation,2025-01-29 00:14:58,2025-02-10 21:48:37,USR011
STG0001046,OPP0222,Proposal,2025-02-10 21:48:37,2025-02-27 07:19:37,USR011
STG0001047,OPP0222,Closed Lost,2025-02-26 15:19:38,,USR011
STG0001048,OPP0223,Discovery,2025-03-26 14:48:47,2025-04-04 03:44:28,USR006
STG0001049,OPP0223,Qualification,2025-04-04 03:44:28,2025-04-14 16:42:33,USR006
STG0001050,OPP0223,Solution Evaluation,2025-04-14 16:42:33,2025-04-23 06:48:47,USR006
STG0001051,OPP0223,Closed Lost,2025-04-22 14:48:47,,USR006
STG0001052,OPP0224,Discovery,2025-09-06 04:45:19,2026-03-14 09:04:41,USR005
STG0001053,OPP0224,Qualification,2026-03-14 09:04:41,,USR005
STG0001054,OPP0225,Discovery,2026-07-27 15:42:58,2026-08-05 07:03:15,USR006
STG0001055,OPP0225,Solution Evaluation,2026-08-05 07:03:15,2026-08-19 14:41:29,USR006
STG0001056,OPP0225,Proposal,2026-08-19 14:41:29,2026-09-03 00:12:13,USR006
STG0001057,OPP0225,Negotiation / Legal,2026-09-03 00:12:13,2026-09-15 06:39:16,USR006
STG0001058,OPP0225,Commit,2026-09-15 06:39:16,,USR006
STG0001059,OPP0226,Discovery,2025-11-27 00:00:00,2025-12-09 10:59:07,USR010
STG0001060,OPP0226,Qualification,2025-12-09 10:59:07,2025-12-22 11:42:08,USR010
STG0001061,OPP0226,Solution Evaluation,2025-12-22 11:42:08,2026-01-06 20:03:27,USR005
STG0001062,OPP0226,Proposal,2026-01-06 20:03:27,2026-01-23 06:14:26,USR010
STG0001063,OPP0226,Negotiation / Legal,2026-01-23 06:14:26,2026-02-04 04:24:57,USR010
STG0001064,OPP0226,Commit,2026-02-04 04:24:57,2026-02-13 16:00:00,USR010
STG0001065,OPP0226,Closed Won,2026-02-13 00:00:00,,USR010
STG0001066,OPP0227,Discovery,2025-06-06 15:00:49,2025-06-15 06:28:54,USR010
STG0001067,OPP0227,Qualification,2025-06-15 06:28:54,2025-06-23 00:04:17,USR010
STG0001068,OPP0227,Solution Evaluation,2025-06-23 00:04:17,2025-07-04 00:13:40,USR010
STG0001069,OPP0227,Proposal,2025-07-04 00:13:40,2025-07-15 06:54:56,USR010
STG0001070,OPP0227,Negotiation / Legal,2025-07-15 06:54:56,2025-07-31 00:00:54,USR010
STG0001071,OPP0227,Commit,2025-07-31 00:00:54,2025-08-06 07:00:48,USR010
STG0001072,OPP0227,Closed Won,2025-08-05 15:00:49,,USR010
STG0001073,OPP0228,Discovery,2026-05-19 03:09:23,2026-06-19 08:21:48,USR012
STG0001074,OPP0228,Solution Evaluation,2026-06-19 08:21:48,2026-07-10 23:03:28,USR012
STG0001075,OPP0228,Proposal,2026-07-10 23:03:28,2026-08-14 17:05:07,USR012
STG0001076,OPP0228,Negotiation / Legal,2026-08-14 17:05:07,2026-09-10 07:58:00,USR012
STG0001077,OPP0228,Commit,2026-09-10 07:58:00,,USR012
STG0001078,OPP0229,Discovery,2026-02-27 04:11:28,2026-03-02 21:31:30,USR005
STG0001079,OPP0229,Solution Evaluation,2026-03-02 21:31:30,2026-03-08 06:33:57,USR005
STG0001080,OPP0229,Proposal,2026-03-08 06:33:57,2026-03-17 13:40:41,USR005
STG0001081,OPP0229,Negotiation / Legal,2026-03-17 13:40:41,2026-03-24 21:54:37,USR005
STG0001082,OPP0229,Commit,2026-03-24 21:54:37,2026-03-29 20:11:28,USR005
STG0001083,OPP0229,Closed Won,2026-03-29 04:11:28,,USR005
STG0001084,OPP0230,Discovery,2023-09-06 15:55:25,2023-09-25 08:13:36,USR009
STG0001085,OPP0230,Qualification,2023-09-25 08:13:36,2023-10-15 17:47:19,USR009
STG0001086,OPP0230,Solution Evaluation,2023-10-15 17:47:19,2023-11-06 10:36:59,USR009
STG0001087,OPP0230,Proposal,2023-11-06 10:36:59,2023-11-30 06:07:14,USR009
STG0001088,OPP0230,Negotiation / Legal,2023-11-30 06:07:14,2023-12-22 07:55:25,USR009
STG0001089,OPP0230,Closed Lost,2023-12-21 15:55:25,,USR009
STG0001090,OPP0231,Discovery,2025-03-07 00:00:00,2025-03-10 02:06:50,USR006
STG0001091,OPP0231,Qualification,2025-03-10 02:06:50,2025-03-15 10:12:19,USR006
STG0001092,OPP0231,Solution Evaluation,2025-03-15 10:12:19,2025-03-22 17:58:30,USR006
STG0001093,OPP0231,Proposal,2025-03-22 17:58:30,2025-03-28 06:32:42,USR006
STG0001094,OPP0231,Negotiation / Legal,2025-03-28 06:32:42,2025-04-03 06:44:55,USR006
STG0001095,OPP0231,Commit,2025-04-03 06:44:55,2025-04-06 16:00:00,USR006
STG0001096,OPP0231,Closed Won,2025-04-06 00:00:00,,USR006
STG0001097,OPP0232,Discovery,2026-07-03 00:00:00,2026-07-26 01:28:23,USR010
STG0001098,OPP0232,Qualification,2026-07-26 01:28:23,2026-08-20 13:25:59,USR010
STG0001099,OPP0232,Solution Evaluation,2026-08-20 13:25:59,2026-09-16 16:00:00,USR010
STG0001100,OPP0232,Closed Lost,2026-09-16 00:00:00,,USR010
STG0001101,OPP0233,Discovery,2023-12-23 01:25:54,2024-01-08 22:12:48,USR012
STG0001102,OPP0233,Qualification,2024-01-08 22:12:48,2024-01-28 12:32:33,USR012
STG0001103,OPP0233,Solution Evaluation,2024-01-28 12:32:33,2024-02-12 05:21:11,USR012
STG0001104,OPP0233,Proposal,2024-02-12 05:21:11,2024-03-04 01:42:36,USR012
STG0001105,OPP0233,Negotiation / Legal,2024-03-04 01:42:36,2024-03-20 17:25:54,USR012
STG0001106,OPP0233,Closed Lost,2024-03-20 01:25:54,,USR012
STG0001107,OPP0234,Discovery,2024-10-13 00:00:00,2024-10-29 21:57:59,USR011
STG0001108,OPP0234,Qualification,2024-10-29 21:57:59,2024-11-11 19:42:55,USR011
STG0001109,OPP0234,Solution Evaluation,2024-11-11 19:42:55,2024-11-30 19:00:59,USR011
STG0001110,OPP0234,Proposal,2024-11-30 19:00:59,2024-12-24 04:28:37,USR011
STG0001111,OPP0234,Negotiation / Legal,2024-12-24 04:28:37,2025-01-13 00:00:05,USR011
STG0001112,OPP0234,Commit,2025-01-13 00:00:05,2025-01-23 16:00:00,USR011
STG0001113,OPP0234,Closed Won,2025-01-23 00:00:00,,USR011
STG0001114,OPP0235,Discovery,2023-09-01 03:50:11,2023-09-15 09:41:21,USR012
STG0001115,OPP0235,Qualification,2023-09-15 09:41:21,2023-10-01 08:12:32,USR012
STG0001116,OPP0235,Solution Evaluation,2023-10-01 08:12:32,2023-10-30 18:34:54,USR012
STG0001117,OPP0235,Proposal,2023-10-30 18:34:54,2023-11-25 09:54:17,USR012
STG0001118,OPP0235,Negotiation / Legal,2023-11-25 09:54:17,2023-12-12 06:52:38,USR012
STG0001119,OPP0235,Commit,2023-12-12 06:52:38,2023-12-25 19:50:11,USR009
STG0001120,OPP0235,Closed Won,2023-12-25 03:50:11,,USR012
STG0001121,OPP0236,Discovery,2022-03-20 23:38:07,2022-03-25 09:10:24,USR006
STG0001122,OPP0236,Qualification,2022-03-25 09:10:24,2022-03-28 08:40:39,USR010
STG0001123,OPP0236,Solution Evaluation,2022-03-28 08:40:39,2022-04-05 04:37:59,USR006
STG0001124,OPP0236,Proposal,2022-04-05 04:37:59,2022-04-10 05:37:40,USR006
STG0001125,OPP0236,Negotiation / Legal,2022-04-10 05:37:40,2022-04-14 10:34:58,USR006
STG0001126,OPP0236,Commit,2022-04-14 10:34:58,2022-04-17 15:38:06,USR006
STG0001127,OPP0236,Closed Won,2022-04-16 23:38:07,,USR006
STG0001128,OPP0237,Discovery,2026-09-15 13:00:00,,USR006
STG0001129,OPP0238,Discovery,2024-03-12 00:00:00,2024-03-26 07:08:40,USR010
STG0001130,OPP0238,Qualification,2024-03-26 07:08:40,2024-04-03 19:45:27,USR010
STG0001131,OPP0238,Solution Evaluation,2024-04-03 19:45:27,2024-04-23 15:19:12,USR010
STG0001132,OPP0238,Proposal,2024-04-23 15:19:12,2024-05-11 06:56:02,USR010
STG0001133,OPP0238,Negotiation / Legal,2024-05-11 06:56:02,2024-05-21 08:38:49,USR006
STG0001134,OPP0238,Commit,2024-05-21 08:38:49,2024-05-27 16:00:00,USR010
STG0001135,OPP0238,Closed Won,2024-05-27 00:00:00,,USR010
STG0001136,OPP0239,Discovery,2026-01-27 15:53:44,2026-02-06 03:30:47,USR011
STG0001137,OPP0239,Qualification,2026-02-06 03:30:47,2026-02-19 09:14:57,USR011
STG0001138,OPP0239,Solution Evaluation,2026-02-19 09:14:57,2026-03-09 06:16:21,USR011
STG0001139,OPP0239,Proposal,2026-03-09 06:16:21,2026-03-26 07:53:44,USR007
STG0001140,OPP0239,Closed Lost,2026-03-25 15:53:44,,USR011
STG0001141,OPP0240,Discovery,2024-11-18 00:00:00,2024-11-23 00:16:53,USR006
STG0001142,OPP0240,Qualification,2024-11-23 00:16:53,2024-11-26 19:55:58,USR006
STG0001143,OPP0240,Solution Evaluation,2024-11-26 19:55:58,2024-12-02 03:17:20,USR005
STG0001144,OPP0240,Proposal,2024-12-02 03:17:20,2024-12-09 17:53:07,USR006
STG0001145,OPP0240,Negotiation / Legal,2024-12-09 17:53:07,2024-12-15 05:13:11,USR006
STG0001146,OPP0240,Commit,2024-12-15 05:13:11,2024-12-17 16:00:00,USR006
STG0001147,OPP0240,Closed Won,2024-12-17 00:00:00,,USR006
STG0001148,OPP0241,Discovery,2024-12-07 18:36:25,2024-12-15 04:49:23,USR005
STG0001149,OPP0241,Qualification,2024-12-15 04:49:23,2024-12-23 17:41:00,USR005
STG0001150,OPP0241,Solution Evaluation,2024-12-23 17:41:00,2025-01-01 19:47:32,USR005
STG0001151,OPP0241,Proposal,2025-01-01 19:47:32,2025-01-10 23:25:51,USR005
STG0001152,OPP0241,Negotiation / Legal,2025-01-10 23:25:51,2025-01-17 18:05:39,USR005
STG0001153,OPP0241,Commit,2025-01-17 18:05:39,2025-01-22 10:36:25,USR005
STG0001154,OPP0241,Closed Won,2025-01-21 18:36:25,,USR005
STG0001155,OPP0242,Discovery,2023-10-28 18:22:09,2023-10-31 19:15:06,USR006
STG0001156,OPP0242,Qualification,2023-10-31 19:15:06,2023-11-04 04:57:18,USR006
STG0001157,OPP0242,Solution Evaluation,2023-11-04 04:57:18,2023-11-09 23:39:12,USR006
STG0001158,OPP0242,Proposal,2023-11-09 23:39:12,2023-11-16 11:07:28,USR006
STG0001159,OPP0242,Negotiation / Legal,2023-11-16 11:07:28,2023-11-20 21:34:36,USR006
STG0001160,OPP0242,Commit,2023-11-20 21:34:36,2023-11-24 10:22:09,USR006
STG0001161,OPP0242,Closed Lost,2023-11-23 18:22:09,,USR006
STG0001162,OPP0243,Discovery,2026-01-01 18:09:00,2026-01-16 10:11:35,USR007
STG0001163,OPP0243,Qualification,2026-01-16 10:11:35,2026-01-28 07:02:29,USR007
STG0001164,OPP0243,Solution Evaluation,2026-01-28 07:02:29,2026-02-14 10:09:00,USR007
STG0001165,OPP0243,Closed Lost,2026-02-13 18:09:00,,USR007
STG0001166,OPP0244,Discovery,2024-10-26 08:08:41,2024-10-30 04:43:25,USR006
STG0001167,OPP0244,Qualification,2024-10-30 04:43:25,2024-11-04 23:36:13,USR006
STG0001168,OPP0244,Solution Evaluation,2024-11-04 23:36:13,2024-11-10 03:36:29,USR006
STG0001169,OPP0244,Proposal,2024-11-10 03:36:29,2024-11-17 05:37:57,USR006
STG0001170,OPP0244,Negotiation / Legal,2024-11-17 05:37:57,2024-11-22 16:41:01,USR006
STG0001171,OPP0244,Commit,2024-11-22 16:41:01,2024-11-26 00:08:41,USR006
STG0001172,OPP0244,Closed Won,2024-11-25 08:08:41,,USR006
STG0001173,OPP0245,Discovery,2025-01-03 22:32:53,2025-01-08 06:55:23,USR006
STG0001174,OPP0245,Qualification,2025-01-08 06:55:23,2025-01-15 08:04:01,USR006
STG0001175,OPP0245,Solution Evaluation,2025-01-15 08:04:01,2025-01-25 15:37:12,USR006
STG0001176,OPP0245,Proposal,2025-01-25 15:37:12,2025-02-03 22:02:35,USR006
STG0001177,OPP0245,Commit,2025-02-03 22:02:35,2025-02-09 14:32:53,USR006
STG0001178,OPP0245,Closed Won,2025-02-08 22:32:53,,USR006
STG0001179,OPP0246,Discovery,2025-08-03 00:00:00,2025-08-21 17:15:14,USR009
STG0001180,OPP0246,Qualification,2025-08-21 17:15:14,2025-09-09 16:11:20,USR009
STG0001181,OPP0246,Solution Evaluation,2025-09-09 16:11:20,2025-10-10 00:06:56,USR009
STG0001182,OPP0246,Proposal,2025-10-10 00:06:56,2025-11-01 07:30:29,USR009
STG0001183,OPP0246,Commit,2025-11-01 07:30:29,2025-11-21 15:59:59,USR009
STG0001184,OPP0246,Closed Won,2025-11-21 00:00:00,,USR009
STG0001185,OPP0247,Discovery,2025-08-03 10:31:34,2025-08-07 22:00:29,USR005
STG0001186,OPP0247,Qualification,2025-08-07 22:00:29,2025-08-12 21:19:46,USR005
STG0001187,OPP0247,Solution Evaluation,2025-08-12 21:19:46,2025-08-21 11:05:04,USR005
STG0001188,OPP0247,Proposal,2025-08-21 11:05:04,2025-08-27 08:40:04,USR005
STG0001189,OPP0247,Negotiation / Legal,2025-08-27 08:40:04,2025-09-03 08:44:37,USR005
STG0001190,OPP0247,Commit,2025-09-03 08:44:37,2025-09-06 02:31:34,USR005
STG0001191,OPP0247,Closed Lost,2025-09-05 10:31:34,,USR005
STG0001192,OPP0248,Discovery,2026-01-25 01:44:12,2026-01-30 01:01:38,USR008
STG0001193,OPP0248,Qualification,2026-01-30 01:01:38,2026-02-05 05:43:52,USR008
STG0001194,OPP0248,Solution Evaluation,2026-02-05 05:43:52,2026-02-17 02:15:06,USR008
STG0001195,OPP0248,Proposal,2026-02-17 02:15:06,2026-02-24 02:56:52,USR005
STG0001196,OPP0248,Negotiation / Legal,2026-02-24 02:56:52,2026-03-05 23:13:18,USR008
STG0001197,OPP0248,Commit,2026-03-05 23:13:18,2026-03-09 17:44:12,USR008
STG0001198,OPP0248,Closed Won,2026-03-09 01:44:12,,USR008
STG0001199,OPP0249,Discovery,2026-07-08 14:45:05,2026-08-01 06:15:43,USR008
STG0001200,OPP0249,Qualification,2026-08-01 06:15:43,2026-08-17 08:45:23,USR008
STG0001201,OPP0249,Solution Evaluation,2026-08-17 08:45:23,,USR008
STG0001202,OPP0250,Discovery,2026-07-25 13:00:00,2026-08-13 06:06:06,USR012
STG0001203,OPP0250,Qualification,2026-08-13 06:06:06,2026-09-03 03:52:07,USR012
STG0001204,OPP0250,Solution Evaluation,2026-09-03 03:52:07,,USR012
STG0001205,OPP0251,Discovery,2024-01-13 12:36:35,2024-01-29 08:27:40,USR009
STG0001206,OPP0251,Qualification,2024-01-29 08:27:40,2024-02-18 15:49:56,USR009
STG0001207,OPP0251,Proposal,2024-02-18 15:49:56,2024-03-15 01:42:53,USR009
STG0001208,OPP0251,Negotiation / Legal,2024-03-15 01:42:53,2024-04-04 04:36:35,USR009
STG0001209,OPP0251,Closed Lost,2024-04-03 12:36:35,,USR009
STG0001210,OPP0252,Discovery,2023-01-06 00:11:14,2023-01-13 05:17:49,USR006
STG0001211,OPP0252,Qualification,2023-01-13 05:17:49,2023-01-17 08:22:37,USR006
STG0001212,OPP0252,Solution Evaluation,2023-01-17 08:22:37,2023-01-25 01:45:20,USR006
STG0001213,OPP0252,Proposal,2023-01-25 01:45:20,2023-02-01 04:14:57,USR006
STG0001214,OPP0252,Negotiation / Legal,2023-02-01 04:14:57,2023-02-09 15:03:29,USR006
STG0001215,OPP0252,Commit,2023-02-09 15:03:29,2023-02-13 16:11:14,USR006
STG0001216,OPP0252,Closed Won,2023-02-13 00:11:14,,USR006
STG0001217,OPP0253,Discovery,2024-09-26 00:00:00,2024-10-01 20:55:43,USR006
STG0001218,OPP0253,Qualification,2024-10-01 20:55:43,2024-10-06 23:38:22,USR006
STG0001219,OPP0253,Solution Evaluation,2024-10-06 23:38:22,2024-10-14 18:57:09,USR011
STG0001220,OPP0253,Proposal,2024-10-14 18:57:09,2024-10-23 08:51:10,USR006
STG0001221,OPP0253,Negotiation / Legal,2024-10-23 08:51:10,2024-11-01 09:16:56,USR009
STG0001222,OPP0253,Commit,2024-11-01 09:16:56,2024-11-04 16:00:00,USR006
STG0001223,OPP0253,Closed Won,2024-11-04 00:00:00,,USR006
STG0001224,OPP0254,Discovery,2024-08-03 08:00:55,2024-08-17 13:25:06,USR011
STG0001225,OPP0254,Qualification,2024-08-17 13:25:06,2024-08-28 02:34:45,USR011
STG0001226,OPP0254,Solution Evaluation,2024-08-28 02:34:45,2024-09-18 17:58:44,USR011
STG0001227,OPP0254,Proposal,2024-09-18 17:58:44,2024-10-08 10:19:20,USR011
STG0001228,OPP0254,Negotiation / Legal,2024-10-08 10:19:20,2024-10-22 19:59:01,USR011
STG0001229,OPP0254,Commit,2024-10-22 19:59:01,2024-10-30 00:00:55,USR011
STG0001230,OPP0254,Closed Won,2024-10-29 08:00:55,,USR011
STG0001231,OPP0255,Discovery,2026-08-25 06:00:00,2026-09-10 18:23:51,USR012
STG0001232,OPP0255,Qualification,2026-09-10 18:23:51,,USR012
STG0001233,OPP0256,Discovery,2026-07-16 13:00:00,2026-08-02 10:28:57,USR011
STG0001234,OPP0256,Qualification,2026-08-02 10:28:57,2026-08-13 18:35:31,USR011
STG0001235,OPP0256,Solution Evaluation,2026-08-13 18:35:31,2026-09-06 01:10:14,USR011
STG0001236,OPP0256,Proposal,2026-09-06 01:10:14,,USR011
STG0001237,OPP0257,Discovery,2026-07-19 21:21:01,2026-07-29 21:26:37,USR012
STG0001238,OPP0257,Qualification,2026-07-29 21:26:37,2026-08-11 15:27:44,USR012
STG0001239,OPP0257,Solution Evaluation,2026-08-11 15:27:44,2026-08-20 02:45:47,USR012
STG0001240,OPP0257,Proposal,2026-08-20 02:45:47,2026-09-03 12:28:05,USR012
STG0001241,OPP0257,Negotiation / Legal,2026-09-03 12:28:05,2026-09-16 11:36:58,USR012
STG0001242,OPP0257,Commit,2026-09-16 11:36:58,,USR012
STG0001243,OPP0258,Discovery,2026-08-29 12:00:00,,USR009
STG0001244,OPP0259,Discovery,2023-10-30 06:31:06,2023-11-13 16:04:28,USR006
STG0001245,OPP0259,Qualification,2023-11-13 16:04:28,2023-11-24 22:31:06,USR006
STG0001246,OPP0259,Closed Lost,2023-11-24 06:31:06,,USR006
STG0001247,OPP0260,Discovery,2026-05-12 04:53:39,2026-05-30 16:40:12,USR012
STG0001248,OPP0260,Qualification,2026-05-30 16:40:12,2026-06-17 10:54:04,USR012
STG0001249,OPP0260,Solution Evaluation,2026-06-17 10:54:04,2026-07-18 23:25:23,USR012
STG0001250,OPP0260,Proposal,2026-07-18 23:25:23,2026-08-22 02:58:16,USR012
STG0001251,OPP0260,Negotiation / Legal,2026-08-22 02:58:16,,USR012
STG0001252,OPP0261,Discovery,2024-10-11 06:53:18,2024-10-24 20:50:03,USR005
STG0001253,OPP0261,Qualification,2024-10-24 20:50:03,2024-11-06 22:04:35,USR005
STG0001254,OPP0261,Solution Evaluation,2024-11-06 22:04:35,2024-11-20 22:53:17,USR005
STG0001255,OPP0261,Closed Lost,2024-11-20 06:53:18,,USR005
STG0001256,OPP0262,Discovery,2026-04-22 00:00:00,2026-05-03 12:17:38,USR010
STG0001257,OPP0262,Qualification,2026-05-03 12:17:38,2026-05-13 12:50:38,USR010
STG0001258,OPP0262,Solution Evaluation,2026-05-13 12:50:38,2026-06-01 02:23:01,USR010
STG0001259,OPP0262,Proposal,2026-06-01 02:23:01,2026-06-18 11:57:14,USR010
STG0001260,OPP0262,Negotiation / Legal,2026-06-18 11:57:14,2026-07-05 18:38:12,USR010
STG0001261,OPP0262,Commit,2026-07-05 18:38:12,2026-07-12 16:00:00,USR008
STG0001262,OPP0262,Closed Won,2026-07-12 00:00:00,,USR010
STG0001263,OPP0263,Discovery,2024-12-05 00:02:03,2025-01-09 01:50:59,USR009
STG0001264,OPP0263,Solution Evaluation,2025-01-09 01:50:59,2025-02-17 13:42:35,USR009
STG0001265,OPP0263,Proposal,2025-02-17 13:42:35,2025-04-02 16:02:03,USR009
STG0001266,OPP0263,Closed Lost,2025-04-02 00:02:03,,USR009
STG0001267,OPP0264,Discovery,2026-08-04 14:14:15,2026-08-13 06:56:40,USR005
STG0001268,OPP0264,Qualification,2026-08-13 06:56:40,2026-08-27 06:14:15,USR005
STG0001269,OPP0264,Closed Lost,2026-08-26 14:14:15,,USR005
STG0001270,OPP0265,Discovery,2023-12-21 23:55:34,2023-12-26 23:47:06,USR006
STG0001271,OPP0265,Qualification,2023-12-26 23:47:06,2023-12-31 19:04:39,USR006
STG0001272,OPP0265,Solution Evaluation,2023-12-31 19:04:39,2024-01-06 22:09:22,USR006
STG0001273,OPP0265,Proposal,2024-01-06 22:09:22,2024-01-13 04:13:14,USR006
STG0001274,OPP0265,Negotiation / Legal,2024-01-13 04:13:14,2024-01-18 15:55:34,USR006
STG0001275,OPP0265,Closed Lost,2024-01-17 23:55:34,,USR006
STG0001276,OPP0266,Discovery,2026-08-11 23:00:00,2026-08-21 11:05:49,USR006
STG0001277,OPP0266,Qualification,2026-08-21 11:05:49,2026-08-29 08:10:21,USR006
STG0001278,OPP0266,Solution Evaluation,2026-08-29 08:10:21,2026-09-12 17:38:29,USR006
STG0001279,OPP0266,Proposal,2026-09-12 17:38:29,,USR005
STG0001280,OPP0267,Discovery,2026-03-07 15:17:25,2026-03-19 01:01:38,USR009
STG0001281,OPP0267,Qualification,2026-03-19 01:01:38,2026-04-04 03:54:41,USR009
STG0001282,OPP0267,Solution Evaluation,2026-04-04 03:54:41,2026-04-26 12:27:17,USR009
STG0001283,OPP0267,Proposal,2026-04-26 12:27:17,2026-05-13 18:30:49,USR009
STG0001284,OPP0267,Negotiation / Legal,2026-05-13 18:30:49,2026-05-30 23:56:34,USR009
STG0001285,OPP0267,Commit,2026-05-30 23:56:34,2026-06-08 07:17:25,USR009
STG0001286,OPP0267,Closed Won,2026-06-07 15:17:25,,USR009
STG0001287,OPP0268,Discovery,2026-01-16 13:13:45,2026-01-28 13:20:56,USR005
STG0001288,OPP0268,Qualification,2026-01-28 13:20:56,2026-02-08 10:21:07,USR005
STG0001289,OPP0268,Solution Evaluation,2026-02-08 10:21:07,2026-03-08 20:44:21,USR005
STG0001290,OPP0268,Proposal,2026-03-08 20:44:21,2026-04-04 00:15:53,USR005
STG0001291,OPP0268,Negotiation / Legal,2026-04-04 00:15:53,2026-04-25 05:13:45,USR005
STG0001292,OPP0268,Closed Lost,2026-04-24 13:13:45,,USR005
STG0001293,OPP0269,Discovery,2026-05-12 07:49:19,2026-05-16 20:16:48,USR007
STG0001294,OPP0269,Qualification,2026-05-16 20:16:48,2026-05-21 12:36:30,USR007
STG0001295,OPP0269,Solution Evaluation,2026-05-21 12:36:30,2026-05-29 04:41:10,USR007
STG0001296,OPP0269,Proposal,2026-05-29 04:41:10,2026-06-05 05:04:40,USR007
STG0001297,OPP0269,Negotiation / Legal,2026-06-05 05:04:40,2026-06-08 15:22:19,USR007
STG0001298,OPP0269,Commit,2026-06-08 15:22:19,2026-06-10 23:49:19,USR007
STG0001299,OPP0269,Closed Won,2026-06-10 07:49:19,,USR007
STG0001300,OPP0270,Discovery,2024-06-26 11:28:56,2024-12-25 18:45:41,USR010
STG0001301,OPP0270,Qualification,2024-12-25 18:45:41,2025-06-07 16:04:29,USR010
STG0001302,OPP0270,Solution Evaluation,2025-06-07 16:04:29,2025-12-15 17:42:58,USR010
STG0001303,OPP0270,Proposal,2025-12-15 17:42:58,2026-06-05 12:05:25,USR010
STG0001304,OPP0270,Commit,2026-06-05 12:05:25,,USR010
STG0001305,OPP0271,Discovery,2026-09-08 11:00:00,,USR006
STG0001306,OPP0272,Discovery,2026-08-10 22:00:00,2026-08-29 23:04:42,USR011
STG0001307,OPP0272,Qualification,2026-08-29 23:04:42,2026-09-09 22:22:22,USR011
STG0001308,OPP0272,Solution Evaluation,2026-09-09 22:22:22,,USR011
STG0001309,OPP0273,Discovery,2026-08-30 17:00:00,2026-09-10 13:27:59,USR010
STG0001310,OPP0273,Qualification,2026-09-10 13:27:59,,USR010
STG0001311,OPP0274,Discovery,2026-06-30 00:00:00,2026-07-08 20:20:02,USR011
STG0001312,OPP0274,Qualification,2026-07-08 20:20:02,2026-07-19 01:21:00,USR011
STG0001313,OPP0274,Solution Evaluation,2026-07-19 01:21:00,2026-08-05 04:42:49,USR011
STG0001314,OPP0274,Proposal,2026-08-05 04:42:49,2026-08-19 22:37:02,USR011
STG0001315,OPP0274,Negotiation / Legal,2026-08-19 22:37:02,2026-09-02 21:50:37,USR011
STG0001316,OPP0274,Commit,2026-09-02 21:50:37,2026-09-10 16:00:00,USR011
STG0001317,OPP0274,Closed Lost,2026-09-10 00:00:00,,USR011
STG0001318,OPP0275,Discovery,2023-04-16 12:18:03,2023-05-01 09:47:33,USR012
STG0001319,OPP0275,Qualification,2023-05-01 09:47:33,2023-05-16 01:58:37,USR012
STG0001320,OPP0275,Solution Evaluation,2023-05-16 01:58:37,2023-06-10 08:32:41,USR012
STG0001321,OPP0275,Proposal,2023-06-10 08:32:41,2023-07-03 04:18:03,USR009
STG0001322,OPP0275,Closed Lost,2023-07-02 12:18:03,,USR012
STG0001323,OPP0276,Discovery,2024-02-08 21:44:13,2024-04-09 12:30:50,USR009
STG0001324,OPP0276,Qualification,2024-04-09 12:30:50,2024-05-28 13:44:13,USR009
STG0001325,OPP0276,Closed Lost,2024-05-27 21:44:13,,USR009
STG0001326,OPP0277,Discovery,2024-12-31 01:03:22,2025-01-11 05:24:51,USR006
STG0001327,OPP0277,Qualification,2025-01-11 05:24:51,2025-01-20 11:36:46,USR012
STG0001328,OPP0277,Proposal,2025-01-20 11:36:46,2025-02-01 17:03:22,USR006
STG0001329,OPP0277,Closed Lost,2025-02-01 01:03:22,,USR006
STG0001330,OPP0278,Discovery,2025-07-27 00:00:00,2025-07-31 19:43:11,USR011
STG0001331,OPP0278,Qualification,2025-07-31 19:43:11,2025-08-09 05:31:28,USR011
STG0001332,OPP0278,Solution Evaluation,2025-08-09 05:31:28,2025-08-19 15:22:20,USR011
STG0001333,OPP0278,Proposal,2025-08-19 15:22:20,2025-08-29 02:27:25,USR011
STG0001334,OPP0278,Negotiation / Legal,2025-08-29 02:27:25,2025-09-06 08:44:47,USR011
STG0001335,OPP0278,Commit,2025-09-06 08:44:47,2025-09-11 15:59:59,USR011
STG0001336,OPP0278,Closed Won,2025-09-11 00:00:00,,USR011
STG0001337,OPP0279,Discovery,2026-08-25 13:00:00,2026-09-02 01:22:05,USR005
STG0001338,OPP0279,Qualification,2026-09-02 01:22:05,2026-09-13 17:55:07,USR005
STG0001339,OPP0279,Solution Evaluation,2026-09-13 17:55:07,,USR005
STG0001340,OPP0280,Discovery,2024-01-23 12:55:23,2024-02-07 12:42:42,USR005
STG0001341,OPP0280,Qualification,2024-02-07 12:42:42,2024-02-22 04:55:23,USR005
STG0001342,OPP0280,Closed Lost,2024-02-21 12:55:23,,USR005
STG0001343,OPP0281,Discovery,2025-04-24 10:08:51,2025-04-27 14:26:10,USR008
STG0001344,OPP0281,Qualification,2025-04-27 14:26:10,2025-04-30 02:03:23,USR008
STG0001345,OPP0281,Solution Evaluation,2025-04-30 02:03:23,2025-05-03 20:03:14,USR008
STG0001346,OPP0281,Proposal,2025-05-03 20:03:14,2025-05-09 14:27:17,USR008
STG0001347,OPP0281,Negotiation / Legal,2025-05-09 14:27:17,2025-05-13 08:40:03,USR008
STG0001348,OPP0281,Commit,2025-05-13 08:40:03,2025-05-15 02:08:51,USR008
STG0001349,OPP0281,Closed Won,2025-05-14 10:08:51,,USR008
STG0001350,OPP0282,Discovery,2025-01-22 00:00:00,2025-02-02 09:24:42,USR006
STG0001351,OPP0282,Qualification,2025-02-02 09:24:42,2025-02-11 12:06:58,USR006
STG0001352,OPP0282,Proposal,2025-02-11 12:06:58,2025-02-21 16:04:20,USR006
STG0001353,OPP0282,Commit,2025-02-21 16:04:20,2025-02-26 16:00:00,USR006
STG0001354,OPP0282,Closed Won,2025-02-26 00:00:00,,USR006
STG0001355,OPP0283,Discovery,2026-08-15 11:26:58,2026-08-21 22:34:26,USR011
STG0001356,OPP0283,Qualification,2026-08-21 22:34:26,2026-08-28 02:30:11,USR011
STG0001357,OPP0283,Solution Evaluation,2026-08-28 02:30:11,2026-09-05 21:50:45,USR011
STG0001358,OPP0283,Proposal,2026-09-05 21:50:45,2026-09-16 08:04:46,USR011
STG0001359,OPP0283,Negotiation / Legal,2026-09-16 08:04:46,,USR006
STG0001360,OPP0284,Discovery,2026-07-07 05:44:59,2026-07-14 23:07:35,USR006
STG0001361,OPP0284,Qualification,2026-07-14 23:07:35,2026-07-21 13:47:37,USR006
STG0001362,OPP0284,Proposal,2026-07-21 13:47:37,2026-07-31 14:06:05,USR006
STG0001363,OPP0284,Negotiation / Legal,2026-07-31 14:06:05,2026-08-10 09:13:59,USR006
STG0001364,OPP0284,Commit,2026-08-10 09:13:59,2026-08-14 21:44:59,USR006
STG0001365,OPP0284,Closed Won,2026-08-14 05:44:59,,USR006
STG0001366,OPP0285,Discovery,2023-09-27 06:12:45,2023-10-07 15:49:54,USR008
STG0001367,OPP0285,Qualification,2023-10-07 15:49:54,2023-10-19 16:34:18,USR008
STG0001368,OPP0285,Solution Evaluation,2023-10-19 16:34:18,2023-10-27 22:12:45,USR008
STG0001369,OPP0285,Closed Lost,2023-10-27 06:12:45,,USR008
STG0001370,OPP0286,Discovery,2025-08-30 07:45:41,2025-09-05 16:49:36,USR005
STG0001371,OPP0286,Solution Evaluation,2025-09-05 16:49:36,2025-09-13 13:20:42,USR005
STG0001372,OPP0286,Proposal,2025-09-13 13:20:42,2025-09-21 09:26:51,USR005
STG0001373,OPP0286,Negotiation / Legal,2025-09-21 09:26:51,2025-09-28 14:23:36,USR005
STG0001374,OPP0286,Commit,2025-09-28 14:23:36,2025-10-02 23:45:41,USR005
STG0001375,OPP0286,Closed Won,2025-10-02 07:45:41,,USR005
STG0001376,OPP0287,Discovery,2024-11-12 00:00:00,2024-11-18 08:57:00,USR009
STG0001377,OPP0287,Qualification,2024-11-18 08:57:00,2024-11-29 20:09:30,USR009
STG0001378,OPP0287,Solution Evaluation,2024-11-29 20:09:30,2024-12-10 18:02:00,USR009
STG0001379,OPP0287,Proposal,2024-12-10 18:02:00,2024-12-21 05:24:32,USR009
STG0001380,OPP0287,Commit,2024-12-21 05:24:32,2024-12-28 16:00:00,USR009
STG0001381,OPP0287,Closed Won,2024-12-28 00:00:00,,USR009
STG0001382,OPP0288,Discovery,2025-06-20 13:08:13,2025-06-26 06:32:14,USR006
STG0001383,OPP0288,Qualification,2025-06-26 06:32:14,2025-07-01 14:01:13,USR006
STG0001384,OPP0288,Solution Evaluation,2025-07-01 14:01:13,2025-07-09 09:40:17,USR006
STG0001385,OPP0288,Proposal,2025-07-09 09:40:17,2025-07-18 02:01:56,USR006
STG0001386,OPP0288,Negotiation / Legal,2025-07-18 02:01:56,2025-07-26 05:08:13,USR006
STG0001387,OPP0288,Closed Lost,2025-07-25 13:08:13,,USR006
STG0001388,OPP0289,Discovery,2025-02-21 00:00:00,2025-03-01 22:19:53,USR010
STG0001389,OPP0289,Qualification,2025-03-01 22:19:53,2025-03-17 13:41:28,USR010
STG0001390,OPP0289,Solution Evaluation,2025-03-17 13:41:28,2025-03-30 06:05:04,USR010
STG0001391,OPP0289,Proposal,2025-03-30 06:05:04,2025-04-11 03:31:23,USR005
STG0001392,OPP0289,Negotiation / Legal,2025-04-11 03:31:23,2025-04-30 22:15:55,USR010
STG0001393,OPP0289,Commit,2025-04-30 22:15:55,2025-05-08 15:59:59,USR010
STG0001394,OPP0289,Closed Won,2025-05-08 00:00:00,,USR010
STG0001395,OPP0290,Discovery,2026-09-17 11:00:00,,USR010
STG0001396,OPP0291,Discovery,2024-10-04 08:47:43,2024-10-10 23:37:14,USR007
STG0001397,OPP0291,Qualification,2024-10-10 23:37:14,2024-10-16 03:37:50,USR007
STG0001398,OPP0291,Proposal,2024-10-16 03:37:50,2024-10-27 08:41:28,USR007
STG0001399,OPP0291,Commit,2024-10-27 08:41:28,2024-11-01 00:47:43,USR007
STG0001400,OPP0291,Closed Won,2024-10-31 08:47:43,,USR007
STG0001401,OPP0292,Discovery,2025-11-11 17:46:07,2025-11-17 14:33:10,USR011
STG0001402,OPP0292,Qualification,2025-11-17 14:33:10,2025-11-24 02:00:19,USR011
STG0001403,OPP0292,Solution Evaluation,2025-11-24 02:00:19,2025-12-08 03:39:45,USR011
STG0001404,OPP0292,Proposal,2025-12-08 03:39:45,2025-12-20 03:53:09,USR011
STG0001405,OPP0292,Negotiation / Legal,2025-12-20 03:53:09,2025-12-28 10:29:09,USR011
STG0001406,OPP0292,Commit,2025-12-28 10:29:09,2026-01-03 09:46:07,USR011
STG0001407,OPP0292,Closed Won,2026-01-02 17:46:07,,USR011
STG0001408,OPP0293,Discovery,2025-05-30 21:51:10,2025-06-25 05:58:44,USR009
STG0001409,OPP0293,Qualification,2025-06-25 05:58:44,2025-07-12 23:44:48,USR009
STG0001410,OPP0293,Solution Evaluation,2025-07-12 23:44:48,2025-08-10 22:16:46,USR009
STG0001411,OPP0293,Proposal,2025-08-10 22:16:46,2025-08-28 13:51:10,USR009
STG0001412,OPP0293,Closed Lost,2025-08-27 21:51:10,,USR009
STG0001413,OPP0294,Discovery,2024-11-09 12:25:40,2024-12-01 02:49:24,USR009
STG0001414,OPP0294,Qualification,2024-12-01 02:49:24,2024-12-25 09:15:26,USR009
STG0001415,OPP0294,Solution Evaluation,2024-12-25 09:15:26,2025-01-13 20:49:47,USR009
STG0001416,OPP0294,Proposal,2025-01-13 20:49:47,2025-02-01 04:25:39,USR006
STG0001417,OPP0294,Closed Lost,2025-01-31 12:25:40,,USR009
STG0001418,OPP0295,Discovery,2023-08-27 13:00:04,2023-09-05 07:31:45,USR006
STG0001419,OPP0295,Qualification,2023-09-05 07:31:45,2023-09-13 14:32:45,USR006
STG0001420,OPP0295,Solution Evaluation,2023-09-13 14:32:45,2023-09-23 18:46:48,USR006
STG0001421,OPP0295,Proposal,2023-09-23 18:46:48,2023-10-03 23:37:56,USR006
STG0001422,OPP0295,Commit,2023-10-03 23:37:56,2023-10-10 05:00:04,USR006
STG0001423,OPP0295,Closed Won,2023-10-09 13:00:04,,USR006
STG0001424,OPP0296,Discovery,2023-06-25 11:36:28,2023-06-30 19:30:35,USR006
STG0001425,OPP0296,Qualification,2023-06-30 19:30:35,2023-07-04 04:47:14,USR006
STG0001426,OPP0296,Solution Evaluation,2023-07-04 04:47:14,2023-07-12 04:22:54,USR006
STG0001427,OPP0296,Proposal,2023-07-12 04:22:54,2023-07-17 07:45:01,USR006
STG0001428,OPP0296,Negotiation / Legal,2023-07-17 07:45:01,2023-07-24 03:36:28,USR006
STG0001429,OPP0296,Closed Lost,2023-07-23 11:36:28,,USR006
STG0001430,OPP0297,Discovery,2025-03-21 06:20:06,2025-04-02 20:34:35,USR009
STG0001431,OPP0297,Qualification,2025-04-02 20:34:35,2025-04-17 15:14:07,USR009
STG0001432,OPP0297,Solution Evaluation,2025-04-17 15:14:07,2025-05-09 23:08:47,USR009
STG0001433,OPP0297,Proposal,2025-05-09 23:08:47,2025-05-23 18:28:06,USR009
STG0001434,OPP0297,Negotiation / Legal,2025-05-23 18:28:06,2025-06-06 22:20:05,USR009
STG0001435,OPP0297,Closed Lost,2025-06-06 06:20:06,,USR009
STG0001436,OPP0298,Discovery,2026-06-09 10:12:22,2026-06-22 15:39:09,USR010
STG0001437,OPP0298,Qualification,2026-06-22 15:39:09,2026-07-04 18:47:53,USR010
STG0001438,OPP0298,Proposal,2026-07-04 18:47:53,2026-07-22 23:50:15,USR010
STG0001439,OPP0298,Negotiation / Legal,2026-07-22 23:50:15,2026-08-10 03:47:33,USR010
STG0001440,OPP0298,Commit,2026-08-10 03:47:33,2026-08-23 02:12:22,USR010
STG0001441,OPP0298,Closed Won,2026-08-22 10:12:22,,USR010
STG0001442,OPP0299,Discovery,2026-07-23 20:00:00,2026-08-09 17:28:03,USR006
STG0001443,OPP0299,Qualification,2026-08-09 17:28:03,2026-08-29 18:00:16,USR006
STG0001444,OPP0299,Solution Evaluation,2026-08-29 18:00:16,,USR006
STG0001445,OPP0300,Discovery,2024-07-22 21:47:14,2024-08-17 20:02:29,USR010
STG0001446,OPP0300,Qualification,2024-08-17 20:02:29,2024-09-04 21:38:41,USR010
STG0001447,OPP0300,Proposal,2024-09-04 21:38:41,2024-09-27 18:36:21,USR010
STG0001448,OPP0300,Negotiation / Legal,2024-09-27 18:36:21,2024-10-28 16:28:52,USR010
STG0001449,OPP0300,Commit,2024-10-28 16:28:52,2024-11-10 13:47:14,USR010
STG0001450,OPP0300,Closed Lost,2024-11-09 21:47:14,,USR010
STG0001451,OPP0301,Discovery,2024-05-13 00:00:00,2024-05-30 11:38:50,USR011
STG0001452,OPP0301,Qualification,2024-05-30 11:38:50,2024-06-10 01:19:28,USR011
STG0001453,OPP0301,Solution Evaluation,2024-06-10 01:19:28,2024-06-29 23:24:40,USR011
STG0001454,OPP0301,Proposal,2024-06-29 23:24:40,2024-07-14 01:40:40,USR006
STG0001455,OPP0301,Negotiation / Legal,2024-07-14 01:40:40,2024-07-30 16:33:33,USR011
STG0001456,OPP0301,Commit,2024-07-30 16:33:33,2024-08-08 16:00:00,USR011
STG0001457,OPP0301,Closed Won,2024-08-08 00:00:00,,USR011
STG0001458,OPP0302,Discovery,2026-08-12 17:00:00,2026-08-29 10:12:41,USR011
STG0001459,OPP0302,Qualification,2026-08-29 10:12:41,,USR011
STG0001460,OPP0303,Discovery,2025-08-23 13:00:52,2025-09-03 10:20:31,USR011
STG0001461,OPP0303,Qualification,2025-09-03 10:20:31,2025-09-16 20:48:15,USR011
STG0001462,OPP0303,Solution Evaluation,2025-09-16 20:48:15,2025-10-10 20:37:14,USR011
STG0001463,OPP0303,Proposal,2025-10-10 20:37:14,2025-11-01 12:54:20,USR011
STG0001464,OPP0303,Negotiation / Legal,2025-11-01 12:54:20,2025-11-26 00:34:23,USR011
STG0001465,OPP0303,Commit,2025-11-26 00:34:23,2025-12-05 05:00:51,USR011
STG0001466,OPP0303,Closed Won,2025-12-04 13:00:52,,USR011
STG0001467,OPP0304,Discovery,2024-11-27 00:00:00,2024-12-12 03:47:58,USR009
STG0001468,OPP0304,Qualification,2024-12-12 03:47:58,2024-12-24 03:39:48,USR007
STG0001469,OPP0304,Solution Evaluation,2024-12-24 03:39:48,2025-01-06 12:00:38,USR009
STG0001470,OPP0304,Proposal,2025-01-06 12:00:38,2025-01-22 10:15:46,USR009
STG0001471,OPP0304,Negotiation / Legal,2025-01-22 10:15:46,2025-02-08 06:51:58,USR008
STG0001472,OPP0304,Commit,2025-02-08 06:51:58,2025-02-16 15:59:59,USR009
STG0001473,OPP0304,Closed Won,2025-02-16 00:00:00,,USR009
STG0001474,OPP0305,Discovery,2025-12-29 22:42:02,2026-01-09 15:51:11,USR011
STG0001475,OPP0305,Qualification,2026-01-09 15:51:11,2026-01-18 21:18:25,USR011
STG0001476,OPP0305,Solution Evaluation,2026-01-18 21:18:25,2026-01-27 00:41:50,USR011
STG0001477,OPP0305,Proposal,2026-01-27 00:41:50,2026-02-07 05:50:34,USR011
STG0001478,OPP0305,Negotiation / Legal,2026-02-07 05:50:34,2026-02-17 10:56:47,USR011
STG0001479,OPP0305,Commit,2026-02-17 10:56:47,2026-02-25 14:42:02,USR011
STG0001480,OPP0305,Closed Won,2026-02-24 22:42:02,,USR011
STG0001481,OPP0306,Discovery,2026-07-17 09:00:00,2026-07-28 12:09:05,USR008
STG0001482,OPP0306,Qualification,2026-07-28 12:09:05,2026-08-17 13:21:48,USR008
STG0001483,OPP0306,Solution Evaluation,2026-08-17 13:21:48,2026-09-08 17:54:33,USR008
STG0001484,OPP0306,Proposal,2026-09-08 17:54:33,,USR008
STG0001485,OPP0307,Discovery,2024-07-16 20:17:56,2024-07-24 12:59:55,USR010
STG0001486,OPP0307,Qualification,2024-07-24 12:59:55,2024-08-05 06:03:30,USR010
STG0001487,OPP0307,Solution Evaluation,2024-08-05 06:03:30,2024-08-17 13:32:30,USR010
STG0001488,OPP0307,Proposal,2024-08-17 13:32:30,2024-08-26 16:44:39,USR010
STG0001489,OPP0307,Negotiation / Legal,2024-08-26 16:44:39,2024-09-04 12:45:57,USR009
STG0001490,OPP0307,Commit,2024-09-04 12:45:57,2024-09-11 12:17:56,USR010
STG0001491,OPP0307,Closed Won,2024-09-10 20:17:56,,USR010
STG0001492,OPP0308,Discovery,2025-04-25 00:00:00,2025-05-01 18:04:56,USR006
STG0001493,OPP0308,Qualification,2025-05-01 18:04:56,2025-05-07 11:06:44,USR006
STG0001494,OPP0308,Solution Evaluation,2025-05-07 11:06:44,2025-05-12 18:27:04,USR006
STG0001495,OPP0308,Proposal,2025-05-12 18:27:04,2025-05-20 21:42:21,USR006
STG0001496,OPP0308,Negotiation / Legal,2025-05-20 21:42:21,2025-05-26 03:59:49,USR006
STG0001497,OPP0308,Commit,2025-05-26 03:59:49,2025-05-30 16:00:00,USR006
STG0001498,OPP0308,Closed Won,2025-05-30 00:00:00,,USR006
STG0001499,OPP0309,Discovery,2026-08-25 14:00:00,2026-09-03 18:59:25,USR011
STG0001500,OPP0309,Qualification,2026-09-03 18:59:25,2026-09-12 19:43:41,USR011
STG0001501,OPP0309,Solution Evaluation,2026-09-12 19:43:41,,USR011
STG0001502,OPP0310,Discovery,2023-12-26 11:58:45,2024-01-03 08:11:59,USR011
STG0001503,OPP0310,Qualification,2024-01-03 08:11:59,2024-01-12 10:34:26,USR011
STG0001504,OPP0310,Solution Evaluation,2024-01-12 10:34:26,2024-01-26 21:24:37,USR011
STG0001505,OPP0310,Proposal,2024-01-26 21:24:37,2024-02-06 18:24:02,USR011
STG0001506,OPP0310,Negotiation / Legal,2024-02-06 18:24:02,2024-02-17 03:58:45,USR010
STG0001507,OPP0310,Closed Lost,2024-02-16 11:58:45,,USR011
STG0001508,OPP0311,Discovery,2023-12-09 21:58:23,2023-12-16 00:43:30,USR006
STG0001509,OPP0311,Qualification,2023-12-16 00:43:30,2023-12-23 08:40:09,USR006
STG0001510,OPP0311,Solution Evaluation,2023-12-23 08:40:09,2024-01-06 07:21:05,USR011
STG0001511,OPP0311,Proposal,2024-01-06 07:21:05,2024-01-15 21:23:52,USR006
STG0001512,OPP0311,Negotiation / Legal,2024-01-15 21:23:52,2024-01-23 13:58:23,USR006
STG0001513,OPP0311,Closed Lost,2024-01-22 21:58:23,,USR006
STG0001514,OPP0312,Discovery,2025-10-20 22:07:38,2025-11-11 14:22:25,USR012
STG0001515,OPP0312,Qualification,2025-11-11 14:22:25,2025-12-02 02:29:18,USR012
STG0001516,OPP0312,Solution Evaluation,2025-12-02 02:29:18,2025-12-25 04:38:43,USR012
STG0001517,OPP0312,Proposal,2025-12-25 04:38:43,2026-01-16 14:07:38,USR012
STG0001518,OPP0312,Closed Lost,2026-01-15 22:07:38,,USR012
STG0001519,OPP0313,Discovery,2024-10-30 08:33:20,2024-11-04 13:05:37,USR008
STG0001520,OPP0313,Qualification,2024-11-04 13:05:37,2024-11-11 10:49:57,USR008
STG0001521,OPP0313,Solution Evaluation,2024-11-11 10:49:57,2024-11-16 22:15:10,USR008
STG0001522,OPP0313,Proposal,2024-11-16 22:15:10,2024-11-21 22:32:01,USR008
STG0001523,OPP0313,Negotiation / Legal,2024-11-21 22:32:01,2024-11-30 00:33:20,USR008
STG0001524,OPP0313,Closed Lost,2024-11-29 08:33:20,,USR008
STG0001525,OPP0314,Discovery,2023-09-14 12:59:14,2023-09-27 15:38:51,USR011
STG0001526,OPP0314,Qualification,2023-09-27 15:38:51,2023-10-08 15:07:21,USR011
STG0001527,OPP0314,Solution Evaluation,2023-10-08 15:07:21,2023-10-27 20:51:23,USR011
STG0001528,OPP0314,Proposal,2023-10-27 20:51:23,2023-11-21 20:49:43,USR011
STG0001529,OPP0314,Negotiation / Legal,2023-11-21 20:49:43,2023-12-12 04:59:14,USR011
STG0001530,OPP0314,Closed Lost,2023-12-11 12:59:14,,USR011
STG0001531,OPP0315,Discovery,2026-09-01 15:45:57,2026-09-04 03:46:17,USR010
STG0001532,OPP0315,Qualification,2026-09-04 03:46:17,2026-09-08 01:19:17,USR010
STG0001533,OPP0315,Solution Evaluation,2026-09-08 01:19:17,2026-09-12 22:22:57,USR010
STG0001534,OPP0315,Proposal,2026-09-12 22:22:57,2026-09-16 06:22:14,USR010
STG0001535,OPP0315,Negotiation / Legal,2026-09-16 06:22:14,2026-09-21 07:38:27,USR010
STG0001536,OPP0315,Commit,2026-09-21 07:38:27,,USR010
STG0001537,OPP0316,Discovery,2026-06-06 03:20:15,2026-06-17 14:25:40,USR009
STG0001538,OPP0316,Qualification,2026-06-17 14:25:40,2026-07-06 14:27:07,USR009
STG0001539,OPP0316,Proposal,2026-07-06 14:27:07,2026-07-31 06:27:56,USR009
STG0001540,OPP0316,Negotiation / Legal,2026-07-31 06:27:56,2026-08-23 06:09:20,USR009
STG0001541,OPP0316,Commit,2026-08-23 06:09:20,2026-09-03 19:20:15,USR009
STG0001542,OPP0316,Closed Won,2026-09-03 03:20:15,,USR009
STG0001543,OPP0317,Discovery,2025-10-22 13:48:11,2025-10-25 16:08:25,USR009
STG0001544,OPP0317,Qualification,2025-10-25 16:08:25,2025-10-29 17:03:25,USR008
STG0001545,OPP0317,Proposal,2025-10-29 17:03:25,2025-11-04 11:13:21,USR008
STG0001546,OPP0317,Negotiation / Legal,2025-11-04 11:13:21,2025-11-08 17:59:52,USR008
STG0001547,OPP0317,Commit,2025-11-08 17:59:52,2025-11-12 05:48:11,USR008
STG0001548,OPP0317,Closed Won,2025-11-11 13:48:11,,USR008
STG0001549,OPP0318,Discovery,2026-03-28 16:34:37,2026-04-09 00:19:17,USR011
STG0001550,OPP0318,Qualification,2026-04-09 00:19:17,2026-04-18 12:40:24,USR011
STG0001551,OPP0318,Proposal,2026-04-18 12:40:24,2026-04-28 11:25:14,USR011
STG0001552,OPP0318,Negotiation / Legal,2026-04-28 11:25:14,2026-05-15 20:55:50,USR011
STG0001553,OPP0318,Commit,2026-05-15 20:55:50,2026-05-22 08:34:37,USR011
STG0001554,OPP0318,Closed Won,2026-05-21 16:34:37,,USR011
STG0001555,OPP0319,Discovery,2026-07-08 00:00:00,2026-07-25 02:16:33,USR006
STG0001556,OPP0319,Qualification,2026-07-25 02:16:33,2026-08-14 12:57:08,USR006
STG0001557,OPP0319,Solution Evaluation,2026-08-14 12:57:08,2026-09-03 03:33:32,USR006
STG0001558,OPP0319,Proposal,2026-09-03 03:33:32,,USR006
STG0001559,OPP0320,Discovery,2023-11-17 00:38:00,2023-11-24 09:45:58,USR007
STG0001560,OPP0320,Qualification,2023-11-24 09:45:58,2023-12-05 09:05:55,USR007
STG0001561,OPP0320,Proposal,2023-12-05 09:05:55,2023-12-18 16:38:00,USR007
STG0001562,OPP0320,Closed Lost,2023-12-18 00:38:00,,USR007
STG0001563,OPP0321,Discovery,2026-08-03 13:00:00,2026-08-15 05:58:49,USR012
STG0001564,OPP0321,Qualification,2026-08-15 05:58:49,2026-08-31 16:52:44,USR012
STG0001565,OPP0321,Solution Evaluation,2026-08-31 16:52:44,,USR012
STG0001566,OPP0322,Discovery,2026-02-01 03:03:59,2026-02-09 15:01:00,USR011
STG0001567,OPP0322,Qualification,2026-02-09 15:01:00,2026-02-15 12:50:31,USR011
STG0001568,OPP0322,Solution Evaluation,2026-02-15 12:50:31,2026-03-02 05:35:23,USR011
STG0001569,OPP0322,Proposal,2026-03-02 05:35:23,2026-03-15 13:42:54,USR011
STG0001570,OPP0322,Commit,2026-03-15 13:42:54,2026-03-23 19:03:59,USR011
STG0001571,OPP0322,Closed Won,2026-03-23 03:03:59,,USR011
STG0001572,OPP0323,Discovery,2026-07-24 15:35:39,2026-08-11 03:52:09,USR012
STG0001573,OPP0323,Qualification,2026-08-11 03:52:09,2026-08-25 23:10:00,USR012
STG0001574,OPP0323,Solution Evaluation,2026-08-25 23:10:00,,USR012
STG0001575,OPP0324,Discovery,2026-08-04 14:00:00,2026-08-19 01:36:12,USR010
STG0001576,OPP0324,Qualification,2026-08-19 01:36:12,2026-09-05 15:42:28,USR010
STG0001577,OPP0324,Solution Evaluation,2026-09-05 15:42:28,,USR010
STG0001578,OPP0325,Discovery,2026-09-12 10:00:00,,USR005
STG0001579,OPP0326,Discovery,2026-08-28 14:00:00,2026-09-06 05:37:47,USR009
STG0001580,OPP0326,Qualification,2026-09-06 05:37:47,2026-09-13 15:45:31,USR009
STG0001581,OPP0326,Solution Evaluation,2026-09-13 15:45:31,,USR009
STG0001582,OPP0327,Discovery,2023-11-22 06:38:52,2023-12-22 01:55:36,USR011
STG0001583,OPP0327,Qualification,2023-12-22 01:55:36,2024-02-02 14:51:02,USR011
STG0001584,OPP0327,Solution Evaluation,2024-02-02 14:51:02,2024-03-12 22:38:52,USR011
STG0001585,OPP0327,Closed Lost,2024-03-12 06:38:52,,USR011
STG0001586,OPP0328,Discovery,2026-08-16 18:29:13,2026-08-24 03:14:41,USR009
STG0001587,OPP0328,Qualification,2026-08-24 03:14:41,2026-09-03 11:44:21,USR006
STG0001588,OPP0328,Solution Evaluation,2026-09-03 11:44:21,2026-09-11 22:25:40,USR006
STG0001589,OPP0328,Proposal,2026-09-11 22:25:40,,USR008
STG0001590,OPP0329,Discovery,2022-04-06 14:41:02,2022-04-23 15:50:16,USR007
STG0001591,OPP0329,Qualification,2022-04-23 15:50:16,2022-05-06 09:49:59,USR007
STG0001592,OPP0329,Solution Evaluation,2022-05-06 09:49:59,2022-05-22 06:41:02,USR007
STG0001593,OPP0329,Closed Lost,2022-05-21 14:41:02,,USR007
STG0001594,OPP0330,Discovery,2026-09-20 20:00:00,,USR011
STG0001595,OPP0331,Discovery,2023-12-09 00:00:00,2023-12-24 04:05:59,USR011
STG0001596,OPP0331,Qualification,2023-12-24 04:05:59,2024-01-07 08:15:41,USR011
STG0001597,OPP0331,Solution Evaluation,2024-01-07 08:15:41,2024-01-27 03:16:16,USR011
STG0001598,OPP0331,Proposal,2024-01-27 03:16:16,2024-02-15 08:10:44,USR011
STG0001599,OPP0331,Commit,2024-02-15 08:10:44,2024-02-27 16:00:00,USR011
STG0001600,OPP0331,Closed Won,2024-02-27 00:00:00,,USR011
STG0001601,OPP0332,Discovery,2026-08-26 21:00:00,2026-09-07 15:20:16,USR005
STG0001602,OPP0332,Qualification,2026-09-07 15:20:16,,USR005
STG0001603,OPP0333,Discovery,2023-06-09 13:44:51,2023-06-22 11:36:04,USR008
STG0001604,OPP0333,Qualification,2023-06-22 11:36:04,2023-07-04 13:29:01,USR005
STG0001605,OPP0333,Solution Evaluation,2023-07-04 13:29:01,2023-07-25 14:00:13,USR010
STG0001606,OPP0333,Negotiation / Legal,2023-07-25 14:00:13,2023-08-19 05:44:51,USR010
STG0001607,OPP0333,Closed Lost,2023-08-18 13:44:51,,USR010
STG0001608,OPP0334,Discovery,2026-03-12 08:32:45,2026-06-28 13:34:12,USR012
STG0001609,OPP0334,Qualification,2026-06-28 13:34:12,,USR012
STG0001610,OPP0335,Discovery,2026-07-26 12:32:26,2026-08-08 06:36:15,USR012
STG0001611,OPP0335,Qualification,2026-08-08 06:36:15,2026-08-16 05:46:34,USR012
STG0001612,OPP0335,Solution Evaluation,2026-08-16 05:46:34,2026-08-30 19:53:56,USR012
STG0001613,OPP0335,Proposal,2026-08-30 19:53:56,2026-09-14 07:35:27,USR012
STG0001614,OPP0335,Negotiation / Legal,2026-09-14 07:35:27,,USR012
STG0001615,OPP0336,Discovery,2025-05-23 20:47:07,2025-06-03 06:53:56,USR009
STG0001616,OPP0336,Qualification,2025-06-03 06:53:56,2025-06-22 02:58:01,USR009
STG0001617,OPP0336,Solution Evaluation,2025-06-22 02:58:01,2025-07-19 03:47:42,USR009
STG0001618,OPP0336,Proposal,2025-07-19 03:47:42,2025-08-13 07:22:53,USR009
STG0001619,OPP0336,Negotiation / Legal,2025-08-13 07:22:53,2025-09-02 13:25:02,USR009
STG0001620,OPP0336,Commit,2025-09-02 13:25:02,2025-09-12 12:47:07,USR009
STG0001621,OPP0336,Closed Lost,2025-09-11 20:47:07,,USR009
STG0001622,OPP0337,Discovery,2022-09-28 22:38:43,2022-10-07 18:25:30,USR010
STG0001623,OPP0337,Qualification,2022-10-07 18:25:30,2022-10-14 02:58:48,USR010
STG0001624,OPP0337,Solution Evaluation,2022-10-14 02:58:48,2022-10-30 02:04:19,USR010
STG0001625,OPP0337,Proposal,2022-10-30 02:04:19,2022-11-11 21:38:46,USR010
STG0001626,OPP0337,Negotiation / Legal,2022-11-11 21:38:46,2022-11-23 22:41:18,USR010
STG0001627,OPP0337,Commit,2022-11-23 22:41:18,2022-11-29 14:38:43,USR010
STG0001628,OPP0337,Closed Won,2022-11-28 22:38:43,,USR010
STG0001629,OPP0338,Discovery,2023-10-02 13:42:07,2023-10-07 07:17:34,USR006
STG0001630,OPP0338,Qualification,2023-10-07 07:17:34,2023-10-11 10:04:50,USR006
STG0001631,OPP0338,Solution Evaluation,2023-10-11 10:04:50,2023-10-21 05:12:52,USR006
STG0001632,OPP0338,Proposal,2023-10-21 05:12:52,2023-10-27 05:42:07,USR006
STG0001633,OPP0338,Closed Lost,2023-10-26 13:42:07,,USR006
STG0001634,OPP0339,Discovery,2025-06-29 01:21:52,2025-07-08 18:30:57,USR008
STG0001635,OPP0339,Qualification,2025-07-08 18:30:57,2025-07-15 04:38:04,USR008
STG0001636,OPP0339,Proposal,2025-07-15 04:38:04,2025-07-24 20:21:14,USR008
STG0001637,OPP0339,Negotiation / Legal,2025-07-24 20:21:14,2025-08-02 07:08:32,USR008
STG0001638,OPP0339,Commit,2025-08-02 07:08:32,2025-08-09 17:21:52,USR008
STG0001639,OPP0339,Closed Won,2025-08-09 01:21:52,,USR008
STG0001640,OPP0340,Discovery,2026-07-22 20:17:04,2026-08-11 12:21:00,USR007
STG0001641,OPP0340,Solution Evaluation,2026-08-11 12:21:00,2026-08-30 04:43:06,USR007
STG0001642,OPP0340,Proposal,2026-08-30 04:43:06,,USR007
STG0001643,OPP0341,Discovery,2026-08-27 17:00:00,,USR007
STG0001644,OPP0342,Discovery,2024-12-27 06:17:45,2025-01-03 23:18:55,USR007
STG0001645,OPP0342,Qualification,2025-01-03 23:18:55,2025-01-09 15:39:07,USR006
STG0001646,OPP0342,Proposal,2025-01-09 15:39:07,2025-01-17 17:49:32,USR007
STG0001647,OPP0342,Negotiation / Legal,2025-01-17 17:49:32,2025-01-23 22:17:45,USR007
STG0001648,OPP0342,Closed Lost,2025-01-23 06:17:45,,USR007
STG0001649,OPP0343,Discovery,2024-10-18 00:00:00,2024-10-31 09:50:41,USR012
STG0001650,OPP0343,Qualification,2024-10-31 09:50:41,2024-11-13 01:39:43,USR012
STG0001651,OPP0343,Solution Evaluation,2024-11-13 01:39:43,2024-11-26 01:36:04,USR008
STG0001652,OPP0343,Proposal,2024-11-26 01:36:04,2024-12-11 12:32:19,USR012
STG0001653,OPP0343,Negotiation / Legal,2024-12-11 12:32:19,2024-12-26 11:57:34,USR012
STG0001654,OPP0343,Commit,2024-12-26 11:57:34,2025-01-05 16:00:00,USR012
STG0001655,OPP0343,Closed Won,2025-01-05 00:00:00,,USR012
STG0001656,OPP0344,Discovery,2024-02-29 22:48:53,2024-06-12 20:35:58,USR006
STG0001657,OPP0344,Qualification,2024-06-12 20:35:58,2024-12-07 14:06:55,USR008
STG0001658,OPP0344,Solution Evaluation,2024-12-07 14:06:55,2025-06-14 04:22:07,USR006
STG0001659,OPP0344,Proposal,2025-06-14 04:22:07,2026-01-19 22:42:30,USR006
STG0001660,OPP0344,Negotiation / Legal,2026-01-19 22:42:30,2026-06-14 13:11:06,USR006
STG0001661,OPP0344,Commit,2026-06-14 13:11:06,,USR006
STG0001662,OPP0345,Discovery,2025-08-08 01:13:35,2025-08-25 18:07:16,USR011
STG0001663,OPP0345,Qualification,2025-08-25 18:07:16,2025-09-20 17:49:39,USR011
STG0001664,OPP0345,Proposal,2025-09-20 17:49:39,2025-10-14 05:27:55,USR011
STG0001665,OPP0345,Negotiation / Legal,2025-10-14 05:27:55,2025-11-14 16:15:50,USR011
STG0001666,OPP0345,Commit,2025-11-14 16:15:50,2025-11-30 17:13:34,USR011
STG0001667,OPP0345,Closed Won,2025-11-30 01:13:35,,USR011
STG0001668,OPP0346,Discovery,2026-09-24 20:44:31,2026-09-25 00:44:31,USR010
STG0001669,OPP0346,Qualification,2026-09-25 00:44:31,2026-09-25 04:44:31,USR010
STG0001670,OPP0346,Solution Evaluation,2026-09-25 04:44:31,2026-09-25 08:44:31,USR010
STG0001671,OPP0346,Proposal,2026-09-25 08:44:31,2026-09-25 12:44:31,USR010
STG0001672,OPP0346,Negotiation / Legal,2026-09-25 12:44:31,2026-09-25 16:44:31,USR010
STG0001673,OPP0346,Commit,2026-09-25 16:44:31,,USR012
STG0001674,OPP0347,Discovery,2024-12-23 20:38:08,2024-12-29 01:00:26,USR006
STG0001675,OPP0347,Qualification,2024-12-29 01:00:26,2025-01-01 16:44:15,USR006
STG0001676,OPP0347,Solution Evaluation,2025-01-01 16:44:15,2025-01-07 16:37:30,USR012
STG0001677,OPP0347,Proposal,2025-01-07 16:37:30,2025-01-11 17:30:58,USR006
STG0001678,OPP0347,Negotiation / Legal,2025-01-11 17:30:58,2025-01-16 07:40:29,USR006
STG0001679,OPP0347,Commit,2025-01-16 07:40:29,2025-01-18 12:38:08,USR006
STG0001680,OPP0347,Closed Won,2025-01-17 20:38:08,,USR006
STG0001681,OPP0348,Discovery,2026-06-17 00:00:00,2026-07-08 15:18:59,USR011
STG0001682,OPP0348,Qualification,2026-07-08 15:18:59,2026-08-15 11:27:25,USR011
STG0001683,OPP0348,Solution Evaluation,2026-08-15 11:27:25,2026-09-12 15:59:59,USR011
STG0001684,OPP0348,Closed Lost,2026-09-12 00:00:00,,USR011
STG0001685,OPP0349,Discovery,2026-08-28 14:52:53,2026-09-03 03:05:02,USR010
STG0001686,OPP0349,Solution Evaluation,2026-09-03 03:05:02,2026-09-09 15:38:13,USR010
STG0001687,OPP0349,Proposal,2026-09-09 15:38:13,2026-09-17 00:20:04,USR010
STG0001688,OPP0349,Negotiation / Legal,2026-09-17 00:20:04,,USR010
STG0001689,OPP0350,Discovery,2023-12-14 00:00:00,2023-12-25 13:17:01,USR011
STG0001690,OPP0350,Qualification,2023-12-25 13:17:01,2024-01-09 10:59:38,USR011
STG0001691,OPP0350,Solution Evaluation,2024-01-09 10:59:38,2024-01-26 12:02:42,USR012
STG0001692,OPP0350,Proposal,2024-01-26 12:02:42,2024-02-14 01:07:40,USR011
STG0001693,OPP0350,Negotiation / Legal,2024-02-14 01:07:40,2024-02-28 16:53:57,USR011
STG0001694,OPP0350,Commit,2024-02-28 16:53:57,2024-03-10 16:00:00,USR011
STG0001695,OPP0350,Closed Won,2024-03-10 00:00:00,,USR011
STG0001696,OPP0351,Discovery,2026-09-15 07:00:00,,USR011
STG0001697,OPP0352,Discovery,2026-09-16 06:00:00,,USR006
STG0001698,OPP0353,Discovery,2026-09-18 19:00:00,,USR010
STG0001699,OPP0354,Discovery,2025-01-09 09:51:00,2025-01-22 08:10:44,USR005
STG0001700,OPP0354,Qualification,2025-01-22 08:10:44,2025-02-05 06:21:59,USR010
STG0001701,OPP0354,Solution Evaluation,2025-02-05 06:21:59,2025-02-21 01:51:00,USR005
STG0001702,OPP0354,Closed Lost,2025-02-20 09:51:00,,USR005
STG0001703,OPP0355,Discovery,2026-09-04 13:00:00,,USR006
STG0001704,OPP0356,Discovery,2024-11-30 07:09:03,2024-12-04 21:46:24,USR008
STG0001705,OPP0356,Qualification,2024-12-04 21:46:24,2024-12-10 05:01:18,USR008
STG0001706,OPP0356,Solution Evaluation,2024-12-10 05:01:18,2024-12-16 15:16:57,USR008
STG0001707,OPP0356,Proposal,2024-12-16 15:16:57,2024-12-20 23:09:03,USR008
STG0001708,OPP0356,Closed Lost,2024-12-20 07:09:03,,USR008
STG0001709,OPP0357,Discovery,2026-09-19 08:00:00,,USR009
STG0001710,OPP0358,Discovery,2025-10-07 23:54:09,2025-10-25 02:02:01,USR011
STG0001711,OPP0358,Qualification,2025-10-25 02:02:01,2025-11-11 22:47:47,USR011
STG0001712,OPP0358,Solution Evaluation,2025-11-11 22:47:47,2025-12-18 00:52:38,USR011
STG0001713,OPP0358,Proposal,2025-12-18 00:52:38,2026-01-17 15:54:09,USR005
STG0001714,OPP0358,Closed Lost,2026-01-16 23:54:09,,USR011
STG0001715,OPP0359,Discovery,2026-03-31 03:07:59,2026-04-11 05:36:24,USR005
STG0001716,OPP0359,Qualification,2026-04-11 05:36:24,2026-04-22 13:17:15,USR005
STG0001717,OPP0359,Solution Evaluation,2026-04-22 13:17:15,2026-05-15 19:07:59,USR005
STG0001718,OPP0359,Closed Lost,2026-05-15 03:07:59,,USR005
STG0001719,OPP0360,Discovery,2026-09-02 22:00:00,,USR012
STG0001720,OPP0361,Discovery,2026-08-24 06:52:16,,USR010
STG0001721,OPP0362,Discovery,2026-08-10 11:03:39,2026-09-04 02:38:21,USR011
STG0001722,OPP0362,Qualification,2026-09-04 02:38:21,,USR012
STG0001723,OPP0363,Discovery,2023-04-06 00:36:16,2023-04-09 19:53:51,USR006
STG0001724,OPP0363,Qualification,2023-04-09 19:53:51,2023-04-17 03:38:04,USR006
STG0001725,OPP0363,Solution Evaluation,2023-04-17 03:38:04,2023-04-26 10:56:35,USR006
STG0001726,OPP0363,Proposal,2023-04-26 10:56:35,2023-05-03 08:56:02,USR006
STG0001727,OPP0363,Negotiation / Legal,2023-05-03 08:56:02,2023-05-09 16:36:15,USR006
STG0001728,OPP0363,Closed Lost,2023-05-09 00:36:16,,USR006
STG0001729,OPP0364,Discovery,2022-07-06 02:11:13,2022-07-25 13:47:10,USR009
STG0001730,OPP0364,Qualification,2022-07-25 13:47:10,2022-08-12 21:30:47,USR009
STG0001731,OPP0364,Proposal,2022-08-12 21:30:47,2022-09-02 15:06:48,USR009
STG0001732,OPP0364,Negotiation / Legal,2022-09-02 15:06:48,2022-09-19 17:56:08,USR009
STG0001733,OPP0364,Commit,2022-09-19 17:56:08,2022-09-28 18:11:13,USR010
STG0001734,OPP0364,Closed Won,2022-09-28 02:11:13,,USR009
STG0001735,OPP0365,Discovery,2026-07-04 15:32:21,2026-07-30 13:18:40,USR006
STG0001736,OPP0365,Qualification,2026-07-30 13:18:40,2026-08-31 05:50:10,USR006
STG0001737,OPP0365,Solution Evaluation,2026-08-31 05:50:10,,USR008
STG0001738,OPP0366,Discovery,2024-11-03 00:00:00,2024-11-21 12:09:41,USR009
STG0001739,OPP0366,Qualification,2024-11-21 12:09:41,2024-12-04 09:05:06,USR012
STG0001740,OPP0366,Solution Evaluation,2024-12-04 09:05:06,2025-01-05 09:19:42,USR012
STG0001741,OPP0366,Proposal,2025-01-05 09:19:42,2025-01-29 04:15:58,USR012
STG0001742,OPP0366,Commit,2025-01-29 04:15:58,2025-02-11 16:00:00,USR012
STG0001743,OPP0366,Closed Won,2025-02-11 00:00:00,,USR012
STG0001744,OPP0367,Discovery,2026-04-06 22:17:36,2026-04-14 00:43:04,USR005
STG0001745,OPP0367,Qualification,2026-04-14 00:43:04,2026-04-21 11:03:12,USR012
STG0001746,OPP0367,Solution Evaluation,2026-04-21 11:03:12,2026-04-28 12:25:18,USR005
STG0001747,OPP0367,Proposal,2026-04-28 12:25:18,2026-05-07 11:05:55,USR005
STG0001748,OPP0367,Negotiation / Legal,2026-05-07 11:05:55,2026-05-13 14:17:36,USR005
STG0001749,OPP0367,Closed Lost,2026-05-12 22:17:36,,USR005
STG0001750,OPP0368,Discovery,2026-09-09 23:00:00,,USR006
STG0001751,OPP0369,Discovery,2026-08-27 23:00:00,2026-09-04 10:09:49,USR008
STG0001752,OPP0369,Qualification,2026-09-04 10:09:49,2026-09-13 05:58:46,USR008
STG0001753,OPP0369,Solution Evaluation,2026-09-13 05:58:46,,USR008
STG0001754,OPP0370,Discovery,2026-07-22 12:00:00,2026-08-14 09:30:01,USR010
STG0001755,OPP0370,Qualification,2026-08-14 09:30:01,2026-09-05 13:10:22,USR010
STG0001756,OPP0370,Solution Evaluation,2026-09-05 13:10:22,,USR010
STG0001757,OPP0371,Discovery,2026-07-22 11:00:00,2026-08-17 17:06:29,USR010
STG0001758,OPP0371,Solution Evaluation,2026-08-17 17:06:29,2026-09-06 21:03:05,USR010
STG0001759,OPP0371,Proposal,2026-09-06 21:03:05,,USR010
STG0001760,OPP0372,Discovery,2025-01-08 02:51:02,2025-09-23 13:43:56,USR009
STG0001761,OPP0372,Qualification,2025-09-23 13:43:56,,USR009
STG0001762,OPP0373,Discovery,2023-10-31 12:18:34,2023-11-05 09:03:26,USR007
STG0001763,OPP0373,Qualification,2023-11-05 09:03:26,2023-11-10 09:36:54,USR007
STG0001764,OPP0373,Solution Evaluation,2023-11-10 09:36:54,2023-11-16 08:16:26,USR007
STG0001765,OPP0373,Proposal,2023-11-16 08:16:26,2023-11-22 21:00:49,USR007
STG0001766,OPP0373,Negotiation / Legal,2023-11-22 21:00:49,2023-11-29 20:15:34,USR007
STG0001767,OPP0373,Commit,2023-11-29 20:15:34,2023-12-03 04:18:34,USR007
STG0001768,OPP0373,Closed Lost,2023-12-02 12:18:34,,USR007
STG0001769,OPP0374,Discovery,2026-05-27 00:15:07,2026-06-18 02:22:52,USR010
STG0001770,OPP0374,Qualification,2026-06-18 02:22:52,2026-07-17 06:18:30,USR010
STG0001771,OPP0374,Solution Evaluation,2026-07-17 06:18:30,2026-08-29 02:40:44,USR010
STG0001772,OPP0374,Proposal,2026-08-29 02:40:44,,USR010
STG0001773,OPP0375,Discovery,2025-03-05 08:27:55,2025-03-12 22:34:21,USR005
STG0001774,OPP0375,Qualification,2025-03-12 22:34:21,2025-03-19 08:10:20,USR005
STG0001775,OPP0375,Solution Evaluation,2025-03-19 08:10:20,2025-03-30 04:11:31,USR005
STG0001776,OPP0375,Proposal,2025-03-30 04:11:31,2025-04-04 20:48:59,USR005
STG0001777,OPP0375,Negotiation / Legal,2025-04-04 20:48:59,2025-04-15 07:34:02,USR005
STG0001778,OPP0375,Commit,2025-04-15 07:34:02,2025-04-19 00:27:55,USR005
STG0001779,OPP0375,Closed Won,2025-04-18 08:27:55,,USR005
STG0001780,OPP0376,Discovery,2025-05-07 04:16:26,2025-05-20 14:37:36,USR010
STG0001781,OPP0376,Qualification,2025-05-20 14:37:36,2025-05-30 20:30:31,USR010
STG0001782,OPP0376,Solution Evaluation,2025-05-30 20:30:31,2025-06-11 19:20:02,USR010
STG0001783,OPP0376,Proposal,2025-06-11 19:20:02,2025-06-21 10:22:00,USR010
STG0001784,OPP0376,Negotiation / Legal,2025-06-21 10:22:00,2025-07-02 19:00:26,USR010
STG0001785,OPP0376,Commit,2025-07-02 19:00:26,2025-07-11 20:16:26,USR012
STG0001786,OPP0376,Closed Won,2025-07-11 04:16:26,,USR010
STG0001787,OPP0377,Discovery,2025-07-01 21:36:06,2025-08-01 13:03:53,USR012
STG0001788,OPP0377,Qualification,2025-08-01 13:03:53,2025-08-26 01:56:15,USR012
STG0001789,OPP0377,Solution Evaluation,2025-08-26 01:56:15,2025-09-21 13:36:06,USR012
STG0001790,OPP0377,Closed Lost,2025-09-20 21:36:06,,USR012
STG0001791,OPP0378,Discovery,2026-08-21 07:00:00,2026-09-01 16:05:00,USR009
STG0001792,OPP0378,Qualification,2026-09-01 16:05:00,2026-09-11 05:23:28,USR009
STG0001793,OPP0378,Solution Evaluation,2026-09-11 05:23:28,,USR005
STG0001794,OPP0379,Discovery,2025-04-25 19:47:58,2025-04-28 12:25:40,USR008
STG0001795,OPP0379,Qualification,2025-04-28 12:25:40,2025-05-01 10:37:10,USR008
STG0001796,OPP0379,Solution Evaluation,2025-05-01 10:37:10,2025-05-06 15:17:01,USR008
STG0001797,OPP0379,Proposal,2025-05-06 15:17:01,2025-05-11 21:53:24,USR008
STG0001798,OPP0379,Negotiation / Legal,2025-05-11 21:53:24,2025-05-16 11:47:57,USR008
STG0001799,OPP0379,Closed Lost,2025-05-15 19:47:58,,USR008
STG0001800,OPP0380,Discovery,2026-08-23 09:00:00,2026-09-02 13:52:30,USR007
STG0001801,OPP0380,Qualification,2026-09-02 13:52:30,2026-09-14 04:08:22,USR007
STG0001802,OPP0380,Solution Evaluation,2026-09-14 04:08:22,,USR007
STG0001803,OPP0381,Discovery,2024-09-12 16:47:42,2024-09-28 11:28:12,USR005
STG0001804,OPP0381,Qualification,2024-09-28 11:28:12,2024-10-14 08:47:42,USR005
STG0001805,OPP0381,Closed Lost,2024-10-13 16:47:42,,USR005
STG0001806,OPP0382,Discovery,2025-12-22 13:22:42,2026-01-13 23:23:34,USR006
STG0001807,OPP0382,Qualification,2026-01-13 23:23:34,2026-01-31 05:22:42,USR006
STG0001808,OPP0382,Closed Lost,2026-01-30 13:22:42,,USR006
STG0001809,OPP0383,Discovery,2026-08-26 09:00:00,,USR007
STG0001810,OPP0384,Discovery,2026-06-16 00:00:00,2026-07-02 01:46:37,USR010
STG0001811,OPP0384,Qualification,2026-07-02 01:46:37,2026-07-12 16:02:44,USR010
STG0001812,OPP0384,Solution Evaluation,2026-07-12 16:02:44,2026-07-27 19:16:51,USR010
STG0001813,OPP0384,Proposal,2026-07-27 19:16:51,2026-08-18 16:22:28,USR006
STG0001814,OPP0384,Negotiation / Legal,2026-08-18 16:22:28,2026-09-02 05:30:12,USR010
STG0001815,OPP0384,Commit,2026-09-02 05:30:12,2026-09-11 16:00:00,USR010
STG0001816,OPP0384,Closed Won,2026-09-11 00:00:00,,USR010
STG0001817,OPP0385,Discovery,2025-11-26 18:16:02,2025-12-25 16:18:03,USR009
STG0001818,OPP0385,Qualification,2025-12-25 16:18:03,2026-01-22 11:44:06,USR009
STG0001819,OPP0385,Proposal,2026-01-22 11:44:06,2026-02-14 19:34:58,USR009
STG0001820,OPP0385,Negotiation / Legal,2026-02-14 19:34:58,2026-03-06 13:02:33,USR009
STG0001821,OPP0385,Commit,2026-03-06 13:02:33,2026-03-17 10:16:02,USR009
STG0001822,OPP0385,Closed Won,2026-03-16 18:16:02,,USR009
STG0001823,OPP0386,Discovery,2026-06-05 20:14:28,2026-06-16 17:21:55,USR008
STG0001824,OPP0386,Qualification,2026-06-16 17:21:55,2026-07-08 08:36:26,USR011
STG0001825,OPP0386,Solution Evaluation,2026-07-08 08:36:26,2026-08-05 09:53:41,USR006
STG0001826,OPP0386,Proposal,2026-08-05 09:53:41,2026-08-24 03:53:37,USR005
STG0001827,OPP0386,Negotiation / Legal,2026-08-24 03:53:37,2026-09-15 02:16:45,USR005
STG0001828,OPP0386,Commit,2026-09-15 02:16:45,,USR010
STG0001829,OPP0387,Discovery,2024-04-24 20:03:00,2024-05-10 18:53:07,USR012
STG0001830,OPP0387,Qualification,2024-05-10 18:53:07,2024-05-21 18:13:14,USR012
STG0001831,OPP0387,Solution Evaluation,2024-05-21 18:13:14,2024-06-05 08:22:07,USR012
STG0001832,OPP0387,Proposal,2024-06-05 08:22:07,2024-06-20 18:24:55,USR012
STG0001833,OPP0387,Negotiation / Legal,2024-06-20 18:24:55,2024-07-03 22:39:47,USR012
STG0001834,OPP0387,Commit,2024-07-03 22:39:47,2024-07-13 12:03:00,USR012
STG0001835,OPP0387,Closed Won,2024-07-12 20:03:00,,USR012
STG0001836,OPP0388,Discovery,2026-07-30 00:00:00,2026-08-11 14:51:57,USR009
STG0001837,OPP0388,Solution Evaluation,2026-08-11 14:51:57,2026-08-27 05:44:19,USR009
STG0001838,OPP0388,Proposal,2026-08-27 05:44:19,2026-09-09 20:25:58,USR009
STG0001839,OPP0388,Negotiation / Legal,2026-09-09 20:25:58,,USR009
STG0001840,OPP0389,Discovery,2024-10-12 02:59:16,2024-10-21 03:51:58,USR008
STG0001841,OPP0389,Qualification,2024-10-21 03:51:58,2024-10-26 17:40:10,USR008
STG0001842,OPP0389,Solution Evaluation,2024-10-26 17:40:10,2024-11-07 17:45:30,USR008
STG0001843,OPP0389,Proposal,2024-11-07 17:45:30,2024-11-16 18:59:16,USR008
STG0001844,OPP0389,Closed Lost,2024-11-16 02:59:16,,USR008
STG0001845,OPP0390,Discovery,2025-10-27 01:44:12,2025-11-01 03:36:35,USR006
STG0001846,OPP0390,Qualification,2025-11-01 03:36:35,2025-11-05 02:25:52,USR006
STG0001847,OPP0390,Solution Evaluation,2025-11-05 02:25:52,2025-11-10 00:13:06,USR011
STG0001848,OPP0390,Proposal,2025-11-10 00:13:06,2025-11-15 16:18:17,USR006
STG0001849,OPP0390,Negotiation / Legal,2025-11-15 16:18:17,2025-11-22 09:58:15,USR006
STG0001850,OPP0390,Commit,2025-11-22 09:58:15,2025-11-25 17:44:12,USR009
STG0001851,OPP0390,Closed Won,2025-11-25 01:44:12,,USR006
STG0001852,OPP0391,Discovery,2026-08-18 11:00:00,2026-08-30 19:14:42,USR010
STG0001853,OPP0391,Qualification,2026-08-30 19:14:42,,USR010
STG0001854,OPP0392,Discovery,2026-06-14 11:19:03,2026-06-29 20:03:35,USR010
STG0001855,OPP0392,Qualification,2026-06-29 20:03:35,2026-07-16 20:37:30,USR006
STG0001856,OPP0392,Solution Evaluation,2026-07-16 20:37:30,2026-08-08 07:05:49,USR006
STG0001857,OPP0392,Proposal,2026-08-08 07:05:49,2026-08-21 17:38:10,USR006
STG0001858,OPP0392,Negotiation / Legal,2026-08-21 17:38:10,2026-09-11 10:28:01,USR006
STG0001859,OPP0392,Commit,2026-09-11 10:28:01,,USR006
STG0001860,OPP0393,Discovery,2026-02-14 06:28:55,2026-03-02 10:19:50,USR012
STG0001861,OPP0393,Qualification,2026-03-02 10:19:50,2026-03-16 20:41:01,USR011
STG0001862,OPP0393,Solution Evaluation,2026-03-16 20:41:01,2026-04-03 05:08:20,USR012
STG0001863,OPP0393,Proposal,2026-04-03 05:08:20,2026-04-20 18:53:44,USR012
STG0001864,OPP0393,Negotiation / Legal,2026-04-20 18:53:44,2026-05-06 19:40:37,USR012
STG0001865,OPP0393,Commit,2026-05-06 19:40:37,2026-05-13 22:28:55,USR012
STG0001866,OPP0393,Closed Won,2026-05-13 06:28:55,,USR012
STG0001867,OPP0394,Discovery,2026-09-12 23:57:20,2026-09-14 13:42:07,USR005
STG0001868,OPP0394,Qualification,2026-09-14 13:42:07,2026-09-16 00:07:57,USR005
STG0001869,OPP0394,Solution Evaluation,2026-09-16 00:07:57,2026-09-18 08:29:22,USR005
STG0001870,OPP0394,Proposal,2026-09-18 08:29:22,2026-09-20 22:54:18,USR005
STG0001871,OPP0394,Negotiation / Legal,2026-09-20 22:54:18,,USR005
STG0001872,OPP0395,Discovery,2026-09-06 08:00:00,,USR006
STG0001873,OPP0396,Discovery,2026-09-14 21:00:00,,USR006
STG0001874,OPP0397,Discovery,2023-08-28 02:32:32,2023-09-12 11:56:23,USR010
STG0001875,OPP0397,Qualification,2023-09-12 11:56:23,2023-09-26 19:46:20,USR010
STG0001876,OPP0397,Solution Evaluation,2023-09-26 19:46:20,2023-10-30 05:51:35,USR010
STG0001877,OPP0397,Proposal,2023-10-30 05:51:35,2023-11-18 18:32:32,USR010
STG0001878,OPP0397,Closed Lost,2023-11-18 02:32:32,,USR010
STG0001879,OPP0398,Discovery,2026-09-11 21:00:00,2026-09-17 13:29:23,USR008
STG0001880,OPP0398,Qualification,2026-09-17 13:29:23,,USR008
STG0001881,OPP0399,Discovery,2026-08-15 23:00:00,2026-09-04 13:41:53,USR006
STG0001882,OPP0399,Qualification,2026-09-04 13:41:53,,USR006
STG0001883,OPP0400,Discovery,2026-07-31 22:00:00,2026-08-22 15:14:34,USR010
STG0001884,OPP0400,Qualification,2026-08-22 15:14:34,2026-09-06 20:21:54,USR010
STG0001885,OPP0400,Solution Evaluation,2026-09-06 20:21:54,,USR010
STG0001886,OPP0401,Discovery,2024-12-18 20:18:49,2025-01-28 00:07:13,USR009
STG0001887,OPP0401,Qualification,2025-01-28 00:07:13,2025-03-02 18:30:49,USR009
STG0001888,OPP0401,Solution Evaluation,2025-03-02 18:30:49,2025-04-09 12:18:48,USR009
STG0001889,OPP0401,Closed Lost,2025-04-08 20:18:49,,USR009
STG0001890,OPP0402,Discovery,2025-11-14 21:54:33,2025-12-01 17:42:05,USR005
STG0001891,OPP0402,Qualification,2025-12-01 17:42:05,2025-12-22 23:19:31,USR005
STG0001892,OPP0402,Solution Evaluation,2025-12-22 23:19:31,2026-01-20 21:19:11,USR009
STG0001893,OPP0402,Proposal,2026-01-20 21:19:11,2026-02-08 09:45:00,USR008
STG0001894,OPP0402,Negotiation / Legal,2026-02-08 09:45:00,2026-03-05 09:23:42,USR009
STG0001895,OPP0402,Commit,2026-03-05 09:23:42,2026-03-15 13:54:33,USR010
STG0001896,OPP0402,Closed Won,2026-03-14 21:54:33,,USR011
STG0001897,OPP0403,Discovery,2026-07-02 00:21:51,2026-07-22 19:41:41,USR006
STG0001898,OPP0403,Qualification,2026-07-22 19:41:41,2026-08-08 21:53:09,USR006
STG0001899,OPP0403,Solution Evaluation,2026-08-08 21:53:09,2026-09-07 08:06:39,USR006
STG0001900,OPP0403,Proposal,2026-09-07 08:06:39,,USR006
STG0001901,OPP0404,Discovery,2023-09-27 15:58:21,2023-10-14 13:39:22,USR005
STG0001902,OPP0404,Qualification,2023-10-14 13:39:22,2023-10-26 07:58:21,USR005
STG0001903,OPP0404,Closed Lost,2023-10-25 15:58:21,,USR005
STG0001904,OPP0405,Discovery,2024-08-22 00:00:00,2024-09-03 22:27:21,USR011
STG0001905,OPP0405,Qualification,2024-09-03 22:27:21,2024-09-14 16:46:53,USR011
STG0001906,OPP0405,Solution Evaluation,2024-09-14 16:46:53,2024-09-27 14:31:56,USR011
STG0001907,OPP0405,Proposal,2024-09-27 14:31:56,2024-10-07 06:18:54,USR011
STG0001908,OPP0405,Negotiation / Legal,2024-10-07 06:18:54,2024-10-20 19:15:25,USR011
STG0001909,OPP0405,Commit,2024-10-20 19:15:25,2024-10-25 16:00:00,USR011
STG0001910,OPP0405,Closed Won,2024-10-25 00:00:00,,USR011
STG0001911,OPP0406,Discovery,2025-11-26 16:17:37,2025-12-04 13:18:26,USR005
STG0001912,OPP0406,Qualification,2025-12-04 13:18:26,2025-12-09 15:38:38,USR005
STG0001913,OPP0406,Solution Evaluation,2025-12-09 15:38:38,2025-12-16 01:48:57,USR005
STG0001914,OPP0406,Proposal,2025-12-16 01:48:57,2025-12-25 16:53:06,USR005
STG0001915,OPP0406,Negotiation / Legal,2025-12-25 16:53:06,2026-01-04 17:09:37,USR005
STG0001916,OPP0406,Commit,2026-01-04 17:09:37,2026-01-10 08:17:36,USR005
STG0001917,OPP0406,Closed Won,2026-01-09 16:17:37,,USR005
STG0001918,OPP0407,Discovery,2026-09-14 11:00:00,2026-09-18 23:31:38,USR011
STG0001919,OPP0407,Qualification,2026-09-18 23:31:38,,USR011
STG0001920,OPP0408,Discovery,2026-08-04 21:00:00,2026-08-17 13:30:07,USR005
STG0001921,OPP0408,Qualification,2026-08-17 13:30:07,2026-08-25 10:33:19,USR005
STG0001922,OPP0408,Solution Evaluation,2026-08-25 10:33:19,2026-09-07 04:30:58,USR005
STG0001923,OPP0408,Proposal,2026-09-07 04:30:58,,USR005
STG0001924,OPP0409,Discovery,2025-10-17 19:36:28,2025-10-24 19:45:42,USR008
STG0001925,OPP0409,Qualification,2025-10-24 19:45:42,2025-11-01 22:06:27,USR008
STG0001926,OPP0409,Solution Evaluation,2025-11-01 22:06:27,2025-11-09 18:58:42,USR008
STG0001927,OPP0409,Proposal,2025-11-09 18:58:42,2025-11-17 06:07:49,USR008
STG0001928,OPP0409,Negotiation / Legal,2025-11-17 06:07:49,2025-11-24 11:36:28,USR008
STG0001929,OPP0409,Closed Lost,2025-11-23 19:36:28,,USR008
STG0001930,OPP0410,Discovery,2025-06-29 04:14:51,2025-07-30 10:44:49,USR009
STG0001931,OPP0410,Qualification,2025-07-30 10:44:49,2025-09-03 20:14:51,USR009
STG0001932,OPP0410,Closed Lost,2025-09-03 04:14:51,,USR009
STG0001933,OPP0411,Discovery,2026-09-18 20:00:00,,USR010
STG0001934,OPP0412,Discovery,2026-08-31 00:00:00,2026-09-11 09:03:53,USR012
STG0001935,OPP0412,Qualification,2026-09-11 09:03:53,,USR012
STG0001936,OPP0413,Discovery,2026-04-30 20:01:00,2026-05-13 20:45:43,USR012
STG0001937,OPP0413,Qualification,2026-05-13 20:45:43,2026-05-28 03:50:50,USR012
STG0001938,OPP0413,Solution Evaluation,2026-05-28 03:50:50,2026-06-18 12:42:46,USR012
STG0001939,OPP0413,Proposal,2026-06-18 12:42:46,2026-07-09 04:01:00,USR012
STG0001940,OPP0413,Negotiation / Legal,2026-07-09 04:01:00,2026-08-03 07:23:22,USR012
STG0001941,OPP0413,Commit,2026-08-03 07:23:22,2026-08-13 12:00:59,USR012
STG0001942,OPP0413,Closed Won,2026-08-12 20:01:00,,USR012
STG0001943,OPP0414,Discovery,2026-06-01 13:54:05,2026-06-18 04:45:08,USR012
STG0001944,OPP0414,Qualification,2026-06-18 04:45:08,2026-06-29 05:33:10,USR012
STG0001945,OPP0414,Solution Evaluation,2026-06-29 05:33:10,2026-07-23 04:15:16,USR012
STG0001946,OPP0414,Proposal,2026-07-23 04:15:16,2026-08-08 12:56:17,USR012
STG0001947,OPP0414,Negotiation / Legal,2026-08-08 12:56:17,2026-08-26 12:08:11,USR012
STG0001948,OPP0414,Commit,2026-08-26 12:08:11,2026-09-04 05:54:05,USR012
STG0001949,OPP0414,Closed Won,2026-09-03 13:54:05,,USR012
STG0001950,OPP0415,Discovery,2024-04-02 00:00:00,2024-04-18 01:09:03,USR009
STG0001951,OPP0415,Qualification,2024-04-18 01:09:03,2024-04-30 17:21:26,USR009
STG0001952,OPP0415,Solution Evaluation,2024-04-30 17:21:26,2024-05-15 01:39:01,USR009
STG0001953,OPP0415,Proposal,2024-05-15 01:39:01,2024-05-29 16:49:40,USR009
STG0001954,OPP0415,Negotiation / Legal,2024-05-29 16:49:40,2024-06-10 21:13:56,USR009
STG0001955,OPP0415,Commit,2024-06-10 21:13:56,2024-06-17 16:00:00,USR009
STG0001956,OPP0415,Closed Won,2024-06-17 00:00:00,,USR009
STG0001957,OPP0416,Discovery,2025-08-17 02:17:33,2025-08-21 15:08:24,USR005
STG0001958,OPP0416,Solution Evaluation,2025-08-21 15:08:24,2025-08-26 12:49:12,USR005
STG0001959,OPP0416,Proposal,2025-08-26 12:49:12,2025-09-03 12:49:44,USR005
STG0001960,OPP0416,Negotiation / Legal,2025-09-03 12:49:44,2025-09-11 07:36:34,USR005
STG0001961,OPP0416,Commit,2025-09-11 07:36:34,2025-09-15 18:17:32,USR005
STG0001962,OPP0416,Closed Won,2025-09-15 02:17:33,,USR005
STG0001963,OPP0417,Discovery,2026-03-12 20:46:39,2026-04-02 13:56:36,USR011
STG0001964,OPP0417,Qualification,2026-04-02 13:56:36,2026-04-20 04:27:47,USR011
STG0001965,OPP0417,Proposal,2026-04-20 04:27:47,2026-05-12 06:47:26,USR011
STG0001966,OPP0417,Negotiation / Legal,2026-05-12 06:47:26,2026-06-06 06:50:24,USR011
STG0001967,OPP0417,Commit,2026-06-06 06:50:24,2026-06-15 12:46:38,USR011
STG0001968,OPP0417,Closed Won,2026-06-14 20:46:39,,USR011
STG0001969,OPP0418,Discovery,2026-07-10 14:00:00,2026-07-30 18:47:01,USR012
STG0001970,OPP0418,Qualification,2026-07-30 18:47:01,2026-08-14 00:07:47,USR012
STG0001971,OPP0418,Solution Evaluation,2026-08-14 00:07:47,2026-09-06 10:57:20,USR012
STG0001972,OPP0418,Proposal,2026-09-06 10:57:20,,USR012
STG0001973,OPP0419,Discovery,2026-02-14 02:21:28,2026-02-26 21:52:56,USR009
STG0001974,OPP0419,Qualification,2026-02-26 21:52:56,2026-03-12 03:52:42,USR009
STG0001975,OPP0419,Solution Evaluation,2026-03-12 03:52:42,2026-03-30 02:03:34,USR009
STG0001976,OPP0419,Proposal,2026-03-30 02:03:34,2026-04-12 03:25:43,USR009
STG0001977,OPP0419,Negotiation / Legal,2026-04-12 03:25:43,2026-04-29 21:07:35,USR009
STG0001978,OPP0419,Commit,2026-04-29 21:07:35,2026-05-06 18:21:28,USR009
STG0001979,OPP0419,Closed Won,2026-05-06 02:21:28,,USR009
STG0001980,OPP0420,Discovery,2025-01-21 00:00:00,2025-01-25 05:46:49,USR007
STG0001981,OPP0420,Qualification,2025-01-25 05:46:49,2025-01-30 10:54:57,USR007
STG0001982,OPP0420,Solution Evaluation,2025-01-30 10:54:57,2025-02-09 12:34:09,USR007
STG0001983,OPP0420,Proposal,2025-02-09 12:34:09,2025-02-20 02:05:36,USR007
STG0001984,OPP0420,Negotiation / Legal,2025-02-20 02:05:36,2025-03-01 06:17:11,USR010
STG0001985,OPP0420,Commit,2025-03-01 06:17:11,2025-03-04 16:00:00,USR007
STG0001986,OPP0420,Closed Won,2025-03-04 00:00:00,,USR007
STG0001987,OPP0421,Discovery,2026-08-30 11:12:20,2026-09-04 22:14:40,USR009
STG0001988,OPP0421,Qualification,2026-09-04 22:14:40,2026-09-10 09:33:53,USR009
STG0001989,OPP0421,Solution Evaluation,2026-09-10 09:33:53,2026-09-18 05:35:57,USR009
STG0001990,OPP0421,Proposal,2026-09-18 05:35:57,,USR009
STG0001991,OPP0422,Discovery,2025-09-05 06:35:21,2025-09-23 16:06:40,USR010
STG0001992,OPP0422,Qualification,2025-09-23 16:06:40,2025-10-17 12:30:12,USR010
STG0001993,OPP0422,Solution Evaluation,2025-10-17 12:30:12,2025-11-16 02:45:44,USR010
STG0001994,OPP0422,Proposal,2025-11-16 02:45:44,2025-12-02 22:35:21,USR010
STG0001995,OPP0422,Closed Lost,2025-12-02 06:35:21,,USR010
STG0001996,OPP0423,Discovery,2024-02-07 04:02:38,2024-02-12 17:08:05,USR005
STG0001997,OPP0423,Qualification,2024-02-12 17:08:05,2024-02-18 22:23:31,USR005
STG0001998,OPP0423,Solution Evaluation,2024-02-18 22:23:31,2024-02-27 02:02:22,USR005
STG0001999,OPP0423,Proposal,2024-02-27 02:02:22,2024-03-02 07:02:14,USR005
STG0002000,OPP0423,Negotiation / Legal,2024-03-02 07:02:14,2024-03-07 19:05:03,USR005
STG0002001,OPP0423,Commit,2024-03-07 19:05:03,2024-03-10 20:02:38,USR005
STG0002002,OPP0423,Closed Won,2024-03-10 04:02:38,,USR005
STG0002003,OPP0424,Discovery,2026-08-22 04:55:53,2026-08-26 08:54:58,USR011
STG0002004,OPP0424,Qualification,2026-08-26 08:54:58,2026-08-31 01:24:30,USR011
STG0002005,OPP0424,Solution Evaluation,2026-08-31 01:24:30,2026-09-06 17:50:45,USR011
STG0002006,OPP0424,Proposal,2026-09-06 17:50:45,2026-09-14 17:32:05,USR011
STG0002007,OPP0424,Negotiation / Legal,2026-09-14 17:32:05,2026-09-21 08:01:58,USR011
STG0002008,OPP0424,Commit,2026-09-21 08:01:58,,USR010
STG0002009,OPP0425,Discovery,2025-10-03 11:48:37,2025-10-15 18:57:21,USR007
STG0002010,OPP0425,Qualification,2025-10-15 18:57:21,2025-10-30 23:21:11,USR007
STG0002011,OPP0425,Solution Evaluation,2025-10-30 23:21:11,2025-11-14 03:48:37,USR007
STG0002012,OPP0425,Closed Lost,2025-11-13 11:48:37,,USR007
